{"model":{"type":"range_dispatch","property":"custom_model_data","index":0,"fallback":{"type":"minecraft:condition","on_false":{"type":"minecraft:select","cases":[{"model":{"type":"minecraft:model","model":"minecraft:item/crossbow_arrow"},"when":"arrow"},{"model":{"type":"minecraft:model","model":"minecraft:item/crossbow_firework"},"when":"rocket"}],"fallback":{"type":"minecraft:model","model":"minecraft:item/crossbow"},"property":"minecraft:charge_type"},"on_true":{"type":"minecraft:range_dispatch","entries":[{"model":{"type":"minecraft:model","model":"minecraft:item/crossbow_pulling_1"},"threshold":0.58},{"model":{"type":"minecraft:model","model":"minecraft:item/crossbow_pulling_2"},"threshold":1.0}],"fallback":{"type":"minecraft:model","model":"minecraft:item/crossbow_pulling_0"},"property":"minecraft:crossbow/pull"},"property":"minecraft:using_item"},"entries":[{"threshold":10000,"model":{"type":"minecraft:condition","on_false":{"type":"minecraft:select","cases":[{"model":{"type":"model","model":"infernoset:crossbow_charged"},"when":"arrow"},{"model":{"type":"model","model":"infernoset:crossbow_firework"},"when":"rocket"}],"fallback":{"type":"model","model":"infernoset:crossbow"},"property":"minecraft:charge_type","model":"infernoset:crossbow"},"on_true":{"type":"minecraft:range_dispatch","entries":[{"threshold":0.58,"model":{"type":"model","model":"infernoset:crossbow_1"}},{"threshold":1.0,"model":{"type":"model","model":"infernoset:crossbow_2"}}],"fallback":{"type":"minecraft:model","model":"infernoset:crossbow"},"property":"minecraft:crossbow/pull"},"property":"minecraft:using_item"}},{"threshold":10001,"model":{"type":"minecraft:condition","on_false":{"type":"minecraft:select","cases":[{"model":{"type":"model","model":"spartan_set:crossbow_charged"},"when":"arrow"},{"model":{"type":"model","model":"spartan_set:crossbow_firework"},"when":"rocket"}],"fallback":{"type":"model","model":"spartan_set:crossbow"},"property":"minecraft:charge_type","model":"spartan_set:crossbow"},"on_true":{"type":"minecraft:range_dispatch","entries":[{"threshold":0.58,"model":{"type":"model","model":"spartan_set:crossbow_1"}},{"threshold":1.0,"model":{"type":"model","model":"spartan_set:crossbow_2"}}],"fallback":{"type":"minecraft:model","model":"spartan_set:crossbow"},"property":"minecraft:crossbow/pull"},"property":"minecraft:using_item"}},{"threshold":10002,"model":{"type":"minecraft:condition","on_false":{"type":"minecraft:select","cases":[{"model":{"type":"model","model":"independence_dayset:crossbow_charged"},"when":"arrow"},{"model":{"type":"model","model":"independence_dayset:crossbow_firework"},"when":"rocket"}],"fallback":{"type":"model","model":"independence_dayset:crossbow"},"property":"minecraft:charge_type","model":"independence_dayset:crossbow"},"on_true":{"type":"minecraft:range_dispatch","entries":[{"threshold":0.58,"model":{"type":"model","model":"independence_dayset:crossbow_1"}},{"threshold":1.0,"model":{"type":"model","model":"independence_dayset:crossbow_2"}}],"fallback":{"type":"minecraft:model","model":"independence_dayset:crossbow"},"property":"minecraft:crossbow/pull"},"property":"minecraft:using_item"}},{"threshold":10003,"model":{"type":"minecraft:condition","on_false":{"type":"minecraft:select","cases":[{"model":{"type":"model","model":"plny_pyrosoulset:crossbow_charged"},"when":"arrow"},{"model":{"type":"model","model":"plny_pyrosoulset:crossbow_firework"},"when":"rocket"}],"fallback":{"type":"model","model":"plny_pyrosoulset:crossbow"},"property":"minecraft:charge_type","model":"plny_pyrosoulset:crossbow"},"on_true":{"type":"minecraft:range_dispatch","entries":[{"threshold":0.58,"model":{"type":"model","model":"plny_pyrosoulset:crossbow_1"}},{"threshold":1.0,"model":{"type":"model","model":"plny_pyrosoulset:crossbow_2"}}],"fallback":{"type":"minecraft:model","model":"plny_pyrosoulset:crossbow"},"property":"minecraft:crossbow/pull"},"property":"minecraft:using_item"}},{"threshold":10004,"model":{"type":"minecraft:condition","on_false":{"type":"minecraft:select","cases":[{"model":{"type":"model","model":"plny_beeset:crossbow_charged"},"when":"arrow"},{"model":{"type":"model","model":"plny_beeset:crossbow_firework"},"when":"rocket"}],"fallback":{"type":"model","model":"plny_beeset:crossbow"},"property":"minecraft:charge_type","model":"plny_beeset:crossbow"},"on_true":{"type":"minecraft:range_dispatch","entries":[{"threshold":0.58,"model":{"type":"model","model":"plny_beeset:crossbow_1"}},{"threshold":1.0,"model":{"type":"model","model":"plny_beeset:crossbow_2"}}],"fallback":{"type":"minecraft:model","model":"plny_beeset:crossbow"},"property":"minecraft:crossbow/pull"},"property":"minecraft:using_item"}},{"threshold":10005,"model":{"type":"minecraft:condition","on_false":{"type":"minecraft:select","cases":[{"model":{"type":"model","model":"plny_aurion_set:crossbow_charged"},"when":"arrow"},{"model":{"type":"model","model":"plny_aurion_set:crossbow_firework"},"when":"rocket"}],"fallback":{"type":"model","model":"plny_aurion_set:crossbow"},"property":"minecraft:charge_type","model":"plny_aurion_set:crossbow"},"on_true":{"type":"minecraft:range_dispatch","entries":[{"threshold":0.58,"model":{"type":"model","model":"plny_aurion_set:crossbow_1"}},{"threshold":1.0,"model":{"type":"model","model":"plny_aurion_set:crossbow_2"}}],"fallback":{"type":"minecraft:model","model":"plny_aurion_set:crossbow"},"property":"minecraft:crossbow/pull"},"property":"minecraft:using_item"}},{"threshold":10006,"model":{"type":"minecraft:condition","on_false":{"type":"minecraft:select","cases":[{"model":{"type":"model","model":"ender_dragonset:crossbow_charged"},"when":"arrow"},{"model":{"type":"model","model":"ender_dragonset:crossbow_firework"},"when":"rocket"}],"fallback":{"type":"model","model":"ender_dragonset:crossbow"},"property":"minecraft:charge_type","model":"ender_dragonset:crossbow"},"on_true":{"type":"minecraft:range_dispatch","entries":[{"threshold":0.58,"model":{"type":"model","model":"ender_dragonset:crossbow_1"}},{"threshold":1.0,"model":{"type":"model","model":"ender_dragonset:crossbow_2"}}],"fallback":{"type":"minecraft:model","model":"ender_dragonset:crossbow"},"property":"minecraft:crossbow/pull"},"property":"minecraft:using_item"}},{"threshold":10007,"model":{"type":"minecraft:condition","on_false":{"type":"minecraft:select","cases":[{"model":{"type":"model","model":"plny_halloween_pumpkin_set:crossbow_charged"},"when":"arrow"},{"model":{"type":"model","model":"plny_halloween_pumpkin_set:crossbow_firework"},"when":"rocket"}],"fallback":{"type":"model","model":"plny_halloween_pumpkin_set:crossbow"},"property":"minecraft:charge_type","model":"plny_halloween_pumpkin_set:crossbow"},"on_true":{"type":"minecraft:range_dispatch","entries":[{"threshold":0.58,"model":{"type":"model","model":"plny_halloween_pumpkin_set:crossbow_1"}},{"threshold":1.0,"model":{"type":"model","model":"plny_halloween_pumpkin_set:crossbow_2"}}],"fallback":{"type":"minecraft:model","model":"plny_halloween_pumpkin_set:crossbow"},"property":"minecraft:crossbow/pull"},"property":"minecraft:using_item"}},{"threshold":10008,"model":{"type":"minecraft:condition","on_false":{"type":"minecraft:select","cases":[{"model":{"type":"model","model":"nexusset:crossbow_charged"},"when":"arrow"},{"model":{"type":"model","model":"nexusset:crossbow_firework"},"when":"rocket"}],"fallback":{"type":"model","model":"nexusset:crossbow"},"property":"minecraft:charge_type","model":"nexusset:crossbow"},"on_true":{"type":"minecraft:range_dispatch","entries":[{"threshold":0.58,"model":{"type":"model","model":"nexusset:crossbow_1"}},{"threshold":1.0,"model":{"type":"model","model":"nexusset:crossbow_2"}}],"fallback":{"type":"minecraft:model","model":"nexusset:crossbow"},"property":"minecraft:crossbow/pull"},"property":"minecraft:using_item"}},{"threshold":10009,"model":{"type":"minecraft:condition","on_false":{"type":"minecraft:select","cases":[{"model":{"type":"model","model":"plny_christmas_2025_set:crossbow_charged"},"when":"arrow"},{"model":{"type":"model","model":"plny_christmas_2025_set:crossbow_firework"},"when":"rocket"}],"fallback":{"type":"model","model":"plny_christmas_2025_set:crossbow"},"property":"minecraft:charge_type","model":"plny_christmas_2025_set:crossbow"},"on_true":{"type":"minecraft:range_dispatch","entries":[{"threshold":0.58,"model":{"type":"model","model":"plny_christmas_2025_set:crossbow_1"}},{"threshold":1.0,"model":{"type":"model","model":"plny_christmas_2025_set:crossbow_2"}}],"fallback":{"type":"minecraft:model","model":"plny_christmas_2025_set:crossbow"},"property":"minecraft:crossbow/pull"},"property":"minecraft:using_item"}},{"threshold":10010,"model":{"type":"minecraft:condition","on_false":{"type":"minecraft:select","cases":[{"model":{"type":"minecraft:model","model":"minecraft:item/crossbow_arrow"},"when":"arrow"},{"model":{"type":"minecraft:model","model":"minecraft:item/crossbow_firework"},"when":"rocket"}],"fallback":{"type":"model","model":"item/crossbow"},"property":"minecraft:charge_type","model":"item/crossbow"},"on_true":{"type":"minecraft:range_dispatch","entries":[],"fallback":{"type":"minecraft:model","model":"item/crossbow"},"property":"minecraft:crossbow/pull"},"property":"minecraft:using_item"}}]},"oversized_in_gui":true}