{"model":{"type":"range_dispatch","property":"custom_model_data","index":0,"fallback":{"type":"minecraft:model","model":"minecraft:item/netherite_hoe"},"entries":[{"threshold":10000,"model":{"type":"model","model":"infernoset:hoe"}},{"threshold":10001,"model":{"type":"model","model":"spartan_set:hoe"}},{"threshold":10002,"model":{"type":"model","model":"independence_dayset:hoe"}},{"threshold":10003,"model":{"type":"model","model":"plny_pyrosoulset:hoe"}},{"threshold":10004,"model":{"type":"model","model":"plny_beeset:hoe"}},{"threshold":10005,"model":{"type":"model","model":"plny_aurion_set:hoe"}},{"threshold":10006,"model":{"type":"model","model":"ender_dragonset:hoe"}},{"threshold":10007,"model":{"type":"model","model":"plny_halloween_pumpkin_set:hoe"}},{"threshold":10008,"model":{"type":"model","model":"nexusset:hoe"}},{"threshold":10009,"model":{"type":"model","model":"plny_christmas_2025_set:hoe"}},{"threshold":10010,"model":{"type":"model","model":"item/netherite_hoe"}}]},"oversized_in_gui":true}