{"model":{"type":"range_dispatch","property":"custom_model_data","index":0,"fallback":{"type":"minecraft:model","model":"minecraft:item/paper"},"entries":[{"threshold":10007,"model":{"type":"model","model":"infernoset:key"}},{"threshold":10008,"model":{"type":"model","model":"infernoset:backpack"}},{"threshold":10009,"model":{"type":"model","model":"infernoset:wings"}},{"threshold":10010,"model":{"type":"model","model":"infernoset:helmet"}},{"threshold":10011,"model":{"type":"model","model":"spartan_set:cape"}},{"threshold":10012,"model":{"type":"model","model":"spartan_set:chest"}},{"threshold":10013,"model":{"type":"model","model":"spartan_set:helmet"}},{"threshold":10014,"model":{"type":"model","model":"spartan_set:key"}},{"threshold":10015,"model":{"type":"model","model":"summer_furnitures:parasol"}},{"threshold":10016,"model":{"type":"model","model":"summer_furnitures:wicker_lounge_chair"}},{"threshold":10017,"model":{"type":"model","model":"summer_furnitures:wicker_sofa"}},{"threshold":10018,"model":{"type":"model","model":"summer_furnitures:ground_mini_torch"}},{"threshold":10019,"model":{"type":"model","model":"summer_furnitures:wall_mini_torch"}},{"threshold":10020,"model":{"type":"model","model":"summer_furnitures:tikitorch"}},{"threshold":10021,"model":{"type":"model","model":"summer_furnitures:palm_tree_1"}},{"threshold":10022,"model":{"type":"model","model":"summer_furnitures:palm_tree_2"}},{"threshold":10023,"model":{"type":"model","model":"summer_furnitures:palm_tree_log"}},{"threshold":10024,"model":{"type":"model","model":"summer_furnitures:tropical_plante"}},{"threshold":10025,"model":{"type":"model","model":"summer_furnitures:tropical_plante_wild"}},{"threshold":10026,"model":{"type":"model","model":"summer_furnitures:tropical_plante_2"}},{"threshold":10027,"model":{"type":"model","model":"summer_furnitures:tropical_plante_2_wild"}},{"threshold":10028,"model":{"type":"model","model":"summer_furnitures:elephant_plant"}},{"threshold":10029,"model":{"type":"model","model":"summer_furnitures:elephant_plant_pot"}},{"threshold":10030,"model":{"type":"model","model":"summer_furnitures:palm_tree_pot"}},{"threshold":10031,"model":{"type":"model","model":"summer_furnitures:orange_juce"}},{"threshold":10032,"model":{"type":"model","model":"summer_furnitures:strawberry_juce"}},{"threshold":10033,"model":{"type":"model","model":"summer_furnitures:kiwi_juce"}},{"threshold":10034,"model":{"type":"model","model":"summer_furnitures:juces"}},{"threshold":10035,"model":{"type":"model","model":"summer_furnitures:coconut_drink"}},{"threshold":10036,"model":{"type":"model","model":"summer_furnitures:tikitable_low"}},{"threshold":10037,"model":{"type":"model","model":"summer_furnitures:tikitable"}},{"threshold":10038,"model":{"type":"model","model":"summer_furnitures:cactus_pot"}},{"threshold":10039,"model":{"type":"model","model":"summer_furnitures:duck_buoy"}},{"threshold":10040,"model":{"type":"model","model":"summer_furnitures:turtle_buoy"}},{"threshold":10041,"model":{"type":"model","model":"summer_furnitures:pink_flamingo_buoy"}},{"threshold":10042,"model":{"type":"model","model":"summer_furnitures:licorn_buoy"}},{"threshold":10043,"model":{"type":"model","model":"summer_furnitures:sand_castle"}},{"threshold":10044,"model":{"type":"model","model":"summer_furnitures:starfish_obbergine"}},{"threshold":10045,"model":{"type":"model","model":"summer_furnitures:starfish_orange"}},{"threshold":10046,"model":{"type":"model","model":"summer_furnitures:starfish_cyan"}},{"threshold":10047,"model":{"type":"model","model":"summer_furnitures:starfish_mauve"}},{"threshold":10048,"model":{"type":"model","model":"summer_furnitures:starfish_pink"}},{"threshold":10049,"model":{"type":"model","model":"summer_furnitures:starfish_blue"}},{"threshold":10050,"model":{"type":"model","model":"summer_furnitures:pink_shell"}},{"threshold":10051,"model":{"type":"model","model":"summer_furnitures:blue_shell"}},{"threshold":10052,"model":{"type":"model","model":"summer_furnitures:green_shell"}},{"threshold":10053,"model":{"type":"model","model":"summer_furnitures:brown_shell"}},{"threshold":10054,"model":{"type":"model","model":"summer_furnitures:sand_toy"}},{"threshold":10055,"model":{"type":"model","model":"summer_furnitures:tiki_bar"}},{"threshold":10056,"model":{"type":"model","model":"summer_furnitures:tiki_stool"}},{"threshold":10060,"model":{"type":"model","model":"independence_dayset:backpack"}},{"threshold":10061,"model":{"type":"model","model":"independence_dayset:chest"}},{"threshold":10062,"model":{"type":"model","model":"independence_dayset:hat"}},{"threshold":10063,"model":{"type":"model","model":"independence_dayset:key"}},{"threshold":10064,"model":{"type":"model","model":"independence_dayset:wings"}},{"threshold":10065,"model":{"type":"model","model":"pixelmine_currency:item/ia_auto/ancient_chest"}},{"threshold":10066,"model":{"type":"model","model":"pixelmine_currency:item/ia_auto/ancient_coin"}},{"threshold":10067,"model":{"type":"model","model":"pixelmine_currency:item/ia_auto/bag_of_bronze_paper_bill"}},{"threshold":10068,"model":{"type":"model","model":"pixelmine_currency:item/ia_auto/bag_of_paper_bill"}},{"threshold":10069,"model":{"type":"model","model":"pixelmine_currency:item/ia_auto/bag_of_silver_paper_bill"}},{"threshold":10070,"model":{"type":"model","model":"pixelmine_currency:item/ia_auto/big_diamonds_pile"}},{"threshold":10071,"model":{"type":"model","model":"pixelmine_currency:item/ia_auto/big_emeralds_pile"}},{"threshold":10072,"model":{"type":"model","model":"pixelmine_currency:item/ia_auto/big_pile_of_ancient_coins"}},{"threshold":10073,"model":{"type":"model","model":"pixelmine_currency:item/ia_auto/big_pile_of_bronze_coins"}},{"threshold":10074,"model":{"type":"model","model":"pixelmine_currency:item/ia_auto/big_pile_of_gold_coins"}},{"threshold":10075,"model":{"type":"model","model":"pixelmine_currency:item/ia_auto/big_pile_of_silver_coins"}},{"threshold":10076,"model":{"type":"model","model":"pixelmine_currency:item/ia_auto/big_rubies_pile"}},{"threshold":10077,"model":{"type":"model","model":"pixelmine_currency:item/ia_auto/big_sapphires_pile"}},{"threshold":10078,"model":{"type":"model","model":"pixelmine_currency:item/ia_auto/bronze_card"}},{"threshold":10079,"model":{"type":"model","model":"pixelmine_currency:item/ia_auto/bronze_chest"}},{"threshold":10080,"model":{"type":"model","model":"pixelmine_currency:item/ia_auto/bronze_coin"}},{"threshold":10081,"model":{"type":"model","model":"pixelmine_currency:item/ia_auto/bronze_coin_with_star_symbol"}},{"threshold":10082,"model":{"type":"model","model":"pixelmine_currency:item/ia_auto/bronze_key"}},{"threshold":10083,"model":{"type":"model","model":"pixelmine_currency:item/ia_auto/bronze_ticket"}},{"threshold":10084,"model":{"type":"model","model":"pixelmine_currency:item/ia_auto/bucket_of_ancient"}},{"threshold":10085,"model":{"type":"model","model":"pixelmine_currency:item/ia_auto/bucket_of_bronze"}},{"threshold":10086,"model":{"type":"model","model":"pixelmine_currency:item/ia_auto/bucket_of_diamonds"}},{"threshold":10087,"model":{"type":"model","model":"pixelmine_currency:item/ia_auto/bucket_of_emeralds"}},{"threshold":10088,"model":{"type":"model","model":"pixelmine_currency:item/ia_auto/bucket_of_gold"}},{"threshold":10089,"model":{"type":"model","model":"pixelmine_currency:item/ia_auto/bucket_of_rubies"}},{"threshold":10090,"model":{"type":"model","model":"pixelmine_currency:item/ia_auto/bucket_of_sapphires"}},{"threshold":10091,"model":{"type":"model","model":"pixelmine_currency:item/ia_auto/bucket_of_silver"}},{"threshold":10092,"model":{"type":"model","model":"pixelmine_currency:item/ia_auto/diamond"}},{"threshold":10093,"model":{"type":"model","model":"pixelmine_currency:item/ia_auto/diamond_box"}},{"threshold":10094,"model":{"type":"model","model":"pixelmine_currency:item/ia_auto/diamond_coin_with_star_symbol"}},{"threshold":10095,"model":{"type":"model","model":"pixelmine_currency:item/ia_auto/diamond_key"}},{"threshold":10096,"model":{"type":"model","model":"pixelmine_currency:item/ia_auto/emerald"}},{"threshold":10097,"model":{"type":"model","model":"pixelmine_currency:item/ia_auto/emerald_box"}},{"threshold":10098,"model":{"type":"model","model":"pixelmine_currency:item/ia_auto/emerald_coin_with_star_symbol"}},{"threshold":10099,"model":{"type":"model","model":"pixelmine_currency:item/ia_auto/emerald_key"}},{"threshold":10100,"model":{"type":"model","model":"pixelmine_currency:item/ia_auto/golden_chest"}},{"threshold":10101,"model":{"type":"model","model":"pixelmine_currency:item/ia_auto/golden_key"}},{"threshold":10102,"model":{"type":"model","model":"pixelmine_currency:item/ia_auto/gold_card"}},{"threshold":10103,"model":{"type":"model","model":"pixelmine_currency:item/ia_auto/gold_coin"}},{"threshold":10104,"model":{"type":"model","model":"pixelmine_currency:item/ia_auto/gold_coin_with_star_symbol"}},{"threshold":10105,"model":{"type":"model","model":"pixelmine_currency:item/ia_auto/gold_paper_bill"}},{"threshold":10106,"model":{"type":"model","model":"pixelmine_currency:item/ia_auto/gold_ticket"}},{"threshold":10107,"model":{"type":"model","model":"pixelmine_currency:item/ia_auto/medium_ancient_pouch"}},{"threshold":10108,"model":{"type":"model","model":"pixelmine_currency:item/ia_auto/medium_bronze_pouch"}},{"threshold":10109,"model":{"type":"model","model":"pixelmine_currency:item/ia_auto/medium_diamonds_pile"}},{"threshold":10110,"model":{"type":"model","model":"pixelmine_currency:item/ia_auto/medium_diamond_pouch"}},{"threshold":10111,"model":{"type":"model","model":"pixelmine_currency:item/ia_auto/medium_emeraldspile_"}},{"threshold":10112,"model":{"type":"model","model":"pixelmine_currency:item/ia_auto/medium_emerald_pouch"}},{"threshold":10113,"model":{"type":"model","model":"pixelmine_currency:item/ia_auto/medium_gold_pouch"}},{"threshold":10114,"model":{"type":"model","model":"pixelmine_currency:item/ia_auto/medium_pile_of_ancient_coins"}},{"threshold":10115,"model":{"type":"model","model":"pixelmine_currency:item/ia_auto/medium_pile_of_bronze_coins"}},{"threshold":10116,"model":{"type":"model","model":"pixelmine_currency:item/ia_auto/medium_pile_of_gold_coins"}},{"threshold":10117,"model":{"type":"model","model":"pixelmine_currency:item/ia_auto/medium_pile_of_silver_coins"}},{"threshold":10118,"model":{"type":"model","model":"pixelmine_currency:item/ia_auto/medium_rubies_pile_"}},{"threshold":10119,"model":{"type":"model","model":"pixelmine_currency:item/ia_auto/medium_ruby_pouch"}},{"threshold":10120,"model":{"type":"model","model":"pixelmine_currency:item/ia_auto/medium_sapphires_pile"}},{"threshold":10121,"model":{"type":"model","model":"pixelmine_currency:item/ia_auto/medium_sapphire_pouch"}},{"threshold":10122,"model":{"type":"model","model":"pixelmine_currency:item/ia_auto/medium_silver_pouch"}},{"threshold":10123,"model":{"type":"model","model":"pixelmine_currency:item/ia_auto/paper_bill"}},{"threshold":10124,"model":{"type":"model","model":"pixelmine_currency:item/ia_auto/premium_ticket"}},{"threshold":10125,"model":{"type":"model","model":"pixelmine_currency:item/ia_auto/rolled_up_bills"}},{"threshold":10126,"model":{"type":"model","model":"pixelmine_currency:item/ia_auto/royal_key"}},{"threshold":10127,"model":{"type":"model","model":"pixelmine_currency:item/ia_auto/ruby"}},{"threshold":10128,"model":{"type":"model","model":"pixelmine_currency:item/ia_auto/ruby_box"}},{"threshold":10129,"model":{"type":"model","model":"pixelmine_currency:item/ia_auto/ruby_coin_with_star_symbol"}},{"threshold":10130,"model":{"type":"model","model":"pixelmine_currency:item/ia_auto/ruby_key"}},{"threshold":10131,"model":{"type":"model","model":"pixelmine_currency:item/ia_auto/safe"}},{"threshold":10132,"model":{"type":"model","model":"pixelmine_currency:item/ia_auto/sapphire"}},{"threshold":10133,"model":{"type":"model","model":"pixelmine_currency:item/ia_auto/sapphire_box"}},{"threshold":10134,"model":{"type":"model","model":"pixelmine_currency:item/ia_auto/sapphire_coin_with_star_symbol"}},{"threshold":10135,"model":{"type":"model","model":"pixelmine_currency:item/ia_auto/sapphire_key"}},{"threshold":10136,"model":{"type":"model","model":"pixelmine_currency:item/ia_auto/silver_card"}},{"threshold":10137,"model":{"type":"model","model":"pixelmine_currency:item/ia_auto/silver_chest"}},{"threshold":10138,"model":{"type":"model","model":"pixelmine_currency:item/ia_auto/silver_coin"}},{"threshold":10139,"model":{"type":"model","model":"pixelmine_currency:item/ia_auto/silver_coin_with_star_symbol"}},{"threshold":10140,"model":{"type":"model","model":"pixelmine_currency:item/ia_auto/silver_key"}},{"threshold":10141,"model":{"type":"model","model":"pixelmine_currency:item/ia_auto/silver_paper_bill"}},{"threshold":10142,"model":{"type":"model","model":"pixelmine_currency:item/ia_auto/silver_ticket"}},{"threshold":10143,"model":{"type":"model","model":"pixelmine_currency:item/ia_auto/small_ancient_pouch"}},{"threshold":10144,"model":{"type":"model","model":"pixelmine_currency:item/ia_auto/small_bronze_pouch"}},{"threshold":10145,"model":{"type":"model","model":"pixelmine_currency:item/ia_auto/small_diamonds_pile_"}},{"threshold":10146,"model":{"type":"model","model":"pixelmine_currency:item/ia_auto/small_diamond_pouch"}},{"threshold":10147,"model":{"type":"model","model":"pixelmine_currency:item/ia_auto/small_emeralds_pile_"}},{"threshold":10148,"model":{"type":"model","model":"pixelmine_currency:item/ia_auto/small_emerald_pouch"}},{"threshold":10149,"model":{"type":"model","model":"pixelmine_currency:item/ia_auto/small_gold_pouch"}},{"threshold":10150,"model":{"type":"model","model":"pixelmine_currency:item/ia_auto/small_pile_of_ancient_coins"}},{"threshold":10151,"model":{"type":"model","model":"pixelmine_currency:item/ia_auto/small_pile_of_bronze_coins"}},{"threshold":10152,"model":{"type":"model","model":"pixelmine_currency:item/ia_auto/small_pile_of_gold_coins"}},{"threshold":10153,"model":{"type":"model","model":"pixelmine_currency:item/ia_auto/small_pile_of_silver_coins"}},{"threshold":10154,"model":{"type":"model","model":"pixelmine_currency:item/ia_auto/small_rubies_pile_"}},{"threshold":10155,"model":{"type":"model","model":"pixelmine_currency:item/ia_auto/small_ruby_pouch"}},{"threshold":10156,"model":{"type":"model","model":"pixelmine_currency:item/ia_auto/small_sapphires_pile_"}},{"threshold":10157,"model":{"type":"model","model":"pixelmine_currency:item/ia_auto/small_sapphire_pouch"}},{"threshold":10158,"model":{"type":"model","model":"pixelmine_currency:item/ia_auto/small_silver_pouch"}},{"threshold":10159,"model":{"type":"model","model":"pixelmine_currency:item/ia_auto/stack_of_gold_paper_bill"}},{"threshold":10160,"model":{"type":"model","model":"pixelmine_currency:item/ia_auto/stack_of_paper_bill"}},{"threshold":10161,"model":{"type":"model","model":"pixelmine_currency:item/ia_auto/stack_of_silver_paper_bill"}},{"threshold":10162,"model":{"type":"model","model":"pixelmine_currency:item/ia_auto/treasure_crate"}},{"threshold":10163,"model":{"type":"model","model":"pixelmine_currency:item/ia_auto/wallet"}},{"threshold":10164,"model":{"type":"model","model":"pixelmine_currency:item/ia_auto/wallet_with_paper_pill"}},{"threshold":10165,"model":{"type":"model","model":"plny_pyrosoulset:chest"}},{"threshold":10166,"model":{"type":"model","model":"plny_pyrosoulset:helmet"}},{"threshold":10167,"model":{"type":"model","model":"plny_pyrosoulset:key"}},{"threshold":10168,"model":{"type":"model","model":"plny_pyrosoulset:wings"}},{"threshold":10169,"model":{"type":"model","model":"plny_beeset:chest"}},{"threshold":10170,"model":{"type":"model","model":"plny_beeset:helmet"}},{"threshold":10171,"model":{"type":"model","model":"plny_beeset:key"}},{"threshold":10172,"model":{"type":"model","model":"plny_beeset:wings_v1"}},{"threshold":10173,"model":{"type":"model","model":"plny_beeset:wings_v2_animated"}},{"threshold":10174,"model":{"type":"model","model":"plny_aurion_set:chest"}},{"threshold":10175,"model":{"type":"model","model":"plny_aurion_set:helmet"}},{"threshold":10176,"model":{"type":"model","model":"plny_aurion_set:key"}},{"threshold":10177,"model":{"type":"model","model":"plny_aurion_set:wings"}},{"threshold":10178,"model":{"type":"model","model":"ender_dragonset:chest"}},{"threshold":10179,"model":{"type":"model","model":"ender_dragonset:gauntlet"}},{"threshold":10180,"model":{"type":"model","model":"ender_dragonset:helmet"}},{"threshold":10181,"model":{"type":"model","model":"ender_dragonset:key"}},{"threshold":10182,"model":{"type":"model","model":"ender_dragonset:wings"}},{"threshold":10183,"model":{"type":"model","model":"plny_halloween_pumpkin_set:chest"}},{"threshold":10184,"model":{"type":"model","model":"plny_halloween_pumpkin_set:helmet"}},{"threshold":10185,"model":{"type":"model","model":"plny_halloween_pumpkin_set:key"}},{"threshold":10186,"model":{"type":"model","model":"plny_halloween_pumpkin_set:wings"}},{"threshold":10187,"model":{"type":"model","model":"nexusset:chest"}},{"threshold":10188,"model":{"type":"model","model":"nexusset:chest_opening"}},{"threshold":10189,"model":{"type":"model","model":"nexusset:helmet"}},{"threshold":10190,"model":{"type":"model","model":"nexusset:key"}},{"threshold":10191,"model":{"type":"model","model":"nexusset:wings"}},{"threshold":10192,"model":{"type":"model","model":"plny_christmas_2025_set:chest"}},{"threshold":10193,"model":{"type":"model","model":"plny_christmas_2025_set:helmet"}},{"threshold":10194,"model":{"type":"model","model":"plny_christmas_2025_set:key"}},{"threshold":10195,"model":{"type":"model","model":"plny_christmas_2025_set:wings"}},{"threshold":10196,"model":{"type":"model","model":"christmas_hats_2025:hats/decorated_antlers_hat"}},{"threshold":10197,"model":{"type":"model","model":"item/paper"}}]},"oversized_in_gui":true}