{"parent":"minecraft:item/generated","textures":{"layer0":"minecraft:item/leather_horse_armor"},"overrides":[{"predicate":{"custom_model_data":10000},"model":"social_icons_pack:android_icon"},{"predicate":{"custom_model_data":10001},"model":"social_icons_pack:apple_icon"},{"predicate":{"custom_model_data":10002},"model":"social_icons_pack:microsoft_icon"},{"predicate":{"custom_model_data":10003},"model":"social_icons_pack:windows_icon"},{"predicate":{"custom_model_data":10004},"model":"social_icons_pack:google_icon"},{"predicate":{"custom_model_data":10005},"model":"social_icons_pack:facebook_icon"},{"predicate":{"custom_model_data":10006},"model":"social_icons_pack:instagram_icon"},{"predicate":{"custom_model_data":10007},"model":"social_icons_pack:twitter_icon"},{"predicate":{"custom_model_data":10008},"model":"social_icons_pack:xtwitter_icon"},{"predicate":{"custom_model_data":10009},"model":"social_icons_pack:threads_icon"},{"predicate":{"custom_model_data":10010},"model":"social_icons_pack:tiktok_icon"},{"predicate":{"custom_model_data":10011},"model":"social_icons_pack:youtube_icon"},{"predicate":{"custom_model_data":10012},"model":"social_icons_pack:discord_icon"},{"predicate":{"custom_model_data":10013},"model":"social_icons_pack:telegram_icon"},{"predicate":{"custom_model_data":10014},"model":"social_icons_pack:whatsapp_icon"},{"predicate":{"custom_model_data":10015},"model":"social_icons_pack:snapchat_icon"},{"predicate":{"custom_model_data":10016},"model":"social_icons_pack:twitch_icon"},{"predicate":{"custom_model_data":10017},"model":"social_icons_pack:kick_icon"},{"predicate":{"custom_model_data":10018},"model":"social_icons_pack:teamspeak_icon"},{"predicate":{"custom_model_data":10019},"model":"social_icons_pack:spotify_icon"},{"predicate":{"custom_model_data":10020},"model":"social_icons_pack:reddit_icon"},{"predicate":{"custom_model_data":10021},"model":"social_icons_pack:tumblr_icon"},{"predicate":{"custom_model_data":10022},"model":"social_icons_pack:vk_icon"},{"predicate":{"custom_model_data":10023},"model":"social_icons_pack:bluesky_icon"},{"predicate":{"custom_model_data":10024},"model":"social_icons_pack:notion_icon"},{"predicate":{"custom_model_data":10025},"model":"social_icons_pack:trello_icon"},{"predicate":{"custom_model_data":10026},"model":"social_icons_pack:github_icon"},{"predicate":{"custom_model_data":10027},"model":"social_icons_pack:minecraft_icon"},{"predicate":{"custom_model_data":10028},"model":"social_icons_pack:modrinth_icon"},{"predicate":{"custom_model_data":10029},"model":"social_icons_pack:cruseforge_icon"},{"predicate":{"custom_model_data":10030},"model":"social_icons_pack:fandom_icon"},{"predicate":{"custom_model_data":10031},"model":"social_icons_pack:wikipedia_icon"},{"predicate":{"custom_model_data":10032},"model":"social_icons_pack:artstation_icon"},{"predicate":{"custom_model_data":10033},"model":"social_icons_pack:deviantart_icon"},{"predicate":{"custom_model_data":10034},"model":"social_icons_pack:sketchfab_icon"},{"predicate":{"custom_model_data":10035},"model":"social_icons_pack:linkedin_icon"},{"predicate":{"custom_model_data":10036},"model":"social_icons_pack:paypal_icon"},{"predicate":{"custom_model_data":10037},"model":"social_icons_pack:patreon_icon"},{"predicate":{"custom_model_data":10038},"model":"social_icons_pack:patreon2_icon"},{"predicate":{"custom_model_data":10039},"model":"social_icons_pack:kofi_icon"},{"predicate":{"custom_model_data":10040},"model":"social_icons_pack:wise_icon"},{"predicate":{"custom_model_data":10041},"model":"social_icons_pack:stripe_icon"},{"predicate":{"custom_model_data":10042},"model":"social_icons_pack:promptpay_icon"},{"predicate":{"custom_model_data":10043},"model":"social_icons_pack:truewallet_icon"},{"predicate":{"custom_model_data":10044},"model":"social_icons_pack:qrcode_icon"},{"predicate":{"custom_model_data":10045},"model":"social_icons_pack:qrpayment_icon"},{"predicate":{"custom_model_data":10046},"model":"social_icons_pack:domain_icon"},{"predicate":{"custom_model_data":10047},"model":"social_icons_pack:android_icon_bg"},{"predicate":{"custom_model_data":10048},"model":"social_icons_pack:apple_icon_bg"},{"predicate":{"custom_model_data":10049},"model":"social_icons_pack:microsoft_icon_bg"},{"predicate":{"custom_model_data":10050},"model":"social_icons_pack:windows_icon_bg"},{"predicate":{"custom_model_data":10051},"model":"social_icons_pack:google_icon_bg"},{"predicate":{"custom_model_data":10052},"model":"social_icons_pack:facebook_icon_bg"},{"predicate":{"custom_model_data":10053},"model":"social_icons_pack:instagram_icon_bg"},{"predicate":{"custom_model_data":10054},"model":"social_icons_pack:twitter_icon_bg"},{"predicate":{"custom_model_data":10055},"model":"social_icons_pack:xtwitter_icon_bg"},{"predicate":{"custom_model_data":10056},"model":"social_icons_pack:threads_icon_bg"},{"predicate":{"custom_model_data":10057},"model":"social_icons_pack:tiktok_icon_bg"},{"predicate":{"custom_model_data":10058},"model":"social_icons_pack:youtube_icon_bg"},{"predicate":{"custom_model_data":10059},"model":"social_icons_pack:discord_icon_bg"},{"predicate":{"custom_model_data":10060},"model":"social_icons_pack:telegram_icon_bg"},{"predicate":{"custom_model_data":10061},"model":"social_icons_pack:whatsapp_icon_bg"},{"predicate":{"custom_model_data":10062},"model":"social_icons_pack:snapchat_icon_bg"},{"predicate":{"custom_model_data":10063},"model":"social_icons_pack:twitch_icon_bg"},{"predicate":{"custom_model_data":10064},"model":"social_icons_pack:kick_icon_bg"},{"predicate":{"custom_model_data":10065},"model":"social_icons_pack:teamspeak_icon_bg"},{"predicate":{"custom_model_data":10066},"model":"social_icons_pack:spotify_icon_bg"},{"predicate":{"custom_model_data":10067},"model":"social_icons_pack:reddit_icon_bg"},{"predicate":{"custom_model_data":10068},"model":"social_icons_pack:tumblr_icon_bg"},{"predicate":{"custom_model_data":10069},"model":"social_icons_pack:vk_icon_bg"},{"predicate":{"custom_model_data":10070},"model":"social_icons_pack:bluesky_icon_bg"},{"predicate":{"custom_model_data":10071},"model":"social_icons_pack:notion_icon_bg"},{"predicate":{"custom_model_data":10072},"model":"social_icons_pack:trello_icon_bg"},{"predicate":{"custom_model_data":10073},"model":"social_icons_pack:github_icon_bg"},{"predicate":{"custom_model_data":10074},"model":"social_icons_pack:minecraft_icon_bg"},{"predicate":{"custom_model_data":10075},"model":"social_icons_pack:modrinth_icon_bg"},{"predicate":{"custom_model_data":10076},"model":"social_icons_pack:cruseforge_icon_bg"},{"predicate":{"custom_model_data":10077},"model":"social_icons_pack:fandom_icon_bg"},{"predicate":{"custom_model_data":10078},"model":"social_icons_pack:wikipedia_icon_bg"},{"predicate":{"custom_model_data":10079},"model":"social_icons_pack:artstation_icon_bg"},{"predicate":{"custom_model_data":10080},"model":"social_icons_pack:deviantart_icon_bg"},{"predicate":{"custom_model_data":10081},"model":"social_icons_pack:sketchfab_icon_bg"},{"predicate":{"custom_model_data":10082},"model":"social_icons_pack:linkedin_icon_bg"},{"predicate":{"custom_model_data":10083},"model":"social_icons_pack:paypal_icon_bg"},{"predicate":{"custom_model_data":10084},"model":"social_icons_pack:patreon_icon_bg"},{"predicate":{"custom_model_data":10085},"model":"social_icons_pack:patreon2_icon_bg"},{"predicate":{"custom_model_data":10086},"model":"social_icons_pack:kofi_icon_bg"},{"predicate":{"custom_model_data":10087},"model":"social_icons_pack:wise_icon_bg"},{"predicate":{"custom_model_data":10088},"model":"social_icons_pack:stripe_icon_bg"},{"predicate":{"custom_model_data":10089},"model":"social_icons_pack:promptpay_icon_bg"},{"predicate":{"custom_model_data":10090},"model":"social_icons_pack:truewallet_icon_bg"},{"predicate":{"custom_model_data":10091},"model":"social_icons_pack:qrcode_icon_bg"},{"predicate":{"custom_model_data":10092},"model":"social_icons_pack:qrpayment_icon_bg"},{"predicate":{"custom_model_data":10093},"model":"social_icons_pack:domain_icon_bg"},{"predicate":{"custom_model_data":10094},"model":"item/leather_horse_armor"}]}