{"parent":"minecraft:item/handheld","textures":{"layer0":"minecraft:item/netherite_sword"},"overrides":[{"predicate":{"custom_model_data":10000},"model":"elitecreatures:hollow_knight_animated_weapon_set/dagger"},{"predicate":{"custom_model_data":10001},"model":"elitecreatures:hollow_knight_animated_weapon_set/saber"},{"predicate":{"custom_model_data":10002},"model":"elitecreatures:hollow_knight_animated_weapon_set/spear"},{"predicate":{"custom_model_data":10003},"model":"elitecreatures:hollow_knight_animated_weapon_set/staff"},{"predicate":{"custom_model_data":10004},"model":"elitecreatures:hollow_knight_animated_weapon_set/sword"},{"predicate":{"custom_model_data":10005},"model":"elitecreatures:hollow_knight_animated_weapon_set/trident"},{"predicate":{"custom_model_data":10006},"model":"item/netherite_sword"}]}