{"parent":"minecraft:item/generated","textures":{"layer0":"minecraft:item/paper"},"overrides":[{"predicate":{"custom_model_data":10000},"model":"_iainternal:item/ia_auto/icon_left_blue"},{"predicate":{"custom_model_data":10001},"model":"_iainternal:item/ia_auto/icon_right_blue"},{"predicate":{"custom_model_data":10002},"model":"_iainternal:item/ia_auto/icon_search"},{"predicate":{"custom_model_data":10003},"model":"_iainternal:item/ia_auto/icon_cancel"},{"predicate":{"custom_model_data":10004},"model":"_iainternal:item/ia_auto/icon_arrow_chest"},{"predicate":{"custom_model_data":10005},"model":"_iainternal:item/ia_auto/icon_back_orange"},{"predicate":{"custom_model_data":10006},"model":"_iainternal:item/ia_auto/icon_next_orange"},{"predicate":{"custom_model_data":10007},"model":"pixelmine_currency:item/ia_auto/ancient_chest"},{"predicate":{"custom_model_data":10008},"model":"pixelmine_currency:item/ia_auto/ancient_coin"},{"predicate":{"custom_model_data":10009},"model":"pixelmine_currency:item/ia_auto/bag_of_bronze_paper_bill"},{"predicate":{"custom_model_data":10010},"model":"pixelmine_currency:item/ia_auto/bag_of_paper_bill"},{"predicate":{"custom_model_data":10011},"model":"pixelmine_currency:item/ia_auto/bag_of_silver_paper_bill"},{"predicate":{"custom_model_data":10012},"model":"pixelmine_currency:item/ia_auto/big_diamonds_pile"},{"predicate":{"custom_model_data":10013},"model":"pixelmine_currency:item/ia_auto/big_emeralds_pile"},{"predicate":{"custom_model_data":10014},"model":"pixelmine_currency:item/ia_auto/big_pile_of_ancient_coins"},{"predicate":{"custom_model_data":10015},"model":"pixelmine_currency:item/ia_auto/big_pile_of_bronze_coins"},{"predicate":{"custom_model_data":10016},"model":"pixelmine_currency:item/ia_auto/big_pile_of_gold_coins"},{"predicate":{"custom_model_data":10017},"model":"pixelmine_currency:item/ia_auto/big_pile_of_silver_coins"},{"predicate":{"custom_model_data":10018},"model":"pixelmine_currency:item/ia_auto/big_rubies_pile"},{"predicate":{"custom_model_data":10019},"model":"pixelmine_currency:item/ia_auto/big_sapphires_pile"},{"predicate":{"custom_model_data":10020},"model":"pixelmine_currency:item/ia_auto/bronze_card"},{"predicate":{"custom_model_data":10021},"model":"pixelmine_currency:item/ia_auto/bronze_chest"},{"predicate":{"custom_model_data":10022},"model":"pixelmine_currency:item/ia_auto/bronze_coin"},{"predicate":{"custom_model_data":10023},"model":"pixelmine_currency:item/ia_auto/bronze_coin_with_star_symbol"},{"predicate":{"custom_model_data":10024},"model":"pixelmine_currency:item/ia_auto/bronze_key"},{"predicate":{"custom_model_data":10025},"model":"pixelmine_currency:item/ia_auto/bronze_ticket"},{"predicate":{"custom_model_data":10026},"model":"pixelmine_currency:item/ia_auto/bucket_of_ancient"},{"predicate":{"custom_model_data":10027},"model":"pixelmine_currency:item/ia_auto/bucket_of_bronze"},{"predicate":{"custom_model_data":10028},"model":"pixelmine_currency:item/ia_auto/bucket_of_diamonds"},{"predicate":{"custom_model_data":10029},"model":"pixelmine_currency:item/ia_auto/bucket_of_emeralds"},{"predicate":{"custom_model_data":10030},"model":"pixelmine_currency:item/ia_auto/bucket_of_gold"},{"predicate":{"custom_model_data":10031},"model":"pixelmine_currency:item/ia_auto/bucket_of_rubies"},{"predicate":{"custom_model_data":10032},"model":"pixelmine_currency:item/ia_auto/bucket_of_sapphires"},{"predicate":{"custom_model_data":10033},"model":"pixelmine_currency:item/ia_auto/bucket_of_silver"},{"predicate":{"custom_model_data":10034},"model":"pixelmine_currency:item/ia_auto/diamond"},{"predicate":{"custom_model_data":10035},"model":"pixelmine_currency:item/ia_auto/diamond_box"},{"predicate":{"custom_model_data":10036},"model":"pixelmine_currency:item/ia_auto/diamond_coin_with_star_symbol"},{"predicate":{"custom_model_data":10037},"model":"pixelmine_currency:item/ia_auto/diamond_key"},{"predicate":{"custom_model_data":10038},"model":"pixelmine_currency:item/ia_auto/emerald"},{"predicate":{"custom_model_data":10039},"model":"pixelmine_currency:item/ia_auto/emerald_box"},{"predicate":{"custom_model_data":10040},"model":"pixelmine_currency:item/ia_auto/emerald_coin_with_star_symbol"},{"predicate":{"custom_model_data":10041},"model":"pixelmine_currency:item/ia_auto/emerald_key"},{"predicate":{"custom_model_data":10042},"model":"pixelmine_currency:item/ia_auto/golden_chest"},{"predicate":{"custom_model_data":10043},"model":"pixelmine_currency:item/ia_auto/golden_key"},{"predicate":{"custom_model_data":10044},"model":"pixelmine_currency:item/ia_auto/gold_card"},{"predicate":{"custom_model_data":10045},"model":"pixelmine_currency:item/ia_auto/gold_coin"},{"predicate":{"custom_model_data":10046},"model":"pixelmine_currency:item/ia_auto/gold_coin_with_star_symbol"},{"predicate":{"custom_model_data":10047},"model":"pixelmine_currency:item/ia_auto/gold_paper_bill"},{"predicate":{"custom_model_data":10048},"model":"pixelmine_currency:item/ia_auto/gold_ticket"},{"predicate":{"custom_model_data":10049},"model":"pixelmine_currency:item/ia_auto/medium_ancient_pouch"},{"predicate":{"custom_model_data":10050},"model":"pixelmine_currency:item/ia_auto/medium_bronze_pouch"},{"predicate":{"custom_model_data":10051},"model":"pixelmine_currency:item/ia_auto/medium_diamonds_pile"},{"predicate":{"custom_model_data":10052},"model":"pixelmine_currency:item/ia_auto/medium_diamond_pouch"},{"predicate":{"custom_model_data":10053},"model":"pixelmine_currency:item/ia_auto/medium_emeraldspile_"},{"predicate":{"custom_model_data":10054},"model":"pixelmine_currency:item/ia_auto/medium_emerald_pouch"},{"predicate":{"custom_model_data":10055},"model":"pixelmine_currency:item/ia_auto/medium_gold_pouch"},{"predicate":{"custom_model_data":10056},"model":"pixelmine_currency:item/ia_auto/medium_pile_of_ancient_coins"},{"predicate":{"custom_model_data":10057},"model":"pixelmine_currency:item/ia_auto/medium_pile_of_bronze_coins"},{"predicate":{"custom_model_data":10058},"model":"pixelmine_currency:item/ia_auto/medium_pile_of_gold_coins"},{"predicate":{"custom_model_data":10059},"model":"pixelmine_currency:item/ia_auto/medium_pile_of_silver_coins"},{"predicate":{"custom_model_data":10060},"model":"pixelmine_currency:item/ia_auto/medium_rubies_pile_"},{"predicate":{"custom_model_data":10061},"model":"pixelmine_currency:item/ia_auto/medium_ruby_pouch"},{"predicate":{"custom_model_data":10062},"model":"pixelmine_currency:item/ia_auto/medium_sapphires_pile"},{"predicate":{"custom_model_data":10063},"model":"pixelmine_currency:item/ia_auto/medium_sapphire_pouch"},{"predicate":{"custom_model_data":10064},"model":"pixelmine_currency:item/ia_auto/medium_silver_pouch"},{"predicate":{"custom_model_data":10065},"model":"pixelmine_currency:item/ia_auto/paper_bill"},{"predicate":{"custom_model_data":10066},"model":"pixelmine_currency:item/ia_auto/premium_ticket"},{"predicate":{"custom_model_data":10067},"model":"pixelmine_currency:item/ia_auto/rolled_up_bills"},{"predicate":{"custom_model_data":10068},"model":"pixelmine_currency:item/ia_auto/royal_key"},{"predicate":{"custom_model_data":10069},"model":"pixelmine_currency:item/ia_auto/ruby"},{"predicate":{"custom_model_data":10070},"model":"pixelmine_currency:item/ia_auto/ruby_box"},{"predicate":{"custom_model_data":10071},"model":"pixelmine_currency:item/ia_auto/ruby_coin_with_star_symbol"},{"predicate":{"custom_model_data":10072},"model":"pixelmine_currency:item/ia_auto/ruby_key"},{"predicate":{"custom_model_data":10073},"model":"pixelmine_currency:item/ia_auto/safe"},{"predicate":{"custom_model_data":10074},"model":"pixelmine_currency:item/ia_auto/sapphire"},{"predicate":{"custom_model_data":10075},"model":"pixelmine_currency:item/ia_auto/sapphire_box"},{"predicate":{"custom_model_data":10076},"model":"pixelmine_currency:item/ia_auto/sapphire_coin_with_star_symbol"},{"predicate":{"custom_model_data":10077},"model":"pixelmine_currency:item/ia_auto/sapphire_key"},{"predicate":{"custom_model_data":10078},"model":"pixelmine_currency:item/ia_auto/silver_card"},{"predicate":{"custom_model_data":10079},"model":"pixelmine_currency:item/ia_auto/silver_chest"},{"predicate":{"custom_model_data":10080},"model":"pixelmine_currency:item/ia_auto/silver_coin"},{"predicate":{"custom_model_data":10081},"model":"pixelmine_currency:item/ia_auto/silver_coin_with_star_symbol"},{"predicate":{"custom_model_data":10082},"model":"pixelmine_currency:item/ia_auto/silver_key"},{"predicate":{"custom_model_data":10083},"model":"pixelmine_currency:item/ia_auto/silver_paper_bill"},{"predicate":{"custom_model_data":10084},"model":"pixelmine_currency:item/ia_auto/silver_ticket"},{"predicate":{"custom_model_data":10085},"model":"pixelmine_currency:item/ia_auto/small_ancient_pouch"},{"predicate":{"custom_model_data":10086},"model":"pixelmine_currency:item/ia_auto/small_bronze_pouch"},{"predicate":{"custom_model_data":10087},"model":"pixelmine_currency:item/ia_auto/small_diamonds_pile_"},{"predicate":{"custom_model_data":10088},"model":"pixelmine_currency:item/ia_auto/small_diamond_pouch"},{"predicate":{"custom_model_data":10089},"model":"pixelmine_currency:item/ia_auto/small_emeralds_pile_"},{"predicate":{"custom_model_data":10090},"model":"pixelmine_currency:item/ia_auto/small_emerald_pouch"},{"predicate":{"custom_model_data":10091},"model":"pixelmine_currency:item/ia_auto/small_gold_pouch"},{"predicate":{"custom_model_data":10092},"model":"pixelmine_currency:item/ia_auto/small_pile_of_ancient_coins"},{"predicate":{"custom_model_data":10093},"model":"pixelmine_currency:item/ia_auto/small_pile_of_bronze_coins"},{"predicate":{"custom_model_data":10094},"model":"pixelmine_currency:item/ia_auto/small_pile_of_gold_coins"},{"predicate":{"custom_model_data":10095},"model":"pixelmine_currency:item/ia_auto/small_pile_of_silver_coins"},{"predicate":{"custom_model_data":10096},"model":"pixelmine_currency:item/ia_auto/small_rubies_pile_"},{"predicate":{"custom_model_data":10097},"model":"pixelmine_currency:item/ia_auto/small_ruby_pouch"},{"predicate":{"custom_model_data":10098},"model":"pixelmine_currency:item/ia_auto/small_sapphires_pile_"},{"predicate":{"custom_model_data":10099},"model":"pixelmine_currency:item/ia_auto/small_sapphire_pouch"},{"predicate":{"custom_model_data":10100},"model":"pixelmine_currency:item/ia_auto/small_silver_pouch"},{"predicate":{"custom_model_data":10101},"model":"pixelmine_currency:item/ia_auto/stack_of_gold_paper_bill"},{"predicate":{"custom_model_data":10102},"model":"pixelmine_currency:item/ia_auto/stack_of_paper_bill"},{"predicate":{"custom_model_data":10103},"model":"pixelmine_currency:item/ia_auto/stack_of_silver_paper_bill"},{"predicate":{"custom_model_data":10104},"model":"pixelmine_currency:item/ia_auto/treasure_crate"},{"predicate":{"custom_model_data":10105},"model":"pixelmine_currency:item/ia_auto/wallet"},{"predicate":{"custom_model_data":10106},"model":"pixelmine_currency:item/ia_auto/wallet_with_paper_pill"},{"predicate":{"custom_model_data":10107},"model":"elitecreatures:hollow_knight_animated_weapon_set/chest"},{"predicate":{"custom_model_data":10108},"model":"elitecreatures:hollow_knight_animated_weapon_set/glove"},{"predicate":{"custom_model_data":10109},"model":"elitecreatures:hollow_knight_animated_weapon_set/hat"},{"predicate":{"custom_model_data":10110},"model":"elitecreatures:hollow_knight_animated_weapon_set/key"},{"predicate":{"custom_model_data":10111},"model":"elitecreatures:hollow_knight_animated_weapon_set/wing"},{"predicate":{"custom_model_data":10112},"model":"item/paper"}]}