{"sources":[{"type":"single","resource":"infernoset:backpack"},{"type":"single","resource":"infernoset:trident"},{"type":"single","resource":"infernoset:wings"},{"type":"single","resource":"infernoset:knife"},{"type":"single","resource":"infernoset:bow"},{"type":"single","resource":"infernoset:animations/animations_3"},{"type":"single","resource":"infernoset:animations/animations_4"},{"type":"single","resource":"infernoset:crossbow"},{"type":"single","resource":"infernoset:animations/animations_2"},{"type":"single","resource":"infernoset:axe"},{"type":"single","resource":"_iainternal:icons/icon_left_blue"},{"type":"single","resource":"_iainternal:icons/icon_cancel"},{"type":"single","resource":"infernoset:armor/inferno_helmet_icon"},{"type":"single","resource":"infernoset:chest"},{"type":"single","resource":"infernoset:key"},{"type":"single","resource":"infernoset:helmet"},{"type":"single","resource":"infernoset:staff"},{"type":"single","resource":"infernoset:fishing_rod"},{"type":"single","resource":"_iainternal:icons/icon_back_orange"},{"type":"single","resource":"_iainternal:icons/icon_arrow_chest"},{"type":"single","resource":"infernoset:armor/inferno_boots_icon"},{"type":"single","resource":"infernoset:spear"},{"type":"single","resource":"infernoset:crossbow_firework"},{"type":"single","resource":"infernoset:fishing_rod_cast"},{"type":"single","resource":"infernoset:hammer"},{"type":"single","resource":"infernoset:pickaxe"},{"type":"single","resource":"infernoset:shield"},{"type":"single","resource":"infernoset:sword"},{"type":"single","resource":"_iainternal:icons/icon_search"},{"type":"single","resource":"_iainternal:icons/icon_next_orange"},{"type":"single","resource":"_iainternal:icons/icon_right_blue"},{"type":"single","resource":"infernoset:bow_1"},{"type":"single","resource":"infernoset:bow_2"},{"type":"single","resource":"infernoset:crossbow_2"},{"type":"single","resource":"infernoset:shovel"},{"type":"single","resource":"infernoset:crossbow_1"},{"type":"single","resource":"infernoset:scythe"},{"type":"single","resource":"infernoset:armor/inferno_leggings_icon"},{"type":"single","resource":"infernoset:hoe"},{"type":"single","resource":"infernoset:armor/inferno_chestplate_icon"}]}