{"sources":[{"type":"single","resource":"pixelmine_currency:bronze_chest"},{"type":"single","resource":"pixelmine_currency:small_pile_of_gold_coins"},{"type":"single","resource":"pixelmine_currency:stack_of_silver_paper_bill"},{"type":"single","resource":"pixelmine_currency:sapphire_box"},{"type":"single","resource":"pixelmine_currency:bucket_of_bronze"},{"type":"single","resource":"pixelmine_currency:silver_chest"},{"type":"single","resource":"pixelmine_currency:emerald"},{"type":"single","resource":"_iainternal:icons/icon_left_blue"},{"type":"single","resource":"pixelmine_currency:wallet"},{"type":"single","resource":"pixelmine_currency:safe"},{"type":"single","resource":"pixelmine_currency:medium_pile_of_bronze_coins"},{"type":"single","resource":"pixelmine_currency:medium_emerald_pouch"},{"type":"single","resource":"pixelmine_currency:small_emeralds_pile_"},{"type":"single","resource":"pixelmine_currency:bucket_of_ancient"},{"type":"single","resource":"pixelmine_currency:medium_pile_of_silver_coins"},{"type":"single","resource":"pixelmine_currency:bucket_of_silver"},{"type":"single","resource":"pixelmine_currency:small_rubies_pile_"},{"type":"single","resource":"elitecreatures:hollow_knight_animated_weapon_set/dagger_texture"},{"type":"single","resource":"pixelmine_currency:small_emerald_pouch"},{"type":"single","resource":"pixelmine_currency:bronze_ticket"},{"type":"single","resource":"_iainternal:icons/icon_next_orange"},{"type":"single","resource":"pixelmine_currency:big_emeralds_pile"},{"type":"single","resource":"pixelmine_currency:ruby_box"},{"type":"single","resource":"pixelmine_currency:medium_ruby_pouch"},{"type":"single","resource":"pixelmine_currency:medium_diamonds_pile"},{"type":"single","resource":"pixelmine_currency:golden_key"},{"type":"single","resource":"elitecreatures:hollow_knight_animated_weapon_set/axe_texture"},{"type":"single","resource":"pixelmine_currency:silver_ticket"},{"type":"single","resource":"pixelmine_currency:emerald_box"},{"type":"single","resource":"pixelmine_currency:small_ancient_pouch"},{"type":"single","resource":"elitecreatures:hollow_knight_animated_weapon_set/armor/hollowknight_helmet"},{"type":"single","resource":"pixelmine_currency:medium_diamond_pouch"},{"type":"single","resource":"elitecreatures:hollow_knight_animated_weapon_set/armor/hollowknight_leggings"},{"type":"single","resource":"elitecreatures:hollow_knight_animated_weapon_set/staff_texture"},{"type":"single","resource":"elitecreatures:hollow_knight_animated_weapon_set/bow_texture"},{"type":"single","resource":"pixelmine_currency:medium_rubies_pile_"},{"type":"single","resource":"elitecreatures:hollow_knight_animated_weapon_set/shovel_texture"},{"type":"single","resource":"pixelmine_currency:bucket_of_sapphires"},{"type":"single","resource":"pixelmine_currency:diamond_box"},{"type":"single","resource":"elitecreatures:hollow_knight_animated_weapon_set/crossbow_texture"},{"type":"single","resource":"_iainternal:icons/icon_cancel"},{"type":"single","resource":"pixelmine_currency:small_sapphire_pouch"},{"type":"single","resource":"pixelmine_currency:gold_paper_bill"},{"type":"single","resource":"pixelmine_currency:emerald_key"},{"type":"single","resource":"pixelmine_currency:big_rubies_pile"},{"type":"single","resource":"pixelmine_currency:gold_coin"},{"type":"single","resource":"pixelmine_currency:gold_ticket"},{"type":"single","resource":"pixelmine_currency:medium_sapphires_pile"},{"type":"single","resource":"_iainternal:icons/icon_arrow_chest"},{"type":"single","resource":"social_icons_pack:icons"},{"type":"single","resource":"pixelmine_currency:sapphire_coin_with_star_symbol"},{"type":"single","resource":"pixelmine_currency:bucket_of_rubies"},{"type":"single","resource":"pixelmine_currency:silver_coin"},{"type":"single","resource":"elitecreatures:hollow_knight_animated_weapon_set/pickaxe_texture"},{"type":"single","resource":"elitecreatures:hollow_knight_animated_weapon_set/hammer_texture"},{"type":"single","resource":"pixelmine_currency:medium_emeraldspile_"},{"type":"single","resource":"pixelmine_currency:big_diamonds_pile"},{"type":"single","resource":"pixelmine_currency:medium_pile_of_gold_coins"},{"type":"single","resource":"pixelmine_currency:diamond_coin_with_star_symbol"},{"type":"single","resource":"elitecreatures:hollow_knight_animated_weapon_set/armor/hollowknight_boots"},{"type":"single","resource":"pixelmine_currency:ruby_coin_with_star_symbol"},{"type":"single","resource":"pixelmine_currency:silver_paper_bill"},{"type":"single","resource":"pixelmine_currency:stack_of_paper_bill"},{"type":"single","resource":"pixelmine_currency:bag_of_silver_paper_bill"},{"type":"single","resource":"pixelmine_currency:big_pile_of_silver_coins"},{"type":"single","resource":"elitecreatures:hollow_knight_animated_weapon_set/saber_texture"},{"type":"single","resource":"pixelmine_currency:medium_gold_pouch"},{"type":"single","resource":"pixelmine_currency:small_pile_of_bronze_coins"},{"type":"single","resource":"pixelmine_currency:premium_ticket"},{"type":"single","resource":"elitecreatures:hollow_knight_animated_weapon_set/armor/hollowknight_chestplate"},{"type":"single","resource":"pixelmine_currency:bronze_coin_with_star_symbol"},{"type":"single","resource":"pixelmine_currency:rolled_up_bills"},{"type":"single","resource":"pixelmine_currency:medium_silver_pouch"},{"type":"single","resource":"pixelmine_currency:medium_bronze_pouch"},{"type":"single","resource":"pixelmine_currency:small_diamonds_pile_"},{"type":"single","resource":"pixelmine_currency:treasure_crate"},{"type":"single","resource":"elitecreatures:hollow_knight_animated_weapon_set/chest_texture"},{"type":"single","resource":"elitecreatures:hollow_knight_animated_weapon_set/animation_texture"},{"type":"single","resource":"pixelmine_currency:sapphire"},{"type":"single","resource":"elitecreatures:hollow_knight_animated_weapon_set/trident_texture"},{"type":"single","resource":"pixelmine_currency:big_pile_of_gold_coins"},{"type":"single","resource":"elitecreatures:hollow_knight_animated_weapon_set/sword_texture"},{"type":"single","resource":"pixelmine_currency:bucket_of_gold"},{"type":"single","resource":"pixelmine_currency:silver_card"},{"type":"single","resource":"elitecreatures:hollow_knight_animated_weapon_set/shield_texture"},{"type":"single","resource":"pixelmine_currency:bucket_of_diamonds"},{"type":"single","resource":"elitecreatures:hollow_knight_animated_weapon_set/rod_texture"},{"type":"single","resource":"pixelmine_currency:small_bronze_pouch"},{"type":"single","resource":"elitecreatures:hollow_knight_animated_weapon_set/hoe_texture"},{"type":"single","resource":"pixelmine_currency:bronze_card"},{"type":"single","resource":"pixelmine_currency:emerald_coin_with_star_symbol"},{"type":"single","resource":"pixelmine_currency:bag_of_paper_bill"},{"type":"single","resource":"pixelmine_currency:ruby_key"},{"type":"single","resource":"pixelmine_currency:silver_coin_with_star_symbol"},{"type":"single","resource":"pixelmine_currency:small_silver_pouch"},{"type":"single","resource":"pixelmine_currency:ancient_chest"},{"type":"single","resource":"pixelmine_currency:ancient_coin"},{"type":"single","resource":"pixelmine_currency:royal_key"},{"type":"single","resource":"pixelmine_currency:big_pile_of_ancient_coins"},{"type":"single","resource":"pixelmine_currency:stack_of_gold_paper_bill"},{"type":"single","resource":"elitecreatures:hollow_knight_animated_weapon_set/spear_texture"},{"type":"single","resource":"elitecreatures:hollow_knight_animated_weapon_set/scythe_texture"},{"type":"single","resource":"pixelmine_currency:big_sapphires_pile"},{"type":"single","resource":"pixelmine_currency:medium_ancient_pouch"},{"type":"single","resource":"pixelmine_currency:bronze_coin"},{"type":"single","resource":"elitecreatures:hollow_knight_animated_weapon_set/glove_texture"},{"type":"single","resource":"pixelmine_currency:gold_card"},{"type":"single","resource":"_iainternal:icons/icon_back_orange"},{"type":"single","resource":"pixelmine_currency:small_sapphires_pile_"},{"type":"single","resource":"pixelmine_currency:small_pile_of_ancient_coins"},{"type":"single","resource":"pixelmine_currency:bucket_of_emeralds"},{"type":"single","resource":"elitecreatures:hollow_knight_animated_weapon_set/wing_texture"},{"type":"single","resource":"pixelmine_currency:ruby"},{"type":"single","resource":"pixelmine_currency:small_gold_pouch"},{"type":"single","resource":"pixelmine_currency:diamond_key"},{"type":"single","resource":"pixelmine_currency:bronze_key"},{"type":"single","resource":"elitecreatures:hollow_knight_animated_weapon_set/key_texture"},{"type":"single","resource":"_iainternal:icons/icon_search"},{"type":"single","resource":"_iainternal:icons/icon_right_blue"},{"type":"single","resource":"pixelmine_currency:medium_sapphire_pouch"},{"type":"single","resource":"pixelmine_currency:big_pile_of_bronze_coins"},{"type":"single","resource":"pixelmine_currency:diamond"},{"type":"single","resource":"pixelmine_currency:small_pile_of_silver_coins"},{"type":"single","resource":"pixelmine_currency:bag_of_bronze_paper_bill"},{"type":"single","resource":"pixelmine_currency:gold_coin_with_star_symbol"},{"type":"single","resource":"pixelmine_currency:medium_pile_of_ancient_coins"},{"type":"single","resource":"pixelmine_currency:small_diamond_pouch"},{"type":"single","resource":"pixelmine_currency:sapphire_key"},{"type":"single","resource":"pixelmine_currency:golden_chest"},{"type":"single","resource":"pixelmine_currency:silver_key"},{"type":"single","resource":"pixelmine_currency:small_ruby_pouch"},{"type":"single","resource":"elitecreatures:hollow_knight_animated_weapon_set/hat_texture"},{"type":"single","resource":"pixelmine_currency:wallet_with_paper_pill"},{"type":"single","resource":"pixelmine_currency:paper_bill"}]}