{"parent":"item/handheld_rod","textures":{"layer0":"item/fishing_rod"},"overrides":[{"predicate":{"cast":1},"model":"item/fishing_rod_cast"},{"predicate":{"custom_model_data":10000},"model":"infernoset:fishing_rod"},{"predicate":{"cast":1,"custom_model_data":10000},"model":"infernoset:fishing_rod_cast"},{"predicate":{"custom_model_data":10001},"model":"spartan_set:fishing_rod"},{"predicate":{"cast":1,"custom_model_data":10001},"model":"spartan_set:fishing_rod_cast"},{"predicate":{"custom_model_data":10002},"model":"independence_dayset:fishing_rod"},{"predicate":{"cast":1,"custom_model_data":10002},"model":"independence_dayset:fishing_rod_cast"},{"predicate":{"custom_model_data":10003},"model":"item/fishing_rod"}]}