{"parent":"minecraft:item/generated","overrides":[{"model":"minecraft:item/leather_helmet_quartz_trim","predicate":{"trim_type":0.1}},{"model":"minecraft:item/leather_helmet_iron_trim","predicate":{"trim_type":0.2}},{"model":"minecraft:item/leather_helmet_netherite_trim","predicate":{"trim_type":0.3}},{"model":"minecraft:item/leather_helmet_redstone_trim","predicate":{"trim_type":0.4}},{"model":"minecraft:item/leather_helmet_copper_trim","predicate":{"trim_type":0.5}},{"model":"minecraft:item/leather_helmet_gold_trim","predicate":{"trim_type":0.6}},{"model":"minecraft:item/leather_helmet_emerald_trim","predicate":{"trim_type":0.7}},{"model":"minecraft:item/leather_helmet_diamond_trim","predicate":{"trim_type":0.8}},{"model":"minecraft:item/leather_helmet_lapis_trim","predicate":{"trim_type":0.9}},{"model":"minecraft:item/leather_helmet_amethyst_trim","predicate":{"trim_type":1.0}},{"predicate":{"custom_model_data":10000},"model":"infernoset:ia_auto_gen/infernohelmet"},{"predicate":{"trim_type":0.1,"custom_model_data":10000},"model":"infernoset:ia_auto_gen/infernohelmet"},{"predicate":{"trim_type":0.2,"custom_model_data":10000},"model":"infernoset:ia_auto_gen/infernohelmet"},{"predicate":{"trim_type":0.3,"custom_model_data":10000},"model":"infernoset:ia_auto_gen/infernohelmet"},{"predicate":{"trim_type":0.4,"custom_model_data":10000},"model":"infernoset:ia_auto_gen/infernohelmet"},{"predicate":{"trim_type":0.5,"custom_model_data":10000},"model":"infernoset:ia_auto_gen/infernohelmet"},{"predicate":{"trim_type":0.6,"custom_model_data":10000},"model":"infernoset:ia_auto_gen/infernohelmet"},{"predicate":{"trim_type":0.7,"custom_model_data":10000},"model":"infernoset:ia_auto_gen/infernohelmet"},{"predicate":{"trim_type":0.8,"custom_model_data":10000},"model":"infernoset:ia_auto_gen/infernohelmet"},{"predicate":{"trim_type":0.9,"custom_model_data":10000},"model":"infernoset:ia_auto_gen/infernohelmet"},{"predicate":{"trim_type":1.0,"custom_model_data":10000},"model":"infernoset:ia_auto_gen/infernohelmet"},{"predicate":{"custom_model_data":10001},"model":"spartan_set:ia_auto_gen/spartanhelmet"},{"predicate":{"trim_type":0.1,"custom_model_data":10001},"model":"spartan_set:ia_auto_gen/spartanhelmet"},{"predicate":{"trim_type":0.2,"custom_model_data":10001},"model":"spartan_set:ia_auto_gen/spartanhelmet"},{"predicate":{"trim_type":0.3,"custom_model_data":10001},"model":"spartan_set:ia_auto_gen/spartanhelmet"},{"predicate":{"trim_type":0.4,"custom_model_data":10001},"model":"spartan_set:ia_auto_gen/spartanhelmet"},{"predicate":{"trim_type":0.5,"custom_model_data":10001},"model":"spartan_set:ia_auto_gen/spartanhelmet"},{"predicate":{"trim_type":0.6,"custom_model_data":10001},"model":"spartan_set:ia_auto_gen/spartanhelmet"},{"predicate":{"trim_type":0.7,"custom_model_data":10001},"model":"spartan_set:ia_auto_gen/spartanhelmet"},{"predicate":{"trim_type":0.8,"custom_model_data":10001},"model":"spartan_set:ia_auto_gen/spartanhelmet"},{"predicate":{"trim_type":0.9,"custom_model_data":10001},"model":"spartan_set:ia_auto_gen/spartanhelmet"},{"predicate":{"trim_type":1.0,"custom_model_data":10001},"model":"spartan_set:ia_auto_gen/spartanhelmet"},{"predicate":{"custom_model_data":10002},"model":"independence_dayset:ia_auto_gen/independence_dayhelmet"},{"predicate":{"trim_type":0.1,"custom_model_data":10002},"model":"independence_dayset:ia_auto_gen/independence_dayhelmet"},{"predicate":{"trim_type":0.2,"custom_model_data":10002},"model":"independence_dayset:ia_auto_gen/independence_dayhelmet"},{"predicate":{"trim_type":0.3,"custom_model_data":10002},"model":"independence_dayset:ia_auto_gen/independence_dayhelmet"},{"predicate":{"trim_type":0.4,"custom_model_data":10002},"model":"independence_dayset:ia_auto_gen/independence_dayhelmet"},{"predicate":{"trim_type":0.5,"custom_model_data":10002},"model":"independence_dayset:ia_auto_gen/independence_dayhelmet"},{"predicate":{"trim_type":0.6,"custom_model_data":10002},"model":"independence_dayset:ia_auto_gen/independence_dayhelmet"},{"predicate":{"trim_type":0.7,"custom_model_data":10002},"model":"independence_dayset:ia_auto_gen/independence_dayhelmet"},{"predicate":{"trim_type":0.8,"custom_model_data":10002},"model":"independence_dayset:ia_auto_gen/independence_dayhelmet"},{"predicate":{"trim_type":0.9,"custom_model_data":10002},"model":"independence_dayset:ia_auto_gen/independence_dayhelmet"},{"predicate":{"trim_type":1.0,"custom_model_data":10002},"model":"independence_dayset:ia_auto_gen/independence_dayhelmet"},{"predicate":{"custom_model_data":10003},"model":"item/leather_helmet"}],"textures":{"layer0":"minecraft:item/leather_helmet","layer1":"minecraft:item/leather_helmet_overlay"}}