{"parent":"minecraft:item/handheld","textures":{"layer0":"minecraft:item/netherite_sword"},"overrides":[{"predicate":{"custom_model_data":10000},"model":"infernoset:knife"},{"predicate":{"custom_model_data":10001},"model":"infernoset:hammer"},{"predicate":{"custom_model_data":10002},"model":"infernoset:scythe"},{"predicate":{"custom_model_data":10003},"model":"infernoset:spear"},{"predicate":{"custom_model_data":10004},"model":"infernoset:staff"},{"predicate":{"custom_model_data":10005},"model":"infernoset:sword"},{"predicate":{"custom_model_data":10006},"model":"infernoset:trident"},{"predicate":{"custom_model_data":10007},"model":"spartan_set:hammer"},{"predicate":{"custom_model_data":10008},"model":"spartan_set:knife"},{"predicate":{"custom_model_data":10009},"model":"spartan_set:scythe"},{"predicate":{"custom_model_data":10010},"model":"spartan_set:spear"},{"predicate":{"custom_model_data":10011},"model":"spartan_set:staff"},{"predicate":{"custom_model_data":10012},"model":"spartan_set:sword"},{"predicate":{"custom_model_data":10013},"model":"spartan_set:trident"},{"predicate":{"custom_model_data":10014},"model":"independence_dayset:greatsword"},{"predicate":{"custom_model_data":10015},"model":"independence_dayset:hammer"},{"predicate":{"custom_model_data":10016},"model":"independence_dayset:scythe"},{"predicate":{"custom_model_data":10017},"model":"independence_dayset:spear"},{"predicate":{"custom_model_data":10018},"model":"independence_dayset:staff"},{"predicate":{"custom_model_data":10019},"model":"independence_dayset:sword"},{"predicate":{"custom_model_data":10020},"model":"independence_dayset:trident"},{"predicate":{"custom_model_data":10021},"model":"item/netherite_sword"}]}