{"parent":"minecraft:item/generated","textures":{"layer0":"minecraft:item/paper"},"overrides":[{"predicate":{"custom_model_data":10000},"model":"_iainternal:ia_auto_gen/icon_left_blue"},{"predicate":{"custom_model_data":10001},"model":"_iainternal:ia_auto_gen/icon_right_blue"},{"predicate":{"custom_model_data":10002},"model":"_iainternal:ia_auto_gen/icon_search"},{"predicate":{"custom_model_data":10003},"model":"_iainternal:ia_auto_gen/icon_cancel"},{"predicate":{"custom_model_data":10004},"model":"_iainternal:ia_auto_gen/icon_arrow_chest"},{"predicate":{"custom_model_data":10005},"model":"_iainternal:ia_auto_gen/icon_back_orange"},{"predicate":{"custom_model_data":10006},"model":"_iainternal:ia_auto_gen/icon_next_orange"},{"predicate":{"custom_model_data":10007},"model":"infernoset:key"},{"predicate":{"custom_model_data":10008},"model":"infernoset:backpack"},{"predicate":{"custom_model_data":10009},"model":"infernoset:wings"},{"predicate":{"custom_model_data":10010},"model":"infernoset:helmet"},{"predicate":{"custom_model_data":10011},"model":"spartan_set:cape"},{"predicate":{"custom_model_data":10012},"model":"spartan_set:chest"},{"predicate":{"custom_model_data":10013},"model":"spartan_set:helmet"},{"predicate":{"custom_model_data":10014},"model":"spartan_set:key"},{"predicate":{"custom_model_data":10015},"model":"summer_furnitures:parasol"},{"predicate":{"custom_model_data":10016},"model":"summer_furnitures:wicker_lounge_chair"},{"predicate":{"custom_model_data":10017},"model":"summer_furnitures:wicker_sofa"},{"predicate":{"custom_model_data":10018},"model":"summer_furnitures:ground_mini_torch"},{"predicate":{"custom_model_data":10019},"model":"summer_furnitures:wall_mini_torch"},{"predicate":{"custom_model_data":10020},"model":"summer_furnitures:tikitorch"},{"predicate":{"custom_model_data":10021},"model":"summer_furnitures:palm_tree_1"},{"predicate":{"custom_model_data":10022},"model":"summer_furnitures:palm_tree_2"},{"predicate":{"custom_model_data":10023},"model":"summer_furnitures:palm_tree_log"},{"predicate":{"custom_model_data":10024},"model":"summer_furnitures:tropical_plante"},{"predicate":{"custom_model_data":10025},"model":"summer_furnitures:tropical_plante_wild"},{"predicate":{"custom_model_data":10026},"model":"summer_furnitures:tropical_plante_2"},{"predicate":{"custom_model_data":10027},"model":"summer_furnitures:tropical_plante_2_wild"},{"predicate":{"custom_model_data":10028},"model":"summer_furnitures:elephant_plant"},{"predicate":{"custom_model_data":10029},"model":"summer_furnitures:elephant_plant_pot"},{"predicate":{"custom_model_data":10030},"model":"summer_furnitures:palm_tree_pot"},{"predicate":{"custom_model_data":10031},"model":"summer_furnitures:orange_juce"},{"predicate":{"custom_model_data":10032},"model":"summer_furnitures:strawberry_juce"},{"predicate":{"custom_model_data":10033},"model":"summer_furnitures:kiwi_juce"},{"predicate":{"custom_model_data":10034},"model":"summer_furnitures:juces"},{"predicate":{"custom_model_data":10035},"model":"summer_furnitures:coconut_drink"},{"predicate":{"custom_model_data":10036},"model":"summer_furnitures:tikitable_low"},{"predicate":{"custom_model_data":10037},"model":"summer_furnitures:tikitable"},{"predicate":{"custom_model_data":10038},"model":"summer_furnitures:cactus_pot"},{"predicate":{"custom_model_data":10039},"model":"summer_furnitures:duck_buoy"},{"predicate":{"custom_model_data":10040},"model":"summer_furnitures:turtle_buoy"},{"predicate":{"custom_model_data":10041},"model":"summer_furnitures:pink_flamingo_buoy"},{"predicate":{"custom_model_data":10042},"model":"summer_furnitures:licorn_buoy"},{"predicate":{"custom_model_data":10043},"model":"summer_furnitures:sand_castle"},{"predicate":{"custom_model_data":10044},"model":"summer_furnitures:starfish_obbergine"},{"predicate":{"custom_model_data":10045},"model":"summer_furnitures:starfish_orange"},{"predicate":{"custom_model_data":10046},"model":"summer_furnitures:starfish_cyan"},{"predicate":{"custom_model_data":10047},"model":"summer_furnitures:starfish_mauve"},{"predicate":{"custom_model_data":10048},"model":"summer_furnitures:starfish_pink"},{"predicate":{"custom_model_data":10049},"model":"summer_furnitures:starfish_blue"},{"predicate":{"custom_model_data":10050},"model":"summer_furnitures:pink_shell"},{"predicate":{"custom_model_data":10051},"model":"summer_furnitures:blue_shell"},{"predicate":{"custom_model_data":10052},"model":"summer_furnitures:green_shell"},{"predicate":{"custom_model_data":10053},"model":"summer_furnitures:brown_shell"},{"predicate":{"custom_model_data":10054},"model":"summer_furnitures:sand_toy"},{"predicate":{"custom_model_data":10055},"model":"summer_furnitures:tiki_bar"},{"predicate":{"custom_model_data":10056},"model":"summer_furnitures:tiki_stool"},{"predicate":{"custom_model_data":10060},"model":"independence_dayset:backpack"},{"predicate":{"custom_model_data":10061},"model":"independence_dayset:chest"},{"predicate":{"custom_model_data":10062},"model":"independence_dayset:hat"},{"predicate":{"custom_model_data":10063},"model":"independence_dayset:key"},{"predicate":{"custom_model_data":10064},"model":"independence_dayset:wings"},{"predicate":{"custom_model_data":10065},"model":"item/paper"}]}