{"parent":"item/generated","textures":{"layer0":"item/potion_overlay","layer1":"item/potion"},"overrides":[{"predicate":{"custom_model_data":3400001},"model":"infernoset:wings_cosmetics"},{"predicate":{"custom_model_data":3400002},"model":"infernoset:wings_cosmetics_self"},{"predicate":{"custom_model_data":3400003},"model":"infernoset:helmet"},{"predicate":{"custom_model_data":3400004},"model":"infernoset:backpack_cosmetics"},{"predicate":{"custom_model_data":3400005},"model":"infernoset:backpack_cosmetics_self"},{"predicate":{"custom_model_data":3400006},"model":"infernoset:wings_cosmetics_self_2"},{"predicate":{"custom_model_data":3400007},"model":"infernoset:wings_cosmetics_normal_2"},{"predicate":{"custom_model_data":3400008},"model":"infernoset:backpack_cosmetics_self_2"},{"predicate":{"custom_model_data":3400009},"model":"infernoset:backpack_cosmetics_normal_2"},{"predicate":{"custom_model_data":9123000},"model":"independence_dayset:backpack_cosmetic"},{"predicate":{"custom_model_data":9123001},"model":"independence_dayset:backpack_cosmetic_self"},{"predicate":{"custom_model_data":9123002},"model":"independence_dayset:backpack_cosmetic_self_2"},{"predicate":{"custom_model_data":9123003},"model":"independence_dayset:backpack_cosmetic_normal_2"},{"predicate":{"custom_model_data":9123004},"model":"independence_dayset:hat"},{"predicate":{"custom_model_data":9123005},"model":"independence_dayset:wings_cosmetic"},{"predicate":{"custom_model_data":9123006},"model":"independence_dayset:wings_cosmetic_self"},{"predicate":{"custom_model_data":9123007},"model":"independence_dayset:wings_cosmetic_self_2"},{"predicate":{"custom_model_data":9123008},"model":"independence_dayset:wings_cosmetic_normal_2"},{"predicate":{"custom_model_data":9923000},"model":"spartan_set:cape_cosmetic"},{"predicate":{"custom_model_data":9923001},"model":"spartan_set:cape_cosmetic_self"},{"predicate":{"custom_model_data":9923002},"model":"spartan_set:cape_cosmetic_self_2"},{"predicate":{"custom_model_data":9923003},"model":"spartan_set:cape_cosmetic_normal_2"},{"predicate":{"custom_model_data":9923004},"model":"spartan_set:helmet"},{"predicate":{"custom_model_data":9923005},"model":"item/potion"}]}