{"credit":"Polygony Creation Co.,Ltd.","texture_size":[12,12],"textures":{"1":"independence_dayset:american_flag","2":"independence_dayset:fishing_rod","3":"independence_dayset:animations/star_animation","particle":"independence_dayset:animations/star_animation"},"elements":[{"from":[7.25,1.5,7.25],"to":[8.75,2,8.75],"rotation":{"angle":0,"axis":"y","origin":[8,2,8]},"faces":{"north":{"uv":[10.4,12.8,11.6,13.2],"texture":"#2"},"east":{"uv":[12,12.8,13.2,13.2],"texture":"#2"},"south":{"uv":[12.8,12,14,12.4],"texture":"#2"},"west":{"uv":[0,13.6,1.2,14],"texture":"#2"},"up":{"uv":[4.4,10,3.2,8.8],"texture":"#2"},"down":{"uv":[6,8.8,4.8,10],"texture":"#2"}}},{"from":[7.25,3,7.25],"to":[8.75,3.5,8.75],"rotation":{"angle":0,"axis":"y","origin":[8,3.5,8]},"faces":{"north":{"uv":[1.6,13.6,2.8,14],"texture":"#2"},"east":{"uv":[3.2,13.6,4.4,14],"texture":"#2"},"south":{"uv":[13.6,4,14.8,4.4],"texture":"#2"},"west":{"uv":[4.8,13.6,6,14],"texture":"#2"},"up":{"uv":[7.6,10,6.4,8.8],"texture":"#2"},"down":{"uv":[10,6.4,8.8,7.6],"texture":"#2"}}},{"from":[7.25,8,7.25],"to":[8.75,8.5,8.75],"rotation":{"angle":0,"axis":"y","origin":[8,8.5,8]},"faces":{"north":{"uv":[1.6,13.6,2.8,14],"texture":"#2"},"east":{"uv":[3.2,13.6,4.4,14],"texture":"#2"},"south":{"uv":[13.6,4,14.8,4.4],"texture":"#2"},"west":{"uv":[4.8,13.6,6,14],"texture":"#2"},"down":{"uv":[10,6.4,8.8,7.6],"texture":"#2"}}},{"from":[7.5,2,7.5],"to":[8.5,3,8.5],"rotation":{"angle":0,"axis":"y","origin":[8,2.5,8]},"faces":{"north":{"uv":[8.8,8,9.6,8.8],"texture":"#2"},"east":{"uv":[9.6,11.2,10.4,12],"texture":"#2"},"south":{"uv":[10.4,11.2,11.2,12],"texture":"#2"},"west":{"uv":[11.2,10.4,12,11.2],"texture":"#2"}}},{"from":[7.25,5,7.25],"to":[8.75,6.5,8.75],"rotation":{"angle":-45,"axis":"x","origin":[8,5.75,8]},"faces":{"north":{"uv":[8,8.8,9.2,10],"texture":"#2"},"east":{"uv":[9.6,0,10.8,1.2],"texture":"#2"},"south":{"uv":[9.6,1.6,10.8,2.8],"texture":"#2"},"west":{"uv":[9.6,3.2,10.8,4.4],"texture":"#2"},"up":{"uv":[10.8,6,9.6,4.8],"texture":"#2"},"down":{"uv":[10.8,8,9.6,9.2],"texture":"#2"}}},{"from":[7.15,0.25,7.25],"to":[8.85,1.75,8.75],"rotation":{"angle":-45,"axis":"x","origin":[8,1,8]},"faces":{"north":{"uv":[8,0,9.4,1.2],"texture":"#2"},"east":{"uv":[9.6,9.6,10.8,10.8],"texture":"#2"},"south":{"uv":[8,1.6,9.4,2.8],"texture":"#2"},"west":{"uv":[1.6,10.4,2.8,11.6],"texture":"#2"},"up":{"uv":[9.4,4.4,8,3.2],"texture":"#2"},"down":{"uv":[9.4,4.8,8,6],"texture":"#2"}}},{"from":[6.9,0.5,7.5],"to":[9.1,1.5,8.5],"rotation":{"angle":-45,"axis":"x","origin":[8,1,8]},"faces":{"north":{"uv":[3.2,10.4,5,11.2],"texture":"#2"},"east":{"uv":[11.2,11.2,12,12],"texture":"#2"},"south":{"uv":[5.6,10.4,7.4,11.2],"texture":"#2"},"west":{"uv":[12,0,12.8,0.8],"texture":"#2"},"up":{"uv":[12.2,7.2,10.4,6.4],"texture":"#2"},"down":{"uv":[12.2,7.2,10.4,8],"texture":"#2"}}},{"from":[7.5,3.5,7.5],"to":[8.5,8,8.5],"rotation":{"angle":45,"axis":"y","origin":[8,4,8]},"faces":{"north":{"uv":[2.4,0,3.2,3.6],"texture":"#2"},"east":{"uv":[3.2,0,4,3.6],"texture":"#2"},"south":{"uv":[4,0,4.8,3.6],"texture":"#2"},"west":{"uv":[2.4,4,3.2,7.6],"texture":"#2"},"up":{"uv":[12.8,1.6,12,0.8],"texture":"#2"},"down":{"uv":[2.4,12,1.6,12.8],"texture":"#2"}}},{"from":[7,8.5,7],"to":[9,10.5,9],"rotation":{"angle":0,"axis":"y","origin":[7,8.5,7]},"faces":{"north":{"uv":[3.2,4,4.8,5.6],"texture":"#2"},"east":{"uv":[4.8,0,6.4,1.6],"texture":"#2"},"south":{"uv":[4.8,1.6,6.4,3.2],"texture":"#2"},"west":{"uv":[4.8,3.2,6.4,4.8],"texture":"#2"},"up":{"uv":[6.4,6.4,4.8,4.8],"texture":"#2"},"down":{"uv":[4.8,5.6,3.2,7.2],"texture":"#2"}}},{"from":[7.75,7.79328,10.3029],"to":[8.25,12.79328,10.8029],"rotation":{"angle":45,"axis":"x","origin":[8,10.79328,11.5529]},"faces":{"north":{"uv":[14,0,13,10],"texture":"#1"},"east":{"uv":[12,0,11,10],"texture":"#1"},"south":{"uv":[10,0,9,10],"texture":"#1"},"west":{"uv":[16,0,15,10],"texture":"#1"},"up":{"uv":[8.5,0,7.5,1],"texture":"#1"}}},{"from":[7.985,9.79328,10.8029],"to":[8.015,12.79328,14.3029],"rotation":{"angle":45,"axis":"x","origin":[8,10.79328,11.5529]},"faces":{"east":{"uv":[7,0,0,6],"texture":"#1"},"west":{"uv":[0,0,7,6],"texture":"#1"}}},{"from":[7.375,10.5,7.375],"to":[8.625,13,8.625],"rotation":{"angle":0,"axis":"y","origin":[7.375,10.75,7.125]},"faces":{"north":{"uv":[6.4,0,7.4,2],"texture":"#2"},"east":{"uv":[6.4,2.4,7.4,4.4],"texture":"#2"},"south":{"uv":[4.8,6.4,5.8,8.4],"texture":"#2"},"west":{"uv":[6.4,4.8,7.4,6.8],"texture":"#2"},"up":{"uv":[4.2,12.2,3.2,11.2],"texture":"#2"}}},{"from":[7.5,13,7.5],"to":[8.5,15.5,8.5],"rotation":{"angle":0,"axis":"y","origin":[7.25,13.25,7.25]},"faces":{"north":{"uv":[2.4,8,3.2,10],"texture":"#2"},"east":{"uv":[8,6.4,8.8,8.4],"texture":"#2"},"south":{"uv":[0,8.8,0.8,10.8],"texture":"#2"},"west":{"uv":[0.8,8.8,1.6,10.8],"texture":"#2"},"up":{"uv":[12.8,2.4,12,1.6],"texture":"#2"}}},{"from":[7.625,15.5,7.625],"to":[8.375,18,8.375],"rotation":{"angle":0,"axis":"y","origin":[7.375,15.75,7.125]},"faces":{"north":{"uv":[8,10.4,8.6,12.4],"texture":"#2"},"east":{"uv":[8.8,10.4,9.4,12.4],"texture":"#2"},"south":{"uv":[0,11.2,0.6,13.2],"texture":"#2"},"west":{"uv":[11.2,0,11.8,2],"texture":"#2"},"up":{"uv":[3,12.6,2.4,12],"texture":"#2"}}},{"from":[7.62535,17.7994,7.41653],"to":[8.37465,19.2994,8.11653],"rotation":{"angle":-22.5,"axis":"x","origin":[8.00035,18.5494,7.74153]},"faces":{"north":{"uv":[1.6,8.8,2.2,10],"texture":"#2"},"east":{"uv":[0.8,11.2,1.4,12.4],"texture":"#2"},"south":{"uv":[4.8,11.2,5.4,12.4],"texture":"#2"},"west":{"uv":[11.2,4.8,11.8,6],"texture":"#2"},"up":{"uv":[14.2,5.4,13.6,4.8],"texture":"#2"}}},{"from":[7.62585,19.37598,6.25548],"to":[8.37415,20.02598,7.75548],"rotation":{"angle":45,"axis":"x","origin":[8.00085,19.65098,7.00548]},"faces":{"north":{"uv":[13.6,5.6,14.2,6.2],"texture":"#2"},"east":{"uv":[5.6,11.2,6.8,11.8],"texture":"#2"},"west":{"uv":[11.2,8,12.4,8.6],"texture":"#2"},"up":{"uv":[7.8,12.4,7.2,11.2],"texture":"#2"},"down":{"uv":[11.8,8.8,11.2,10],"texture":"#2"}}},{"from":[7,14.75,6.4],"to":[7.5,15.25,7.4],"rotation":{"angle":0,"axis":"y","origin":[7,14.75,6.4]},"faces":{"east":{"uv":[14.4,0.8,15.2,1.2],"texture":"#2"},"west":{"uv":[1.6,14.4,2.4,14.8],"texture":"#2"},"up":{"uv":[14.8,2.4,14.4,1.6],"texture":"#2"},"down":{"uv":[2.8,14.4,2.4,15.2],"texture":"#2"}}},{"from":[8.5,14.75,6.4],"to":[9,15.25,7.4],"rotation":{"angle":0,"axis":"y","origin":[8.5,14.75,6.4]},"faces":{"east":{"uv":[13.6,13.6,14.4,14],"texture":"#2"},"west":{"uv":[0,14.4,0.8,14.8],"texture":"#2"},"up":{"uv":[14.8,0.8,14.4,0],"texture":"#2"},"down":{"uv":[1.2,14.4,0.8,15.2],"texture":"#2"}}},{"from":[7,14.75,7.4],"to":[9,15.25,7.9],"rotation":{"angle":0,"axis":"y","origin":[8.5,14.75,7.4]},"faces":{"north":{"uv":[12.8,0.8,14.4,1.2],"texture":"#2"},"east":{"uv":[12,14.4,12.4,14.8],"texture":"#2"},"south":{"uv":[12.8,1.6,14.4,2],"texture":"#2"},"west":{"uv":[14.4,12,14.8,12.4],"texture":"#2"},"up":{"uv":[4,13.2,2.4,12.8],"texture":"#2"},"down":{"uv":[14.4,2.4,12.8,2.8],"texture":"#2"}}},{"from":[7,14.75,5.9],"to":[9,15.25,6.4],"rotation":{"angle":0,"axis":"y","origin":[8.5,14.75,5.9]},"faces":{"north":{"uv":[11.2,12,12.8,12.4],"texture":"#2"},"east":{"uv":[11.2,14.4,11.6,14.8],"texture":"#2"},"south":{"uv":[12,11.2,13.6,11.6],"texture":"#2"},"west":{"uv":[14.4,11.2,14.8,11.6],"texture":"#2"},"up":{"uv":[14.4,0.4,12.8,0],"texture":"#2"},"down":{"uv":[2.4,12.8,0.8,13.2],"texture":"#2"}}},{"from":[7,17.75,7.15],"to":[9,18.25,7.65],"rotation":{"angle":-22.5,"axis":"x","origin":[8,18,6.65]},"faces":{"north":{"uv":[12.8,0.8,14.4,1.2],"texture":"#2"},"east":{"uv":[12,14.4,12.4,14.8],"texture":"#2"},"south":{"uv":[12.8,1.6,14.4,2],"texture":"#2"},"west":{"uv":[14.4,12,14.8,12.4],"texture":"#2"},"up":{"uv":[4,13.2,2.4,12.8],"texture":"#2"},"down":{"uv":[14.4,2.4,12.8,2.8],"texture":"#2"}}},{"from":[7,17.75,6.15],"to":[7.5,18.25,7.15],"rotation":{"angle":-22.5,"axis":"x","origin":[8,18,6.65]},"faces":{"east":{"uv":[14.4,0.8,15.2,1.2],"texture":"#2"},"west":{"uv":[1.6,14.4,2.4,14.8],"texture":"#2"},"up":{"uv":[14.8,2.4,14.4,1.6],"texture":"#2"},"down":{"uv":[2.8,14.4,2.4,15.2],"texture":"#2"}}},{"from":[7,17.75,5.65],"to":[9,18.25,6.15],"rotation":{"angle":-22.5,"axis":"x","origin":[8,18,6.65]},"faces":{"north":{"uv":[11.2,12,12.8,12.4],"texture":"#2"},"east":{"uv":[11.2,14.4,11.6,14.8],"texture":"#2"},"south":{"uv":[12,11.2,13.6,11.6],"texture":"#2"},"west":{"uv":[14.4,11.2,14.8,11.6],"texture":"#2"},"up":{"uv":[14.4,0.4,12.8,0],"texture":"#2"},"down":{"uv":[2.4,12.8,0.8,13.2],"texture":"#2"}}},{"from":[8.5,17.75,6.15],"to":[9,18.25,7.15],"rotation":{"angle":-22.5,"axis":"x","origin":[8,18,6.65]},"faces":{"east":{"uv":[13.6,13.6,14.4,14],"texture":"#2"},"west":{"uv":[0,14.4,0.8,14.8],"texture":"#2"},"up":{"uv":[14.8,0.8,14.4,0],"texture":"#2"},"down":{"uv":[1.2,14.4,0.8,15.2],"texture":"#2"}}},{"from":[7,12,6.4],"to":[7.5,12.5,7.4],"rotation":{"angle":0,"axis":"y","origin":[10,14.75,6.4]},"faces":{"east":{"uv":[14.4,0.8,15.2,1.2],"texture":"#2"},"west":{"uv":[1.6,14.4,2.4,14.8],"texture":"#2"},"up":{"uv":[14.8,2.4,14.4,1.6],"texture":"#2"},"down":{"uv":[2.8,14.4,2.4,15.2],"texture":"#2"}}},{"from":[7,12,7.4],"to":[9,12.5,7.9],"rotation":{"angle":0,"axis":"y","origin":[11.5,14.75,7.4]},"faces":{"north":{"uv":[12.8,0.8,14.4,1.2],"texture":"#2"},"east":{"uv":[12,14.4,12.4,14.8],"texture":"#2"},"south":{"uv":[12.8,1.6,14.4,2],"texture":"#2"},"west":{"uv":[14.4,12,14.8,12.4],"texture":"#2"},"up":{"uv":[4,13.2,2.4,12.8],"texture":"#2"},"down":{"uv":[14.4,2.4,12.8,2.8],"texture":"#2"}}},{"from":[7,12,5.9],"to":[9,12.5,6.4],"rotation":{"angle":0,"axis":"y","origin":[11.5,14.75,5.9]},"faces":{"north":{"uv":[11.2,12,12.8,12.4],"texture":"#2"},"east":{"uv":[11.2,14.4,11.6,14.8],"texture":"#2"},"south":{"uv":[12,11.2,13.6,11.6],"texture":"#2"},"west":{"uv":[14.4,11.2,14.8,11.6],"texture":"#2"},"up":{"uv":[14.4,0.4,12.8,0],"texture":"#2"},"down":{"uv":[2.4,12.8,0.8,13.2],"texture":"#2"}}},{"from":[8.5,12,6.4],"to":[9,12.5,7.4],"rotation":{"angle":0,"axis":"y","origin":[11.5,14.75,6.4]},"faces":{"east":{"uv":[13.6,13.6,14.4,14],"texture":"#2"},"west":{"uv":[0,14.4,0.8,14.8],"texture":"#2"},"up":{"uv":[14.8,0.8,14.4,0],"texture":"#2"},"down":{"uv":[1.2,14.4,0.8,15.2],"texture":"#2"}}},{"from":[7.995,9,5],"to":[8.005,20,8],"rotation":{"angle":0,"axis":"y","origin":[7.995,9,4]},"faces":{"east":{"uv":[2.4,0,0,8.8],"texture":"#2"},"west":{"uv":[0,0,2.4,8.8],"texture":"#2"}}},{"from":[8,15.90592,3.55833],"to":[8,17.40592,4.80833],"rotation":{"angle":0,"axis":"y","origin":[8,9.15592,4.05833]},"faces":{"east":{"uv":[12.2,2.4,11.2,3.6],"texture":"#2"},"west":{"uv":[11.2,2.4,12.2,3.6],"texture":"#2"}}},{"from":[7.985,18.9262,3.92714],"to":[8.015,19.4262,6.92714],"rotation":{"angle":-45,"axis":"x","origin":[7.985,18.9262,5.92714]},"faces":{"east":{"uv":[13.6,4,11.2,4.4],"texture":"#2"},"west":{"uv":[11.2,4,13.6,4.4],"texture":"#2"}}},{"from":[7.625,17.03092,3.71366],"to":[8.375,17.78092,4.46366],"rotation":{"angle":45,"axis":"x","origin":[8,17.40592,4.08866]},"faces":{"north":{"uv":[6.4,13.6,7,14.2],"texture":"#2"},"east":{"uv":[7.2,13.6,7.8,14.2],"texture":"#2"},"south":{"uv":[8,13.6,8.6,14.2],"texture":"#2"},"west":{"uv":[8.8,13.6,9.4,14.2],"texture":"#2"},"up":{"uv":[14.2,9.4,13.6,8.8],"texture":"#2"},"down":{"uv":[10.2,13.6,9.6,14.2],"texture":"#2"}}},{"from":[6,9.75,7.25],"to":[7,10.25,7.75],"rotation":{"angle":0,"axis":"y","origin":[6,10,7]},"faces":{"north":{"uv":[6.4,14.4,7.2,14.8],"texture":"#2"},"south":{"uv":[14.4,6.4,15.2,6.8],"texture":"#2"},"west":{"uv":[14.4,14.4,14.8,14.8],"texture":"#2"},"up":{"uv":[8,14.8,7.2,14.4],"texture":"#2"},"down":{"uv":[15.2,7.2,14.4,7.6],"texture":"#2"}}},{"from":[5.4,9.75,6.25],"to":[6.4,10.25,6.75],"rotation":{"angle":0,"axis":"y","origin":[6,10,7]},"faces":{"north":{"uv":[8,14.4,8.8,14.8],"texture":"#2"},"east":{"uv":[0,15.2,0.4,15.6],"texture":"#2"},"south":{"uv":[14.4,8,15.2,8.4],"texture":"#2"},"west":{"uv":[15.2,0,15.6,0.4],"texture":"#2"},"up":{"uv":[9.6,14.8,8.8,14.4],"texture":"#2"},"down":{"uv":[15.2,8.8,14.4,9.2],"texture":"#2"}}},{"from":[6.075,9.9,6.75],"to":[6.325,10.15,7.25],"rotation":{"angle":0,"axis":"y","origin":[6,10,7]},"faces":{"east":{"uv":[0.8,15.2,1.2,15.4],"texture":"#2"},"west":{"uv":[15.2,0.8,15.6,1],"texture":"#2"},"up":{"uv":[1.8,15.6,1.6,15.2],"texture":"#2"},"down":{"uv":[15.4,1.6,15.2,2],"texture":"#2"}}},{"from":[7.985,19.23385,7.59488],"to":[8.015,21.48385,9.84488],"rotation":{"angle":-22.5,"axis":"x","origin":[8,20.35885,8.71988]},"faces":{"east":{"uv":[9.66667,0,6.66667,3],"texture":"#3"},"west":{"uv":[6.66667,0,9.66667,3],"texture":"#3"}}},{"from":[7.985,15.99816,8.25444],"to":[8.015,19.24816,11.50444],"rotation":{"angle":22.5,"axis":"x","origin":[8,17.62316,9.87944]},"faces":{"east":{"uv":[4.33333,6.66667,0,11],"texture":"#3"},"west":{"uv":[0,6.66667,4.33333,11],"texture":"#3"}}},{"from":[7.985,12,8.125],"to":[8.015,16.25,12.375],"rotation":{"angle":-22.5,"axis":"x","origin":[8,14.125,10.25]},"faces":{"east":{"uv":[5.66667,0,0,5.66667],"texture":"#3"},"west":{"uv":[0,0,5.66667,5.66667],"texture":"#3"}}}],"gui_light":"front","display":{"thirdperson_righthand":{"translation":[0,0,1]},"thirdperson_lefthand":{"translation":[0,0,1]},"firstperson_righthand":{"rotation":[8.75,0,0],"translation":[3.75,-1,-2]},"firstperson_lefthand":{"rotation":[8.75,0,0],"translation":[3.75,-1,-2]},"ground":{"rotation":[-45,0,0],"translation":[0,3,0],"scale":[0.7,0.7,0.7]},"gui":{"rotation":[-90,45,90],"translation":[2,-1,0]},"head":{"rotation":[0,-90,0]},"fixed":{"rotation":[0,-90,0],"translation":[0,0,-1.5],"scale":[2,2,2]}}}