{"credit":"Polygony Creation Co.,Ltd.","texture_size":[12,12],"textures":{"1":"independence_dayset:american_flag","2":"independence_dayset:animations/star_animation","3":"independence_dayset:greatsword","particle":"independence_dayset:animations/star_animation"},"elements":[{"from":[7.25,1.5,7.25],"to":[8.75,2,8.75],"rotation":{"angle":0,"axis":"y","origin":[8,2,8]},"faces":{"north":{"uv":[13,9.33333,14,9.66667],"texture":"#3"},"east":{"uv":[10.33333,12.66667,11.33333,13],"texture":"#3"},"south":{"uv":[11.66667,12.66667,12.66667,13],"texture":"#3"},"west":{"uv":[13,12,14,12.33333],"texture":"#3"},"up":{"uv":[12,2.33333,11,1.33333],"texture":"#3"},"down":{"uv":[4,10.66667,3,11.66667],"texture":"#3"}}},{"from":[7.25,3,7.25],"to":[8.75,3.5,8.75],"rotation":{"angle":0,"axis":"y","origin":[8,3.5,8]},"faces":{"north":{"uv":[13,12.66667,14,13],"texture":"#3"},"east":{"uv":[0.33333,13.33333,1.33333,13.66667],"texture":"#3"},"south":{"uv":[1.66667,13.33333,2.66667,13.66667],"texture":"#3"},"west":{"uv":[3,13.33333,4,13.66667],"texture":"#3"},"up":{"uv":[12,3.66667,11,2.66667],"texture":"#3"},"down":{"uv":[5.33333,10.66667,4.33333,11.66667],"texture":"#3"}}},{"from":[7.25,8,7.25],"to":[8.75,8.5,8.75],"rotation":{"angle":0,"axis":"y","origin":[8,8.5,8]},"faces":{"north":{"uv":[13,12.66667,14,13],"texture":"#3"},"east":{"uv":[0.33333,13.33333,1.33333,13.66667],"texture":"#3"},"south":{"uv":[1.66667,13.33333,2.66667,13.66667],"texture":"#3"},"west":{"uv":[3,13.33333,4,13.66667],"texture":"#3"},"up":{"uv":[12,3.66667,11,2.66667],"texture":"#3"},"down":{"uv":[5.33333,10.66667,4.33333,11.66667],"texture":"#3"}}},{"from":[7.5,2,7.5],"to":[8.5,3,8.5],"rotation":{"angle":0,"axis":"y","origin":[8,2.5,8]},"faces":{"north":{"uv":[7.66667,10,8.33333,10.66667],"texture":"#3"},"east":{"uv":[10.33333,8,11,8.66667],"texture":"#3"},"south":{"uv":[10.33333,11.33333,11,12],"texture":"#3"},"west":{"uv":[7,12,7.66667,12.66667],"texture":"#3"}}},{"from":[7.25,5,7.25],"to":[8.75,6.5,8.75],"rotation":{"angle":-45,"axis":"x","origin":[8,5.75,8]},"faces":{"north":{"uv":[11,4,12,5],"texture":"#3"},"east":{"uv":[11,5.33333,12,6.33333],"texture":"#3"},"south":{"uv":[7,10.66667,8,11.66667],"texture":"#3"},"west":{"uv":[11,8,12,9],"texture":"#3"},"up":{"uv":[12,10.33333,11,9.33333],"texture":"#3"},"down":{"uv":[12,10.66667,11,11.66667],"texture":"#3"}}},{"from":[7.15,0.25,7.25],"to":[8.85,1.75,8.75],"rotation":{"angle":-45,"axis":"x","origin":[8,1,8]},"faces":{"north":{"uv":[9.66667,8.66667,10.83333,9.66667],"texture":"#3"},"east":{"uv":[11.66667,6.66667,12.66667,7.66667],"texture":"#3"},"south":{"uv":[10.33333,6.66667,11.5,7.66667],"texture":"#3"},"west":{"uv":[8.33333,11.33333,9.33333,12.33333],"texture":"#3"},"up":{"uv":[10.83333,11,9.66667,10],"texture":"#3"},"down":{"uv":[12.16667,0,11,1],"texture":"#3"}}},{"from":[6.9,0.5,7.5],"to":[9.1,1.5,8.5],"rotation":{"angle":-45,"axis":"x","origin":[8,1,8]},"faces":{"north":{"uv":[12.33333,0,13.83333,0.66667],"texture":"#3"},"east":{"uv":[7.66667,12,8.33333,12.66667],"texture":"#3"},"south":{"uv":[12.33333,0.66667,13.83333,1.33333],"texture":"#3"},"west":{"uv":[12.33333,8,13,8.66667],"texture":"#3"},"up":{"uv":[13.83333,2,12.33333,1.33333],"texture":"#3"},"down":{"uv":[13.83333,2,12.33333,2.66667],"texture":"#3"}}},{"from":[7.5,3.5,7.5],"to":[8.5,8,8.5],"rotation":{"angle":45,"axis":"y","origin":[8,4,8]},"faces":{"north":{"uv":[7,5.33333,7.66667,8.33333],"texture":"#3"},"east":{"uv":[7.66667,0,8.33333,3],"texture":"#3"},"south":{"uv":[7.66667,3.33333,8.33333,6.33333],"texture":"#3"},"west":{"uv":[7.66667,6.66667,8.33333,9.66667],"texture":"#3"},"up":{"uv":[13,9.33333,12.33333,8.66667],"texture":"#3"},"down":{"uv":[13,9.33333,12.33333,10],"texture":"#3"}}},{"from":[7,8.5,7],"to":[9,10.5,9],"rotation":{"angle":0,"axis":"y","origin":[7,8.5,7]},"faces":{"north":{"uv":[8.33333,0,9.66667,1.33333],"texture":"#3"},"east":{"uv":[8.33333,1.33333,9.66667,2.66667],"texture":"#3"},"south":{"uv":[3,8,4.33333,9.33333],"texture":"#3"},"west":{"uv":[8.33333,2.66667,9.66667,4],"texture":"#3"},"up":{"uv":[5.66667,9.33333,4.33333,8],"texture":"#3"},"down":{"uv":[9.66667,4,8.33333,5.33333],"texture":"#3"}}},{"from":[7,8.5,5],"to":[9,9,7],"rotation":{"angle":0,"axis":"y","origin":[7,8.5,5]},"faces":{"east":{"uv":[10.33333,12,11.66667,12.33333],"texture":"#3"},"west":{"uv":[12.33333,10,13.66667,10.33333],"texture":"#3"},"up":{"uv":[9.66667,6.66667,8.33333,5.33333],"texture":"#3"},"down":{"uv":[9.66667,6.66667,8.33333,8],"texture":"#3"}}},{"from":[7,10,5.25],"to":[9,10.5,7],"rotation":{"angle":0,"axis":"y","origin":[7,10,5]},"faces":{"east":{"uv":[7.66667,12.66667,8.83333,13],"texture":"#3"},"west":{"uv":[13,7.33333,14.16667,7.66667],"texture":"#3"},"up":{"uv":[11,2.5,9.66667,1.33333],"texture":"#3"},"down":{"uv":[4.33333,9.33333,3,10.5],"texture":"#3"}}},{"from":[7.25,9,5],"to":[8.75,10,7],"rotation":{"angle":0,"axis":"y","origin":[7,9.5,5]},"faces":{"east":{"uv":[4.33333,12,5.66667,12.66667],"texture":"#3"},"west":{"uv":[12.33333,4,13.66667,4.66667],"texture":"#3"}}},{"from":[7.0035,8.80656,3.4588],"to":[8.9965,9.30656,5.4588],"rotation":{"angle":22.5,"axis":"x","origin":[8.0035,9.80656,4.4588]},"faces":{"north":{"uv":[12.33333,10.66667,13.66667,11],"texture":"#3"},"east":{"uv":[11.66667,12,13,12.33333],"texture":"#3"},"west":{"uv":[12.33333,11.33333,13.66667,11.66667],"texture":"#3"},"up":{"uv":[9.66667,9.33333,8.33333,8],"texture":"#3"},"down":{"uv":[11,0,9.66667,1.33333],"texture":"#3"}}},{"from":[7.0035,10.29905,3.45357],"to":[8.9965,10.77405,5.11057],"rotation":{"angle":22.5,"axis":"x","origin":[8.0035,9.79905,4.42857]},"faces":{"north":{"uv":[0.33333,12.66667,1.66667,13],"texture":"#3"},"east":{"uv":[13,8,14.16667,8.33333],"texture":"#3"},"west":{"uv":[13,8.66667,14.16667,9],"texture":"#3"},"up":{"uv":[11,3.83333,9.66667,2.66667],"texture":"#3"},"down":{"uv":[5.66667,9.33333,4.33333,10.5],"texture":"#3"}}},{"from":[7.2535,9.30656,3.7088],"to":[8.7465,10.30656,5.4588],"rotation":{"angle":22.5,"axis":"x","origin":[8.0035,9.80656,4.4588]},"faces":{"north":{"uv":[12.33333,6,13.33333,6.66667],"texture":"#3"},"east":{"uv":[12.33333,4.66667,13.5,5.33333],"texture":"#3"},"west":{"uv":[12.33333,5.33333,13.5,6],"texture":"#3"}}},{"from":[7.625,10.5,6.5],"to":[8.375,14,9.5],"rotation":{"angle":0,"axis":"y","origin":[7.625,10.5,6]},"faces":{"east":{"uv":[5.66667,0,7.66667,2.33333],"texture":"#3"},"west":{"uv":[5.66667,2.66667,7.66667,5],"texture":"#3"},"up":{"uv":[10.16667,13.33333,9.66667,11.33333],"texture":"#3"}}},{"from":[7.5035,10.5,6],"to":[8.4965,13.5,7],"rotation":{"angle":0,"axis":"y","origin":[7.5035,9.5,3]},"faces":{"north":{"uv":[7,8.66667,7.66667,10.66667],"texture":"#3"},"east":{"uv":[9.66667,6.66667,10.33333,8.66667],"texture":"#3"},"south":{"uv":[8.33333,9.33333,9,11.33333],"texture":"#3"},"west":{"uv":[9,9.33333,9.66667,11.33333],"texture":"#3"}}},{"from":[7.5,13.0206,5.87172],"to":[8.5,14.0206,6.84672],"rotation":{"angle":-22.5,"axis":"x","origin":[8,13.5206,6.34672]},"faces":{"north":{"uv":[1.66667,12.66667,2.33333,13.33333],"texture":"#3"},"east":{"uv":[2.33333,12.66667,3,13.33333],"texture":"#3"},"south":{"uv":[4.33333,12.66667,5,13.33333],"texture":"#3"},"west":{"uv":[5,12.66667,5.66667,13.33333],"texture":"#3"},"up":{"uv":[7.66667,13.33333,7,12.66667],"texture":"#3"},"down":{"uv":[13.66667,6.66667,13,7.33333],"texture":"#3"}}},{"from":[7,8.5,9],"to":[9,9,11],"rotation":{"angle":0,"axis":"y","origin":[7,8.5,11]},"faces":{"east":{"uv":[11.66667,12,10.33333,12.33333],"texture":"#3"},"west":{"uv":[13.66667,10,12.33333,10.33333],"texture":"#3"},"up":{"uv":[9.66667,5.33333,8.33333,6.66667],"texture":"#3"},"down":{"uv":[9.66667,8,8.33333,6.66667],"texture":"#3"}}},{"from":[7,10,9],"to":[9,10.5,10.75],"rotation":{"angle":0,"axis":"y","origin":[7,10,11]},"faces":{"east":{"uv":[8.83333,12.66667,7.66667,13],"texture":"#3"},"west":{"uv":[14.16667,7.33333,13,7.66667],"texture":"#3"},"up":{"uv":[11,1.33333,9.66667,2.5],"texture":"#3"},"down":{"uv":[4.33333,10.5,3,9.33333],"texture":"#3"}}},{"from":[7.25,9,9],"to":[8.75,10,11],"rotation":{"angle":0,"axis":"y","origin":[7,9.5,11]},"faces":{"east":{"uv":[5.66667,12,4.33333,12.66667],"texture":"#3"},"west":{"uv":[13.66667,4,12.33333,4.66667],"texture":"#3"}}},{"from":[7.0035,8.80656,10.5412],"to":[8.9965,9.30656,12.5412],"rotation":{"angle":-22.5,"axis":"x","origin":[8.0035,9.80656,11.5412]},"faces":{"east":{"uv":[13,12,11.66667,12.33333],"texture":"#3"},"south":{"uv":[13.66667,10.66667,12.33333,11],"texture":"#3"},"west":{"uv":[13.66667,11.33333,12.33333,11.66667],"texture":"#3"},"up":{"uv":[9.66667,8,8.33333,9.33333],"texture":"#3"},"down":{"uv":[11,1.33333,9.66667,0],"texture":"#3"}}},{"from":[7.0035,10.29905,10.88943],"to":[8.9965,10.77405,12.54643],"rotation":{"angle":-22.5,"axis":"x","origin":[8.0035,9.79905,11.57143]},"faces":{"east":{"uv":[14.16667,8,13,8.33333],"texture":"#3"},"south":{"uv":[1.66667,12.66667,0.33333,13],"texture":"#3"},"west":{"uv":[14.16667,8.66667,13,9],"texture":"#3"},"up":{"uv":[11,2.66667,9.66667,3.83333],"texture":"#3"},"down":{"uv":[5.66667,10.5,4.33333,9.33333],"texture":"#3"}}},{"from":[7.2535,9.30656,10.5412],"to":[8.7465,10.30656,12.2912],"rotation":{"angle":-22.5,"axis":"x","origin":[8.0035,9.80656,11.5412]},"faces":{"east":{"uv":[13.5,4.66667,12.33333,5.33333],"texture":"#3"},"south":{"uv":[13.33333,6,12.33333,6.66667],"texture":"#3"},"west":{"uv":[13.5,5.33333,12.33333,6],"texture":"#3"}}},{"from":[7.5035,10.5,9],"to":[8.4965,13.5,10],"rotation":{"angle":0,"axis":"y","origin":[7.5035,9.5,13]},"faces":{"north":{"uv":[9,9.33333,8.33333,11.33333],"texture":"#3"},"east":{"uv":[10.33333,6.66667,9.66667,8.66667],"texture":"#3"},"south":{"uv":[7.66667,8.66667,7,10.66667],"texture":"#3"},"west":{"uv":[9.66667,9.33333,9,11.33333],"texture":"#3"}}},{"from":[7.5,13.0206,9.15328],"to":[8.5,14.0206,10.12828],"rotation":{"angle":22.5,"axis":"x","origin":[8,13.5206,9.65328]},"faces":{"north":{"uv":[5,12.66667,4.33333,13.33333],"texture":"#3"},"east":{"uv":[3,12.66667,2.33333,13.33333],"texture":"#3"},"south":{"uv":[2.33333,12.66667,1.66667,13.33333],"texture":"#3"},"west":{"uv":[5.66667,12.66667,5,13.33333],"texture":"#3"},"up":{"uv":[7.66667,12.66667,7,13.33333],"texture":"#3"},"down":{"uv":[13.66667,7.33333,13,6.66667],"texture":"#3"}}},{"from":[7.75,9.79328,4.4471],"to":[8.25,14.79328,4.9471],"rotation":{"angle":-22.5,"axis":"x","origin":[8,12.79328,3.6971]},"faces":{"north":{"uv":[9.33333,0,10.33333,10],"texture":"#1"},"east":{"uv":[11.33333,0,12.33333,10],"texture":"#1"},"south":{"uv":[13.33333,0,14.33333,10],"texture":"#1"},"west":{"uv":[15,0,16,10],"texture":"#1"},"up":{"uv":[8.83333,1,7.83333,0],"texture":"#1"},"down":{"uv":[8.83333,2,7.83333,3],"texture":"#1"}}},{"from":[7.985,11.79328,0.9471],"to":[8.015,14.79328,4.4471],"rotation":{"angle":-22.5,"axis":"x","origin":[7.985,12.79328,3.6971]},"faces":{"east":{"uv":[0.33333,0,7.33333,6],"texture":"#1"},"west":{"uv":[7.33333,0,0.33333,6],"texture":"#1"}}},{"from":[7.75,9.79328,11.0529],"to":[8.25,14.79328,11.5529],"rotation":{"angle":22.5,"axis":"x","origin":[8,12.79328,12.3029]},"faces":{"north":{"uv":[14.33333,0,13.33333,10],"texture":"#1"},"east":{"uv":[12.33333,0,11.33333,10],"texture":"#1"},"south":{"uv":[10.33333,0,9.33333,10],"texture":"#1"},"west":{"uv":[16,0,15,10],"texture":"#1"},"up":{"uv":[8.83333,0,7.83333,1],"texture":"#1"},"down":{"uv":[8.83333,3,7.83333,2],"texture":"#1"}}},{"from":[7.985,11.79328,11.5529],"to":[8.015,14.79328,15.0529],"rotation":{"angle":22.5,"axis":"x","origin":[7.985,12.79328,12.3029]},"faces":{"east":{"uv":[7.33333,0,0.33333,6],"texture":"#1"},"west":{"uv":[0.33333,0,7.33333,6],"texture":"#1"}}},{"from":[7.75,14,8],"to":[8.25,26,9.5],"rotation":{"angle":0,"axis":"y","origin":[7.75,14,4.5]},"faces":{"north":{"uv":[5.66667,5.33333,6,13.33333],"texture":"#3"},"east":{"uv":[3,0,4,8],"texture":"#3"},"south":{"uv":[6.33333,5.33333,6.66667,13.33333],"texture":"#3"},"west":{"uv":[4.33333,0,5.33333,8],"texture":"#3"}}},{"from":[8,13.75,6.125],"to":[8,32,10.125],"rotation":{"angle":0,"axis":"y","origin":[8,14,4.375]},"faces":{"east":{"uv":[2.66667,0,0,12.16667],"texture":"#3"},"west":{"uv":[0,0,2.66667,12.16667],"texture":"#3"}}},{"from":[7.7475,25.17678,8.48744],"to":[8.2525,26.67678,9.98744],"rotation":{"angle":45,"axis":"x","origin":[7.9975,26.17678,9.23744]},"faces":{"north":{"uv":[9,12.66667,9.33333,13.66667],"texture":"#3"},"east":{"uv":[3,12,4,13],"texture":"#3"},"south":{"uv":[13.66667,2.66667,14,3.66667],"texture":"#3"},"west":{"uv":[12.33333,2.66667,13.33333,3.66667],"texture":"#3"},"up":{"uv":[4.66667,14.33333,4.33333,13.33333],"texture":"#3"},"down":{"uv":[14,4,13.66667,5],"texture":"#3"}}},{"from":[7,11.25,5],"to":[7,14.5,8.25],"rotation":{"angle":-22.5,"axis":"x","origin":[7,11.25,5]},"faces":{"west":{"uv":[0,6.66667,4.33333,11],"texture":"#2"}}},{"from":[6.75,7.5,5.875],"to":[6.75,11.75,10.125],"rotation":{"angle":0,"axis":"y","origin":[6.75,7.5,5.875]},"faces":{"west":{"uv":[0,0,5.66667,5.66667],"texture":"#2"}}},{"from":[7,11.25,9],"to":[7,13.5,11.25],"rotation":{"angle":22.5,"axis":"x","origin":[7,11.25,9]},"faces":{"west":{"uv":[6.66667,0,9.66667,3],"texture":"#2"}}},{"from":[9,11.25,5],"to":[9,14.5,8.25],"rotation":{"angle":-22.5,"axis":"x","origin":[9,11.25,5]},"faces":{"east":{"uv":[4.33333,6.66667,0,11],"texture":"#2"}}},{"from":[9.25,7.5,5.875],"to":[9.25,11.75,10.125],"rotation":{"angle":0,"axis":"y","origin":[9.25,7.5,5.875]},"faces":{"east":{"uv":[5.66667,0,0,5.66667],"texture":"#2"}}},{"from":[9,11.25,9],"to":[9,13.5,11.25],"rotation":{"angle":22.5,"axis":"x","origin":[9,11.25,9]},"faces":{"east":{"uv":[9.66667,0,6.66667,3],"texture":"#2"}}}],"gui_light":"front","display":{"thirdperson_righthand":{"translation":[0,0,1]},"thirdperson_lefthand":{"translation":[0,0,1]},"firstperson_righthand":{"rotation":[8.75,0,0],"translation":[3.75,-2,-2.5]},"firstperson_lefthand":{"rotation":[8.75,0,0],"translation":[3.75,-2,-2.5]},"ground":{"rotation":[-45,0,0],"translation":[0,3,0],"scale":[0.7,0.7,0.7]},"gui":{"rotation":[-90,45,90],"translation":[4,-4,0],"scale":[0.7,0.7,0.7]},"head":{"rotation":[0,-90,0]},"fixed":{"rotation":[0,-90,0],"translation":[0,-2,-1.5],"scale":[2,2,2]}}}