{"credit":"Polygony Creation Co.,Ltd.","texture_size":[12,12],"textures":{"1":"independence_dayset:american_flag","2":"independence_dayset:animations/star_animation","4":"independence_dayset:pickaxe","particle":"independence_dayset:animations/star_animation"},"elements":[{"from":[7.25,1.5,7.25],"to":[8.75,2,8.75],"rotation":{"angle":0,"axis":"y","origin":[8,2,8]},"faces":{"north":{"uv":[14.6,3,15.8,3.4],"texture":"#4"},"east":{"uv":[14.6,3.8,15.8,4.2],"texture":"#4"},"south":{"uv":[4.2,15,5.4,15.4],"texture":"#4"},"west":{"uv":[5.8,15,7,15.4],"texture":"#4"},"up":{"uv":[7,13,5.8,11.8],"texture":"#4"},"down":{"uv":[12.6,7,11.4,8.2],"texture":"#4"}}},{"from":[7.25,3,7.25],"to":[8.75,3.5,8.75],"rotation":{"angle":0,"axis":"y","origin":[8,3.5,8]},"faces":{"north":{"uv":[14.6,7,15.8,7.4],"texture":"#4"},"east":{"uv":[7.4,15,8.6,15.4],"texture":"#4"},"south":{"uv":[14.6,7.8,15.8,8.2],"texture":"#4"},"west":{"uv":[9,15,10.2,15.4],"texture":"#4"},"up":{"uv":[8.6,13,7.4,11.8],"texture":"#4"},"down":{"uv":[10.2,11.8,9,13],"texture":"#4"}}},{"from":[7.25,8,7.25],"to":[8.75,8.5,8.75],"rotation":{"angle":0,"axis":"y","origin":[8,8.5,8]},"faces":{"north":{"uv":[14.6,7,15.8,7.4],"texture":"#4"},"east":{"uv":[7.4,15,8.6,15.4],"texture":"#4"},"south":{"uv":[14.6,7.8,15.8,8.2],"texture":"#4"},"west":{"uv":[9,15,10.2,15.4],"texture":"#4"},"up":{"uv":[8.6,13,7.4,11.8],"texture":"#4"},"down":{"uv":[10.2,11.8,9,13],"texture":"#4"}}},{"from":[7.25,14,7.25],"to":[8.75,14.5,8.75],"rotation":{"angle":0,"axis":"y","origin":[8,14.5,8]},"faces":{"north":{"uv":[14.6,7,15.8,7.4],"texture":"#4"},"east":{"uv":[7.4,15,8.6,15.4],"texture":"#4"},"south":{"uv":[14.6,7.8,15.8,8.2],"texture":"#4"},"west":{"uv":[9,15,10.2,15.4],"texture":"#4"},"up":{"uv":[8.6,13,7.4,11.8],"texture":"#4"},"down":{"uv":[10.2,11.8,9,13],"texture":"#4"}}},{"from":[7.5,2,7.5],"to":[8.5,3,8.5],"rotation":{"angle":0,"axis":"y","origin":[8,2.5,8]},"faces":{"north":{"uv":[13.8,2.2,14.6,3],"texture":"#4"},"east":{"uv":[2.6,14.2,3.4,15],"texture":"#4"},"south":{"uv":[13.8,3,14.6,3.8],"texture":"#4"},"west":{"uv":[3.4,14.2,4.2,15],"texture":"#4"}}},{"from":[7.25,5,7.25],"to":[8.75,6.5,8.75],"rotation":{"angle":-45,"axis":"x","origin":[8,5.75,8]},"faces":{"north":{"uv":[10.6,11.8,11.8,13],"texture":"#4"},"east":{"uv":[12.2,0.6,13.4,1.8],"texture":"#4"},"south":{"uv":[12.2,2.2,13.4,3.4],"texture":"#4"},"west":{"uv":[12.2,3.8,13.4,5],"texture":"#4"},"up":{"uv":[13.6,9.8,12.4,8.6],"texture":"#4"},"down":{"uv":[13.6,10.2,12.4,11.4],"texture":"#4"}}},{"from":[7.15,0.25,7.25],"to":[8.85,1.75,8.75],"rotation":{"angle":-45,"axis":"x","origin":[8,1,8]},"faces":{"north":{"uv":[1,11.8,2.4,13],"texture":"#4"},"east":{"uv":[12.2,11.8,13.4,13],"texture":"#4"},"south":{"uv":[2.6,11.8,4,13],"texture":"#4"},"west":{"uv":[1,13.4,2.2,14.6],"texture":"#4"},"up":{"uv":[5.6,13,4.2,11.8],"texture":"#4"},"down":{"uv":[12.8,5.4,11.4,6.6],"texture":"#4"}}},{"from":[6.9,0.5,7.5],"to":[9.1,1.5,8.5],"rotation":{"angle":-45,"axis":"x","origin":[8,1,8]},"faces":{"north":{"uv":[2.6,13.4,4.4,14.2],"texture":"#4"},"east":{"uv":[6.6,14.2,7.4,15],"texture":"#4"},"south":{"uv":[5,13.4,6.8,14.2],"texture":"#4"},"west":{"uv":[10.6,14.2,11.4,15],"texture":"#4"},"up":{"uv":[14.8,6.2,13,5.4],"texture":"#4"},"down":{"uv":[14.8,6.2,13,7],"texture":"#4"}}},{"from":[7.5,3.5,7.5],"to":[8.5,8,8.5],"rotation":{"angle":45,"axis":"y","origin":[8,4,8]},"faces":{"north":{"uv":[6.6,3.8,7.4,7.4],"texture":"#4"},"east":{"uv":[7.4,0.6,8.2,4.2],"texture":"#4"},"south":{"uv":[7.4,4.6,8.2,8.2],"texture":"#4"},"west":{"uv":[6.6,7.8,7.4,11.4],"texture":"#4"},"up":{"uv":[14.6,4.6,13.8,3.8],"texture":"#4"},"down":{"uv":[5,14.2,4.2,15],"texture":"#4"}}},{"from":[7,14.5,7],"to":[9,16.5,9],"rotation":{"angle":0,"axis":"y","origin":[7,14.5,7]},"faces":{"north":{"uv":[8.2,0.6,9.8,2.2],"texture":"#4"},"east":{"uv":[8.2,2.2,9.8,3.8],"texture":"#4"},"south":{"uv":[8.2,3.8,9.8,5.4],"texture":"#4"},"west":{"uv":[5,8.6,6.6,10.2],"texture":"#4"},"up":{"uv":[9.8,7,8.2,5.4],"texture":"#4"},"down":{"uv":[9.8,7,8.2,8.6],"texture":"#4"}}},{"from":[7,14.5,5],"to":[9,15,7],"rotation":{"angle":0,"axis":"y","origin":[7,14.5,5]},"faces":{"east":{"uv":[13.8,4.6,15.4,5],"texture":"#4"},"west":{"uv":[5,14.2,6.6,14.6],"texture":"#4"},"up":{"uv":[9,10.2,7.4,8.6],"texture":"#4"},"down":{"uv":[10.6,8.6,9,10.2],"texture":"#4"}}},{"from":[7,16,5.25],"to":[9,16.5,7],"rotation":{"angle":0,"axis":"y","origin":[7,16,5]},"faces":{"east":{"uv":[13,14.2,14.4,14.6],"texture":"#4"},"west":{"uv":[1,15,2.4,15.4],"texture":"#4"},"up":{"uv":[11.4,6.8,9.8,5.4],"texture":"#4"},"down":{"uv":[11.4,7,9.8,8.4],"texture":"#4"}}},{"from":[7.25,15,5],"to":[8.75,16,7],"rotation":{"angle":0,"axis":"y","origin":[7,15.5,5]},"faces":{"east":{"uv":[9,13.4,10.6,14.2],"texture":"#4"},"west":{"uv":[10.6,13.4,12.2,14.2],"texture":"#4"}}},{"from":[7.0035,14.80656,3.4588],"to":[8.9965,15.30656,5.4588],"rotation":{"angle":22.5,"axis":"x","origin":[8.0035,15.80656,4.4588]},"faces":{"north":{"uv":[9,14.2,10.6,14.6],"texture":"#4"},"east":{"uv":[13.8,9.4,15.4,9.8],"texture":"#4"},"west":{"uv":[13.8,10.2,15.4,10.6],"texture":"#4"},"up":{"uv":[11.4,2.2,9.8,0.6],"texture":"#4"},"down":{"uv":[11.4,2.2,9.8,3.8],"texture":"#4"}}},{"from":[7.0035,16.29905,3.45357],"to":[8.9965,16.77405,5.11057],"rotation":{"angle":22.5,"axis":"x","origin":[8.0035,15.79905,4.42857]},"faces":{"north":{"uv":[13.8,8.6,15.4,9],"texture":"#4"},"east":{"uv":[14.6,2.2,16,2.6],"texture":"#4"},"west":{"uv":[2.6,15,4,15.4],"texture":"#4"},"up":{"uv":[9,11.6,7.4,10.2],"texture":"#4"},"down":{"uv":[10.6,10.2,9,11.6],"texture":"#4"}}},{"from":[7.2535,15.30656,3.7088],"to":[8.7465,16.30656,5.4588],"rotation":{"angle":22.5,"axis":"x","origin":[8.0035,15.80656,4.4588]},"faces":{"north":{"uv":[13.8,1.4,15,2.2],"texture":"#4"},"east":{"uv":[12.2,13.4,13.6,14.2],"texture":"#4"},"west":{"uv":[13.8,0.6,15.2,1.4],"texture":"#4"}}},{"from":[7.75,15.79328,6.1971],"to":[8.25,20.79328,6.6971],"rotation":{"angle":-22.5,"axis":"x","origin":[8,18.79328,5.4471]},"faces":{"north":{"uv":[9,0,10,10],"texture":"#1"},"east":{"uv":[11,0,12,10],"texture":"#1"},"south":{"uv":[13,0,14,10],"texture":"#1"},"west":{"uv":[15,0,16,10],"texture":"#1"},"up":{"uv":[8.5,1,7.5,0],"texture":"#1"},"down":{"uv":[8.5,2,7.5,3],"texture":"#1"}}},{"from":[7.985,17.79328,2.6971],"to":[8.015,20.79328,6.1971],"rotation":{"angle":-22.5,"axis":"x","origin":[7.985,18.79328,5.4471]},"faces":{"east":{"uv":[0,0,7,6],"texture":"#1"},"west":{"uv":[7,0,0,6],"texture":"#1"}}},{"from":[7.75,15.79328,9.3029],"to":[8.25,20.79328,9.8029],"rotation":{"angle":22.5,"axis":"x","origin":[8,18.79328,10.5529]},"faces":{"north":{"uv":[14,0,13,10],"texture":"#1"},"east":{"uv":[12,0,11,10],"texture":"#1"},"south":{"uv":[10,0,9,10],"texture":"#1"},"west":{"uv":[16,0,15,10],"texture":"#1"},"up":{"uv":[8.5,0,7.5,1],"texture":"#1"},"down":{"uv":[8.5,3,7.5,2],"texture":"#1"}}},{"from":[7.985,17.79328,9.8029],"to":[8.015,20.79328,13.3029],"rotation":{"angle":22.5,"axis":"x","origin":[7.985,18.79328,10.5529]},"faces":{"east":{"uv":[7,0,0,6],"texture":"#1"},"west":{"uv":[0,0,7,6],"texture":"#1"}}},{"from":[7.04289,8.5,6.75],"to":[8.54289,14,8.25],"rotation":{"angle":-45,"axis":"y","origin":[7.29289,8.75,8]},"faces":{"north":{"uv":[5,3.8,6.2,8.2],"texture":"#4"},"east":{"uv":[0.2,7,1.4,11.4],"texture":"#4"},"south":{"uv":[1.8,7,3,11.4],"texture":"#4"},"west":{"uv":[3.4,7,4.6,11.4],"texture":"#4"},"up":{"uv":[14.2,8.2,13,7],"texture":"#4"},"down":{"uv":[8.6,13.4,7.4,14.6],"texture":"#4"}}},{"from":[7.75,14,1.25],"to":[8.25,16,7.25],"rotation":{"angle":0,"axis":"y","origin":[7.75,0,0]},"faces":{"east":{"uv":[0.2,3.8,5,5.4],"texture":"#4"},"west":{"uv":[0.2,5.4,5,7],"texture":"#4"},"up":{"uv":[15,15.6,14.6,10.8],"texture":"#4"},"down":{"uv":[11.8,0.6,11.4,5.4],"texture":"#4"}}},{"from":[7.985,12,-1.75],"to":[8.015,16,7.25],"rotation":{"angle":0,"axis":"y","origin":[7.485,0,0]},"faces":{"east":{"uv":[7.2,0,0,3.2],"texture":"#4"},"west":{"uv":[0,0,7.2,3.2],"texture":"#4"}}},{"from":[7.7475,13.23223,0.39645],"to":[8.2525,15.23223,2.39645],"rotation":{"angle":-45,"axis":"x","origin":[7.9975,14.23223,0.89645]},"faces":{"north":{"uv":[13.8,11,14.2,12.6],"texture":"#4"},"east":{"uv":[9.8,3.8,11.4,5.4],"texture":"#4"},"south":{"uv":[11.4,14.2,11.8,15.8],"texture":"#4"},"west":{"uv":[5,10.2,6.6,11.8],"texture":"#4"},"up":{"uv":[12.6,15.8,12.2,14.2],"texture":"#4"},"down":{"uv":[14.2,12.6,13.8,14.2],"texture":"#4"}}},{"from":[7,14.5,9],"to":[9,15,11],"rotation":{"angle":0,"axis":"y","origin":[7,14.5,11]},"faces":{"east":{"uv":[15.4,4.6,13.8,5],"texture":"#4"},"west":{"uv":[6.6,14.2,5,14.6],"texture":"#4"},"up":{"uv":[9,8.6,7.4,10.2],"texture":"#4"},"down":{"uv":[10.6,10.2,9,8.6],"texture":"#4"}}},{"from":[7,16,9],"to":[9,16.5,10.75],"rotation":{"angle":0,"axis":"y","origin":[7,16,11]},"faces":{"east":{"uv":[14.4,14.2,13,14.6],"texture":"#4"},"west":{"uv":[2.4,15,1,15.4],"texture":"#4"},"up":{"uv":[11.4,5.4,9.8,6.8],"texture":"#4"},"down":{"uv":[11.4,8.4,9.8,7],"texture":"#4"}}},{"from":[7.25,15,9],"to":[8.75,16,11],"rotation":{"angle":0,"axis":"y","origin":[7,15.5,11]},"faces":{"east":{"uv":[10.6,13.4,9,14.2],"texture":"#4"},"west":{"uv":[12.2,13.4,10.6,14.2],"texture":"#4"}}},{"from":[7.2535,15.30656,10.5412],"to":[8.7465,16.30656,12.2912],"rotation":{"angle":-22.5,"axis":"x","origin":[8.0035,15.80656,11.5412]},"faces":{"east":{"uv":[13.6,13.4,12.2,14.2],"texture":"#4"},"south":{"uv":[15,1.4,13.8,2.2],"texture":"#4"},"west":{"uv":[15.2,0.6,13.8,1.4],"texture":"#4"}}},{"from":[7.0035,16.29905,10.88943],"to":[8.9965,16.77405,12.54643],"rotation":{"angle":-22.5,"axis":"x","origin":[8.0035,15.79905,11.57143]},"faces":{"east":{"uv":[16,2.2,14.6,2.6],"texture":"#4"},"south":{"uv":[15.4,8.6,13.8,9],"texture":"#4"},"west":{"uv":[4,15,2.6,15.4],"texture":"#4"},"up":{"uv":[9,10.2,7.4,11.6],"texture":"#4"},"down":{"uv":[10.6,11.6,9,10.2],"texture":"#4"}}},{"from":[7.0035,14.80656,10.5412],"to":[8.9965,15.30656,12.5412],"rotation":{"angle":-22.5,"axis":"x","origin":[8.0035,15.80656,11.5412]},"faces":{"east":{"uv":[15.4,9.4,13.8,9.8],"texture":"#4"},"south":{"uv":[10.6,14.2,9,14.6],"texture":"#4"},"west":{"uv":[15.4,10.2,13.8,10.6],"texture":"#4"},"up":{"uv":[11.4,0.6,9.8,2.2],"texture":"#4"},"down":{"uv":[11.4,3.8,9.8,2.2],"texture":"#4"}}},{"from":[7.75,14,8.75],"to":[8.25,16,14.75],"rotation":{"angle":0,"axis":"y","origin":[7.75,0,16]},"faces":{"east":{"uv":[5,3.8,0.2,5.4],"texture":"#4"},"west":{"uv":[5,5.4,0.2,7],"texture":"#4"},"up":{"uv":[15,10.8,14.6,15.6],"texture":"#4"},"down":{"uv":[11.8,5.4,11.4,0.6],"texture":"#4"}}},{"from":[7.7475,13.23223,13.60355],"to":[8.2525,15.23223,15.60355],"rotation":{"angle":45,"axis":"x","origin":[7.9975,14.23223,15.10355]},"faces":{"north":{"uv":[11.8,14.2,11.4,15.8],"texture":"#4"},"east":{"uv":[11.4,3.8,9.8,5.4],"texture":"#4"},"south":{"uv":[14.2,11,13.8,12.6],"texture":"#4"},"west":{"uv":[6.6,10.2,5,11.8],"texture":"#4"},"up":{"uv":[12.6,14.2,12.2,15.8],"texture":"#4"},"down":{"uv":[14.2,14.2,13.8,12.6],"texture":"#4"}}},{"from":[7.985,12,8.75],"to":[8.015,16,17.75],"rotation":{"angle":0,"axis":"y","origin":[7.485,0,16]},"faces":{"east":{"uv":[0,0,7.2,3.2],"texture":"#4"},"west":{"uv":[7.2,0,0,3.2],"texture":"#4"}}},{"from":[6.75,13.5,5.875],"to":[6.75,17.75,10.125],"rotation":{"angle":0,"axis":"y","origin":[6.75,13.5,5.875]},"faces":{"west":{"uv":[0,0,5.66667,5.66667],"texture":"#2"}}},{"from":[7,17.25,5],"to":[7,20.5,8.25],"rotation":{"angle":-22.5,"axis":"x","origin":[7,17.25,5]},"faces":{"west":{"uv":[0,6.66667,4.33333,11],"texture":"#2"}}},{"from":[7,17.25,9],"to":[7,19.5,11.25],"rotation":{"angle":22.5,"axis":"x","origin":[7,17.25,9]},"faces":{"west":{"uv":[6.66667,0,9.66667,3],"texture":"#2"}}},{"from":[9.25,13.5,5.875],"to":[9.25,17.75,10.125],"rotation":{"angle":0,"axis":"y","origin":[9.25,13.5,5.875]},"faces":{"east":{"uv":[5.66667,0,0,5.66667],"texture":"#2"}}},{"from":[9,17.25,5],"to":[9,20.5,8.25],"rotation":{"angle":-22.5,"axis":"x","origin":[9,17.25,5]},"faces":{"east":{"uv":[4.33333,6.66667,0,11],"texture":"#2"}}},{"from":[9,17.25,9],"to":[9,19.5,11.25],"rotation":{"angle":22.5,"axis":"x","origin":[9,17.25,9]},"faces":{"east":{"uv":[9.66667,0,6.66667,3],"texture":"#2"}}}],"gui_light":"front","display":{"thirdperson_righthand":{"translation":[0,0,1]},"thirdperson_lefthand":{"translation":[0,0,1]},"firstperson_righthand":{"rotation":[8.75,0,0],"translation":[3.75,-2,-2.5]},"firstperson_lefthand":{"rotation":[8.75,0,0],"translation":[3.75,-2,-2.5]},"ground":{"rotation":[-45,0,0],"translation":[0,3,0],"scale":[0.7,0.7,0.7]},"gui":{"rotation":[-90,45,90],"translation":[3,-3,0]},"head":{"rotation":[0,-90,0]},"fixed":{"rotation":[0,-90,0],"translation":[0,0,-1.5],"scale":[2,2,2]}}}