{"credit":"Polygony Creation Co.,Ltd.","texture_size":[12,12],"textures":{"1":"independence_dayset:american_flag","2":"independence_dayset:animations/star_animation","3":"independence_dayset:shield","particle":"independence_dayset:animations/star_animation"},"elements":[{"from":[7.25,1.68873,9.775],"to":[8.75,2.18873,11.275],"rotation":{"angle":0,"axis":"y","origin":[8,2.18873,10.525]},"faces":{"north":{"uv":[14,7.33333,15,7.66667],"texture":"#3"},"east":{"uv":[14,5.33333,15,5.66667],"texture":"#3"},"south":{"uv":[14,6,15,6.33333],"texture":"#3"},"west":{"uv":[14,6.66667,15,7],"texture":"#3"},"up":{"uv":[5,11.66667,4,10.66667],"rotation":90,"texture":"#3"},"down":{"uv":[11.66667,4,10.66667,5],"rotation":270,"texture":"#3"}}},{"from":[7.25,3.18873,9.775],"to":[8.75,3.68873,11.275],"rotation":{"angle":0,"axis":"y","origin":[8,3.68873,10.525]},"faces":{"north":{"uv":[14,9.33333,15,9.66667],"texture":"#3"},"east":{"uv":[14,8,15,8.33333],"texture":"#3"},"south":{"uv":[8.66667,14,9.66667,14.33333],"texture":"#3"},"west":{"uv":[14,8.66667,15,9],"texture":"#3"},"up":{"uv":[6.33333,11.66667,5.33333,10.66667],"rotation":90,"texture":"#3"},"down":{"uv":[11.66667,5.33333,10.66667,6.33333],"rotation":270,"texture":"#3"}}},{"from":[7.25,8.18873,9.775],"to":[8.75,8.68873,11.275],"rotation":{"angle":0,"axis":"y","origin":[8,8.68873,10.525]},"faces":{"north":{"uv":[14,9.33333,15,9.66667],"texture":"#3"},"east":{"uv":[14,8,15,8.33333],"texture":"#3"},"south":{"uv":[8.66667,14,9.66667,14.33333],"texture":"#3"},"west":{"uv":[14,8.66667,15,9],"texture":"#3"},"up":{"uv":[6.33333,11.66667,5.33333,10.66667],"rotation":90,"texture":"#3"},"down":{"uv":[11.66667,5.33333,10.66667,6.33333],"rotation":270,"texture":"#3"}}},{"from":[7.5,2.18873,10.025],"to":[8.5,3.18873,11.025],"rotation":{"angle":0,"axis":"y","origin":[8,2.68873,10.525]},"faces":{"north":{"uv":[13.33333,3.33333,14,4],"texture":"#3"},"east":{"uv":[6.66667,8,7.33333,8.66667],"texture":"#3"},"south":{"uv":[6.66667,8.66667,7.33333,9.33333],"texture":"#3"},"west":{"uv":[7.33333,12,8,12.66667],"texture":"#3"}}},{"from":[7.5,8.68873,10.025],"to":[8.5,9.68873,11.025],"rotation":{"angle":0,"axis":"y","origin":[8,9.18873,10.525]},"faces":{"north":{"uv":[14,0.66667,14.66667,1.33333],"texture":"#3"},"east":{"uv":[0,14,0.66667,14.66667],"texture":"#3"},"south":{"uv":[14,0,14.66667,0.66667],"texture":"#3"},"west":{"uv":[0.66667,14,1.33333,14.66667],"texture":"#3"}}},{"from":[7.25,9.68873,9.775],"to":[8.75,10.18873,11.275],"rotation":{"angle":0,"axis":"y","origin":[8,9.68873,10.525]},"faces":{"north":{"uv":[11.33333,14,12.33333,14.33333],"texture":"#3"},"east":{"uv":[10,14,11,14.33333],"texture":"#3"},"south":{"uv":[14,10,15,10.33333],"texture":"#3"},"west":{"uv":[14,10.66667,15,11],"texture":"#3"},"up":{"uv":[3.66667,13,2.66667,12],"rotation":90,"texture":"#3"},"down":{"uv":[13,2.66667,12,3.66667],"rotation":270,"texture":"#3"}}},{"from":[7.25,5.18873,9.775],"to":[8.75,6.68873,11.275],"rotation":{"angle":-45,"axis":"z","origin":[8,5.93873,10.525]},"faces":{"north":{"uv":[9.33333,10.66667,10.33333,11.66667],"texture":"#3"},"east":{"uv":[6.66667,10.66667,7.66667,11.66667],"texture":"#3"},"south":{"uv":[10.66667,6.66667,11.66667,7.66667],"texture":"#3"},"west":{"uv":[10.66667,8,11.66667,9],"texture":"#3"},"up":{"uv":[11.66667,10.33333,10.66667,9.33333],"rotation":90,"texture":"#3"},"down":{"uv":[11.66667,10.66667,10.66667,11.66667],"rotation":270,"texture":"#3"}}},{"from":[7.25,0.43873,9.675],"to":[8.75,1.93873,11.375],"rotation":{"angle":-45,"axis":"z","origin":[8,1.18873,10.525]},"faces":{"north":{"uv":[0,12,1,13],"texture":"#3"},"east":{"uv":[9.33333,8,10.5,9],"texture":"#3"},"south":{"uv":[8,11.33333,9,12.33333],"texture":"#3"},"west":{"uv":[9.33333,9.33333,10.5,10.33333],"texture":"#3"},"up":{"uv":[9.16667,11,8,10],"rotation":90,"texture":"#3"},"down":{"uv":[1.16667,10.66667,0,11.66667],"rotation":270,"texture":"#3"}}},{"from":[7.5,0.68873,9.425],"to":[8.5,1.68873,11.625],"rotation":{"angle":-45,"axis":"z","origin":[8,1.18873,10.525]},"faces":{"north":{"uv":[13.33333,6.66667,14,7.33333],"texture":"#3"},"east":{"uv":[12,0,13.5,0.66667],"texture":"#3"},"south":{"uv":[13.33333,6,14,6.66667],"texture":"#3"},"west":{"uv":[12,0.66667,13.5,1.33333],"texture":"#3"},"up":{"uv":[13.5,2,12,1.33333],"rotation":90,"texture":"#3"},"down":{"uv":[13.5,2,12,2.66667],"rotation":270,"texture":"#3"}}},{"from":[7.25,9.93873,9.675],"to":[8.75,11.43873,11.375],"rotation":{"angle":45,"axis":"z","origin":[8,10.68873,10.525]},"faces":{"north":{"uv":[12,6,13,7],"texture":"#3"},"east":{"uv":[10.66667,0,11.83333,1],"texture":"#3"},"south":{"uv":[6,12,7,13],"texture":"#3"},"west":{"uv":[10.66667,1.33333,11.83333,2.33333],"texture":"#3"},"up":{"uv":[3.83333,11.66667,2.66667,10.66667],"rotation":90,"texture":"#3"},"down":{"uv":[11.83333,2.66667,10.66667,3.66667],"rotation":270,"texture":"#3"}}},{"from":[7.5,10.18873,9.425],"to":[8.5,11.18873,11.625],"rotation":{"angle":45,"axis":"z","origin":[8,10.68873,10.525]},"faces":{"north":{"uv":[14,1.33333,14.66667,2],"texture":"#3"},"east":{"uv":[4,12,5.5,12.66667],"texture":"#3"},"south":{"uv":[1.33333,14,2,14.66667],"texture":"#3"},"west":{"uv":[12,4,13.5,4.66667],"texture":"#3"},"up":{"uv":[13.5,5.33333,12,4.66667],"rotation":90,"texture":"#3"},"down":{"uv":[13.5,5.33333,12,6],"rotation":270,"texture":"#3"}}},{"from":[7.5,3.68873,10.025],"to":[8.5,8.18873,11.025],"rotation":{"angle":45,"axis":"y","origin":[8,4.18873,10.525]},"faces":{"north":{"uv":[4.66667,7.33333,5.33333,10.33333],"texture":"#3"},"east":{"uv":[2.66667,7.33333,3.33333,10.33333],"texture":"#3"},"south":{"uv":[3.33333,7.33333,4,10.33333],"texture":"#3"},"west":{"uv":[4,7.33333,4.66667,10.33333],"texture":"#3"},"up":{"uv":[9.33333,14,8.66667,13.33333],"rotation":90,"texture":"#3"},"down":{"uv":[10,13.33333,9.33333,14],"rotation":270,"texture":"#3"}}},{"from":[7,11.43873,5.525],"to":[9,13.43873,7.525],"rotation":{"angle":0,"axis":"y","origin":[9,11.43873,5.525]},"faces":{"north":{"uv":[5.33333,8,6.66667,9.33333],"texture":"#3"},"east":{"uv":[8,2,9.33333,3.33333],"texture":"#3"},"south":{"uv":[8,3.33333,9.33333,4.66667],"texture":"#3"},"west":{"uv":[8,4.66667,9.33333,6],"texture":"#3"},"up":{"uv":[9.33333,7.33333,8,6],"rotation":90,"texture":"#3"},"down":{"uv":[9.33333,7.33333,8,8.66667],"rotation":270,"texture":"#3"}}},{"from":[9,11.43873,5.525],"to":[11,11.93873,7.525],"rotation":{"angle":0,"axis":"y","origin":[11,11.43873,5.525]},"faces":{"north":{"uv":[11.33333,13.33333,12.66667,13.66667],"texture":"#3"},"south":{"uv":[10,13.33333,11.33333,13.66667],"texture":"#3"},"up":{"uv":[9.33333,10,8,8.66667],"rotation":90,"texture":"#3"},"down":{"uv":[1.33333,9.33333,0,10.66667],"rotation":270,"texture":"#3"}}},{"from":[9,12.93873,5.525],"to":[10.75,13.43873,7.525],"rotation":{"angle":0,"axis":"y","origin":[11,12.93873,5.525]},"faces":{"north":{"uv":[14,3.33333,15.16667,3.66667],"texture":"#3"},"south":{"uv":[3.33333,14,4.5,14.33333],"texture":"#3"},"up":{"uv":[10.66667,3.83333,9.33333,2.66667],"rotation":90,"texture":"#3"},"down":{"uv":[10.66667,4,9.33333,5.16667],"rotation":270,"texture":"#3"}}},{"from":[9,11.93873,5.775],"to":[11,12.93873,7.275],"rotation":{"angle":0,"axis":"y","origin":[11,12.43873,5.525]},"faces":{"north":{"uv":[4,12.66667,5.33333,13.33333],"texture":"#3"},"south":{"uv":[12,11.33333,13.33333,12],"texture":"#3"}}},{"from":[10.5412,11.74529,5.5285],"to":[12.5412,12.24529,7.5215],"rotation":{"angle":22.5,"axis":"z","origin":[11.5412,12.74529,6.5285]},"faces":{"north":{"uv":[12.66667,13.33333,14,13.66667],"texture":"#3"},"east":{"uv":[13.33333,11.33333,14.66667,11.66667],"texture":"#3"},"south":{"uv":[13.33333,12,14.66667,12.33333],"texture":"#3"},"up":{"uv":[10.66667,1.33333,9.33333,0],"rotation":90,"texture":"#3"},"down":{"uv":[10.66667,1.33333,9.33333,2.66667],"rotation":270,"texture":"#3"}}},{"from":[10.88943,13.23778,5.5285],"to":[12.54643,13.71278,7.5215],"rotation":{"angle":22.5,"axis":"z","origin":[11.57143,12.73778,6.5285]},"faces":{"north":{"uv":[14,4.66667,15.16667,5],"texture":"#3"},"east":{"uv":[13.33333,12.66667,14.66667,13],"texture":"#3"},"south":{"uv":[14,4,15.16667,4.33333],"texture":"#3"},"up":{"uv":[6.66667,10.5,5.33333,9.33333],"rotation":90,"texture":"#3"},"down":{"uv":[10.66667,5.33333,9.33333,6.5],"rotation":270,"texture":"#3"}}},{"from":[10.5412,12.24529,5.7785],"to":[12.2912,13.24529,7.2715],"rotation":{"angle":22.5,"axis":"z","origin":[11.5412,12.74529,6.5285]},"faces":{"north":{"uv":[8.66667,12.66667,9.83333,13.33333],"texture":"#3"},"east":{"uv":[10,12.66667,11,13.33333],"texture":"#3"},"south":{"uv":[7.33333,12.66667,8.5,13.33333],"texture":"#3"}}},{"from":[5.25,12.93873,5.525],"to":[7,13.43873,7.525],"rotation":{"angle":0,"axis":"y","origin":[5,12.93873,5.525]},"faces":{"north":{"uv":[15.16667,3.33333,14,3.66667],"texture":"#3"},"south":{"uv":[4.5,14,3.33333,14.33333],"texture":"#3"},"up":{"uv":[10.66667,2.66667,9.33333,3.83333],"rotation":90,"texture":"#3"},"down":{"uv":[10.66667,5.16667,9.33333,4],"rotation":270,"texture":"#3"}}},{"from":[5,11.93873,5.775],"to":[7,12.93873,7.275],"rotation":{"angle":0,"axis":"y","origin":[5,12.43873,5.525]},"faces":{"north":{"uv":[5.33333,12.66667,4,13.33333],"texture":"#3"},"south":{"uv":[13.33333,11.33333,12,12],"texture":"#3"}}},{"from":[5,11.43873,5.525],"to":[7,11.93873,7.525],"rotation":{"angle":0,"axis":"y","origin":[5,11.43873,5.525]},"faces":{"north":{"uv":[12.66667,13.33333,11.33333,13.66667],"texture":"#3"},"south":{"uv":[11.33333,13.33333,10,13.66667],"texture":"#3"},"up":{"uv":[9.33333,8.66667,8,10],"rotation":90,"texture":"#3"},"down":{"uv":[1.33333,10.66667,0,9.33333],"rotation":270,"texture":"#3"}}},{"from":[3.7088,12.24529,5.7785],"to":[5.4588,13.24529,7.2715],"rotation":{"angle":-22.5,"axis":"z","origin":[4.4588,12.74529,6.5285]},"faces":{"north":{"uv":[9.83333,12.66667,8.66667,13.33333],"texture":"#3"},"south":{"uv":[8.5,12.66667,7.33333,13.33333],"texture":"#3"},"west":{"uv":[11,12.66667,10,13.33333],"texture":"#3"}}},{"from":[3.45357,13.23778,5.5285],"to":[5.11057,13.71278,7.5215],"rotation":{"angle":-22.5,"axis":"z","origin":[4.42857,12.73778,6.5285]},"faces":{"north":{"uv":[15.16667,4.66667,14,5],"texture":"#3"},"south":{"uv":[15.16667,4,14,4.33333],"texture":"#3"},"west":{"uv":[14.66667,12.66667,13.33333,13],"texture":"#3"},"up":{"uv":[6.66667,9.33333,5.33333,10.5],"rotation":90,"texture":"#3"},"down":{"uv":[10.66667,6.5,9.33333,5.33333],"rotation":270,"texture":"#3"}}},{"from":[3.4588,11.74529,5.5285],"to":[5.4588,12.24529,7.5215],"rotation":{"angle":-22.5,"axis":"z","origin":[4.4588,12.74529,6.5285]},"faces":{"north":{"uv":[14,13.33333,12.66667,13.66667],"texture":"#3"},"south":{"uv":[14.66667,12,13.33333,12.33333],"texture":"#3"},"west":{"uv":[14.66667,11.33333,13.33333,11.66667],"texture":"#3"},"up":{"uv":[10.66667,0,9.33333,1.33333],"rotation":90,"texture":"#3"},"down":{"uv":[10.66667,2.66667,9.33333,1.33333],"rotation":270,"texture":"#3"}}},{"from":[7.125,11.58873,5.475],"to":[8.875,13.33873,5.475],"rotation":{"angle":0,"axis":"y","origin":[8.875,11.58873,5.475]},"faces":{"north":{"uv":[6.66667,9.33333,7.83333,10.5],"texture":"#3"}}},{"from":[7.125,11.58873,7.575],"to":[8.875,13.33873,7.575],"rotation":{"angle":0,"axis":"y","origin":[8.875,11.58873,7.575]},"faces":{"south":{"uv":[9.33333,6.66667,10.5,7.83333],"texture":"#3"}}},{"from":[11.0529,12.48201,6.275],"to":[11.5529,17.48201,6.775],"rotation":{"angle":-22.5,"axis":"z","origin":[12.3029,15.48201,6.525]},"faces":{"north":{"uv":[15,0,16,10],"texture":"#1"},"east":{"uv":[9,0,10,10],"texture":"#1"},"south":{"uv":[11,0,12,10],"texture":"#1"},"west":{"uv":[13,0,14,10],"texture":"#1"},"up":{"uv":[8.5,1,7.5,0],"rotation":90,"texture":"#1"},"down":{"uv":[8.5,2,7.5,3],"rotation":270,"texture":"#1"}}},{"from":[11.5529,14.48201,6.51],"to":[15.0529,17.48201,6.54],"rotation":{"angle":-22.5,"axis":"z","origin":[12.3029,15.48201,6.51]},"faces":{"north":{"uv":[7,0,0,6],"texture":"#1"},"south":{"uv":[0,0,7,6],"texture":"#1"}}},{"from":[4.4471,12.48201,6.275],"to":[4.9471,17.48201,6.775],"rotation":{"angle":22.5,"axis":"z","origin":[3.6971,15.48201,6.525]},"faces":{"north":{"uv":[16,0,15,10],"texture":"#1"},"east":{"uv":[14,0,13,10],"texture":"#1"},"south":{"uv":[12,0,11,10],"texture":"#1"},"west":{"uv":[10,0,9,10],"texture":"#1"},"up":{"uv":[8.5,0,7.5,1],"rotation":90,"texture":"#1"},"down":{"uv":[8.5,3,7.5,2],"rotation":270,"texture":"#1"}}},{"from":[0.9471,14.48201,6.51],"to":[4.4471,17.48201,6.54],"rotation":{"angle":22.5,"axis":"z","origin":[3.6971,15.48201,6.51]},"faces":{"north":{"uv":[0,0,7,6],"texture":"#1"},"south":{"uv":[7,0,0,6],"texture":"#1"}}},{"from":[6.25,0.43873,6.275],"to":[9.75,11.43873,6.775],"rotation":{"angle":0,"axis":"y","origin":[10.5,-2.56127,6.275]},"faces":{"north":{"uv":[2.66667,0,5,7.33333],"texture":"#3"},"east":{"uv":[2,7.33333,2.33333,14.66667],"texture":"#3"},"south":{"uv":[0,0,2.33333,7.33333],"texture":"#3"},"west":{"uv":[7.33333,2,7.66667,9.33333],"texture":"#3"}}},{"from":[7.275,-0.58648,6.2725],"to":[9.75,1.88852,6.7775],"rotation":{"angle":-45,"axis":"z","origin":[8,1.16352,6.5225]},"faces":{"north":{"uv":[7.33333,0,9,1.66667],"texture":"#3"},"east":{"uv":[6,13.33333,6.33333,15],"texture":"#3"},"south":{"uv":[0,7.33333,1.66667,9],"texture":"#3"},"west":{"uv":[6.66667,13.33333,7,15],"texture":"#3"},"up":{"uv":[7.66667,15,7.33333,13.33333],"rotation":90,"texture":"#3"},"down":{"uv":[8.33333,13.33333,8,15],"rotation":270,"texture":"#3"}}},{"from":[7.78033,10.68873,6.675],"to":[8.53033,11.43873,9.425],"rotation":{"angle":45,"axis":"z","origin":[8.53033,10.68873,8.425]},"faces":{"north":{"uv":[13.33333,14,13.83333,14.5],"texture":"#3"},"east":{"uv":[12,7.33333,13.83333,7.83333],"texture":"#3"},"south":{"uv":[12.66667,14,13.16667,14.5],"texture":"#3"},"west":{"uv":[12,8,13.83333,8.5],"texture":"#3"},"up":{"uv":[13.83333,9.16667,12,8.66667],"rotation":90,"texture":"#3"},"down":{"uv":[11.16667,12,9.33333,12.5],"rotation":270,"texture":"#3"}}},{"from":[7.78033,0.43873,6.675],"to":[8.53033,1.18873,9.425],"rotation":{"angle":-45,"axis":"z","origin":[8.53033,1.18873,8.425]},"faces":{"north":{"uv":[14.66667,0.66667,15.16667,1.16667],"texture":"#3"},"east":{"uv":[12,9.33333,13.83333,9.83333],"texture":"#3"},"south":{"uv":[0.66667,14.66667,1.16667,15.16667],"texture":"#3"},"west":{"uv":[12,10,13.83333,10.5],"texture":"#3"},"up":{"uv":[13.83333,11.16667,12,10.66667],"rotation":90,"texture":"#3"},"down":{"uv":[13.16667,12,11.33333,12.5],"rotation":270,"texture":"#3"}}},{"from":[9.4,10.23163,6.6],"to":[9.9,11.23163,7.6],"rotation":{"angle":-22.5,"axis":"y","origin":[11.025,6.23163,7.1]},"faces":{"north":{"uv":[14.66667,1.33333,15,2],"texture":"#3"},"east":{"uv":[14,2,14.66667,2.66667],"texture":"#3"},"south":{"uv":[1.33333,14.66667,1.66667,15.33333],"texture":"#3"},"west":{"uv":[2.66667,14,3.33333,14.66667],"texture":"#3"},"up":{"uv":[2.66667,15,2,14.66667],"rotation":90,"texture":"#3"},"down":{"uv":[15.33333,2,14.66667,2.33333],"rotation":270,"texture":"#3"}}},{"from":[9.4,1.23163,6.6],"to":[9.9,2.23163,7.6],"rotation":{"angle":-22.5,"axis":"y","origin":[11.025,6.23163,7.1]},"faces":{"north":{"uv":[14.66667,1.33333,15,2],"texture":"#3"},"east":{"uv":[14,2,14.66667,2.66667],"texture":"#3"},"south":{"uv":[1.33333,14.66667,1.66667,15.33333],"texture":"#3"},"west":{"uv":[2.66667,14,3.33333,14.66667],"texture":"#3"},"up":{"uv":[2.66667,15,2,14.66667],"rotation":90,"texture":"#3"},"down":{"uv":[15.33333,2,14.66667,2.33333],"rotation":270,"texture":"#3"}}},{"from":[12.15,10.35663,6.725],"to":[12.65,11.10663,7.475],"rotation":{"angle":-22.5,"axis":"y","origin":[11.025,6.23163,7.1]},"faces":{"north":{"uv":[3.33333,14.66667,3.66667,15.16667],"texture":"#3"},"east":{"uv":[14,13.33333,14.5,13.83333],"texture":"#3"},"south":{"uv":[2.66667,14.66667,3,15.16667],"texture":"#3"},"west":{"uv":[14,14,14.5,14.5],"texture":"#3"},"up":{"uv":[4.5,15,4,14.66667],"rotation":90,"texture":"#3"},"down":{"uv":[5.83333,14.66667,5.33333,15],"rotation":270,"texture":"#3"}}},{"from":[12.15,1.35663,6.725],"to":[12.65,2.10663,7.475],"rotation":{"angle":-22.5,"axis":"y","origin":[11.025,6.23163,7.1]},"faces":{"north":{"uv":[3.33333,14.66667,3.66667,15.16667],"texture":"#3"},"east":{"uv":[14,13.33333,14.5,13.83333],"texture":"#3"},"south":{"uv":[2.66667,14.66667,3,15.16667],"texture":"#3"},"west":{"uv":[14,14,14.5,14.5],"texture":"#3"},"up":{"uv":[4.5,15,4,14.66667],"rotation":90,"texture":"#3"},"down":{"uv":[5.83333,14.66667,5.33333,15],"rotation":270,"texture":"#3"}}},{"from":[9.9,10.48163,6.85],"to":[12.9,10.98163,7.35],"rotation":{"angle":-22.5,"axis":"y","origin":[11.025,6.23163,7.1]},"faces":{"north":{"uv":[0,13.33333,2,13.66667],"texture":"#3"},"east":{"uv":[11.33333,14.66667,11.66667,15],"texture":"#3"},"south":{"uv":[11.33333,12.66667,13.33333,13],"texture":"#3"},"west":{"uv":[14.66667,11.33333,15,11.66667],"texture":"#3"},"up":{"uv":[1.66667,11.33333,1.33333,9.33333],"rotation":90,"texture":"#3"},"down":{"uv":[1.66667,11.33333,1.33333,13.33333],"rotation":270,"texture":"#3"}}},{"from":[9.9,1.48163,6.85],"to":[12.9,1.98163,7.35],"rotation":{"angle":-22.5,"axis":"y","origin":[11.025,6.23163,7.1]},"faces":{"north":{"uv":[13.33333,2.66667,15.33333,3],"texture":"#3"},"east":{"uv":[12,14.66667,12.33333,15],"texture":"#3"},"south":{"uv":[2.66667,13.33333,4.66667,13.66667],"texture":"#3"},"west":{"uv":[14.66667,12,15,12.33333],"texture":"#3"},"up":{"uv":[5.66667,14.66667,5.33333,12.66667],"rotation":90,"texture":"#3"},"down":{"uv":[5,13.33333,4.66667,15.33333],"rotation":270,"texture":"#3"}}},{"from":[9.9,-1.44693,7.085],"to":[12.15,10.55307,7.115],"rotation":{"angle":-22.5,"axis":"y","origin":[11.025,6.23163,7.1]},"faces":{"north":{"uv":[5.33333,0,6.83333,8],"texture":"#3"},"south":{"uv":[6.83333,0,5.33333,8],"texture":"#3"}}},{"from":[6.1,10.23163,6.6],"to":[6.6,11.23163,7.6],"rotation":{"angle":22.5,"axis":"y","origin":[4.975,6.23163,7.1]},"faces":{"north":{"uv":[15,1.33333,14.66667,2],"texture":"#3"},"east":{"uv":[3.33333,14,2.66667,14.66667],"texture":"#3"},"south":{"uv":[1.66667,14.66667,1.33333,15.33333],"texture":"#3"},"west":{"uv":[14.66667,2,14,2.66667],"texture":"#3"},"up":{"uv":[2.66667,14.66667,2,15],"rotation":90,"texture":"#3"},"down":{"uv":[15.33333,2.33333,14.66667,2],"rotation":270,"texture":"#3"}}},{"from":[3.1,10.48163,6.85],"to":[6.1,10.98163,7.35],"rotation":{"angle":22.5,"axis":"y","origin":[4.975,6.23163,7.1]},"faces":{"north":{"uv":[2,13.33333,0,13.66667],"texture":"#3"},"east":{"uv":[15,11.33333,14.66667,11.66667],"texture":"#3"},"south":{"uv":[13.33333,12.66667,11.33333,13],"texture":"#3"},"west":{"uv":[11.66667,14.66667,11.33333,15],"texture":"#3"},"up":{"uv":[1.66667,9.33333,1.33333,11.33333],"rotation":90,"texture":"#3"},"down":{"uv":[1.66667,13.33333,1.33333,11.33333],"rotation":270,"texture":"#3"}}},{"from":[3.35,10.35663,6.725],"to":[3.85,11.10663,7.475],"rotation":{"angle":22.5,"axis":"y","origin":[4.975,6.23163,7.1]},"faces":{"north":{"uv":[3.66667,14.66667,3.33333,15.16667],"texture":"#3"},"east":{"uv":[14.5,14,14,14.5],"texture":"#3"},"south":{"uv":[3,14.66667,2.66667,15.16667],"texture":"#3"},"west":{"uv":[14.5,13.33333,14,13.83333],"texture":"#3"},"up":{"uv":[4.5,14.66667,4,15],"rotation":90,"texture":"#3"},"down":{"uv":[5.83333,15,5.33333,14.66667],"rotation":270,"texture":"#3"}}},{"from":[3.1,1.48163,6.85],"to":[6.1,1.98163,7.35],"rotation":{"angle":22.5,"axis":"y","origin":[4.975,6.23163,7.1]},"faces":{"north":{"uv":[15.33333,2.66667,13.33333,3],"texture":"#3"},"east":{"uv":[15,12,14.66667,12.33333],"texture":"#3"},"south":{"uv":[4.66667,13.33333,2.66667,13.66667],"texture":"#3"},"west":{"uv":[12.33333,14.66667,12,15],"texture":"#3"},"up":{"uv":[5.66667,12.66667,5.33333,14.66667],"rotation":90,"texture":"#3"},"down":{"uv":[5,15.33333,4.66667,13.33333],"rotation":270,"texture":"#3"}}},{"from":[3.85,-1.44693,7.085],"to":[6.1,10.55307,7.115],"rotation":{"angle":22.5,"axis":"y","origin":[4.975,6.23163,7.1]},"faces":{"north":{"uv":[6.83333,0,5.33333,8],"texture":"#3"},"south":{"uv":[5.33333,0,6.83333,8],"texture":"#3"}}},{"from":[3.35,1.35663,6.725],"to":[3.85,2.10663,7.475],"rotation":{"angle":22.5,"axis":"y","origin":[4.975,6.23163,7.1]},"faces":{"north":{"uv":[3.66667,14.66667,3.33333,15.16667],"texture":"#3"},"east":{"uv":[14.5,14,14,14.5],"texture":"#3"},"south":{"uv":[3,14.66667,2.66667,15.16667],"texture":"#3"},"west":{"uv":[14.5,13.33333,14,13.83333],"texture":"#3"},"up":{"uv":[4.5,14.66667,4,15],"rotation":90,"texture":"#3"},"down":{"uv":[5.83333,15,5.33333,14.66667],"rotation":270,"texture":"#3"}}},{"from":[6.1,1.23163,6.6],"to":[6.6,2.23163,7.6],"rotation":{"angle":22.5,"axis":"y","origin":[4.975,6.23163,7.1]},"faces":{"north":{"uv":[15,1.33333,14.66667,2],"texture":"#3"},"east":{"uv":[3.33333,14,2.66667,14.66667],"texture":"#3"},"south":{"uv":[1.66667,14.66667,1.33333,15.33333],"texture":"#3"},"west":{"uv":[14.66667,2,14,2.66667],"texture":"#3"},"up":{"uv":[2.66667,14.66667,2,15],"rotation":90,"texture":"#3"},"down":{"uv":[15.33333,2.33333,14.66667,2],"rotation":270,"texture":"#3"}}},{"from":[9.42466,3.25,5.79966],"to":[13.67466,7.5,5.79966],"rotation":{"angle":-22.5,"axis":"z","origin":[11.54966,5.375,5.79966]},"faces":{"north":{"uv":[0,0,5.66667,5.66667],"texture":"#2"}}},{"from":[9.15333,8.73385,6.04966],"to":[12.40333,11.98385,6.04966],"rotation":{"angle":-22.5,"axis":"z","origin":[9.375,7.74908,5.92466]},"faces":{"north":{"uv":[0,6.66667,4.33333,11],"texture":"#2"}}},{"from":[10.76717,0.8348,6.04966],"to":[13.01717,3.0848,6.04966],"rotation":{"angle":22.5,"axis":"z","origin":[13.875,0.74908,5.92466]},"faces":{"north":{"uv":[6.66667,0,9.66667,3],"texture":"#2"}}},{"from":[3.59667,8.73385,6.04966],"to":[6.84667,11.98385,6.04966],"rotation":{"angle":22.5,"axis":"z","origin":[6.625,7.74908,5.92466]},"faces":{"north":{"uv":[4.33333,6.66667,0,11],"texture":"#2"}}},{"from":[2.32534,3.25,5.79966],"to":[6.57534,7.5,5.79966],"rotation":{"angle":22.5,"axis":"z","origin":[4.45034,5.375,5.79966]},"faces":{"north":{"uv":[5.66667,0,0,5.66667],"texture":"#2"}}},{"from":[2.98283,0.8348,6.04966],"to":[5.23283,3.0848,6.04966],"rotation":{"angle":-22.5,"axis":"z","origin":[2.125,0.74908,5.92466]},"faces":{"north":{"uv":[9.66667,0,6.66667,3],"texture":"#2"}}}],"gui_light":"front","display":{"thirdperson_righthand":{"rotation":[0,-60,0],"translation":[2,0,-0.25]},"thirdperson_lefthand":{"rotation":[0,-60,0],"translation":[2,0,-0.25]},"firstperson_righthand":{"rotation":[0,0,11],"translation":[3.25,0.75,-1]},"firstperson_lefthand":{"rotation":[0,0,11],"translation":[3.25,0.75,-1]},"ground":{"rotation":[45,0,0],"translation":[0,3,0],"scale":[0.7,0.7,0.7]},"gui":{"rotation":[0,180,-45],"translation":[0.75,-0.75,0],"scale":[0.8,0.8,0.8]},"fixed":{"translation":[0,4,-3.5],"scale":[2,2,2]}}}