{"credit":"Polygony Creation Co.,Ltd.","texture_size":[12,12],"textures":{"1":"independence_dayset:american_flag","2":"independence_dayset:animations/star_animation","3":"independence_dayset:spear","particle":"independence_dayset:animations/star_animation"},"elements":[{"from":[7.25,1.5,7.25],"to":[8.75,2,8.75],"rotation":{"angle":0,"axis":"y","origin":[8,2,8]},"faces":{"north":{"uv":[5.6,13.6,6.8,14],"texture":"#3"},"east":{"uv":[7.2,13.6,8.4,14],"texture":"#3"},"south":{"uv":[9.6,13.6,10.8,14],"texture":"#3"},"west":{"uv":[13.6,9.6,14.8,10],"texture":"#3"},"up":{"uv":[11.6,1.2,10.4,0],"texture":"#3"},"down":{"uv":[11.6,1.6,10.4,2.8],"texture":"#3"}}},{"from":[7.25,8.25,7.25],"to":[8.75,8.75,8.75],"rotation":{"angle":0,"axis":"y","origin":[8,8.75,8]},"faces":{"north":{"uv":[13.6,10.4,14.8,10.8],"texture":"#3"},"east":{"uv":[11.2,13.6,12.4,14],"texture":"#3"},"south":{"uv":[13.6,11.2,14.8,11.6],"texture":"#3"},"west":{"uv":[13.6,12,14.8,12.4],"texture":"#3"},"up":{"uv":[9.2,11.6,8,10.4],"texture":"#3"},"down":{"uv":[2,11.2,0.8,12.4],"texture":"#3"}}},{"from":[7.25,3,7.25],"to":[8.75,3.5,8.75],"rotation":{"angle":0,"axis":"y","origin":[8,3.5,8]},"faces":{"north":{"uv":[13.6,10.4,14.8,10.8],"texture":"#3"},"east":{"uv":[11.2,13.6,12.4,14],"texture":"#3"},"south":{"uv":[13.6,11.2,14.8,11.6],"texture":"#3"},"west":{"uv":[13.6,12,14.8,12.4],"texture":"#3"},"up":{"uv":[9.2,11.6,8,10.4],"texture":"#3"},"down":{"uv":[2,11.2,0.8,12.4],"texture":"#3"}}},{"from":[7.25,13.25,7.25],"to":[8.75,13.75,8.75],"rotation":{"angle":0,"axis":"y","origin":[8,13.75,8]},"faces":{"north":{"uv":[13.6,10.4,14.8,10.8],"texture":"#3"},"east":{"uv":[11.2,13.6,12.4,14],"texture":"#3"},"south":{"uv":[13.6,11.2,14.8,11.6],"texture":"#3"},"west":{"uv":[13.6,12,14.8,12.4],"texture":"#3"},"up":{"uv":[9.2,11.6,8,10.4],"texture":"#3"},"down":{"uv":[2,11.2,0.8,12.4],"texture":"#3"}}},{"from":[7.25,22.25,7.25],"to":[8.75,22.75,8.75],"rotation":{"angle":0,"axis":"y","origin":[8,22.75,8]},"faces":{"north":{"uv":[13.6,10.4,14.8,10.8],"texture":"#3"},"east":{"uv":[11.2,13.6,12.4,14],"texture":"#3"},"south":{"uv":[13.6,11.2,14.8,11.6],"texture":"#3"},"west":{"uv":[13.6,12,14.8,12.4],"texture":"#3"},"up":{"uv":[9.2,11.6,8,10.4],"texture":"#3"},"down":{"uv":[2,11.2,0.8,12.4],"texture":"#3"}}},{"from":[7.5,2,7.5],"to":[8.5,3,8.5],"rotation":{"angle":0,"axis":"y","origin":[8,2.5,8]},"faces":{"north":{"uv":[12.8,9.6,13.6,10.4],"texture":"#3"},"east":{"uv":[12.8,10.4,13.6,11.2],"texture":"#3"},"south":{"uv":[12.8,11.2,13.6,12],"texture":"#3"},"west":{"uv":[12,12.8,12.8,13.6],"texture":"#3"}}},{"from":[7.25,10.25,7.25],"to":[8.75,11.75,8.75],"rotation":{"angle":-45,"axis":"x","origin":[8,11,8]},"faces":{"north":{"uv":[11.2,3.2,12.4,4.4],"texture":"#3"},"east":{"uv":[11.2,4.8,12.4,6],"texture":"#3"},"south":{"uv":[11.2,6.4,12.4,7.6],"texture":"#3"},"west":{"uv":[11.2,8,12.4,9.2],"texture":"#3"},"up":{"uv":[10.8,12.4,9.6,11.2],"texture":"#3"},"down":{"uv":[12.4,9.6,11.2,10.8],"texture":"#3"}}},{"from":[7.15,0.25,7.25],"to":[8.85,1.75,8.75],"rotation":{"angle":-45,"axis":"x","origin":[8,1,8]},"faces":{"north":{"uv":[9.6,4.8,11,6],"texture":"#3"},"east":{"uv":[11.2,11.2,12.4,12.4],"texture":"#3"},"south":{"uv":[9.6,6.4,11,7.6],"texture":"#3"},"west":{"uv":[12,0,13.2,1.2],"texture":"#3"},"up":{"uv":[11,9.2,9.6,8],"texture":"#3"},"down":{"uv":[11,9.6,9.6,10.8],"texture":"#3"}}},{"from":[6.9,0.5,7.5],"to":[9.1,1.5,8.5],"rotation":{"angle":-45,"axis":"x","origin":[8,1,8]},"faces":{"north":{"uv":[12,1.6,13.8,2.4],"texture":"#3"},"east":{"uv":[12.8,12,13.6,12.8],"texture":"#3"},"south":{"uv":[12,2.4,13.8,3.2],"texture":"#3"},"west":{"uv":[12.8,12.8,13.6,13.6],"texture":"#3"},"up":{"uv":[8.2,12.8,6.4,12],"texture":"#3"},"down":{"uv":[1.8,12.8,0,13.6],"texture":"#3"}}},{"from":[7.5,8.75,7.5],"to":[8.5,13.25,8.5],"rotation":{"angle":45,"axis":"y","origin":[8,9.25,8]},"faces":{"north":{"uv":[0,5.6,0.8,9.2],"texture":"#3"},"east":{"uv":[0.8,5.6,1.6,9.2],"texture":"#3"},"south":{"uv":[1.6,5.6,2.4,9.2],"texture":"#3"},"west":{"uv":[2.4,5.6,3.2,9.2],"texture":"#3"},"up":{"uv":[0.8,14.4,0,13.6],"texture":"#3"},"down":{"uv":[14.4,0,13.6,0.8],"texture":"#3"}}},{"from":[7.6,3.5,7.6],"to":[8.4,8.25,8.4],"rotation":{"angle":45,"axis":"y","origin":[8,4,8]},"faces":{"north":{"uv":[6.4,8,7,11.8],"texture":"#3"},"east":{"uv":[8,6.4,8.6,10.2],"texture":"#3"},"south":{"uv":[7.2,8,7.8,11.8],"texture":"#3"},"west":{"uv":[3.2,8.8,3.8,12.6],"texture":"#3"},"up":{"uv":[15,0.6,14.4,0],"texture":"#3"},"down":{"uv":[2.2,14.4,1.6,15],"texture":"#3"}}},{"from":[7.6,13.75,7.6],"to":[8.4,18.5,8.4],"rotation":{"angle":45,"axis":"y","origin":[8,15.25,8]},"faces":{"north":{"uv":[4,8.8,4.6,12.6],"texture":"#3"},"east":{"uv":[4.8,8.8,5.4,12.6],"texture":"#3"},"south":{"uv":[5.6,8.8,6.2,12.6],"texture":"#3"},"west":{"uv":[8.8,6.4,9.4,10.2],"texture":"#3"},"up":{"uv":[15,2.2,14.4,1.6],"texture":"#3"},"down":{"uv":[3,14.4,2.4,15],"texture":"#3"}}},{"from":[7,22.75,7],"to":[9,24.75,9],"rotation":{"angle":0,"axis":"y","origin":[7,22.75,7]},"faces":{"north":{"uv":[6.4,4.8,8,6.4],"texture":"#3"},"east":{"uv":[6.4,6.4,8,8],"texture":"#3"},"south":{"uv":[8,0,9.6,1.6],"texture":"#3"},"west":{"uv":[8,1.6,9.6,3.2],"texture":"#3"},"up":{"uv":[9.6,4.8,8,3.2],"texture":"#3"},"down":{"uv":[9.6,4.8,8,6.4],"texture":"#3"}}},{"from":[7,22.75,4.75],"to":[9,23.25,7],"rotation":{"angle":0,"axis":"y","origin":[7,22.75,5]},"faces":{"north":{"uv":[0.8,13.6,2.4,14],"texture":"#3"},"east":{"uv":[12.8,7.2,14.6,7.6],"texture":"#3"},"west":{"uv":[12.8,8,14.6,8.4],"texture":"#3"},"up":{"uv":[8,1.8,6.4,0],"texture":"#3"},"down":{"uv":[8,2.4,6.4,4.2],"texture":"#3"}}},{"from":[7,24.25,4.75],"to":[9,24.75,7],"rotation":{"angle":0,"axis":"y","origin":[7,24.25,5]},"faces":{"north":{"uv":[13.6,0.8,15.2,1.2],"texture":"#3"},"east":{"uv":[12.8,8.8,14.6,9.2],"texture":"#3"},"west":{"uv":[9.6,12.8,11.4,13.2],"texture":"#3"},"up":{"uv":[4.8,8.2,3.2,6.4],"texture":"#3"},"down":{"uv":[6.4,6.4,4.8,8.2],"texture":"#3"}}},{"from":[7.25,23.25,5],"to":[8.75,24.25,7],"rotation":{"angle":0,"axis":"y","origin":[7,23.75,5]},"faces":{"north":{"uv":[7.2,12.8,8.4,13.6],"texture":"#3"},"east":{"uv":[5.6,12.8,7.2,13.6],"texture":"#3"},"west":{"uv":[12.8,6.4,14.4,7.2],"texture":"#3"}}},{"from":[7.75,25.29328,1.9471],"to":[8.25,25.79328,6.9471],"rotation":{"angle":22.5,"axis":"x","origin":[8,24.54328,3.9471]},"faces":{"north":{"uv":[8.5,1,7.5,0],"rotation":180,"texture":"#1"},"east":{"uv":[11,0,12,10],"rotation":90,"texture":"#1"},"south":{"uv":[8.5,2,7.5,3],"texture":"#1"},"west":{"uv":[15,0,16,10],"rotation":270,"texture":"#1"},"up":{"uv":[13,0,14,10],"texture":"#1"},"down":{"uv":[9,0,10,10],"rotation":180,"texture":"#1"}}},{"from":[7.985,21.79328,1.9471],"to":[8.015,25.29328,4.9471],"rotation":{"angle":22.5,"axis":"x","origin":[8,24.54328,3.9471]},"faces":{"east":{"uv":[0,0,7,6],"rotation":90,"texture":"#1"},"west":{"uv":[7,0,0,6],"rotation":270,"texture":"#1"}}},{"from":[7.75,25.29328,9.0529],"to":[8.25,25.79328,14.0529],"rotation":{"angle":-22.5,"axis":"x","origin":[8,24.54328,12.0529]},"faces":{"north":{"uv":[7.5,2,8.5,3],"texture":"#1"},"east":{"uv":[11,10,12,0],"rotation":90,"texture":"#1"},"south":{"uv":[7.5,1,8.5,0],"rotation":180,"texture":"#1"},"west":{"uv":[15,10,16,0],"rotation":270,"texture":"#1"},"up":{"uv":[13,10,14,0],"texture":"#1"},"down":{"uv":[9,10,10,0],"rotation":180,"texture":"#1"}}},{"from":[7.985,21.79328,11.0529],"to":[8.015,25.29328,14.0529],"rotation":{"angle":-22.5,"axis":"x","origin":[8,24.54328,12.0529]},"faces":{"east":{"uv":[0,6,7,0],"rotation":90,"texture":"#1"},"west":{"uv":[7,6,0,0],"rotation":270,"texture":"#1"}}},{"from":[7,22.75,9],"to":[9,23.25,11.25],"rotation":{"angle":0,"axis":"y","origin":[7,22.75,11]},"faces":{"east":{"uv":[14.6,7.2,12.8,7.6],"texture":"#3"},"south":{"uv":[2.4,13.6,0.8,14],"texture":"#3"},"west":{"uv":[14.6,8,12.8,8.4],"texture":"#3"},"up":{"uv":[8,0,6.4,1.8],"texture":"#3"},"down":{"uv":[8,4.2,6.4,2.4],"texture":"#3"}}},{"from":[7,24.25,9],"to":[9,24.75,11.25],"rotation":{"angle":0,"axis":"y","origin":[7,24.25,11]},"faces":{"east":{"uv":[14.6,8.8,12.8,9.2],"texture":"#3"},"south":{"uv":[15.2,0.8,13.6,1.2],"texture":"#3"},"west":{"uv":[11.4,12.8,9.6,13.2],"texture":"#3"},"up":{"uv":[4.8,6.4,3.2,8.2],"texture":"#3"},"down":{"uv":[6.4,8.2,4.8,6.4],"texture":"#3"}}},{"from":[7.25,23.25,9],"to":[8.75,24.25,11],"rotation":{"angle":0,"axis":"y","origin":[7,23.75,11]},"faces":{"east":{"uv":[7.2,12.8,5.6,13.6],"texture":"#3"},"south":{"uv":[8.4,12.8,7.2,13.6],"texture":"#3"},"west":{"uv":[14.4,6.4,12.8,7.2],"texture":"#3"}}},{"from":[7.04289,18.5,6.75],"to":[8.54289,22.25,8.25],"rotation":{"angle":-45,"axis":"y","origin":[7.29289,18.75,8]},"faces":{"north":{"uv":[3.6,0,4.8,3],"texture":"#3"},"east":{"uv":[3.6,3.2,4.8,6.2],"texture":"#3"},"south":{"uv":[4.8,0,6,3],"texture":"#3"},"west":{"uv":[4.8,3.2,6,6.2],"texture":"#3"},"up":{"uv":[3.6,14,2.4,12.8],"texture":"#3"},"down":{"uv":[14,3.2,12.8,4.4],"texture":"#3"}}},{"from":[7.75,24.75,7.5],"to":[8.25,28,8.5],"rotation":{"angle":0,"axis":"y","origin":[7.75,24.75,6.5]},"faces":{"north":{"uv":[2.4,9.6,2.8,12.2],"texture":"#3"},"east":{"uv":[0,9.6,0.8,12.2],"texture":"#3"},"south":{"uv":[8.8,12,9.2,14.6],"texture":"#3"},"west":{"uv":[9.6,0,10.4,2.6],"texture":"#3"},"up":{"uv":[14.8,3.2,14.4,2.4],"texture":"#3"},"down":{"uv":[3.6,14.4,3.2,15.2],"texture":"#3"}}},{"from":[7.985,24.75,6],"to":[8.015,31,10],"rotation":{"angle":0,"axis":"y","origin":[7.485,24.75,6.5]},"faces":{"east":{"uv":[3.2,0,0,5],"texture":"#3"},"west":{"uv":[0,0,3.2,5],"texture":"#3"}}},{"from":[7.7475,27.41366,7],"to":[8.2525,28.82866,8.415],"rotation":{"angle":-45,"axis":"x","origin":[7.9975,28.41366,8]},"faces":{"north":{"uv":[12.8,13.6,13.2,14.8],"texture":"#3"},"east":{"uv":[4,12.8,5.2,14],"texture":"#3"},"south":{"uv":[13.6,12.8,14,14],"texture":"#3"},"west":{"uv":[12.8,4.8,14,6],"texture":"#3"},"up":{"uv":[0.4,15.6,0,14.4],"texture":"#3"},"down":{"uv":[1.2,14.4,0.8,15.6],"texture":"#3"}}},{"from":[6.75,22,5.875],"to":[6.75,26.25,10.125],"rotation":{"angle":0,"axis":"y","origin":[6.75,22,5.875]},"faces":{"west":{"uv":[0,0,5.66667,5.66667],"texture":"#2"}}},{"from":[7,25.75,9],"to":[7,28,11.25],"rotation":{"angle":22.5,"axis":"x","origin":[7,25.75,9]},"faces":{"west":{"uv":[6.66667,0,9.66667,3],"texture":"#2"}}},{"from":[7,25.75,5],"to":[7,29,8.25],"rotation":{"angle":-22.5,"axis":"x","origin":[7,25.75,5]},"faces":{"west":{"uv":[0,6.66667,4.33333,11],"texture":"#2"}}},{"from":[9.25,22,5.875],"to":[9.25,26.25,10.125],"rotation":{"angle":0,"axis":"y","origin":[9.25,22,5.875]},"faces":{"east":{"uv":[5.66667,0,0,5.66667],"texture":"#2"}}},{"from":[9,25.75,9],"to":[9,28,11.25],"rotation":{"angle":22.5,"axis":"x","origin":[9,25.75,9]},"faces":{"east":{"uv":[9.66667,0,6.66667,3],"texture":"#2"}}},{"from":[9,25.75,5],"to":[9,29,8.25],"rotation":{"angle":-22.5,"axis":"x","origin":[9,25.75,5]},"faces":{"east":{"uv":[4.33333,6.66667,0,11],"texture":"#2"}}}],"gui_light":"front","display":{"thirdperson_righthand":{"translation":[0,-5,1]},"thirdperson_lefthand":{"translation":[0,-5,1]},"firstperson_righthand":{"rotation":[-10,0,0],"translation":[3.75,-7.25,-0.75]},"firstperson_lefthand":{"rotation":[-10,0,0],"translation":[3.75,-7.25,-0.75]},"ground":{"rotation":[-45,0,0],"translation":[0,3,0],"scale":[0.7,0.7,0.7]},"gui":{"rotation":[-90,45,90],"translation":[3.75,-3.75,0],"scale":[0.7,0.7,0.7]},"head":{"rotation":[0,-90,0]},"fixed":{"rotation":[0,-90,0],"translation":[0,-8,-1.5],"scale":[2,2,2]}}}