{"credit":"Polygony Creation Co.,Ltd.","texture_size":[12,12],"textures":{"1":"independence_dayset:american_flag","2":"independence_dayset:animations/star_animation","3":"independence_dayset:staff","particle":"independence_dayset:animations/star_animation"},"elements":[{"from":[7.25,1.5,7.25],"to":[8.75,2,8.75],"rotation":{"angle":0,"axis":"y","origin":[8,2,8]},"faces":{"north":{"uv":[2,12.66667,3,13],"texture":"#3"},"east":{"uv":[12.66667,2,13.66667,2.33333],"texture":"#3"},"south":{"uv":[12.66667,2.66667,13.66667,3],"texture":"#3"},"west":{"uv":[12.66667,3.33333,13.66667,3.66667],"texture":"#3"},"up":{"uv":[10.33333,8.33333,9.33333,7.33333],"texture":"#3"},"down":{"uv":[9,9.33333,8,10.33333],"texture":"#3"}}},{"from":[7.25,8.25,7.25],"to":[8.75,8.75,8.75],"rotation":{"angle":0,"axis":"y","origin":[8,8.75,8]},"faces":{"north":{"uv":[12.66667,4,13.66667,4.33333],"texture":"#3"},"east":{"uv":[12.66667,4.66667,13.66667,5],"texture":"#3"},"south":{"uv":[12.66667,5.33333,13.66667,5.66667],"texture":"#3"},"west":{"uv":[12.66667,6,13.66667,6.33333],"texture":"#3"},"up":{"uv":[10.33333,9.66667,9.33333,8.66667],"texture":"#3"},"down":{"uv":[1,10,0,11],"texture":"#3"}}},{"from":[7.25,3,7.25],"to":[8.75,3.5,8.75],"rotation":{"angle":0,"axis":"y","origin":[8,3.5,8]},"faces":{"north":{"uv":[12.66667,6.66667,13.66667,7],"texture":"#3"},"east":{"uv":[12.66667,7.33333,13.66667,7.66667],"texture":"#3"},"south":{"uv":[8,12.66667,9,13],"texture":"#3"},"west":{"uv":[12.66667,8,13.66667,8.33333],"texture":"#3"},"up":{"uv":[3,11,2,10],"texture":"#3"},"down":{"uv":[11,2,10,3],"texture":"#3"}}},{"from":[7.25,13.25,7.25],"to":[8.75,13.75,8.75],"rotation":{"angle":0,"axis":"y","origin":[8,13.75,8]},"faces":{"north":{"uv":[12.66667,8.66667,13.66667,9],"texture":"#3"},"east":{"uv":[9.33333,12.66667,10.33333,13],"texture":"#3"},"south":{"uv":[12.66667,9.33333,13.66667,9.66667],"texture":"#3"},"west":{"uv":[12.66667,10,13.66667,10.33333],"texture":"#3"},"up":{"uv":[4.33333,11,3.33333,10],"texture":"#3"},"down":{"uv":[11,3.33333,10,4.33333],"texture":"#3"}}},{"from":[7.25,20.25,7.25],"to":[8.75,20.75,8.75],"rotation":{"angle":0,"axis":"y","origin":[8,20.75,8]},"faces":{"north":{"uv":[10.66667,12.66667,11.66667,13],"texture":"#3"},"east":{"uv":[12.66667,10.66667,13.66667,11],"texture":"#3"},"south":{"uv":[12.66667,11.33333,13.66667,11.66667],"texture":"#3"},"west":{"uv":[12,12.66667,13,13],"texture":"#3"},"down":{"uv":[5.66667,10,4.66667,11],"texture":"#3"}}},{"from":[7.5,2,7.5],"to":[8.5,3,8.5],"rotation":{"angle":0,"axis":"y","origin":[8,2.5,8]},"faces":{"north":{"uv":[6.66667,4.66667,7.33333,5.33333],"texture":"#3"},"east":{"uv":[3.33333,8,4,8.66667],"texture":"#3"},"south":{"uv":[8,12,8.66667,12.66667],"texture":"#3"},"west":{"uv":[8.66667,12,9.33333,12.66667],"texture":"#3"}}},{"from":[7.25,10.25,7.25],"to":[8.75,11.75,8.75],"rotation":{"angle":-45,"axis":"x","origin":[8,11,8]},"faces":{"north":{"uv":[10,4.66667,11,5.66667],"texture":"#3"},"east":{"uv":[6,10,7,11],"texture":"#3"},"south":{"uv":[10,6,11,7],"texture":"#3"},"west":{"uv":[9.33333,10,10.33333,11],"texture":"#3"},"up":{"uv":[11.66667,8.33333,10.66667,7.33333],"texture":"#3"},"down":{"uv":[9,10.66667,8,11.66667],"texture":"#3"}}},{"from":[7.15,0.25,7.25],"to":[8.85,1.75,8.75],"rotation":{"angle":-45,"axis":"x","origin":[8,1,8]},"faces":{"north":{"uv":[8,3.33333,9.16667,4.33333],"texture":"#3"},"east":{"uv":[10.66667,8.66667,11.66667,9.66667],"texture":"#3"},"south":{"uv":[8,7.33333,9.16667,8.33333],"texture":"#3"},"west":{"uv":[10.66667,10,11.66667,11],"texture":"#3"},"up":{"uv":[1.16667,9.66667,0,8.66667],"texture":"#3"},"down":{"uv":[4.5,8.66667,3.33333,9.66667],"texture":"#3"}}},{"from":[6.9,0.5,7.5],"to":[9.1,1.5,8.5],"rotation":{"angle":-45,"axis":"x","origin":[8,1,8]},"faces":{"north":{"uv":[0,11.33333,1.5,12],"texture":"#3"},"east":{"uv":[12,8.66667,12.66667,9.33333],"texture":"#3"},"south":{"uv":[11.33333,0,12.83333,0.66667],"texture":"#3"},"west":{"uv":[9.33333,12,10,12.66667],"texture":"#3"},"up":{"uv":[12.83333,1.33333,11.33333,0.66667],"texture":"#3"},"down":{"uv":[12.83333,1.33333,11.33333,2],"texture":"#3"}}},{"from":[7.5,8.75,7.5],"to":[8.5,13.25,8.5],"rotation":{"angle":45,"axis":"y","origin":[8,9.25,8]},"faces":{"north":{"uv":[1.33333,2.66667,2,5.66667],"texture":"#3"},"east":{"uv":[2,2.66667,2.66667,5.66667],"texture":"#3"},"south":{"uv":[2.66667,2.66667,3.33333,5.66667],"texture":"#3"},"west":{"uv":[3.33333,2.66667,4,5.66667],"texture":"#3"},"up":{"uv":[12.66667,10,12,9.33333],"texture":"#3"},"down":{"uv":[10.66667,12,10,12.66667],"texture":"#3"}}},{"from":[7.6,3.5,7.6],"to":[8.4,8.25,8.4],"rotation":{"angle":45,"axis":"y","origin":[8,4,8]},"faces":{"north":{"uv":[4,5.33333,4.5,8.5],"texture":"#3"},"east":{"uv":[4.66667,5.33333,5.16667,8.5],"texture":"#3"},"south":{"uv":[5.33333,5.33333,5.83333,8.5],"texture":"#3"},"west":{"uv":[1.33333,6,1.83333,9.16667],"texture":"#3"},"up":{"uv":[1.16667,13.16667,0.66667,12.66667],"texture":"#3"},"down":{"uv":[13.16667,12,12.66667,12.5],"texture":"#3"}}},{"from":[7.6,13.75,7.6],"to":[8.4,16.5,8.4],"rotation":{"angle":45,"axis":"y","origin":[8,15.25,8]},"faces":{"north":{"uv":[4.66667,11.33333,5.16667,13.16667],"texture":"#3"},"east":{"uv":[5.33333,11.33333,5.83333,13.16667],"texture":"#3"},"south":{"uv":[11.33333,5.33333,11.83333,7.16667],"texture":"#3"},"west":{"uv":[6,11.33333,6.5,13.16667],"texture":"#3"},"up":{"uv":[0.5,13.83333,0,13.33333],"texture":"#3"},"down":{"uv":[13.83333,0,13.33333,0.5],"texture":"#3"}}},{"from":[7,20.75,7],"to":[9,22.75,9],"rotation":{"angle":0,"axis":"y","origin":[7,20.75,7]},"faces":{"north":{"uv":[4,0,5.33333,1.33333],"texture":"#3"},"east":{"uv":[4,1.33333,5.33333,2.66667],"texture":"#3"},"south":{"uv":[4,2.66667,5.33333,4],"texture":"#3"},"west":{"uv":[4,4,5.33333,5.33333],"texture":"#3"},"up":{"uv":[1.33333,6.66667,0,5.33333],"texture":"#3"},"down":{"uv":[6.66667,0,5.33333,1.33333],"texture":"#3"}}},{"from":[7.75,23.79328,2.4471],"to":[8.25,24.29328,7.4471],"rotation":{"angle":45,"axis":"x","origin":[8,23.04328,4.4471]},"faces":{"north":{"uv":[7.50357,0,8.50179,1.00714],"rotation":180,"texture":"#1"},"east":{"uv":[15.00179,0,16,10.00714],"rotation":90,"texture":"#1"},"west":{"uv":[11.00357,0,12.00179,10.00714],"rotation":270,"texture":"#1"},"up":{"uv":[9.00357,0,10.00179,10.00714],"texture":"#1"},"down":{"uv":[13.00357,0,14.00179,10.00714],"rotation":180,"texture":"#1"}}},{"from":[7.985,20.29328,2.4471],"to":[8.015,23.79328,5.4471],"rotation":{"angle":45,"axis":"x","origin":[8,23.04328,4.4471]},"faces":{"east":{"uv":[0,0,7,6.00179],"rotation":90,"texture":"#1"},"west":{"uv":[7,0,0,6.00179],"rotation":270,"texture":"#1"}}},{"from":[7.985,20.29328,10.5529],"to":[8.015,23.79328,13.5529],"rotation":{"angle":-45,"axis":"x","origin":[8,23.04328,11.5529]},"faces":{"east":{"uv":[0,6.00179,7,0],"rotation":90,"texture":"#1"},"west":{"uv":[7,6.00179,0,0],"rotation":270,"texture":"#1"}}},{"from":[7.75,23.79328,8.5529],"to":[8.25,24.29328,13.5529],"rotation":{"angle":-45,"axis":"x","origin":[8,23.04328,11.5529]},"faces":{"east":{"uv":[15.00179,10.00714,16,0],"rotation":90,"texture":"#1"},"south":{"uv":[8.50179,0,7.50357,1.00714],"rotation":180,"texture":"#1"},"west":{"uv":[11.00357,10.00714,12.00179,0],"rotation":270,"texture":"#1"},"up":{"uv":[9.00357,10.00714,10.00179,0],"texture":"#1"},"down":{"uv":[13.00357,10.00714,14.00179,0],"rotation":180,"texture":"#1"}}},{"from":[7.04289,16.5,6.75],"to":[8.54289,20.25,8.25],"rotation":{"angle":-45,"axis":"y","origin":[7.29289,16.75,8]},"faces":{"north":{"uv":[0,0,1,2.5],"texture":"#3"},"east":{"uv":[1.33333,0,2.33333,2.5],"texture":"#3"},"south":{"uv":[0,2.66667,1,5.16667],"texture":"#3"},"west":{"uv":[2.66667,0,3.66667,2.5],"texture":"#3"},"up":{"uv":[3,12.33333,2,11.33333],"texture":"#3"},"down":{"uv":[12.33333,2,11.33333,3],"texture":"#3"}}},{"from":[7.5,24,6],"to":[8.5,26.6,7.25],"rotation":{"angle":22.5,"axis":"x","origin":[7.5,24,6]},"faces":{"north":{"uv":[7.33333,9.33333,8,11],"texture":"#3"},"east":{"uv":[0,6.66667,0.83333,8.33333],"texture":"#3"},"west":{"uv":[6.66667,0,7.5,1.66667],"texture":"#3"},"down":{"uv":[12.66667,7.33333,12,8.16667],"texture":"#3"}}},{"from":[7.5085,23.03153,5.50967],"to":[8.4915,24.03153,8.05967],"rotation":{"angle":-45,"axis":"x","origin":[7.5085,25.03153,5.50967]},"faces":{"east":{"uv":[9.33333,0.66667,11,1.33333],"texture":"#3"},"west":{"uv":[9.33333,1.33333,11,2],"texture":"#3"},"down":{"uv":[10,5.33333,9.33333,7],"texture":"#3"}}},{"from":[7.5,25.66563,5.50342],"to":[8.5,26.91563,7.75342],"rotation":{"angle":0,"axis":"x","origin":[8,26.20526,6.56103]},"faces":{"north":{"uv":[7.33333,12,8,12.83333],"texture":"#3"},"east":{"uv":[7.33333,6,8.83333,6.83333],"texture":"#3"},"west":{"uv":[8,2,9.5,2.83333],"texture":"#3"},"up":{"uv":[4.66667,12.83333,4,11.33333],"texture":"#3"}}},{"from":[7.5035,25.53295,5.69476],"to":[8.4965,26.53295,7.62776],"rotation":{"angle":22.5,"axis":"x","origin":[8.0035,26.20526,6.56103]},"faces":{"east":{"uv":[11.33333,11.33333,12.66667,12],"texture":"#3"},"west":{"uv":[0,12,1.33333,12.66667],"texture":"#3"},"down":{"uv":[2,12,1.33333,13.33333],"texture":"#3"}}},{"from":[7.5035,25.53295,8.37224],"to":[8.4965,26.53295,10.30524],"rotation":{"angle":-22.5,"axis":"x","origin":[8.0035,26.20526,9.43897]},"faces":{"east":{"uv":[6.66667,11.33333,8,12],"texture":"#3"},"west":{"uv":[9.33333,11.33333,10.66667,12],"texture":"#3"},"down":{"uv":[11.33333,11.33333,10.66667,12.66667],"texture":"#3"}}},{"from":[7.5085,25.82153,7.13872],"to":[8.4915,28.32153,8.63872],"rotation":{"angle":22.5,"axis":"x","origin":[8.0085,27.45526,7.81103]},"faces":{"north":{"uv":[9.33333,3.33333,10,5],"texture":"#3"},"east":{"uv":[5.33333,1.33333,6.33333,3],"texture":"#3"},"west":{"uv":[5.33333,3.33333,6.33333,5],"texture":"#3"},"up":{"uv":[12.66667,4.33333,12,3.33333],"texture":"#3"}}},{"from":[7.5,27.51287,7.5215],"to":[8.5,28.51287,8.4785],"rotation":{"angle":0,"axis":"x","origin":[8,27.6466,8.19381]},"faces":{"north":{"uv":[12,10,12.66667,10.66667],"texture":"#3"},"east":{"uv":[12,10.66667,12.66667,11.33333],"texture":"#3"},"south":{"uv":[11.33333,12,12,12.66667],"texture":"#3"},"west":{"uv":[12,12,12.66667,12.66667],"texture":"#3"},"up":{"uv":[0.66667,13.33333,0,12.66667],"texture":"#3"}}},{"from":[7.5035,26.07153,7.56128],"to":[8.4965,28.32153,8.86128],"rotation":{"angle":-22.5,"axis":"x","origin":[8.0035,27.45526,8.18897]},"faces":{"east":{"uv":[8,0,8.83333,1.5],"texture":"#3"},"south":{"uv":[11.33333,3.33333,12,4.83333],"texture":"#3"},"west":{"uv":[2,8,2.83333,9.5],"texture":"#3"},"up":{"uv":[7.33333,12.83333,6.66667,12],"texture":"#3"}}},{"from":[7.5,25.66563,8.24658],"to":[8.5,26.91563,10.49658],"rotation":{"angle":0,"axis":"x","origin":[8,26.20526,9.43897]},"faces":{"east":{"uv":[7.33333,4.66667,8.83333,5.5],"texture":"#3"},"south":{"uv":[12,6,12.66667,6.83333],"texture":"#3"},"west":{"uv":[6,7.33333,7.5,8.16667],"texture":"#3"},"up":{"uv":[4,12.83333,3.33333,11.33333],"texture":"#3"}}},{"from":[7.5,24,8.75],"to":[8.5,26.6,10],"rotation":{"angle":-22.5,"axis":"x","origin":[7.5,24,10]},"faces":{"east":{"uv":[2,6,2.83333,7.66667],"texture":"#3"},"south":{"uv":[1.33333,9.33333,2,11],"texture":"#3"},"west":{"uv":[6,5.33333,6.83333,7],"texture":"#3"},"down":{"uv":[12.66667,4.66667,12,5.5],"texture":"#3"}}},{"from":[7.5035,23.03153,7.96533],"to":[8.4965,24.03153,10.49033],"rotation":{"angle":45,"axis":"x","origin":[7.5035,25.03153,10.49033]},"faces":{"east":{"uv":[7.33333,8.66667,9,9.33333],"texture":"#3"},"west":{"uv":[9.33333,0,11,0.66667],"texture":"#3"},"down":{"uv":[4,6,3.33333,7.66667],"texture":"#3"}}},{"from":[7.4975,25.15,6.7],"to":[8.5025,26.775,8.325],"rotation":{"angle":45,"axis":"x","origin":[7.4975,25.475,8]},"faces":{"east":{"uv":[4.66667,8.66667,5.66667,9.83333],"texture":"#3"},"west":{"uv":[6,8.66667,7,9.83333],"texture":"#3"}}},{"from":[6.75,20,5.875],"to":[6.75,24.25,10.125],"rotation":{"angle":0,"axis":"y","origin":[6.75,20,5.875]},"faces":{"west":{"uv":[0,0,5.66667,5.66667],"texture":"#2"}}},{"from":[7,23.75,9],"to":[7,26,11.25],"rotation":{"angle":22.5,"axis":"x","origin":[7,23.75,9]},"faces":{"west":{"uv":[6.66667,0,9.66667,3],"texture":"#2"}}},{"from":[7,23.75,5],"to":[7,27,8.25],"rotation":{"angle":-22.5,"axis":"x","origin":[7,23.75,5]},"faces":{"west":{"uv":[0,6.66667,4.33333,11],"texture":"#2"}}},{"from":[9.25,20,5.875],"to":[9.25,24.25,10.125],"rotation":{"angle":0,"axis":"y","origin":[9.25,20,5.875]},"faces":{"east":{"uv":[5.66667,0,0,5.66667],"texture":"#2"}}},{"from":[9,23.75,9],"to":[9,26,11.25],"rotation":{"angle":22.5,"axis":"x","origin":[9,23.75,9]},"faces":{"east":{"uv":[9.66667,0,6.66667,3],"texture":"#2"}}},{"from":[9,23.75,5],"to":[9,27,8.25],"rotation":{"angle":-22.5,"axis":"x","origin":[9,23.75,5]},"faces":{"east":{"uv":[4.33333,6.66667,0,11],"texture":"#2"}}}],"gui_light":"front","display":{"thirdperson_righthand":{"translation":[0,-5,1]},"thirdperson_lefthand":{"translation":[0,-5,1]},"firstperson_righthand":{"rotation":[-10,0,0],"translation":[3.75,-7.25,-0.75]},"firstperson_lefthand":{"rotation":[-10,0,0],"translation":[3.75,-7.25,-0.75]},"ground":{"rotation":[-45,0,0],"translation":[0,3,0],"scale":[0.7,0.7,0.7]},"gui":{"rotation":[-90,45,90],"translation":[3.5,-3.5,0],"scale":[0.7,0.7,0.7]},"head":{"rotation":[0,-90,0]},"fixed":{"rotation":[0,-90,0],"translation":[0,-8,-1.5],"scale":[2,2,2]}}}