{"credit":"Polygony Creation Co.,Ltd.","texture_size":[12,12],"textures":{"1":"independence_dayset:wings","2":"independence_dayset:animations/star_animation","particle":"independence_dayset:animations/star_animation"},"elements":[{"from":[7.25,-10.75,7.75],"to":[8.75,-9.25,8.25],"rotation":{"angle":45,"axis":"z","origin":[8,-10,8]},"faces":{"north":{"uv":[0.57143,11.85714,2.28571,13.57143],"texture":"#1","tintindex":0},"east":{"uv":[13.14286,0.42857,13.71429,2.14286],"texture":"#1","tintindex":0},"south":{"uv":[2.28571,11.85714,4,13.57143],"texture":"#1","tintindex":0},"west":{"uv":[13.14286,2.14286,13.71429,3.85714],"texture":"#1","tintindex":0},"up":{"uv":[14.85714,4.42857,13.14286,3.85714],"texture":"#1","tintindex":0},"down":{"uv":[14.85714,4.42857,13.14286,5],"texture":"#1","tintindex":0}}},{"from":[7.375,-10.625,7.625],"to":[8.625,-9.375,8.375],"rotation":{"angle":45,"axis":"z","origin":[8,-10,8]},"faces":{"north":{"uv":[4,11.85714,5.42857,13.28571],"texture":"#1","tintindex":0},"east":{"uv":[7.42857,11.85714,8.28571,13.28571],"texture":"#1","tintindex":0},"south":{"uv":[5.71429,11.85714,7.14286,13.28571],"texture":"#1","tintindex":0},"west":{"uv":[8.57143,11.85714,9.42857,13.28571],"texture":"#1","tintindex":0},"up":{"uv":[11.14286,12.71429,9.71429,11.85714],"texture":"#1","tintindex":0},"down":{"uv":[12.85714,11.85714,11.42857,12.71429],"texture":"#1","tintindex":0}}},{"from":[8.5,-13.625,7.875],"to":[19.5,-3.625,7.89],"rotation":{"angle":-22.5,"axis":"y","origin":[8.5,-12.625,7.875]},"faces":{"north":{"uv":[0,0,12.57143,11.42857],"texture":"#1","tintindex":0},"south":{"uv":[12.57143,0,0,11.42857],"texture":"#1","tintindex":0}}},{"from":[-3.5,-13.625,7.875],"to":[7.5,-3.625,7.89],"rotation":{"angle":22.5,"axis":"y","origin":[7.5,-12.625,7.875]},"faces":{"north":{"uv":[12.57143,0,0,11.42857],"texture":"#1","tintindex":0},"south":{"uv":[0,0,12.57143,11.42857],"texture":"#1","tintindex":0}}},{"from":[10.25,-11.125,8.4375],"to":[12.375,-9,8.4375],"rotation":{"angle":-22.5,"axis":"y","origin":[11.3125,-10.0625,8.4375]},"faces":{"north":{"uv":[0,0,5.66667,5.66667],"texture":"#2","tintindex":0}}},{"from":[9.5625,-8.25,7.9375],"to":[10.6875,-7.125,7.9375],"rotation":{"angle":22.5,"axis":"z","origin":[10.6875,-8.25,7.9375]},"faces":{"north":{"uv":[6.66667,0,9.66667,3],"texture":"#2","tintindex":0}}},{"from":[11.1875,-9.25,8.9375],"to":[12.8125,-7.625,8.9375],"rotation":{"angle":-22.5,"axis":"z","origin":[12.8125,-9.25,8.9375]},"faces":{"north":{"uv":[0,6.66667,4.33333,11],"texture":"#2","tintindex":0}}},{"from":[3.625,-11.125,8.4375],"to":[5.75,-9,8.4375],"rotation":{"angle":22.5,"axis":"y","origin":[4.6875,-10.0625,8.4375]},"faces":{"north":{"uv":[5.66667,0,0,5.66667],"texture":"#2","tintindex":0}}},{"from":[3.1875,-9.25,8.9375],"to":[4.8125,-7.625,8.9375],"rotation":{"angle":22.5,"axis":"z","origin":[3.1875,-9.25,8.9375]},"faces":{"north":{"uv":[4.33333,6.66667,0,11],"texture":"#2","tintindex":0}}},{"from":[5.3125,-8.25,7.9375],"to":[6.4375,-7.125,7.9375],"rotation":{"angle":-22.5,"axis":"z","origin":[5.3125,-8.25,7.9375]},"faces":{"north":{"uv":[9.66667,0,6.66667,3],"texture":"#2","tintindex":0}}}],"gui_light":"front","display":{"thirdperson_righthand":{"rotation":[-127.25,0,-180],"scale":[0.7,0.7,0.7]},"thirdperson_lefthand":{"rotation":[66,0,0],"translation":[-5.5,-6.5,10]},"firstperson_righthand":{"rotation":[154.25,0,-180],"translation":[3.25,1.25,1],"scale":[0.5,0.5,0.5]},"firstperson_lefthand":{"rotation":[154.25,0,-180],"translation":[3.25,1.25,1],"scale":[0,0,0]},"ground":{"rotation":[-45,0,0],"translation":[0,3,0],"scale":[0.7,0.7,0.7]},"gui":{"rotation":[0,180,0],"translation":[0,17.5,0]},"head":{"translation":[0,-52.5,7],"scale":[3.2,3.2,3.2]},"fixed":{"rotation":[0,180,0],"translation":[0,0,-1.75],"scale":[2,2,2]}}}