{"format_version":"1.9.0","credit":"Pologony Creation Co.,Ltd.","textures":{"1":"plny_christmas_2025_set:assets_1","3":"plny_christmas_2025_set:animated/animated_1","5":"plny_christmas_2025_set:crossbow","particle":"plny_christmas_2025_set:assets_1"},"elements":[{"from":[8.875,8.375,1.75],"to":[9.625,10.375,3.75],"rotation":{"angle":-22.5,"axis":"z","origin":[9.25,9.375,2.75]},"faces":{"north":{"uv":[10,14,10.3,14.8],"texture":"#5"},"east":{"uv":[11.2,2.8,12,3.6],"texture":"#5"},"south":{"uv":[14,11.2,14.3,12],"texture":"#5"},"west":{"uv":[11.6,0,12.4,0.8],"texture":"#5"},"up":{"uv":[14.3,13.2,14,12.4],"texture":"#5"},"down":{"uv":[13.1,14,12.8,14.8],"texture":"#5"}}},{"from":[10.73949,8.63276,-0.52685],"to":[13.23949,10.13276,1.97315],"rotation":{"angle":45,"axis":"y","origin":[14,9.38276,2.78947]},"faces":{"north":{"uv":[0,12.4,0.6,13.4],"rotation":270,"texture":"#5"},"east":{"uv":[4.2,13.4,3.6,12.4],"rotation":90,"texture":"#5"},"south":{"uv":[12.4,2.4,13,3.4],"rotation":90,"texture":"#5"},"west":{"uv":[10.6,12.4,10,13.4],"rotation":90,"texture":"#5"},"up":{"uv":[8.4,9.6,9.4,10.6],"rotation":90,"texture":"#5"},"down":{"uv":[9.6,1.2,10.6,2.2],"rotation":90,"texture":"#5"}}},{"from":[10.98949,8.13276,-0.27685],"to":[12.98949,10.63276,1.72315],"rotation":{"angle":45,"axis":"y","origin":[14,9.38276,2.78947]},"faces":{"north":{"uv":[9.6,2.8,10.6,3.6],"rotation":270,"texture":"#5"},"east":{"uv":[11,10,10,9.2],"rotation":90,"texture":"#5"},"south":{"uv":[10,8,11,8.8],"rotation":90,"texture":"#5"},"west":{"uv":[3.4,10.4,2.4,11.2],"rotation":90,"texture":"#5"},"up":{"uv":[11.6,8,12.4,8.8],"rotation":90,"texture":"#5"},"down":{"uv":[11.6,6.8,12.4,7.6],"rotation":90,"texture":"#5"}}},{"from":[14.57077,9.36776,1.49837],"to":[18.57077,9.39776,4.24837],"rotation":{"angle":-22.5,"axis":"y","origin":[14,9.38276,2.78947]},"faces":{"up":{"uv":[0,0,2.75,4],"rotation":270,"texture":"#1"},"down":{"uv":[2.75,0,0,4],"rotation":270,"texture":"#1"}}},{"from":[14.26559,9.37276,1.90312],"to":[17.26559,9.39276,3.65312],"rotation":{"angle":22.5,"axis":"y","origin":[14,9.38276,2.78947]},"faces":{"up":{"uv":[4,0,5.75,3],"rotation":270,"texture":"#1"},"down":{"uv":[5.75,0,4,3],"rotation":270,"texture":"#1"}}},{"from":[12.68588,9.37776,-0.07051],"to":[14.43588,9.38776,2.92949],"rotation":{"angle":-45,"axis":"y","origin":[14,9.38276,2.78947]},"faces":{"up":{"uv":[5.75,0,4,3],"rotation":180,"texture":"#1"},"down":{"uv":[4,0,5.75,3],"texture":"#1"}}},{"from":[11.3839,8.75776,2.39216],"to":[14.8839,10.00776,3.64216],"rotation":{"angle":-22.5,"axis":"y","origin":[14,9.38276,2.78947]},"faces":{"north":{"uv":[4,10.4,4.5,11.8],"rotation":270,"texture":"#5"},"east":{"uv":[7.3,14.5,6.8,14],"rotation":90,"texture":"#5"},"south":{"uv":[10,10.4,10.5,11.8],"rotation":90,"texture":"#5"},"west":{"uv":[14.5,8.4,14,8.9],"rotation":90,"texture":"#5"},"up":{"uv":[6.8,10.8,7.3,12.2],"rotation":90,"texture":"#5"},"down":{"uv":[10.4,5.6,10.9,7],"rotation":90,"texture":"#5"}}},{"from":[13.71866,8.76276,2.76065],"to":[14.96866,10.00276,5.51065],"rotation":{"angle":0,"axis":"y","origin":[14,9.38276,2.78947]},"faces":{"east":{"uv":[6.1,13.9,5.6,12.8],"rotation":90,"texture":"#5"},"west":{"uv":[13.3,5.6,12.8,6.7],"rotation":90,"texture":"#5"},"up":{"uv":[12.8,0,13.9,0.5],"rotation":90,"texture":"#5"},"down":{"uv":[12.4,11.2,13.5,11.7],"rotation":90,"texture":"#5"}}},{"from":[14.78143,8.75776,4.41119],"to":[18.03143,10.00776,5.41119],"rotation":{"angle":-22.5,"axis":"y","origin":[14,9.38276,2.78947]},"faces":{"north":{"uv":[11.2,10.4,11.7,11.7],"rotation":270,"texture":"#5"},"east":{"uv":[14.5,10,14,9.6],"rotation":90,"texture":"#5"},"south":{"uv":[2.4,11.6,2.9,12.9],"rotation":90,"texture":"#5"},"west":{"uv":[1.7,14.4,1.2,14.8],"rotation":90,"texture":"#5"},"up":{"uv":[13.2,8.4,13.6,9.7],"rotation":90,"texture":"#5"},"down":{"uv":[8.4,12.8,8.8,14.1],"rotation":90,"texture":"#5"}}},{"from":[17.53143,8.75776,3.91118],"to":[18.03143,10.00776,4.41118],"rotation":{"angle":-22.5,"axis":"y","origin":[14,9.38276,2.78947]},"faces":{"north":{"uv":[10.8,14.8,11.3,15],"rotation":270,"texture":"#5"},"east":{"uv":[15.3,11.4,14.8,11.2],"rotation":90,"texture":"#5"},"west":{"uv":[15.3,12,14.8,12.2],"rotation":90,"texture":"#5"},"up":{"uv":[7.2,15.2,7.4,15.4],"rotation":90,"texture":"#5"},"down":{"uv":[6.4,15.2,6.6,15.4],"rotation":90,"texture":"#5"}}},{"from":[11.13576,9.00776,-0.98878],"to":[12.63576,9.75776,1.26122],"rotation":{"angle":22.5,"axis":"y","origin":[14,9.38276,2.78947]},"faces":{"north":{"uv":[0,14.8,0.3,15.4],"rotation":270,"texture":"#5"},"east":{"uv":[14.3,4.9,14,4],"rotation":90,"texture":"#5"},"south":{"uv":[14.8,2,15.1,2.6],"rotation":90,"texture":"#5"},"west":{"uv":[14.3,5.6,14,6.5],"rotation":90,"texture":"#5"},"up":{"uv":[12.8,7.2,13.7,7.8],"rotation":90,"texture":"#5"},"down":{"uv":[6.8,12.8,7.7,13.4],"rotation":90,"texture":"#5"}}},{"from":[12.63576,9.00776,-0.98878],"to":[13.38576,9.75776,-0.48878],"rotation":{"angle":22.5,"axis":"y","origin":[14,9.38276,2.78947]},"faces":{"north":{"uv":[9.2,14.8,9.5,15.1],"rotation":270,"texture":"#5"},"east":{"uv":[15.5,1,15.2,0.8],"rotation":90,"texture":"#5"},"south":{"uv":[12,14.8,12.3,15.1],"rotation":90,"texture":"#5"},"west":{"uv":[1.9,15.2,1.6,15.4],"rotation":90,"texture":"#5"},"up":{"uv":[0.8,15.2,1,15.5],"rotation":90,"texture":"#5"},"down":{"uv":[15.2,0,15.4,0.3],"rotation":90,"texture":"#5"}}},{"from":[13.13576,9.00776,-0.48878],"to":[13.38576,9.75776,-0.23878],"rotation":{"angle":22.5,"axis":"y","origin":[14,9.38276,2.78947]},"faces":{"north":{"uv":[15.2,7.2,15.5,7.3],"rotation":270,"texture":"#5"},"east":{"uv":[15.5,8.9,15.2,8.8],"rotation":90,"texture":"#5"},"south":{"uv":[15.2,8,15.5,8.1],"rotation":90,"texture":"#5"},"west":{"uv":[15.5,9.6,15.2,9.7],"rotation":90,"texture":"#5"},"up":{"uv":[15.2,10.4,15.3,10.5],"rotation":90,"texture":"#5"},"down":{"uv":[10,15.2,10.1,15.3],"rotation":90,"texture":"#5"}}},{"from":[2.61424,9.00776,-0.48878],"to":[2.86424,9.75776,-0.23878],"rotation":{"angle":-22.5,"axis":"y","origin":[2,9.38276,2.78947]},"faces":{"north":{"uv":[15.2,7.3,15.5,7.2],"rotation":270,"texture":"#5"},"east":{"uv":[15.5,9.7,15.2,9.6],"rotation":90,"texture":"#5"},"south":{"uv":[15.2,8.1,15.5,8],"rotation":90,"texture":"#5"},"west":{"uv":[15.5,8.8,15.2,8.9],"rotation":90,"texture":"#5"},"up":{"uv":[15.2,10.5,15.3,10.4],"rotation":90,"texture":"#5"},"down":{"uv":[10,15.3,10.1,15.2],"rotation":90,"texture":"#5"}}},{"from":[2.61424,9.00776,-0.98878],"to":[3.36424,9.75776,-0.48878],"rotation":{"angle":-22.5,"axis":"y","origin":[2,9.38276,2.78947]},"faces":{"north":{"uv":[9.2,15.1,9.5,14.8],"rotation":270,"texture":"#5"},"east":{"uv":[1.9,15.4,1.6,15.2],"rotation":90,"texture":"#5"},"south":{"uv":[12,15.1,12.3,14.8],"rotation":90,"texture":"#5"},"west":{"uv":[15.5,0.8,15.2,1],"rotation":90,"texture":"#5"},"up":{"uv":[0.8,15.5,1,15.2],"rotation":90,"texture":"#5"},"down":{"uv":[15.2,0.3,15.4,0],"rotation":90,"texture":"#5"}}},{"from":[3.36424,9.00776,-0.98878],"to":[4.86424,9.75776,1.26122],"rotation":{"angle":-22.5,"axis":"y","origin":[2,9.38276,2.78947]},"faces":{"north":{"uv":[0,15.4,0.3,14.8],"rotation":270,"texture":"#5"},"east":{"uv":[14.3,6.5,14,5.6],"rotation":90,"texture":"#5"},"south":{"uv":[14.8,2.6,15.1,2],"rotation":90,"texture":"#5"},"west":{"uv":[14.3,4,14,4.9],"rotation":90,"texture":"#5"},"up":{"uv":[12.8,7.8,13.7,7.2],"rotation":90,"texture":"#5"},"down":{"uv":[6.8,13.4,7.7,12.8],"rotation":90,"texture":"#5"}}},{"from":[-2.03143,8.75776,3.91118],"to":[-1.53143,10.00776,4.41118],"rotation":{"angle":22.5,"axis":"y","origin":[2,9.38276,2.78947]},"faces":{"north":{"uv":[10.8,15,11.3,14.8],"rotation":270,"texture":"#5"},"east":{"uv":[15.3,12.2,14.8,12],"rotation":90,"texture":"#5"},"west":{"uv":[15.3,11.2,14.8,11.4],"rotation":90,"texture":"#5"},"up":{"uv":[7.2,15.4,7.4,15.2],"rotation":90,"texture":"#5"},"down":{"uv":[6.4,15.4,6.6,15.2],"rotation":90,"texture":"#5"}}},{"from":[-2.03143,8.75776,4.41119],"to":[1.21857,10.00776,5.41119],"rotation":{"angle":22.5,"axis":"y","origin":[2,9.38276,2.78947]},"faces":{"north":{"uv":[11.2,11.7,11.7,10.4],"rotation":270,"texture":"#5"},"east":{"uv":[1.7,14.8,1.2,14.4],"rotation":90,"texture":"#5"},"south":{"uv":[2.4,12.9,2.9,11.6],"rotation":90,"texture":"#5"},"west":{"uv":[14.5,9.6,14,10],"rotation":90,"texture":"#5"},"up":{"uv":[13.2,9.7,13.6,8.4],"rotation":90,"texture":"#5"},"down":{"uv":[8.4,14.1,8.8,12.8],"rotation":90,"texture":"#5"}}},{"from":[1.03134,8.76276,2.76065],"to":[2.28134,10.00276,5.51065],"rotation":{"angle":0,"axis":"y","origin":[2,9.38276,2.78947]},"faces":{"east":{"uv":[13.3,6.7,12.8,5.6],"rotation":90,"texture":"#5"},"west":{"uv":[6.1,12.8,5.6,13.9],"rotation":90,"texture":"#5"},"up":{"uv":[12.8,0.5,13.9,0],"rotation":90,"texture":"#5"},"down":{"uv":[12.4,11.7,13.5,11.2],"rotation":90,"texture":"#5"}}},{"from":[1.1161,8.75776,2.39216],"to":[4.6161,10.00776,3.64216],"rotation":{"angle":22.5,"axis":"y","origin":[2,9.38276,2.78947]},"faces":{"north":{"uv":[4,11.8,4.5,10.4],"rotation":270,"texture":"#5"},"east":{"uv":[14.5,8.9,14,8.4],"rotation":90,"texture":"#5"},"south":{"uv":[10,11.8,10.5,10.4],"rotation":90,"texture":"#5"},"west":{"uv":[7.3,14,6.8,14.5],"rotation":90,"texture":"#5"},"up":{"uv":[6.8,12.2,7.3,10.8],"rotation":90,"texture":"#5"},"down":{"uv":[10.4,7,10.9,5.6],"rotation":90,"texture":"#5"}}},{"from":[1.56412,9.37776,-0.07051],"to":[3.31412,9.38776,2.92949],"rotation":{"angle":45,"axis":"y","origin":[2,9.38276,2.78947]},"faces":{"up":{"uv":[4,0,5.75,3],"rotation":180,"texture":"#1"},"down":{"uv":[5.75,0,4,3],"texture":"#1"}}},{"from":[-1.26559,9.37276,1.90312],"to":[1.73441,9.39276,3.65312],"rotation":{"angle":-22.5,"axis":"y","origin":[2,9.38276,2.78947]},"faces":{"up":{"uv":[4,3,5.75,0],"rotation":270,"texture":"#1"},"down":{"uv":[5.75,3,4,0],"rotation":270,"texture":"#1"}}},{"from":[-2.57077,9.36776,1.49837],"to":[1.42923,9.39776,4.24837],"rotation":{"angle":22.5,"axis":"y","origin":[2,9.38276,2.78947]},"faces":{"up":{"uv":[0,4,2.75,0],"rotation":270,"texture":"#1"},"down":{"uv":[2.75,4,0,0],"rotation":270,"texture":"#1"}}},{"from":[3.01051,8.13276,-0.27685],"to":[5.01051,10.63276,1.72315],"rotation":{"angle":-45,"axis":"y","origin":[2,9.38276,2.78947]},"faces":{"north":{"uv":[9.6,3.6,10.6,2.8],"rotation":270,"texture":"#5"},"east":{"uv":[3.4,11.2,2.4,10.4],"rotation":90,"texture":"#5"},"south":{"uv":[10,8.8,11,8],"rotation":90,"texture":"#5"},"west":{"uv":[11,9.2,10,10],"rotation":90,"texture":"#5"},"up":{"uv":[11.6,8.8,12.4,8],"rotation":90,"texture":"#5"},"down":{"uv":[11.6,7.6,12.4,6.8],"rotation":90,"texture":"#5"}}},{"from":[2.76051,8.63276,-0.52685],"to":[5.26051,10.13276,1.97315],"rotation":{"angle":-45,"axis":"y","origin":[2,9.38276,2.78947]},"faces":{"north":{"uv":[0,13.4,0.6,12.4],"rotation":270,"texture":"#5"},"east":{"uv":[10.6,13.4,10,12.4],"rotation":90,"texture":"#5"},"south":{"uv":[12.4,3.4,13,2.4],"rotation":90,"texture":"#5"},"west":{"uv":[4.2,12.4,3.6,13.4],"rotation":90,"texture":"#5"},"up":{"uv":[8.4,10.6,9.4,9.6],"rotation":90,"texture":"#5"},"down":{"uv":[9.6,2.2,10.6,1.2],"rotation":90,"texture":"#5"}}},{"from":[6.375,8.375,1.75],"to":[7.125,10.375,3.75],"rotation":{"angle":22.5,"axis":"z","origin":[6.75,9.375,2.75]},"faces":{"north":{"uv":[10.3,14,10,14.8],"texture":"#5"},"east":{"uv":[12.4,0,11.6,0.8],"texture":"#5"},"south":{"uv":[14.3,11.2,14,12],"texture":"#5"},"west":{"uv":[12,2.8,11.2,3.6],"texture":"#5"},"up":{"uv":[14,13.2,14.3,12.4],"texture":"#5"},"down":{"uv":[12.8,14,13.1,14.8],"texture":"#5"}}},{"from":[7.5,8.48286,12.6192],"to":[8.5,9.23286,13.6192],"rotation":{"angle":-22.5,"axis":"x","origin":[8,9.35174,13.325]},"faces":{"north":{"uv":[4,12,3,12.75],"texture":"#1"},"east":{"uv":[12,10,11,10.75],"texture":"#1"},"south":{"uv":[13,6,12,6.75],"texture":"#1"},"west":{"uv":[6,12,5,12.75],"texture":"#1"},"up":{"uv":[6,11,7,10],"rotation":90,"texture":"#1"}}},{"from":[7.25,7.48286,12.3692],"to":[8.75,8.48286,13.8692],"rotation":{"angle":-22.5,"axis":"x","origin":[8,9.35174,13.325]},"faces":{"north":{"uv":[10.5,8,9,9],"texture":"#1"},"east":{"uv":[10.5,6,9,7],"texture":"#1"},"south":{"uv":[4.5,10,3,11],"texture":"#1"},"west":{"uv":[11.5,0,10,1],"texture":"#1"},"up":{"uv":[3,8.5,4.5,7],"rotation":90,"texture":"#1"},"down":{"uv":[6,7,7.5,8.5],"rotation":270,"texture":"#1"}}},{"from":[8.16636,7.92338,12.61629],"to":[8.91636,8.67338,13.36629],"rotation":{"angle":22.5,"axis":"z","origin":[8,9.35174,13.325]},"faces":{"north":{"uv":[13.75,10,13,10.75],"texture":"#1"},"east":{"uv":[13.75,0,13,0.75],"texture":"#1"},"south":{"uv":[2.75,14,2,14.75],"texture":"#1"},"west":{"uv":[13.75,12,13,12.75],"texture":"#1"},"up":{"uv":[14,2.75,14.75,2],"rotation":90,"texture":"#1"}}},{"from":[7.91636,7.17338,12.36629],"to":[9.16636,7.92338,13.61629],"rotation":{"angle":22.5,"axis":"z","origin":[8,9.35174,13.325]},"faces":{"north":{"uv":[1.25,11,0,11.75],"texture":"#1"},"east":{"uv":[9.25,10,8,10.75],"texture":"#1"},"south":{"uv":[12.25,4,11,4.75],"texture":"#1"},"west":{"uv":[12.25,2,11,2.75],"texture":"#1"},"up":{"uv":[0,9.25,1.25,8],"rotation":90,"texture":"#1"},"down":{"uv":[8,3,9.25,4.25],"rotation":270,"texture":"#1"}}},{"from":[7.08364,7.92338,12.61629],"to":[7.83364,8.67338,13.36629],"rotation":{"angle":-22.5,"axis":"z","origin":[8,9.35174,13.325]},"faces":{"north":{"uv":[13,10,13.75,10.75],"texture":"#1"},"east":{"uv":[13,12,13.75,12.75],"texture":"#1"},"south":{"uv":[2,14,2.75,14.75],"texture":"#1"},"west":{"uv":[13,0,13.75,0.75],"texture":"#1"},"up":{"uv":[14,2,14.75,2.75],"rotation":90,"texture":"#1"}}},{"from":[6.83364,7.17338,12.36629],"to":[8.08364,7.92338,13.61629],"rotation":{"angle":-22.5,"axis":"z","origin":[8,9.35174,13.325]},"faces":{"north":{"uv":[0,11,1.25,11.75],"texture":"#1"},"east":{"uv":[11,2,12.25,2.75],"texture":"#1"},"south":{"uv":[11,4,12.25,4.75],"texture":"#1"},"west":{"uv":[8,10,9.25,10.75],"texture":"#1"},"up":{"uv":[0,8,1.25,9.25],"rotation":90,"texture":"#1"},"down":{"uv":[8,4.25,9.25,3],"rotation":270,"texture":"#1"}}},{"from":[7.625,9.25,12.99129],"to":[8.375,10,13.74129],"rotation":{"angle":0,"axis":"y","origin":[8,9.35174,13.325]},"faces":{"east":{"uv":[7.75,12,7,12.75],"texture":"#1"},"south":{"uv":[9.75,12,9,12.75],"texture":"#1"},"west":{"uv":[12.75,8,12,8.75],"texture":"#1"},"up":{"uv":[11,12.75,11.75,12],"rotation":90,"texture":"#1"},"down":{"uv":[0,13,0.75,13.75],"rotation":270,"texture":"#1"}}},{"from":[7.02016,9.23051,13.01629],"to":[7.52016,9.73051,13.51629],"rotation":{"angle":-22.5,"axis":"z","origin":[8,9.35174,13.325]},"faces":{"north":{"uv":[12.5,14,12,14.5],"texture":"#1"},"east":{"uv":[10.5,14,10,14.5],"texture":"#1"},"south":{"uv":[0.5,15,0,15.5],"texture":"#1"},"west":{"uv":[14.5,14,14,14.5],"texture":"#1"},"up":{"uv":[15,0.5,15.5,0],"rotation":90,"texture":"#1"},"down":{"uv":[15,10,15.5,10.5],"rotation":270,"texture":"#1"}}},{"from":[8.47984,9.23051,13.01629],"to":[8.97984,9.73051,13.51629],"rotation":{"angle":22.5,"axis":"z","origin":[8,9.35174,13.325]},"faces":{"north":{"uv":[14.5,4,14,4.5],"texture":"#1"},"east":{"uv":[4.5,14,4,14.5],"texture":"#1"},"south":{"uv":[14.5,6,14,6.5],"texture":"#1"},"west":{"uv":[6.5,14,6,14.5],"texture":"#1"},"up":{"uv":[8,14.5,8.5,14],"rotation":90,"texture":"#1"},"down":{"uv":[14,8,14.5,8.5],"rotation":270,"texture":"#1"}}},{"from":[9.03162,8.13335,12.99629],"to":[11.03162,9.63335,13.00629],"rotation":{"angle":45,"axis":"z","origin":[8,8.85174,13.325]},"faces":{"north":{"uv":[0,5,2,6.5],"texture":"#1"},"south":{"uv":[2,5,0,6.5],"texture":"#1"}}},{"from":[6.96838,8.38335,12.97629],"to":[8.46838,9.88335,13.00629],"rotation":{"angle":-45,"axis":"z","origin":[8,8.85174,13.325]},"faces":{"south":{"uv":[8.5,0,7,1.5],"texture":"#1"}}},{"from":[8.53878,8.35806,13.00629],"to":[11.28878,10.10806,13.02629],"rotation":{"angle":-22.5,"axis":"z","origin":[8,8.85174,13.325]},"faces":{"north":{"uv":[4,4,6.75,5.75],"texture":"#1"},"south":{"uv":[6.75,4,4,5.75],"texture":"#1"}}},{"from":[4.71122,8.35806,13.00629],"to":[7.46122,10.10806,13.02629],"rotation":{"angle":22.5,"axis":"z","origin":[8,8.85174,13.325]},"faces":{"north":{"uv":[6.75,4,4,5.75],"texture":"#1"},"south":{"uv":[4,4,6.75,5.75],"texture":"#1"}}},{"from":[4.96838,8.13335,12.99629],"to":[6.96838,9.63335,13.00629],"rotation":{"angle":-45,"axis":"z","origin":[8,8.85174,13.325]},"faces":{"north":{"uv":[2,5,0,6.5],"texture":"#1"},"south":{"uv":[0,5,2,6.5],"texture":"#1"}}},{"from":[7.5,6.98286,1.3808],"to":[8.5,7.73286,2.3808],"rotation":{"angle":22.5,"axis":"x","origin":[8,7.85174,1.675]},"faces":{"north":{"uv":[12,6,13,6.75],"texture":"#1"},"east":{"uv":[11,10,12,10.75],"texture":"#1"},"south":{"uv":[3,12,4,12.75],"texture":"#1"},"west":{"uv":[5,12,6,12.75],"texture":"#1"},"up":{"uv":[7,11,6,10],"rotation":90,"texture":"#1"}}},{"from":[7.25,5.98286,1.1308],"to":[8.75,6.98286,2.6308],"rotation":{"angle":22.5,"axis":"x","origin":[8,7.85174,1.675]},"faces":{"north":{"uv":[3,10,4.5,11],"texture":"#1"},"east":{"uv":[9,6,10.5,7],"texture":"#1"},"south":{"uv":[9,8,10.5,9],"texture":"#1"},"west":{"uv":[10,0,11.5,1],"texture":"#1"},"up":{"uv":[4.5,8.5,3,7],"rotation":90,"texture":"#1"},"down":{"uv":[7.5,7,6,8.5],"rotation":270,"texture":"#1"}}},{"from":[8.16636,6.42338,1.63371],"to":[8.91636,7.17338,2.38371],"rotation":{"angle":22.5,"axis":"z","origin":[8,7.85174,1.675]},"faces":{"north":{"uv":[2,14,2.75,14.75],"texture":"#1"},"east":{"uv":[13,0,13.75,0.75],"texture":"#1"},"south":{"uv":[13,10,13.75,10.75],"texture":"#1"},"west":{"uv":[13,12,13.75,12.75],"texture":"#1"},"up":{"uv":[14.75,2.75,14,2],"rotation":90,"texture":"#1"}}},{"from":[7.91636,5.67338,1.38371],"to":[9.16636,6.42338,2.63371],"rotation":{"angle":22.5,"axis":"z","origin":[8,7.85174,1.675]},"faces":{"north":{"uv":[11,4,12.25,4.75],"texture":"#1"},"east":{"uv":[8,10,9.25,10.75],"texture":"#1"},"south":{"uv":[0,11,1.25,11.75],"texture":"#1"},"west":{"uv":[11,2,12.25,2.75],"texture":"#1"},"up":{"uv":[1.25,9.25,0,8],"rotation":90,"texture":"#1"},"down":{"uv":[9.25,3,8,4.25],"rotation":270,"texture":"#1"}}},{"from":[7.08364,6.42338,1.63371],"to":[7.83364,7.17338,2.38371],"rotation":{"angle":-22.5,"axis":"z","origin":[8,7.85174,1.675]},"faces":{"north":{"uv":[2.75,14,2,14.75],"texture":"#1"},"east":{"uv":[13.75,12,13,12.75],"texture":"#1"},"south":{"uv":[13.75,10,13,10.75],"texture":"#1"},"west":{"uv":[13.75,0,13,0.75],"texture":"#1"},"up":{"uv":[14.75,2,14,2.75],"rotation":90,"texture":"#1"}}},{"from":[6.83364,5.67338,1.38371],"to":[8.08364,6.42338,2.63371],"rotation":{"angle":-22.5,"axis":"z","origin":[8,7.85174,1.675]},"faces":{"north":{"uv":[12.25,4,11,4.75],"texture":"#1"},"east":{"uv":[12.25,2,11,2.75],"texture":"#1"},"south":{"uv":[1.25,11,0,11.75],"texture":"#1"},"west":{"uv":[9.25,10,8,10.75],"texture":"#1"},"up":{"uv":[1.25,8,0,9.25],"rotation":90,"texture":"#1"},"down":{"uv":[9.25,4.25,8,3],"rotation":270,"texture":"#1"}}},{"from":[7.625,7.75,1.25871],"to":[8.375,8.5,2.00871],"rotation":{"angle":0,"axis":"y","origin":[8,7.85174,1.675]},"faces":{"north":{"uv":[9,12,9.75,12.75],"texture":"#1"},"east":{"uv":[7,12,7.75,12.75],"texture":"#1"},"west":{"uv":[12,8,12.75,8.75],"texture":"#1"},"up":{"uv":[11.75,12.75,11,12],"rotation":90,"texture":"#1"},"down":{"uv":[0.75,13,0,13.75],"rotation":270,"texture":"#1"}}},{"from":[7.02016,7.73051,1.48371],"to":[7.52016,8.23051,1.98371],"rotation":{"angle":-22.5,"axis":"z","origin":[8,7.85174,1.675]},"faces":{"north":{"uv":[0,15,0.5,15.5],"texture":"#1"},"east":{"uv":[10,14,10.5,14.5],"texture":"#1"},"south":{"uv":[12,14,12.5,14.5],"texture":"#1"},"west":{"uv":[14,14,14.5,14.5],"texture":"#1"},"up":{"uv":[15.5,0.5,15,0],"rotation":90,"texture":"#1"},"down":{"uv":[15.5,10,15,10.5],"rotation":270,"texture":"#1"}}},{"from":[8.47984,7.73051,1.48371],"to":[8.97984,8.23051,1.98371],"rotation":{"angle":22.5,"axis":"z","origin":[8,7.85174,1.675]},"faces":{"north":{"uv":[14,6,14.5,6.5],"texture":"#1"},"east":{"uv":[4,14,4.5,14.5],"texture":"#1"},"south":{"uv":[14,4,14.5,4.5],"texture":"#1"},"west":{"uv":[6,14,6.5,14.5],"texture":"#1"},"up":{"uv":[8.5,14.5,8,14],"rotation":90,"texture":"#1"},"down":{"uv":[14.5,8,14,8.5],"rotation":270,"texture":"#1"}}},{"from":[6.96838,6.88335,1.99371],"to":[8.46838,8.38335,2.02371],"rotation":{"angle":-45,"axis":"z","origin":[8,7.35174,1.675]},"faces":{"north":{"uv":[7,0,8.5,1.5],"texture":"#1"}}},{"from":[8.53878,6.85806,1.97371],"to":[11.28878,8.60806,1.99371],"rotation":{"angle":-22.5,"axis":"z","origin":[8,7.35174,1.675]},"faces":{"north":{"uv":[4,4,6.75,5.75],"texture":"#1"},"south":{"uv":[6.75,4,4,5.75],"texture":"#1"}}},{"from":[4.71122,6.85806,1.97371],"to":[7.46122,8.60806,1.99371],"rotation":{"angle":22.5,"axis":"z","origin":[8,7.35174,1.675]},"faces":{"north":{"uv":[6.75,4,4,5.75],"texture":"#1"},"south":{"uv":[4,4,6.75,5.75],"texture":"#1"}}},{"from":[10.85623,8.375,-0.55788],"to":[18.85623,10.375,4.44212],"light_emission":15,"rotation":{"angle":-45,"axis":"y","origin":[14,9.375,1.72276]},"faces":{"up":{"uv":[16,0,0,10],"texture":"#3"},"down":{"uv":[0,0,16,10],"rotation":180,"texture":"#3"}}},{"from":[11.67493,8.625,0.08511],"to":[13.42493,10.125,1.58511],"light_emission":15,"rotation":{"angle":0,"axis":"y","origin":[12.54993,9.375,0.83511]},"faces":{"up":{"uv":[4.5,11.5,1,14.5],"texture":"#3"},"down":{"uv":[1,11.5,4.5,14.5],"rotation":180,"texture":"#3"}}},{"from":[15.3554,8.625,2.64074],"to":[16.6054,10.125,3.64074],"light_emission":15,"rotation":{"angle":-45,"axis":"y","origin":[15.9804,9.375,3.14074]},"faces":{"up":{"uv":[9,12,6.5,14],"texture":"#3"},"down":{"uv":[6.5,12,9,14],"rotation":180,"texture":"#3"}}},{"from":[-2.85623,8.375,-0.55788],"to":[5.14377,10.375,4.44212],"light_emission":15,"rotation":{"angle":45,"axis":"y","origin":[2,9.375,1.72276]},"faces":{"up":{"uv":[0,0,16,10],"texture":"#3"},"down":{"uv":[16,0,0,10],"rotation":180,"texture":"#3"}}},{"from":[2.57507,8.625,0.08511],"to":[4.32507,10.125,1.58511],"light_emission":15,"rotation":{"angle":0,"axis":"y","origin":[3.45007,9.375,0.83511]},"faces":{"up":{"uv":[1,11.5,4.5,14.5],"texture":"#3"},"down":{"uv":[4.5,11.5,1,14.5],"rotation":180,"texture":"#3"}}},{"from":[-0.6054,8.625,2.64074],"to":[0.6446,10.125,3.64074],"light_emission":15,"rotation":{"angle":45,"axis":"y","origin":[0.0196,9.375,3.14074]},"faces":{"up":{"uv":[6.5,12,9,14],"texture":"#3"},"down":{"uv":[9,12,6.5,14],"rotation":180,"texture":"#3"}}},{"from":[-0.25,9.245,6],"to":[16.25,9.255,11],"rotation":{"angle":0,"axis":"y","origin":[8,9.25,8.5]},"faces":{"up":{"uv":[6.6,2,0,0],"texture":"#5"},"down":{"uv":[6.6,0,0,2],"texture":"#5"}}},{"from":[7,7,2],"to":[9,9,12],"rotation":{"angle":0,"axis":"y","origin":[7,0,0]},"faces":{"north":{"uv":[5.2,11.6,6,12.4],"texture":"#5"},"east":{"uv":[7.2,0,11.2,0.8],"texture":"#5"},"south":{"uv":[11.6,5.6,12.4,6.4],"texture":"#5"},"west":{"uv":[1.2,7.2,5.2,8],"texture":"#5"},"up":{"uv":[8,5.2,7.2,1.2],"texture":"#5"},"down":{"uv":[6.4,7.2,5.6,11.2],"texture":"#5"}}},{"from":[7.5,6,2.25],"to":[8.5,7,6],"rotation":{"angle":0,"axis":"y","origin":[7,-2,2]},"faces":{"north":{"uv":[14.8,4,15.2,4.4],"texture":"#5"},"east":{"uv":[12.4,10.4,13.9,10.8],"texture":"#5"},"south":{"uv":[4.4,14.8,4.8,15.2],"texture":"#5"},"west":{"uv":[11.2,12.4,12.7,12.8],"texture":"#5"},"down":{"uv":[5.2,12.8,4.8,14.3],"texture":"#5"}}},{"from":[7,6,9.5],"to":[9,7,17],"rotation":{"angle":0,"axis":"y","origin":[7,0,0]},"faces":{"north":{"uv":[1.2,13.6,2,14],"texture":"#5"},"east":{"uv":[8.4,4,11.4,4.4],"texture":"#5"},"west":{"uv":[8.4,4.8,11.4,5.2],"texture":"#5"},"up":{"uv":[8,8.6,7.2,5.6],"texture":"#5"},"down":{"uv":[2,8.4,1.2,11.4],"texture":"#5"}}},{"from":[7.5,4.5,9.75],"to":[8.5,6.75,10.75],"rotation":{"angle":-22.5,"axis":"x","origin":[8,6,10.25]},"faces":{"north":{"uv":[9.2,13.2,9.6,14.1],"texture":"#5"},"east":{"uv":[11.2,13.2,11.6,14.1],"texture":"#5"},"south":{"uv":[12,13.2,12.4,14.1],"texture":"#5"},"west":{"uv":[13.2,12.4,13.6,13.3],"texture":"#5"}}},{"from":[7.75,4.25,10.75],"to":[8.25,6,14.5],"rotation":{"angle":-22.5,"axis":"x","origin":[8,6,10.25]},"faces":{"east":{"uv":[8.4,5.6,9.9,6.3],"texture":"#5"},"west":{"uv":[8.4,6.8,9.9,7.5],"texture":"#5"},"down":{"uv":[3.8,14,3.6,15.5],"texture":"#5"}}},{"from":[7.5,4,9.25],"to":[8.5,4.5,10.75],"rotation":{"angle":-22.5,"axis":"x","origin":[8,6,10.25]},"faces":{"north":{"uv":[14.8,12.8,15.2,13],"texture":"#5"},"east":{"uv":[14.8,6.4,15.4,6.6],"texture":"#5"},"south":{"uv":[14.4,14.8,14.8,15],"texture":"#5"},"west":{"uv":[8,14.8,8.6,15],"texture":"#5"},"up":{"uv":[14,14.6,13.6,14],"texture":"#5"},"down":{"uv":[14.8,0,14.4,0.6],"texture":"#5"}}},{"from":[7,3.25,17],"to":[9,7,18],"rotation":{"angle":0,"axis":"y","origin":[7,0,0]},"faces":{"north":{"uv":[2.4,8.4,3.2,9.9],"texture":"#5"},"east":{"uv":[4.8,8.4,5.2,9.9],"texture":"#5"},"south":{"uv":[3.6,8.4,4.4,9.9],"texture":"#5"},"west":{"uv":[9.2,11.2,9.6,12.7],"texture":"#5"},"up":{"uv":[3.2,14,2.4,13.6],"texture":"#5"},"down":{"uv":[14.4,2.4,13.6,2.8],"texture":"#5"}}},{"from":[7,3.25,16],"to":[9,4.25,17],"rotation":{"angle":0,"axis":"y","origin":[7,0,0]},"faces":{"north":{"uv":[13.6,3.2,14.4,3.6],"texture":"#5"},"east":{"uv":[14.4,10.4,14.8,10.8],"texture":"#5"},"west":{"uv":[14.8,3.2,15.2,3.6],"texture":"#5"},"up":{"uv":[0.8,14.4,0,14],"texture":"#5"},"down":{"uv":[14.8,1.2,14,1.6],"texture":"#5"}}},{"from":[7.5,3.9437,15.78989],"to":[8.5,6.6937,17.28989],"rotation":{"angle":-22.5,"axis":"x","origin":[8,5.3187,16.91489]},"faces":{"north":{"uv":[13.2,4,13.6,5.1],"texture":"#5"},"east":{"uv":[11.2,1.2,11.8,2.3],"texture":"#5"},"west":{"uv":[8,11.2,8.6,12.3],"texture":"#5"}}},{"from":[7.75,6.75,11.5],"to":[10.25,9.25,13],"rotation":{"angle":45,"axis":"z","origin":[8,7,11.75]},"faces":{"north":{"uv":[8.4,8,9.4,9],"texture":"#5"},"east":{"uv":[1.2,12,1.8,13],"texture":"#5"},"south":{"uv":[6.8,9.2,7.8,10.2],"texture":"#5"},"west":{"uv":[12,4,12.6,5],"texture":"#5"},"up":{"uv":[12.6,9.8,11.6,9.2],"texture":"#5"},"down":{"uv":[13.4,1.2,12.4,1.8],"texture":"#5"}}},{"from":[7.5,9,10.5],"to":[8.5,10.25,11.5],"rotation":{"angle":22.5,"axis":"x","origin":[7.5,9,10]},"faces":{"north":{"uv":[2.4,14.4,2.8,14.9],"texture":"#5"},"east":{"uv":[5.6,14.4,6,14.9],"texture":"#5"},"south":{"uv":[14.4,7.2,14.8,7.7],"texture":"#5"},"west":{"uv":[14.4,13.6,14.8,14.1],"texture":"#5"},"up":{"uv":[15.2,5.2,14.8,4.8],"texture":"#5"},"down":{"uv":[15.2,5.6,14.8,6],"texture":"#5"}}}],"gui_light":"front","display":{"thirdperson_righthand":{"translation":[0,1.5,-0.25]},"thirdperson_lefthand":{"translation":[0,1.5,-0.25]},"firstperson_righthand":{"rotation":[0,-14,0],"translation":[10.25,2,0],"scale":[0.7,0.7,0.7]},"firstperson_lefthand":{"rotation":[0,-14,0],"translation":[10.25,2,0],"scale":[0.7,0.7,0.7]},"ground":{"rotation":[45,0,0],"translation":[0,5,0],"scale":[0.7,0.7,0.7]},"gui":{"rotation":[90,45,0],"translation":[1,-0.75,0]},"fixed":{"rotation":[-90,0,0],"translation":[0,0,-6],"scale":[2,2,2]},"on_shelf":{"rotation":[90,0,0],"translation":[0,2.75,0],"scale":[0.8,0.8,0.8]}},"USER":"42698","NONCE":"3c09f253311d0ddc1db7278626b11ffe","TIMESTAMP":"1764265174","RESOURCE":"15338","MCMODELS":"1","mcmodels":"3c09f253311d0ddc1db7278626b11ffe"}