{"format_version":"1.9.0","credit":"Pologony Creation Co.,Ltd.","texture_size":[44,44],"textures":{"1":"plny_christmas_2025_set:assets_1","3":"plny_christmas_2025_set:animated/animated_1","4":"plny_christmas_2025_set:animated/animated_2","5":"plny_christmas_2025_set:fishing_rod","particle":"plny_christmas_2025_set:assets_1"},"elements":[{"from":[7,0.75,7],"to":[9,1.5,9],"rotation":{"angle":0,"axis":"y","origin":[8,12.75889,8]},"faces":{"north":{"uv":[10.18182,2.18182,10.90909,2.45455],"texture":"#5"},"east":{"uv":[10.18182,2.90909,10.90909,3.18182],"texture":"#5"},"south":{"uv":[3.63636,10.18182,4.36364,10.45455],"texture":"#5"},"west":{"uv":[10.18182,3.63636,10.90909,3.90909],"texture":"#5"},"up":{"uv":[7.63636,9.09091,6.90909,8.36364],"texture":"#5"},"down":{"uv":[8.72727,8.36364,8,9.09091],"texture":"#5"}}},{"from":[7,5.5,7],"to":[9,6.25,9],"rotation":{"angle":0,"axis":"y","origin":[8,12.75889,8]},"faces":{"north":{"uv":[0,10.18182,0.72727,10.45455],"texture":"#5"},"east":{"uv":[10.18182,0,10.90909,0.27273],"texture":"#5"},"south":{"uv":[10.18182,0.72727,10.90909,1],"texture":"#5"},"west":{"uv":[10.18182,1.45455,10.90909,1.72727],"texture":"#5"},"up":{"uv":[8.36364,0.72727,7.63636,0],"texture":"#5"},"down":{"uv":[8.72727,1.09091,8,1.81818],"texture":"#5"}}},{"from":[7.25,7.79029,3.03141],"to":[8.75,10.29029,5.53141],"rotation":{"angle":-45,"axis":"x","origin":[8,12.75889,8]},"faces":{"north":{"uv":[0.72727,8.72727,1.27273,9.63636],"texture":"#5"},"east":{"uv":[5.09091,1.81818,6,2.72727],"texture":"#5"},"south":{"uv":[9.09091,0,9.63636,0.90909],"texture":"#5"},"west":{"uv":[1.09091,5.45455,2,6.36364],"texture":"#5"},"up":{"uv":[9.63636,2.36364,9.09091,1.45455],"texture":"#5"},"down":{"uv":[2.36364,9.09091,1.81818,10],"texture":"#5"}}},{"from":[6.75,8.04029,3.28141],"to":[9.25,10.04029,5.28141],"rotation":{"angle":-45,"axis":"x","origin":[8,12.75889,8]},"faces":{"north":{"uv":[6.18182,0,7.09091,0.72727],"texture":"#5"},"east":{"uv":[8,2.18182,8.72727,2.90909],"texture":"#5"},"south":{"uv":[6.54545,1.09091,7.45455,1.81818],"texture":"#5"},"west":{"uv":[8,3.27273,8.72727,4],"texture":"#5"},"up":{"uv":[7.45455,2.90909,6.54545,2.18182],"texture":"#5"},"down":{"uv":[7.45455,3.27273,6.54545,4],"texture":"#5"}}},{"from":[7.375,1.5,7.375],"to":[8.625,5.5,8.625],"rotation":{"angle":0,"axis":"y","origin":[8,12.75889,8]},"faces":{"north":{"uv":[0,6.54545,0.45455,8],"texture":"#5"},"east":{"uv":[5.81818,6.54545,6.27273,8],"texture":"#5"},"south":{"uv":[1.09091,6.90909,1.54545,8.36364],"texture":"#5"},"west":{"uv":[6.90909,6.54545,7.36364,8],"texture":"#5"}}},{"from":[7.99,-3.25,6.625],"to":[8.01,0.75,9.375],"rotation":{"angle":0,"axis":"y","origin":[8,12.75889,8]},"faces":{"east":{"uv":[2.75,0,0,4],"texture":"#1"},"west":{"uv":[0,0,2.75,4],"texture":"#1"}}},{"from":[7.995,0.82278,15.08623],"to":[8.005,3.82278,16.83623],"rotation":{"angle":45,"axis":"x","origin":[8,12.75889,8]},"faces":{"east":{"uv":[5.75,0,4,3],"texture":"#1"},"west":{"uv":[4,0,5.75,3],"texture":"#1"}}},{"from":[7.995,0.82278,-0.83623],"to":[8.005,3.82278,0.91377],"rotation":{"angle":-45,"axis":"x","origin":[8,12.75889,8]},"faces":{"east":{"uv":[4,0,5.75,3],"texture":"#1"},"west":{"uv":[5.75,0,4,3],"texture":"#1"}}},{"from":[7.5,3.20666,-1.55222],"to":[8.5,4.70666,-0.05222],"rotation":{"angle":-45,"axis":"x","origin":[8,12.75889,8]},"faces":{"north":{"uv":[4.72727,9.09091,5.09091,9.63636],"texture":"#5"},"east":{"uv":[9.09091,4,9.63636,4.54545],"texture":"#5"},"south":{"uv":[1.09091,10.18182,1.45455,10.72727],"texture":"#5"},"west":{"uv":[9.09091,5.09091,9.63636,5.63636],"texture":"#5"},"up":{"uv":[10.54545,4.90909,10.18182,4.36364],"texture":"#5"},"down":{"uv":[5.09091,10.18182,4.72727,10.72727],"texture":"#5"}}},{"from":[6.59246,6.05742,7.5],"to":[7.59246,6.80742,8.5],"rotation":{"angle":22.5,"axis":"z","origin":[8,12.75889,8]},"faces":{"north":{"uv":[12,10,11,10.75],"texture":"#1"},"east":{"uv":[13,6,12,6.75],"texture":"#1"},"south":{"uv":[6,12,5,12.75],"texture":"#1"},"west":{"uv":[4,12,3,12.75],"texture":"#1"},"up":{"uv":[6,11,7,10],"texture":"#1"}}},{"from":[6.34246,5.05742,7.25],"to":[7.84246,6.05742,8.75],"rotation":{"angle":22.5,"axis":"z","origin":[8,12.75889,8]},"faces":{"north":{"uv":[10.5,6,9,7],"texture":"#1"},"east":{"uv":[4.5,10,3,11],"texture":"#1"},"south":{"uv":[11.5,0,10,1],"texture":"#1"},"west":{"uv":[10.5,8,9,9],"texture":"#1"},"up":{"uv":[3,8.5,4.5,7],"texture":"#1"},"down":{"uv":[6,7,7.5,8.5],"texture":"#1"}}},{"from":[8.875,6.104,9.24854],"to":[9.625,6.854,9.99854],"rotation":{"angle":22.5,"axis":"x","origin":[8,12.75889,8]},"faces":{"north":{"uv":[13.75,0,13,0.75],"texture":"#1"},"east":{"uv":[2.75,14,2,14.75],"texture":"#1"},"south":{"uv":[13.75,12,13,12.75],"texture":"#1"},"west":{"uv":[13.75,10,13,10.75],"texture":"#1"},"up":{"uv":[14,2.75,14.75,2],"texture":"#1"}}},{"from":[8.625,5.354,8.99854],"to":[9.875,6.104,10.24854],"rotation":{"angle":22.5,"axis":"x","origin":[8,12.75889,8]},"faces":{"north":{"uv":[9.25,10,8,10.75],"texture":"#1"},"east":{"uv":[12.25,4,11,4.75],"texture":"#1"},"south":{"uv":[12.25,2,11,2.75],"texture":"#1"},"west":{"uv":[1.25,11,0,11.75],"texture":"#1"},"up":{"uv":[0,9.25,1.25,8],"texture":"#1"},"down":{"uv":[8,3,9.25,4.25],"texture":"#1"}}},{"from":[8.875,6.104,6.00146],"to":[9.625,6.854,6.75146],"rotation":{"angle":-22.5,"axis":"x","origin":[8,12.75889,8]},"faces":{"north":{"uv":[13,12,13.75,12.75],"texture":"#1"},"east":{"uv":[2,14,2.75,14.75],"texture":"#1"},"south":{"uv":[13,0,13.75,0.75],"texture":"#1"},"west":{"uv":[13,10,13.75,10.75],"texture":"#1"},"up":{"uv":[14,2,14.75,2.75],"texture":"#1"}}},{"from":[8.625,5.354,5.75146],"to":[9.875,6.104,7.00146],"rotation":{"angle":-22.5,"axis":"x","origin":[8,12.75889,8]},"faces":{"north":{"uv":[11,2,12.25,2.75],"texture":"#1"},"east":{"uv":[11,4,12.25,4.75],"texture":"#1"},"south":{"uv":[8,10,9.25,10.75],"texture":"#1"},"west":{"uv":[0,11,1.25,11.75],"texture":"#1"},"up":{"uv":[0,8,1.25,9.25],"texture":"#1"},"down":{"uv":[8,4.25,9.25,3],"texture":"#1"}}},{"from":[9.25,7,7.625],"to":[10,7.75,8.375],"rotation":{"angle":0,"axis":"y","origin":[8,12.75889,8]},"faces":{"north":{"uv":[7.75,12,7,12.75],"texture":"#1"},"east":{"uv":[9.75,12,9,12.75],"texture":"#1"},"south":{"uv":[12.75,8,12,8.75],"texture":"#1"},"up":{"uv":[11,12.75,11.75,12],"texture":"#1"},"down":{"uv":[0,13,0.75,13.75],"texture":"#1"}}},{"from":[9.275,7.41113,6.31494],"to":[9.775,7.91113,6.81494],"rotation":{"angle":-22.5,"axis":"x","origin":[8,12.75889,8]},"faces":{"north":{"uv":[10.5,14,10,14.5],"texture":"#1"},"east":{"uv":[0.5,15,0,15.5],"texture":"#1"},"south":{"uv":[14.5,14,14,14.5],"texture":"#1"},"west":{"uv":[12.5,14,12,14.5],"texture":"#1"},"up":{"uv":[15,0.5,15.5,0],"texture":"#1"},"down":{"uv":[15,10,15.5,10.5],"texture":"#1"}}},{"from":[9.275,7.41113,9.18506],"to":[9.775,7.91113,9.68506],"rotation":{"angle":22.5,"axis":"x","origin":[8,12.75889,8]},"faces":{"north":{"uv":[4.5,14,4,14.5],"texture":"#1"},"east":{"uv":[14.5,6,14,6.5],"texture":"#1"},"south":{"uv":[6.5,14,6,14.5],"texture":"#1"},"west":{"uv":[14.5,4,14,4.5],"texture":"#1"},"up":{"uv":[8,14.5,8.5,14],"texture":"#1"},"down":{"uv":[14,8,14.5,8.5],"texture":"#1"}}},{"from":[9.255,8.04029,8.96859],"to":[9.265,9.54029,10.96859],"rotation":{"angle":45,"axis":"x","origin":[8,12.75889,8]},"faces":{"east":{"uv":[2,5,0,6.5],"texture":"#1"},"west":{"uv":[0,5,2,6.5],"texture":"#1"}}},{"from":[9.235,8.29029,3.53141],"to":[9.265,9.79029,5.03141],"rotation":{"angle":-45,"axis":"x","origin":[8,12.75889,8]},"faces":{"east":{"uv":[8.5,0,7,1.5],"texture":"#1"}}},{"from":[9.265,7.03868,2.54632],"to":[9.285,8.78868,5.29632],"rotation":{"angle":-22.5,"axis":"x","origin":[8,12.75889,8]},"faces":{"east":{"uv":[6.75,4,4,5.75],"texture":"#1"},"west":{"uv":[4,4,6.75,5.75],"texture":"#1"}}},{"from":[9.265,7.03868,10.70368],"to":[9.285,8.78868,13.45368],"rotation":{"angle":22.5,"axis":"x","origin":[8,12.75889,8]},"faces":{"east":{"uv":[4,4,6.75,5.75],"texture":"#1"},"west":{"uv":[6.75,4,4,5.75],"texture":"#1"}}},{"from":[9.255,8.04029,5.03141],"to":[9.265,9.54029,7.03141],"rotation":{"angle":-45,"axis":"x","origin":[8,12.75889,8]},"faces":{"east":{"uv":[0,5,2,6.5],"texture":"#1"},"west":{"uv":[2,5,0,6.5],"texture":"#1"}}},{"from":[8.40754,6.05742,7.5],"to":[9.40754,6.80742,8.5],"rotation":{"angle":-22.5,"axis":"z","origin":[8,12.75889,8]},"faces":{"north":{"uv":[11,10,12,10.75],"texture":"#1"},"east":{"uv":[3,12,4,12.75],"texture":"#1"},"south":{"uv":[5,12,6,12.75],"texture":"#1"},"west":{"uv":[12,6,13,6.75],"texture":"#1"},"up":{"uv":[7,11,6,10],"texture":"#1"}}},{"from":[8.15754,5.05742,7.25],"to":[9.65754,6.05742,8.75],"rotation":{"angle":-22.5,"axis":"z","origin":[8,12.75889,8]},"faces":{"north":{"uv":[9,6,10.5,7],"texture":"#1"},"east":{"uv":[9,8,10.5,9],"texture":"#1"},"south":{"uv":[10,0,11.5,1],"texture":"#1"},"west":{"uv":[3,10,4.5,11],"texture":"#1"},"up":{"uv":[4.5,8.5,3,7],"texture":"#1"},"down":{"uv":[7.5,7,6,8.5],"texture":"#1"}}},{"from":[6.375,6.104,9.24854],"to":[7.125,6.854,9.99854],"rotation":{"angle":22.5,"axis":"x","origin":[8,12.75889,8]},"faces":{"north":{"uv":[13,0,13.75,0.75],"texture":"#1"},"east":{"uv":[13,10,13.75,10.75],"texture":"#1"},"south":{"uv":[13,12,13.75,12.75],"texture":"#1"},"west":{"uv":[2,14,2.75,14.75],"texture":"#1"},"up":{"uv":[14.75,2.75,14,2],"texture":"#1"}}},{"from":[6.125,5.354,8.99854],"to":[7.375,6.104,10.24854],"rotation":{"angle":22.5,"axis":"x","origin":[8,12.75889,8]},"faces":{"north":{"uv":[8,10,9.25,10.75],"texture":"#1"},"east":{"uv":[0,11,1.25,11.75],"texture":"#1"},"south":{"uv":[11,2,12.25,2.75],"texture":"#1"},"west":{"uv":[11,4,12.25,4.75],"texture":"#1"},"up":{"uv":[1.25,9.25,0,8],"texture":"#1"},"down":{"uv":[9.25,3,8,4.25],"texture":"#1"}}},{"from":[6.375,6.104,6.00146],"to":[7.125,6.854,6.75146],"rotation":{"angle":-22.5,"axis":"x","origin":[8,12.75889,8]},"faces":{"north":{"uv":[13.75,12,13,12.75],"texture":"#1"},"east":{"uv":[13.75,10,13,10.75],"texture":"#1"},"south":{"uv":[13.75,0,13,0.75],"texture":"#1"},"west":{"uv":[2.75,14,2,14.75],"texture":"#1"},"up":{"uv":[14.75,2,14,2.75],"texture":"#1"}}},{"from":[6.125,5.354,5.75146],"to":[7.375,6.104,7.00146],"rotation":{"angle":-22.5,"axis":"x","origin":[8,12.75889,8]},"faces":{"north":{"uv":[12.25,2,11,2.75],"texture":"#1"},"east":{"uv":[1.25,11,0,11.75],"texture":"#1"},"south":{"uv":[9.25,10,8,10.75],"texture":"#1"},"west":{"uv":[12.25,4,11,4.75],"texture":"#1"},"up":{"uv":[1.25,8,0,9.25],"texture":"#1"},"down":{"uv":[9.25,4.25,8,3],"texture":"#1"}}},{"from":[6,7,7.625],"to":[6.75,7.75,8.375],"rotation":{"angle":0,"axis":"y","origin":[8,12.75889,8]},"faces":{"north":{"uv":[7,12,7.75,12.75],"texture":"#1"},"south":{"uv":[12,8,12.75,8.75],"texture":"#1"},"west":{"uv":[9,12,9.75,12.75],"texture":"#1"},"up":{"uv":[11.75,12.75,11,12],"texture":"#1"},"down":{"uv":[0.75,13,0,13.75],"texture":"#1"}}},{"from":[6.225,7.41113,6.31494],"to":[6.725,7.91113,6.81494],"rotation":{"angle":-22.5,"axis":"x","origin":[8,12.75889,8]},"faces":{"north":{"uv":[10,14,10.5,14.5],"texture":"#1"},"east":{"uv":[12,14,12.5,14.5],"texture":"#1"},"south":{"uv":[14,14,14.5,14.5],"texture":"#1"},"west":{"uv":[0,15,0.5,15.5],"texture":"#1"},"up":{"uv":[15.5,0.5,15,0],"texture":"#1"},"down":{"uv":[15.5,10,15,10.5],"texture":"#1"}}},{"from":[6.225,7.41113,9.18506],"to":[6.725,7.91113,9.68506],"rotation":{"angle":22.5,"axis":"x","origin":[8,12.75889,8]},"faces":{"north":{"uv":[4,14,4.5,14.5],"texture":"#1"},"east":{"uv":[14,4,14.5,4.5],"texture":"#1"},"south":{"uv":[6,14,6.5,14.5],"texture":"#1"},"west":{"uv":[14,6,14.5,6.5],"texture":"#1"},"up":{"uv":[8.5,14.5,8,14],"texture":"#1"},"down":{"uv":[14.5,8,14,8.5],"texture":"#1"}}},{"from":[6.735,8.04029,8.96859],"to":[6.745,9.54029,10.96859],"rotation":{"angle":45,"axis":"x","origin":[8,12.75889,8]},"faces":{"east":{"uv":[2,5,0,6.5],"texture":"#1"},"west":{"uv":[0,5,2,6.5],"texture":"#1"}}},{"from":[6.735,8.29029,3.53141],"to":[6.765,9.79029,5.03141],"rotation":{"angle":-45,"axis":"x","origin":[8,12.75889,8]},"faces":{"west":{"uv":[7,0,8.5,1.5],"texture":"#1"}}},{"from":[6.715,7.03868,2.54632],"to":[6.735,8.78868,5.29632],"rotation":{"angle":-22.5,"axis":"x","origin":[8,12.75889,8]},"faces":{"east":{"uv":[6.75,4,4,5.75],"texture":"#1"},"west":{"uv":[4,4,6.75,5.75],"texture":"#1"}}},{"from":[6.715,7.03868,10.70368],"to":[6.735,8.78868,13.45368],"rotation":{"angle":22.5,"axis":"x","origin":[8,12.75889,8]},"faces":{"east":{"uv":[4,4,6.75,5.75],"texture":"#1"},"west":{"uv":[6.75,4,4,5.75],"texture":"#1"}}},{"from":[6.735,8.04029,5.03141],"to":[6.745,9.54029,7.03141],"rotation":{"angle":-45,"axis":"x","origin":[8,12.75889,8]},"faces":{"east":{"uv":[0,5,2,6.5],"texture":"#1"},"west":{"uv":[2,5,0,6.5],"texture":"#1"}}},{"from":[7.985,5.72259,8.47333],"to":[8.015,13.72259,13.47333],"light_emission":15,"rotation":{"angle":22.5,"axis":"x","origin":[8,10.01413,10.68632]},"faces":{"east":{"uv":[0,0,16,10],"rotation":90,"texture":"#3"},"west":{"uv":[16,0,0,10],"rotation":270,"texture":"#3"}}},{"from":[6.55,21.5,7.125],"to":[6.55,23.25,8.875],"light_emission":15,"rotation":{"angle":45,"axis":"x","origin":[6.55,22.375,8]},"faces":{"west":{"uv":[11.5,11.5,15,15],"rotation":270,"texture":"#3"}}},{"from":[7.995,10.68344,11.55822],"to":[8.005,12.43344,13.30822],"light_emission":15,"rotation":{"angle":-22.5,"axis":"x","origin":[8,10.01413,10.68632]},"faces":{"east":{"uv":[11.5,11.5,15,15],"texture":"#3"},"west":{"uv":[15,11.5,11.5,15],"texture":"#3"}}},{"from":[7.995,6.41267,10.61397],"to":[8.005,7.91267,12.36397],"light_emission":15,"rotation":{"angle":-22.5,"axis":"x","origin":[8,7.16267,11.48897]},"faces":{"east":{"uv":[1,11.5,4.5,14.5],"texture":"#3"},"west":{"uv":[4.5,11.5,1,14.5],"texture":"#3"}}},{"from":[7.995,8.94301,12.25521],"to":[8.005,9.94301,13.50521],"light_emission":15,"rotation":{"angle":22.5,"axis":"x","origin":[8,9.44301,12.88021]},"faces":{"east":{"uv":[6.5,12,9,14],"texture":"#3"},"west":{"uv":[9,12,6.5,14],"texture":"#3"}}},{"from":[7.985,5.72259,2.52667],"to":[8.015,13.72259,7.52667],"light_emission":15,"rotation":{"angle":-22.5,"axis":"x","origin":[8,10.01413,5.31368]},"faces":{"east":{"uv":[0,10,16,0],"rotation":90,"texture":"#3"},"west":{"uv":[16,10,0,0],"rotation":270,"texture":"#3"}}},{"from":[7.995,10.68344,2.69178],"to":[8.005,12.43344,4.44178],"light_emission":15,"rotation":{"angle":22.5,"axis":"x","origin":[8,10.01413,5.31368]},"faces":{"east":{"uv":[15,11.5,11.5,15],"texture":"#3"},"west":{"uv":[11.5,11.5,15,15],"texture":"#3"}}},{"from":[7.995,6.41267,3.63603],"to":[8.005,7.91267,5.38603],"light_emission":15,"rotation":{"angle":22.5,"axis":"x","origin":[8,7.16267,4.51103]},"faces":{"east":{"uv":[4.5,11.5,1,14.5],"texture":"#3"},"west":{"uv":[1,11.5,4.5,14.5],"texture":"#3"}}},{"from":[7.995,8.94301,2.49479],"to":[8.005,9.94301,3.74479],"light_emission":15,"rotation":{"angle":-22.5,"axis":"x","origin":[8,9.44301,3.11979]},"faces":{"east":{"uv":[9,12,6.5,14],"texture":"#3"},"west":{"uv":[6.5,12,9,14],"texture":"#3"}}},{"from":[9.15853,4.95645,4],"to":[9.16853,9.95645,12],"light_emission":15,"rotation":{"angle":-22.5,"axis":"z","origin":[9.16353,7.45645,8]},"faces":{"east":{"uv":[5.33333,12,0,15.33333],"texture":"#4"},"west":{"uv":[0,12,5.33333,15.33333],"texture":"#4"}}},{"from":[8.34855,9.02846,4],"to":[8.35855,14.02846,12],"light_emission":15,"rotation":{"angle":45,"axis":"z","origin":[8.35355,11.52846,8]},"faces":{"east":{"uv":[5.33333,8.66667,0,12],"texture":"#4"},"west":{"uv":[0,8.66667,5.33333,12],"texture":"#4"}}},{"from":[8.34855,12.55693,4],"to":[8.35855,17.55693,12],"light_emission":15,"rotation":{"angle":-45,"axis":"z","origin":[8.35355,15.05693,8]},"faces":{"east":{"uv":[5.33333,5.33333,0,8.66667],"texture":"#4"},"west":{"uv":[0,5.33333,5.33333,8.66667],"texture":"#4"}}},{"from":[8.34855,16.08539,4],"to":[8.35855,21.08539,12],"light_emission":15,"rotation":{"angle":45,"axis":"z","origin":[8.35355,18.58539,8]},"faces":{"east":{"uv":[5.33333,2,0,5.33333],"texture":"#4"},"west":{"uv":[0,2,5.33333,5.33333],"texture":"#4"}}},{"from":[6.58225,20.34962,4],"to":[6.59225,23.34962,12],"light_emission":15,"rotation":{"angle":0,"axis":"y","origin":[6.58725,21.84962,8]},"faces":{"east":{"uv":[0,2,5.33333,0],"rotation":180,"texture":"#4"},"west":{"uv":[5.33333,2,0,0],"rotation":180,"texture":"#4"}}},{"from":[7,7.26777,7],"to":[9,11.26777,9],"rotation":{"angle":0,"axis":"x","origin":[8,9.26777,8]},"faces":{"north":{"uv":[1.09091,3.63636,1.81818,5.09091],"texture":"#5"},"east":{"uv":[2.18182,3.63636,2.90909,5.09091],"texture":"#5"},"south":{"uv":[3.27273,3.63636,4,5.09091],"texture":"#5"},"west":{"uv":[4,0,4.72727,1.45455],"texture":"#5"},"up":{"uv":[8.72727,6.90909,8,6.18182],"texture":"#5"},"down":{"uv":[8.72727,7.27273,8,8],"texture":"#5"}}},{"from":[6.875,7.26777,6.875],"to":[9.125,11.26777,9.125],"rotation":{"angle":0,"axis":"x","origin":[8.125,9.26777,0.125]},"faces":{"north":{"uv":[1.09091,0,1.90909,1.45455],"texture":"#5"},"east":{"uv":[1.09091,1.81818,1.90909,3.27273],"texture":"#5"},"south":{"uv":[2.54545,0,3.36364,1.45455],"texture":"#5"},"west":{"uv":[2.54545,1.81818,3.36364,3.27273],"texture":"#5"}}},{"from":[7.125,11.26777,7.125],"to":[8.875,15.26777,8.875],"rotation":{"angle":0,"axis":"x","origin":[8.125,9.26777,0.125]},"faces":{"north":{"uv":[4,1.81818,4.63636,3.27273],"texture":"#5"},"east":{"uv":[4.36364,3.63636,5,5.09091],"texture":"#5"},"south":{"uv":[0,4.72727,0.63636,6.18182],"texture":"#5"},"west":{"uv":[5.09091,0,5.72727,1.45455],"texture":"#5"}}},{"from":[7.375,15.26777,7.375],"to":[8.625,19.26777,8.625],"rotation":{"angle":0,"axis":"x","origin":[8.125,9.26777,0.125]},"faces":{"north":{"uv":[2.18182,7.27273,2.63636,8.72727],"texture":"#5"},"east":{"uv":[3.27273,7.27273,3.72727,8.72727],"texture":"#5"},"south":{"uv":[4.36364,7.27273,4.81818,8.72727],"texture":"#5"},"west":{"uv":[7.27273,4.36364,7.72727,5.81818],"texture":"#5"}}},{"from":[7.25,11.26777,7.25],"to":[8.75,15.26777,8.75],"rotation":{"angle":0,"axis":"x","origin":[8,13.26777,8]},"faces":{"north":{"uv":[2.54545,5.45455,3.09091,6.90909],"texture":"#5"},"east":{"uv":[5.45455,3.27273,6,4.72727],"texture":"#5"},"south":{"uv":[3.63636,5.45455,4.18182,6.90909],"texture":"#5"},"west":{"uv":[4.72727,5.45455,5.27273,6.90909],"texture":"#5"},"up":{"uv":[9.63636,3.45455,9.09091,2.90909],"texture":"#5"}}},{"from":[7.5,15.26777,7.5],"to":[8.5,19.26777,8.5],"rotation":{"angle":0,"axis":"x","origin":[8,13.26777,8]},"faces":{"north":{"uv":[0,8.36364,0.36364,9.81818],"texture":"#5"},"east":{"uv":[8.36364,4.36364,8.72727,5.81818],"texture":"#5"},"south":{"uv":[5.45455,8.36364,5.81818,9.81818],"texture":"#5"},"west":{"uv":[6.18182,8.36364,6.54545,9.81818],"texture":"#5"},"up":{"uv":[6.90909,4.72727,6.54545,4.36364],"texture":"#5"}}},{"from":[7.5,9,5.75],"to":[8.5,10,6.75],"light_emission":15,"rotation":{"angle":0,"axis":"y","origin":[7.5,0,7.5]},"faces":{"north":{"uv":[10.18182,5.45455,10.54545,5.81818],"texture":"#5"},"east":{"uv":[6.18182,10.18182,6.54545,10.54545],"texture":"#5"},"south":{"uv":[10.18182,6.18182,10.54545,6.54545],"texture":"#5"},"west":{"uv":[10.18182,6.90909,10.54545,7.27273],"texture":"#5"},"up":{"uv":[10.54545,8,10.18182,7.63636],"texture":"#5"},"down":{"uv":[10.54545,8.36364,10.18182,8.72727],"texture":"#5"}}},{"from":[7.75,9.25,6.75],"to":[8.25,9.75,7],"rotation":{"angle":0,"axis":"y","origin":[7.5,0,7.5]},"faces":{"north":{"uv":[10.54545,11.27273,10.72727,11.45455],"texture":"#5"},"east":{"uv":[11.63636,8,11.72727,8.18182],"texture":"#5"},"south":{"uv":[11.27273,10.90909,11.45455,11.09091],"texture":"#5"},"west":{"uv":[11.63636,8.72727,11.72727,8.90909],"texture":"#5"},"up":{"uv":[11.81818,9.54545,11.63636,9.45455],"texture":"#5"},"down":{"uv":[11.45455,11.63636,11.27273,11.72727],"texture":"#5"}}},{"from":[7.75,12.5,7],"to":[8.25,13,7.25],"rotation":{"angle":0,"axis":"y","origin":[7.5,-4.5,7.5]},"faces":{"north":{"uv":[0,11.63636,0.18182,11.81818],"texture":"#5"},"east":{"uv":[12,0,12.09091,0.18182],"texture":"#5"},"south":{"uv":[3.63636,11.63636,3.81818,11.81818],"texture":"#5"},"west":{"uv":[0.72727,12,0.81818,12.18182],"texture":"#5"},"up":{"uv":[12.18182,0.81818,12,0.72727],"texture":"#5"},"down":{"uv":[1.63636,12,1.45455,12.09091],"texture":"#5"}}},{"from":[7.625,12.375,6.25],"to":[8.375,13.125,7],"light_emission":15,"rotation":{"angle":0,"axis":"y","origin":[7.375,-4.375,7.5]},"faces":{"north":{"uv":[10.90909,5.09091,11.18182,5.36364],"texture":"#5"},"east":{"uv":[10.90909,5.81818,11.18182,6.09091],"texture":"#5"},"south":{"uv":[6.18182,10.90909,6.45455,11.18182],"texture":"#5"},"west":{"uv":[10.90909,6.54545,11.18182,6.81818],"texture":"#5"},"up":{"uv":[11.18182,7.54545,10.90909,7.27273],"texture":"#5"},"down":{"uv":[11.18182,8,10.90909,8.27273],"texture":"#5"}}},{"from":[7.625,14.75,6.5],"to":[8.125,15.25,7],"light_emission":15,"rotation":{"angle":0,"axis":"y","origin":[7.375,-7.25,7.5]},"faces":{"north":{"uv":[6.90909,11.27273,7.09091,11.45455],"texture":"#5"},"east":{"uv":[7.63636,11.27273,7.81818,11.45455],"texture":"#5"},"south":{"uv":[8.36364,11.27273,8.54545,11.45455],"texture":"#5"},"west":{"uv":[9.09091,11.27273,9.27273,11.45455],"texture":"#5"},"up":{"uv":[10,11.45455,9.81818,11.27273],"texture":"#5"},"down":{"uv":[11.45455,10.18182,11.27273,10.36364],"texture":"#5"}}},{"from":[7.875,14.875,7],"to":[8.125,15.125,7.25],"rotation":{"angle":0,"axis":"y","origin":[7.625,-7.125,7.5]},"faces":{"north":{"uv":[12,1.45455,12.09091,1.54545],"texture":"#5"},"east":{"uv":[2.18182,12,2.27273,12.09091],"texture":"#5"},"south":{"uv":[12,2.18182,12.09091,2.27273],"texture":"#5"},"west":{"uv":[2.90909,12,3,12.09091],"texture":"#5"},"up":{"uv":[12.09091,3,12,2.90909],"texture":"#5"},"down":{"uv":[12.09091,3.63636,12,3.72727],"texture":"#5"}}},{"from":[7.875,17.125,7.25],"to":[8.125,17.375,7.5],"rotation":{"angle":0,"axis":"y","origin":[7.625,-7.125,7.5]},"faces":{"north":{"uv":[6.90909,12,7,12.09091],"texture":"#5"},"east":{"uv":[7.63636,12,7.72727,12.09091],"texture":"#5"},"south":{"uv":[8.36364,12,8.45455,12.09091],"texture":"#5"},"west":{"uv":[9.09091,12,9.18182,12.09091],"texture":"#5"},"up":{"uv":[9.90909,12.09091,9.81818,12],"texture":"#5"},"down":{"uv":[12.09091,10.18182,12,10.27273],"texture":"#5"}}},{"from":[7.625,17,6.75],"to":[8.125,17.5,7.25],"light_emission":15,"rotation":{"angle":0,"axis":"y","origin":[7.375,-7.25,7.5]},"faces":{"north":{"uv":[11.63636,4.36364,11.81818,4.54545],"texture":"#5"},"east":{"uv":[11.63636,5.09091,11.81818,5.27273],"texture":"#5"},"south":{"uv":[11.63636,5.81818,11.81818,6],"texture":"#5"},"west":{"uv":[6.18182,11.63636,6.36364,11.81818],"texture":"#5"},"up":{"uv":[11.81818,6.72727,11.63636,6.54545],"texture":"#5"},"down":{"uv":[11.81818,7.27273,11.63636,7.45455],"texture":"#5"}}},{"name":"cube_outline","from":[8.6,10.1,6.85],"to":[7.4,8.9,5.65],"light_emission":15,"rotation":{"angle":0,"axis":"y","origin":[7.5,0,7.5]},"faces":{"north":{"uv":[9.09091,6.18182,9.54545,6.63636],"texture":"#5"},"east":{"uv":[9.09091,7.27273,9.54545,7.72727],"texture":"#5"},"south":{"uv":[9.09091,8.36364,9.54545,8.81818],"texture":"#5"},"west":{"uv":[6.90909,9.45455,7.36364,9.90909],"texture":"#5"},"up":{"uv":[8.45455,9.90909,8,9.45455],"texture":"#5"},"down":{"uv":[9.54545,9.45455,9.09091,9.90909],"texture":"#5"}}},{"name":"cube_outline","from":[8.475,13.225,7.1],"to":[7.525,12.275,6.15],"light_emission":15,"rotation":{"angle":0,"axis":"y","origin":[7.375,-4.375,7.5]},"faces":{"north":{"uv":[10.18182,9.09091,10.54545,9.45455],"texture":"#5"},"east":{"uv":[10.18182,9.81818,10.54545,10.18182],"texture":"#5"},"south":{"uv":[1.81818,10.54545,2.18182,10.90909],"texture":"#5"},"west":{"uv":[6.90909,10.54545,7.27273,10.90909],"texture":"#5"},"up":{"uv":[8,10.90909,7.63636,10.54545],"texture":"#5"},"down":{"uv":[8.72727,10.54545,8.36364,10.90909],"texture":"#5"}}},{"name":"cube_outline","from":[8.225,15.35,7.1],"to":[7.525,14.65,6.4],"light_emission":15,"rotation":{"angle":0,"axis":"y","origin":[7.375,-7.25,7.5]},"faces":{"north":{"uv":[10.90909,8.72727,11.18182,9],"texture":"#5"},"east":{"uv":[10.90909,9.45455,11.18182,9.72727],"texture":"#5"},"south":{"uv":[11.27273,0,11.54545,0.27273],"texture":"#5"},"west":{"uv":[0.72727,11.27273,1,11.54545],"texture":"#5"},"up":{"uv":[11.54545,1,11.27273,0.72727],"texture":"#5"},"down":{"uv":[1.72727,11.27273,1.45455,11.54545],"texture":"#5"}}},{"name":"cube_outline","from":[8.225,17.6,7.35],"to":[7.525,16.9,6.65],"light_emission":15,"rotation":{"angle":0,"axis":"y","origin":[7.375,-7.25,7.5]},"faces":{"north":{"uv":[11.27273,1.45455,11.54545,1.72727],"texture":"#5"},"east":{"uv":[2.18182,11.27273,2.45455,11.54545],"texture":"#5"},"south":{"uv":[11.27273,2.18182,11.54545,2.45455],"texture":"#5"},"west":{"uv":[2.90909,11.27273,3.18182,11.54545],"texture":"#5"},"up":{"uv":[11.54545,3.18182,11.27273,2.90909],"texture":"#5"},"down":{"uv":[11.54545,3.63636,11.27273,3.90909],"texture":"#5"}}},{"from":[7.99,7.25,5.5],"to":[8.01,19.25,7.5],"rotation":{"angle":0,"axis":"y","origin":[7.99,0,0]},"faces":{"north":{"uv":[5.09091,11.27273,5.09091,15.63636],"texture":"#5"},"east":{"uv":[0.72727,0,0,4.36364],"texture":"#5"},"west":{"uv":[0,0,0.72727,4.36364],"texture":"#5"}}},{"from":[7.995,19.25,6.875],"to":[8.005,21.5,9.125],"rotation":{"angle":0,"axis":"y","origin":[7.995,0,5.875]},"faces":{"east":{"uv":[6.63636,5.09091,5.81818,5.90909],"texture":"#5"},"west":{"uv":[5.81818,5.09091,6.63636,5.90909],"texture":"#5"}}},{"from":[6.875,19.25,7.995],"to":[9.125,21.5,8.005],"rotation":{"angle":0,"axis":"y","origin":[8,20.375,8]},"faces":{"north":{"uv":[6.63636,5.09091,5.81818,5.90909],"texture":"#5"},"south":{"uv":[5.81818,5.09091,6.63636,5.90909],"texture":"#5"}}}],"gui_light":"front","display":{"thirdperson_righthand":{"rotation":[19.5,0,0],"translation":[0,2.5,2.25]},"thirdperson_lefthand":{"rotation":[19.5,0,0],"translation":[0,2.5,2.25]},"firstperson_righthand":{"rotation":[-35.79,-2.65,-1.9],"translation":[3.25,1.75,0],"scale":[0.7,0.7,0.7]},"firstperson_lefthand":{"rotation":[-35.79,-2.65,-1.9],"translation":[3.25,1.75,0],"scale":[0.7,0.7,0.7]},"ground":{"rotation":[45,0,0],"translation":[0,5,0],"scale":[0.7,0.7,0.7]},"gui":{"rotation":[-90,135,90],"translation":[-0.75,-0.75,0],"scale":[0.91,0.91,0.91]},"head":{"rotation":[0,-90,0]},"fixed":{"rotation":[0,-90,0],"translation":[0,0,-2.5],"scale":[2,2,2]},"on_shelf":{"rotation":[0,90,0],"translation":[0,2.75,0],"scale":[0.8,0.8,0.8]}},"mcmodels":"3c09f253311d0ddc1db7278626b11ffe"}