{"format_version":"1.9.0","credit":"Pologony Creation Co.,Ltd.","texture_size":[44,44],"textures":{"1":"plny_christmas_2025_set:assets_1","3":"plny_christmas_2025_set:animated/animated_1","6":"plny_christmas_2025_set:hammer","particle":"plny_christmas_2025_set:assets_1"},"elements":[{"from":[7,7.75,7],"to":[9,8.5,9],"rotation":{"angle":0,"axis":"y","origin":[8,19.75889,8]},"faces":{"north":{"uv":[13.45455,4.72727,14.18182,5],"texture":"#6"},"east":{"uv":[13.45455,5.45455,14.18182,5.72727],"texture":"#6"},"south":{"uv":[13.45455,6.18182,14.18182,6.45455],"texture":"#6"},"west":{"uv":[13.45455,6.90909,14.18182,7.18182],"texture":"#6"},"up":{"uv":[5.09091,12,4.36364,11.27273],"texture":"#6"},"down":{"uv":[12,4.72727,11.27273,5.45455],"texture":"#6"}}},{"from":[7,0.75,7],"to":[9,1.5,9],"rotation":{"angle":0,"axis":"y","origin":[8,12.75889,8]},"faces":{"north":{"uv":[13.45455,7.63636,14.18182,7.90909],"texture":"#6"},"east":{"uv":[13.45455,8.36364,14.18182,8.63636],"texture":"#6"},"south":{"uv":[12.72727,13.45455,13.45455,13.72727],"texture":"#6"},"west":{"uv":[2.18182,13.81818,2.90909,14.09091],"texture":"#6"},"up":{"uv":[6.18182,12,5.45455,11.27273],"texture":"#6"},"down":{"uv":[12,5.81818,11.27273,6.54545],"texture":"#6"}}},{"from":[7,21.5,7],"to":[9,22.25,9],"rotation":{"angle":0,"axis":"y","origin":[8,28.75889,8]},"faces":{"north":{"uv":[13.81818,3.27273,14.54545,3.54545],"texture":"#6"},"east":{"uv":[13.81818,4,14.54545,4.27273],"texture":"#6"},"south":{"uv":[5.45455,13.81818,6.18182,14.09091],"texture":"#6"},"west":{"uv":[13.81818,9.09091,14.54545,9.36364],"texture":"#6"},"up":{"uv":[12,7.63636,11.27273,6.90909],"texture":"#6"},"down":{"uv":[12,8,11.27273,8.72727],"texture":"#6"}}},{"from":[7,15.5,7],"to":[9,16.25,9],"rotation":{"angle":0,"axis":"y","origin":[8,22.75889,8]},"faces":{"north":{"uv":[13.81818,9.81818,14.54545,10.09091],"texture":"#6"},"east":{"uv":[13.81818,10.54545,14.54545,10.81818],"texture":"#6"},"south":{"uv":[13.81818,11.27273,14.54545,11.54545],"texture":"#6"},"west":{"uv":[13.81818,13.45455,14.54545,13.72727],"texture":"#6"},"up":{"uv":[12,11.63636,11.27273,10.90909],"texture":"#6"},"down":{"uv":[0.72727,11.63636,0,12.36364],"texture":"#6"}}},{"from":[7.25,23.79029,3.03141],"to":[8.75,26.29029,5.53141],"rotation":{"angle":-45,"axis":"x","origin":[8,28.75889,8]},"faces":{"north":{"uv":[12.36364,6.18182,12.90909,7.09091],"texture":"#6"},"east":{"uv":[9.45455,0,10.36364,0.90909],"texture":"#6"},"south":{"uv":[12.36364,7.63636,12.90909,8.54545],"texture":"#6"},"west":{"uv":[9.45455,1.45455,10.36364,2.36364],"texture":"#6"},"up":{"uv":[0.54545,13.63636,0,12.72727],"texture":"#6"},"down":{"uv":[1.63636,12.72727,1.09091,13.63636],"texture":"#6"}}},{"from":[6.75,24.04029,3.28141],"to":[9.25,26.04029,5.28141],"rotation":{"angle":-45,"axis":"x","origin":[8,28.75889,8]},"faces":{"north":{"uv":[6.90909,10.54545,7.81818,11.27273],"texture":"#6"},"east":{"uv":[1.09091,11.63636,1.81818,12.36364],"texture":"#6"},"south":{"uv":[8.36364,10.90909,9.27273,11.63636],"texture":"#6"},"west":{"uv":[2.18182,11.63636,2.90909,12.36364],"texture":"#6"},"up":{"uv":[10.72727,11.63636,9.81818,10.90909],"texture":"#6"},"down":{"uv":[12.18182,3.63636,11.27273,4.36364],"texture":"#6"}}},{"from":[7.375,8.5,7.375],"to":[8.625,15.5,8.625],"rotation":{"angle":0,"axis":"y","origin":[8,17.75889,8]},"faces":{"north":{"uv":[7.63636,7.63636,8.09091,10.18182],"texture":"#6"},"east":{"uv":[8.36364,1.81818,8.81818,4.36364],"texture":"#6"},"south":{"uv":[2.18182,8.72727,2.63636,11.27273],"texture":"#6"},"west":{"uv":[3.27273,8.72727,3.72727,11.27273],"texture":"#6"}}},{"from":[7.25,16.25,7.25],"to":[8.75,21.5,8.75],"rotation":{"angle":0,"axis":"y","origin":[8.125,28.50889,8.125]},"faces":{"north":{"uv":[8.72727,4.72727,9.27273,6.63636],"texture":"#6"},"east":{"uv":[8.72727,7.27273,9.27273,9.18182],"texture":"#6"},"south":{"uv":[0,9.09091,0.54545,11],"texture":"#6"},"west":{"uv":[1.09091,9.09091,1.63636,11],"texture":"#6"}}},{"from":[7.25,1.5,7.25],"to":[8.75,7.75,8.75],"rotation":{"angle":0,"axis":"y","origin":[8.125,14.75889,8.125]},"faces":{"north":{"uv":[7.27273,1.81818,7.81818,4.09091],"texture":"#6"},"east":{"uv":[4.36364,7.63636,4.90909,9.90909],"texture":"#6"},"south":{"uv":[5.45455,7.63636,6,9.90909],"texture":"#6"},"west":{"uv":[6.54545,7.63636,7.09091,9.90909],"texture":"#6"}}},{"from":[7.5,3.20666,-1.55222],"to":[8.5,4.70666,-0.05222],"rotation":{"angle":-45,"axis":"x","origin":[8,12.75889,8]},"faces":{"north":{"uv":[0,14.18182,0.36364,14.72727],"texture":"#6"},"east":{"uv":[13.45455,0,14,0.54545],"texture":"#6"},"south":{"uv":[0.72727,14.18182,1.09091,14.72727],"texture":"#6"},"west":{"uv":[13.45455,1.09091,14,1.63636],"texture":"#6"},"up":{"uv":[1.81818,14.72727,1.45455,14.18182],"texture":"#6"},"down":{"uv":[6.90909,14.18182,6.54545,14.72727],"texture":"#6"}}},{"from":[6.59246,22.05742,7.5],"to":[7.59246,22.80742,8.5],"rotation":{"angle":22.5,"axis":"z","origin":[8,28.75889,8]},"faces":{"north":{"uv":[12,10,11,10.75],"texture":"#1"},"east":{"uv":[13,6,12,6.75],"texture":"#1"},"south":{"uv":[6,12,5,12.75],"texture":"#1"},"west":{"uv":[4,12,3,12.75],"texture":"#1"},"up":{"uv":[6,11,7,10],"texture":"#1"}}},{"from":[6.34246,21.05742,7.25],"to":[7.84246,22.05742,8.75],"rotation":{"angle":22.5,"axis":"z","origin":[8,28.75889,8]},"faces":{"north":{"uv":[10.5,6,9,7],"texture":"#1"},"east":{"uv":[4.5,10,3,11],"texture":"#1"},"south":{"uv":[11.5,0,10,1],"texture":"#1"},"west":{"uv":[10.5,8,9,9],"texture":"#1"},"up":{"uv":[3,8.5,4.5,7],"texture":"#1"},"down":{"uv":[6,7,7.5,8.5],"texture":"#1"}}},{"from":[8.875,22.104,9.24854],"to":[9.625,22.854,9.99854],"rotation":{"angle":22.5,"axis":"x","origin":[8,28.75889,8]},"faces":{"north":{"uv":[13.75,0,13,0.75],"texture":"#1"},"east":{"uv":[2.75,14,2,14.75],"texture":"#1"},"south":{"uv":[13.75,12,13,12.75],"texture":"#1"},"west":{"uv":[13.75,10,13,10.75],"texture":"#1"},"up":{"uv":[14,2.75,14.75,2],"texture":"#1"}}},{"from":[8.625,21.354,8.99854],"to":[9.875,22.104,10.24854],"rotation":{"angle":22.5,"axis":"x","origin":[8,28.75889,8]},"faces":{"north":{"uv":[9.25,10,8,10.75],"texture":"#1"},"east":{"uv":[12.25,4,11,4.75],"texture":"#1"},"south":{"uv":[12.25,2,11,2.75],"texture":"#1"},"west":{"uv":[1.25,11,0,11.75],"texture":"#1"},"up":{"uv":[0,9.25,1.25,8],"texture":"#1"},"down":{"uv":[8,3,9.25,4.25],"texture":"#1"}}},{"from":[8.875,22.104,6.00146],"to":[9.625,22.854,6.75146],"rotation":{"angle":-22.5,"axis":"x","origin":[8,28.75889,8]},"faces":{"north":{"uv":[13,12,13.75,12.75],"texture":"#1"},"east":{"uv":[2,14,2.75,14.75],"texture":"#1"},"south":{"uv":[13,0,13.75,0.75],"texture":"#1"},"west":{"uv":[13,10,13.75,10.75],"texture":"#1"},"up":{"uv":[14,2,14.75,2.75],"texture":"#1"}}},{"from":[8.625,21.354,5.75146],"to":[9.875,22.104,7.00146],"rotation":{"angle":-22.5,"axis":"x","origin":[8,28.75889,8]},"faces":{"north":{"uv":[11,2,12.25,2.75],"texture":"#1"},"east":{"uv":[11,4,12.25,4.75],"texture":"#1"},"south":{"uv":[8,10,9.25,10.75],"texture":"#1"},"west":{"uv":[0,11,1.25,11.75],"texture":"#1"},"up":{"uv":[0,8,1.25,9.25],"texture":"#1"},"down":{"uv":[8,4.25,9.25,3],"texture":"#1"}}},{"from":[9.25,23,7.625],"to":[10,23.75,8.375],"rotation":{"angle":0,"axis":"y","origin":[8,28.75889,8]},"faces":{"north":{"uv":[7.75,12,7,12.75],"texture":"#1"},"east":{"uv":[9.75,12,9,12.75],"texture":"#1"},"south":{"uv":[12.75,8,12,8.75],"texture":"#1"},"up":{"uv":[11,12.75,11.75,12],"texture":"#1"},"down":{"uv":[0,13,0.75,13.75],"texture":"#1"}}},{"from":[9.275,23.41113,6.31494],"to":[9.775,23.91113,6.81494],"rotation":{"angle":-22.5,"axis":"x","origin":[8,28.75889,8]},"faces":{"north":{"uv":[10.5,14,10,14.5],"texture":"#1"},"east":{"uv":[0.5,15,0,15.5],"texture":"#1"},"south":{"uv":[14.5,14,14,14.5],"texture":"#1"},"west":{"uv":[12.5,14,12,14.5],"texture":"#1"},"up":{"uv":[15,0.5,15.5,0],"texture":"#1"},"down":{"uv":[15,10,15.5,10.5],"texture":"#1"}}},{"from":[9.275,23.41113,9.18506],"to":[9.775,23.91113,9.68506],"rotation":{"angle":22.5,"axis":"x","origin":[8,28.75889,8]},"faces":{"north":{"uv":[4.5,14,4,14.5],"texture":"#1"},"east":{"uv":[14.5,6,14,6.5],"texture":"#1"},"south":{"uv":[6.5,14,6,14.5],"texture":"#1"},"west":{"uv":[14.5,4,14,4.5],"texture":"#1"},"up":{"uv":[8,14.5,8.5,14],"texture":"#1"},"down":{"uv":[14,8,14.5,8.5],"texture":"#1"}}},{"from":[9.255,24.04029,8.96859],"to":[9.265,25.54029,10.96859],"rotation":{"angle":45,"axis":"x","origin":[8,28.75889,8]},"faces":{"east":{"uv":[2,5,0,6.5],"texture":"#1"},"west":{"uv":[0,5,2,6.5],"texture":"#1"}}},{"from":[9.235,24.29029,3.53141],"to":[9.265,25.79029,5.03141],"rotation":{"angle":-45,"axis":"x","origin":[8,28.75889,8]},"faces":{"east":{"uv":[8.5,0,7,1.5],"texture":"#1"}}},{"from":[9.265,23.03868,2.54632],"to":[9.285,24.78868,5.29632],"rotation":{"angle":-22.5,"axis":"x","origin":[8,28.75889,8]},"faces":{"east":{"uv":[6.75,4,4,5.75],"texture":"#1"},"west":{"uv":[4,4,6.75,5.75],"texture":"#1"}}},{"from":[9.265,23.03868,10.70368],"to":[9.285,24.78868,13.45368],"rotation":{"angle":22.5,"axis":"x","origin":[8,28.75889,8]},"faces":{"east":{"uv":[4,4,6.75,5.75],"texture":"#1"},"west":{"uv":[6.75,4,4,5.75],"texture":"#1"}}},{"from":[9.255,24.04029,5.03141],"to":[9.265,25.54029,7.03141],"rotation":{"angle":-45,"axis":"x","origin":[8,28.75889,8]},"faces":{"east":{"uv":[0,5,2,6.5],"texture":"#1"},"west":{"uv":[2,5,0,6.5],"texture":"#1"}}},{"from":[8.40754,22.05742,7.5],"to":[9.40754,22.80742,8.5],"rotation":{"angle":-22.5,"axis":"z","origin":[8,28.75889,8]},"faces":{"north":{"uv":[11,10,12,10.75],"texture":"#1"},"east":{"uv":[3,12,4,12.75],"texture":"#1"},"south":{"uv":[5,12,6,12.75],"texture":"#1"},"west":{"uv":[12,6,13,6.75],"texture":"#1"},"up":{"uv":[7,11,6,10],"texture":"#1"}}},{"from":[8.15754,21.05742,7.25],"to":[9.65754,22.05742,8.75],"rotation":{"angle":-22.5,"axis":"z","origin":[8,28.75889,8]},"faces":{"north":{"uv":[9,6,10.5,7],"texture":"#1"},"east":{"uv":[9,8,10.5,9],"texture":"#1"},"south":{"uv":[10,0,11.5,1],"texture":"#1"},"west":{"uv":[3,10,4.5,11],"texture":"#1"},"up":{"uv":[4.5,8.5,3,7],"texture":"#1"},"down":{"uv":[7.5,7,6,8.5],"texture":"#1"}}},{"from":[6.375,22.104,9.24854],"to":[7.125,22.854,9.99854],"rotation":{"angle":22.5,"axis":"x","origin":[8,28.75889,8]},"faces":{"north":{"uv":[13,0,13.75,0.75],"texture":"#1"},"east":{"uv":[13,10,13.75,10.75],"texture":"#1"},"south":{"uv":[13,12,13.75,12.75],"texture":"#1"},"west":{"uv":[2,14,2.75,14.75],"texture":"#1"},"up":{"uv":[14.75,2.75,14,2],"texture":"#1"}}},{"from":[6.125,21.354,8.99854],"to":[7.375,22.104,10.24854],"rotation":{"angle":22.5,"axis":"x","origin":[8,28.75889,8]},"faces":{"north":{"uv":[8,10,9.25,10.75],"texture":"#1"},"east":{"uv":[0,11,1.25,11.75],"texture":"#1"},"south":{"uv":[11,2,12.25,2.75],"texture":"#1"},"west":{"uv":[11,4,12.25,4.75],"texture":"#1"},"up":{"uv":[1.25,9.25,0,8],"texture":"#1"},"down":{"uv":[9.25,3,8,4.25],"texture":"#1"}}},{"from":[6.375,22.104,6.00146],"to":[7.125,22.854,6.75146],"rotation":{"angle":-22.5,"axis":"x","origin":[8,28.75889,8]},"faces":{"north":{"uv":[13.75,12,13,12.75],"texture":"#1"},"east":{"uv":[13.75,10,13,10.75],"texture":"#1"},"south":{"uv":[13.75,0,13,0.75],"texture":"#1"},"west":{"uv":[2.75,14,2,14.75],"texture":"#1"},"up":{"uv":[14.75,2,14,2.75],"texture":"#1"}}},{"from":[6.125,21.354,5.75146],"to":[7.375,22.104,7.00146],"rotation":{"angle":-22.5,"axis":"x","origin":[8,28.75889,8]},"faces":{"north":{"uv":[12.25,2,11,2.75],"texture":"#1"},"east":{"uv":[1.25,11,0,11.75],"texture":"#1"},"south":{"uv":[9.25,10,8,10.75],"texture":"#1"},"west":{"uv":[12.25,4,11,4.75],"texture":"#1"},"up":{"uv":[1.25,8,0,9.25],"texture":"#1"},"down":{"uv":[9.25,4.25,8,3],"texture":"#1"}}},{"from":[6,23,7.625],"to":[6.75,23.75,8.375],"rotation":{"angle":0,"axis":"y","origin":[8,28.75889,8]},"faces":{"north":{"uv":[7,12,7.75,12.75],"texture":"#1"},"south":{"uv":[12,8,12.75,8.75],"texture":"#1"},"west":{"uv":[9,12,9.75,12.75],"texture":"#1"},"up":{"uv":[11.75,12.75,11,12],"texture":"#1"},"down":{"uv":[0.75,13,0,13.75],"texture":"#1"}}},{"from":[6.225,23.41113,6.31494],"to":[6.725,23.91113,6.81494],"rotation":{"angle":-22.5,"axis":"x","origin":[8,28.75889,8]},"faces":{"north":{"uv":[10,14,10.5,14.5],"texture":"#1"},"east":{"uv":[12,14,12.5,14.5],"texture":"#1"},"south":{"uv":[14,14,14.5,14.5],"texture":"#1"},"west":{"uv":[0,15,0.5,15.5],"texture":"#1"},"up":{"uv":[15.5,0.5,15,0],"texture":"#1"},"down":{"uv":[15.5,10,15,10.5],"texture":"#1"}}},{"from":[6.225,23.41113,9.18506],"to":[6.725,23.91113,9.68506],"rotation":{"angle":22.5,"axis":"x","origin":[8,28.75889,8]},"faces":{"north":{"uv":[4,14,4.5,14.5],"texture":"#1"},"east":{"uv":[14,4,14.5,4.5],"texture":"#1"},"south":{"uv":[6,14,6.5,14.5],"texture":"#1"},"west":{"uv":[14,6,14.5,6.5],"texture":"#1"},"up":{"uv":[8.5,14.5,8,14],"texture":"#1"},"down":{"uv":[14.5,8,14,8.5],"texture":"#1"}}},{"from":[6.735,24.04029,8.96859],"to":[6.745,25.54029,10.96859],"rotation":{"angle":45,"axis":"x","origin":[8,28.75889,8]},"faces":{"east":{"uv":[2,5,0,6.5],"texture":"#1"},"west":{"uv":[0,5,2,6.5],"texture":"#1"}}},{"from":[6.735,24.29029,3.53141],"to":[6.765,25.79029,5.03141],"rotation":{"angle":-45,"axis":"x","origin":[8,28.75889,8]},"faces":{"west":{"uv":[7,0,8.5,1.5],"texture":"#1"}}},{"from":[6.715,23.03868,2.54632],"to":[6.735,24.78868,5.29632],"rotation":{"angle":-22.5,"axis":"x","origin":[8,28.75889,8]},"faces":{"east":{"uv":[6.75,4,4,5.75],"texture":"#1"},"west":{"uv":[4,4,6.75,5.75],"texture":"#1"}}},{"from":[6.715,23.03868,10.70368],"to":[6.735,24.78868,13.45368],"rotation":{"angle":22.5,"axis":"x","origin":[8,28.75889,8]},"faces":{"east":{"uv":[4,4,6.75,5.75],"texture":"#1"},"west":{"uv":[6.75,4,4,5.75],"texture":"#1"}}},{"from":[6.735,24.04029,5.03141],"to":[6.745,25.54029,7.03141],"rotation":{"angle":-45,"axis":"x","origin":[8,28.75889,8]},"faces":{"east":{"uv":[0,5,2,6.5],"texture":"#1"},"west":{"uv":[2,5,0,6.5],"texture":"#1"}}},{"from":[7.99,-3.25,6.625],"to":[8.01,0.75,9.375],"rotation":{"angle":0,"axis":"y","origin":[8,12.75889,8]},"faces":{"east":{"uv":[2.75,0,0,4],"texture":"#1"},"west":{"uv":[0,0,2.75,4],"texture":"#1"}}},{"from":[7.995,0.82278,15.08623],"to":[8.005,3.82278,16.83623],"rotation":{"angle":45,"axis":"x","origin":[8,12.75889,8]},"faces":{"east":{"uv":[5.75,0,4,3],"texture":"#1"},"west":{"uv":[4,0,5.75,3],"texture":"#1"}}},{"from":[7.995,0.82278,-0.83623],"to":[8.005,3.82278,0.91377],"rotation":{"angle":-45,"axis":"x","origin":[8,12.75889,8]},"faces":{"east":{"uv":[4,0,5.75,3],"texture":"#1"},"west":{"uv":[5.75,0,4,3],"texture":"#1"}}},{"from":[7.375,22.71263,6.20154],"to":[8.625,23.96263,8.95154],"rotation":{"angle":-22.5,"axis":"x","origin":[8,28.75889,8]},"faces":{"east":{"uv":[12.36364,10.90909,13.36364,11.36364],"texture":"#6"},"west":{"uv":[2.18182,12.72727,3.18182,13.18182],"texture":"#6"},"up":{"uv":[7,13.72727,6.54545,12.72727],"texture":"#6"},"down":{"uv":[13.18182,9.09091,12.72727,10.09091],"texture":"#6"}}},{"from":[7.625,24.66526,10.05542],"to":[8.375,25.91526,12.30542],"rotation":{"angle":22.5,"axis":"x","origin":[8,28.75889,8]},"faces":{"north":{"uv":[7.27273,14.18182,7.54545,14.63636],"texture":"#6"},"east":{"uv":[8.72727,13.09091,9.54545,13.54545],"texture":"#6"},"west":{"uv":[10.18182,13.09091,11,13.54545],"texture":"#6"},"up":{"uv":[5,14.27273,4.72727,13.45455],"texture":"#6"}}},{"from":[7.125,24.16406,11.86319],"to":[8.875,26.41406,13.11319],"rotation":{"angle":22.5,"axis":"x","origin":[8,28.50889,7.5]},"faces":{"north":{"uv":[12.36364,4.72727,13,5.54545],"texture":"#6"},"east":{"uv":[11.63636,13.09091,12.09091,13.90909],"texture":"#6"},"south":{"uv":[5.45455,12.36364,6.09091,13.18182],"texture":"#6"},"west":{"uv":[13.09091,12,13.54545,12.81818],"texture":"#6"},"up":{"uv":[14.09091,2.63636,13.45455,2.18182],"texture":"#6"},"down":{"uv":[4.27273,13.45455,3.63636,13.90909],"texture":"#6"}}},{"from":[7.625,24.66526,3.69458],"to":[8.375,25.91526,5.94458],"rotation":{"angle":-22.5,"axis":"x","origin":[8,28.75889,8]},"faces":{"east":{"uv":[9.54545,13.09091,8.72727,13.54545],"texture":"#6"},"south":{"uv":[7.54545,14.18182,7.27273,14.63636],"texture":"#6"},"west":{"uv":[11,13.09091,10.18182,13.54545],"texture":"#6"},"up":{"uv":[5,13.45455,4.72727,14.27273],"texture":"#6"}}},{"from":[7.375,22.71263,7.04846],"to":[8.625,23.96263,9.79846],"rotation":{"angle":22.5,"axis":"x","origin":[8,28.75889,8]},"faces":{"east":{"uv":[13.36364,10.90909,12.36364,11.36364],"texture":"#6"},"west":{"uv":[3.18182,12.72727,2.18182,13.18182],"texture":"#6"},"up":{"uv":[7,12.72727,6.54545,13.72727],"texture":"#6"},"down":{"uv":[13.18182,10.09091,12.72727,9.09091],"texture":"#6"}}},{"from":[7.125,24.16406,2.88681],"to":[8.875,26.41406,4.13681],"rotation":{"angle":-22.5,"axis":"x","origin":[8,28.50889,8.5]},"faces":{"north":{"uv":[6.09091,12.36364,5.45455,13.18182],"texture":"#6"},"east":{"uv":[12.09091,13.09091,11.63636,13.90909],"texture":"#6"},"south":{"uv":[13,4.72727,12.36364,5.54545],"texture":"#6"},"west":{"uv":[13.54545,12,13.09091,12.81818],"texture":"#6"},"up":{"uv":[14.09091,2.18182,13.45455,2.63636],"texture":"#6"},"down":{"uv":[4.27273,13.90909,3.63636,13.45455],"texture":"#6"}}},{"from":[5,21.5,-0.40224],"to":[11,26.5,7.59776],"light_emission":15,"rotation":{"angle":22.5,"axis":"x","origin":[8,24,3.59776]},"faces":{"east":{"uv":[16,0,0,10],"texture":"#3"},"west":{"uv":[0,0,16,10],"texture":"#3"}}},{"from":[5,21.5,8.40224],"to":[11,26.5,16.40224],"light_emission":15,"rotation":{"angle":-22.5,"axis":"x","origin":[8,24,12.40224]},"faces":{"east":{"uv":[0,0,16,10],"texture":"#3"},"west":{"uv":[16,0,0,10],"texture":"#3"}}},{"from":[5.25,21.75,2.59776],"to":[10.75,23.25,4.34776],"light_emission":15,"rotation":{"angle":22.5,"axis":"x","origin":[8,22.5,3.47276]},"faces":{"east":{"uv":[4.5,11.5,1,14.5],"texture":"#3"},"west":{"uv":[1,11.5,4.5,14.5],"texture":"#3"}}},{"from":[7.995,28.21716,7.125],"to":[8.005,29.71716,8.875],"light_emission":15,"rotation":{"angle":0,"axis":"y","origin":[7.87,29.96716,8]},"faces":{"east":{"uv":[4.5,11.5,1,14.5],"texture":"#3"},"west":{"uv":[1,11.5,4.5,14.5],"texture":"#3"}}},{"from":[5.25,24.75,4.84776],"to":[10.75,25.75,6.09776],"light_emission":15,"rotation":{"angle":0,"axis":"y","origin":[8,25.25,5.47276]},"faces":{"east":{"uv":[9,12,6.5,14],"texture":"#3"},"west":{"uv":[6.5,12,9,14],"texture":"#3"}}},{"from":[7.995,28,5.375],"to":[8.005,29,6.625],"light_emission":15,"rotation":{"angle":-22.5,"axis":"x","origin":[8,28.5,6]},"faces":{"east":{"uv":[9,12,6.5,14],"texture":"#3"},"west":{"uv":[6.5,12,9,14],"texture":"#3"}}},{"from":[7.995,28,9.375],"to":[8.005,29,10.625],"light_emission":15,"rotation":{"angle":22.5,"axis":"x","origin":[8,28.5,10]},"faces":{"east":{"uv":[9,12,6.5,14],"texture":"#3"},"west":{"uv":[6.5,12,9,14],"texture":"#3"}}},{"from":[5.25,22.25,14.40224],"to":[10.75,24,16.15224],"light_emission":15,"rotation":{"angle":22.5,"axis":"x","origin":[8,23.125,15.27724]},"faces":{"east":{"uv":[11.5,11.5,15,15],"texture":"#3"},"west":{"uv":[15,11.5,11.5,15],"texture":"#3"}}},{"from":[5.25,22.25,-0.15224],"to":[10.75,24,1.59776],"light_emission":15,"rotation":{"angle":-22.5,"axis":"x","origin":[8,23.125,0.72276]},"faces":{"east":{"uv":[15,11.5,11.5,15],"texture":"#3"},"west":{"uv":[11.5,11.5,15,15],"texture":"#3"}}},{"from":[5.25,21.75,11.65224],"to":[10.75,23.25,13.40224],"light_emission":15,"rotation":{"angle":-22.5,"axis":"x","origin":[8,22.5,12.52724]},"faces":{"east":{"uv":[1,11.5,4.5,14.5],"texture":"#3"},"west":{"uv":[4.5,11.5,1,14.5],"texture":"#3"}}},{"from":[5.25,24.75,9.90224],"to":[10.75,25.75,11.15224],"light_emission":15,"rotation":{"angle":0,"axis":"y","origin":[8,25.25,10.52724]},"faces":{"east":{"uv":[6.5,12,9,14],"texture":"#3"},"west":{"uv":[9,12,6.5,14],"texture":"#3"}}},{"from":[5.5,21.5,11],"to":[10.5,25.5,16],"rotation":{"angle":0,"axis":"y","origin":[5.5,21.5,11]},"faces":{"north":{"uv":[2.18182,5.09091,4,6.54545],"texture":"#6"},"east":{"uv":[5.09091,2.18182,6.90909,3.63636],"texture":"#6"},"south":{"uv":[5.09091,4,6.90909,5.45455],"texture":"#6"},"west":{"uv":[4.36364,5.81818,6.18182,7.27273],"texture":"#6"},"down":{"uv":[1.81818,5.09091,0,6.90909],"texture":"#6"}}},{"from":[6.5035,26.0412,11.31844],"to":[9.4965,28.0412,13.31844],"rotation":{"angle":-22.5,"axis":"x","origin":[8.0035,27.0412,12.31844]},"faces":{"north":{"uv":[7.27273,4.72727,8.36364,5.45455],"texture":"#6"},"east":{"uv":[3.27273,11.63636,4,12.36364],"texture":"#6"},"south":{"uv":[9.45455,2.90909,10.54545,3.63636],"texture":"#6"},"west":{"uv":[6.54545,11.63636,7.27273,12.36364],"texture":"#6"},"up":{"uv":[10.90909,4.72727,9.81818,4],"texture":"#6"},"down":{"uv":[10.90909,5.09091,9.81818,5.81818],"texture":"#6"}}},{"from":[5.25,25.5,10.75],"to":[10.75,26.5,16.25],"rotation":{"angle":0,"axis":"y","origin":[5.5,25.5,11]},"faces":{"north":{"uv":[10.18182,9.45455,12.18182,9.81818],"texture":"#6"},"east":{"uv":[10.18182,10.18182,12.18182,10.54545],"texture":"#6"},"south":{"uv":[4.36364,10.54545,6.36364,10.90909],"texture":"#6"},"west":{"uv":[10.90909,0,12.90909,0.36364],"texture":"#6"},"up":{"uv":[2,2,0,0],"texture":"#6"},"down":{"uv":[2,2.54545,0,4.54545],"texture":"#6"}}},{"from":[7,24.78609,10.05671],"to":[9,26.78609,11.55671],"rotation":{"angle":22.5,"axis":"x","origin":[8,26.78609,10.80671]},"faces":{"north":{"uv":[7.63636,12,8.36364,12.72727],"texture":"#6"},"up":{"uv":[13.45455,4.18182,12.72727,3.63636],"texture":"#6"}}},{"from":[5.5,21.5,0],"to":[10.5,25.5,5],"rotation":{"angle":0,"axis":"y","origin":[5.5,21.5,0]},"faces":{"north":{"uv":[6.54545,5.81818,8.36364,7.27273],"texture":"#6"},"east":{"uv":[2.18182,6.90909,4,8.36364],"texture":"#6"},"south":{"uv":[0,7.27273,1.81818,8.72727],"texture":"#6"},"west":{"uv":[7.27273,0,9.09091,1.45455],"texture":"#6"},"down":{"uv":[6.90909,0,5.09091,1.81818],"texture":"#6"}}},{"from":[5.25,25.5,-0.25],"to":[10.75,26.5,5.25],"rotation":{"angle":0,"axis":"y","origin":[5.5,25.5,0]},"faces":{"north":{"uv":[10.90909,0.72727,12.90909,1.09091],"texture":"#6"},"east":{"uv":[10.90909,1.45455,12.90909,1.81818],"texture":"#6"},"south":{"uv":[10.90909,2.18182,12.90909,2.54545],"texture":"#6"},"west":{"uv":[10.90909,2.90909,12.90909,3.27273],"texture":"#6"},"up":{"uv":[4.54545,2,2.54545,0],"texture":"#6"},"down":{"uv":[4.54545,2.54545,2.54545,4.54545],"texture":"#6"}}},{"from":[6.5035,26.0412,0.31844],"to":[9.4965,28.0412,2.31844],"rotation":{"angle":-22.5,"axis":"x","origin":[8.0035,27.0412,1.31844]},"faces":{"north":{"uv":[9.81818,6.18182,10.90909,6.90909],"texture":"#6"},"east":{"uv":[12,12,12.72727,12.72727],"texture":"#6"},"south":{"uv":[9.81818,7.27273,10.90909,8],"texture":"#6"},"west":{"uv":[4.36364,12.36364,5.09091,13.09091],"texture":"#6"},"up":{"uv":[10.90909,9.09091,9.81818,8.36364],"texture":"#6"},"down":{"uv":[9.81818,9.81818,8.72727,10.54545],"texture":"#6"}}},{"from":[7,24.78609,-0.94329],"to":[9,26.78609,0.55671],"rotation":{"angle":22.5,"axis":"x","origin":[8,26.78609,-0.19329]},"faces":{"north":{"uv":[9.81818,12,10.54545,12.72727],"texture":"#6"},"up":{"uv":[8.36364,13.63636,7.63636,13.09091],"texture":"#6"}}},{"name":"cube inverted","from":[9,26.78609,0.55671],"to":[7,24.78609,-0.94329],"rotation":{"angle":22.5,"axis":"x","origin":[8,26.78609,-0.19329]},"faces":{"south":{"uv":[9.81818,12.72727,10.54545,12],"texture":"#6"},"down":{"uv":[7.63636,13.63636,8.36364,13.09091],"texture":"#6"}}},{"name":"cube inverted","from":[9,26.78609,11.55671],"to":[7,24.78609,10.05671],"rotation":{"angle":22.5,"axis":"x","origin":[8,26.78609,10.80671]},"faces":{"south":{"uv":[7.63636,12.72727,8.36364,12],"texture":"#6"},"down":{"uv":[12.72727,4.18182,13.45455,3.63636],"texture":"#6"}}},{"from":[6.5,26.0412,13.68156],"to":[9.5,28.0412,15.68156],"rotation":{"angle":22.5,"axis":"x","origin":[8,27.0412,14.68156]},"faces":{"north":{"uv":[10.54545,2.90909,9.45455,3.63636],"texture":"#6"},"east":{"uv":[4,11.63636,3.27273,12.36364],"texture":"#6"},"south":{"uv":[8.36364,4.72727,7.27273,5.45455],"texture":"#6"},"west":{"uv":[7.27273,11.63636,6.54545,12.36364],"texture":"#6"},"up":{"uv":[10.90909,4,9.81818,4.72727],"texture":"#6"},"down":{"uv":[10.90909,5.81818,9.81818,5.09091],"texture":"#6"}}},{"from":[7,24.78609,15.44329],"to":[9,26.78609,16.94329],"rotation":{"angle":-22.5,"axis":"x","origin":[8,26.78609,16.19329]},"faces":{"south":{"uv":[8.36364,12,7.63636,12.72727],"texture":"#6"},"up":{"uv":[13.45455,3.63636,12.72727,4.18182],"texture":"#6"}}},{"from":[7,24.78609,4.44329],"to":[9,26.78609,5.94329],"rotation":{"angle":-22.5,"axis":"x","origin":[8,26.78609,5.19329]},"faces":{"south":{"uv":[10.54545,12,9.81818,12.72727],"texture":"#6"},"up":{"uv":[8.36364,13.09091,7.63636,13.63636],"texture":"#6"}}},{"from":[6.5,26.0412,2.68156],"to":[9.5,28.0412,4.68156],"rotation":{"angle":22.5,"axis":"x","origin":[8,27.0412,3.68156]},"faces":{"north":{"uv":[10.90909,7.27273,9.81818,8],"texture":"#6"},"east":{"uv":[12.72727,12,12,12.72727],"texture":"#6"},"south":{"uv":[10.90909,6.18182,9.81818,6.90909],"texture":"#6"},"west":{"uv":[5.09091,12.36364,4.36364,13.09091],"texture":"#6"},"up":{"uv":[10.90909,8.36364,9.81818,9.09091],"texture":"#6"},"down":{"uv":[9.81818,10.54545,8.72727,9.81818],"texture":"#6"}}},{"name":"cube inverted","from":[9,26.78609,16.94329],"to":[7,24.78609,15.44329],"rotation":{"angle":-22.5,"axis":"x","origin":[8,26.78609,16.19329]},"faces":{"north":{"uv":[8.36364,12.72727,7.63636,12],"texture":"#6"},"down":{"uv":[12.72727,3.63636,13.45455,4.18182],"texture":"#6"}}},{"name":"cube inverted","from":[9,26.78609,5.94329],"to":[7,24.78609,4.44329],"rotation":{"angle":-22.5,"axis":"x","origin":[8,26.78609,5.19329]},"faces":{"north":{"uv":[10.54545,12.72727,9.81818,12],"texture":"#6"},"down":{"uv":[7.63636,13.09091,8.36364,13.63636],"texture":"#6"}}}],"gui_light":"front","display":{"thirdperson_righthand":{"translation":[0,-6,1.25]},"thirdperson_lefthand":{"translation":[0,-6,1.25]},"firstperson_righthand":{"rotation":[-7.5,0,0],"translation":[3.25,-2.5,0],"scale":[0.7,0.7,0.7]},"firstperson_lefthand":{"rotation":[-7.5,0,0],"translation":[3.25,-2.5,0],"scale":[0.7,0.7,0.7]},"ground":{"rotation":[45,0,0],"translation":[0,5,-2.5],"scale":[0.7,0.7,0.7]},"gui":{"rotation":[-90,135,90],"translation":[-3.25,-3.25,0],"scale":[0.62,0.62,0.62]},"head":{"rotation":[0,-90,0]},"fixed":{"rotation":[0,-90,0],"translation":[0,-9.5,-2.5],"scale":[2,2,2]},"on_shelf":{"rotation":[0,90,0],"translation":[0,2.75,0],"scale":[0.8,0.8,0.8]}},"mcmodels":"3c09f253311d0ddc1db7278626b11ffe"}