{"format_version":"1.9.0","credit":"Pologony Creation Co.,Ltd.","texture_size":[48,48],"textures":{"0":"plny_christmas_2025_set:helmet","particle":"plny_christmas_2025_set:helmet"},"elements":[{"from":[3,0,3],"to":[13,1,13],"rotation":{"angle":0,"axis":"y","origin":[3,0,3]},"faces":{"north":{"uv":[11.66667,2,15,2.33333],"texture":"#0","tintindex":0},"east":{"uv":[12,7.33333,15.33333,7.66667],"texture":"#0","tintindex":0},"south":{"uv":[12,8,15.33333,8.33333],"texture":"#0","tintindex":0},"west":{"uv":[12,8.66667,15.33333,9],"texture":"#0","tintindex":0},"up":{"uv":[3.33333,3.33333,0,0],"texture":"#0","tintindex":0},"down":{"uv":[3.33333,3.66667,0,7],"texture":"#0","tintindex":0}}},{"from":[3,0,3.0035],"to":[4,4,12.9965],"rotation":{"angle":22.5,"axis":"z","origin":[3,0,3.0035]},"faces":{"north":{"uv":[2,14,2.33333,15.33333],"texture":"#0","tintindex":0},"east":{"uv":[2.33333,10.33333,5.66667,11.66667],"texture":"#0","tintindex":0},"south":{"uv":[2.66667,14,3,15.33333],"texture":"#0","tintindex":0},"west":{"uv":[6,10.33333,9.33333,11.66667],"texture":"#0","tintindex":0}}},{"from":[1.46927,3.69552,3],"to":[2.46927,10.69552,13],"rotation":{"angle":-22.5,"axis":"z","origin":[1.46927,3.69552,3]},"faces":{"north":{"uv":[11.33333,13,11.66667,15.33333],"texture":"#0","tintindex":0},"east":{"uv":[0,7.33333,3.33333,9.66667],"texture":"#0","tintindex":0},"south":{"uv":[1.33333,13.33333,1.66667,15.66667],"texture":"#0","tintindex":0},"west":{"uv":[8,0,11.33333,2.33333],"texture":"#0","tintindex":0},"up":{"uv":[7.66667,15.33333,7.33333,12],"texture":"#0","tintindex":0},"down":{"uv":[8.33333,12,8,15.33333],"texture":"#0","tintindex":0}}},{"from":[4.14825,9.16267,3.0035],"to":[11.85175,10.16267,12.9965],"rotation":{"angle":0,"axis":"z","origin":[8.34825,9.66267,8.0035]},"faces":{"north":{"uv":[13,6.33333,15.5,6.66667],"texture":"#0","tintindex":0},"east":{"uv":[12,9.33333,15.33333,9.66667],"texture":"#0","tintindex":0},"south":{"uv":[13.33333,0,15.83333,0.33333],"texture":"#0","tintindex":0},"west":{"uv":[12,10,15.33333,10.33333],"texture":"#0","tintindex":0},"up":{"uv":[6.16667,10,3.66667,6.66667],"texture":"#0","tintindex":0},"down":{"uv":[9.16667,6.66667,6.66667,10],"texture":"#0","tintindex":0}}},{"from":[2.25,1,11.993],"to":[13.75,9.5,12.993],"rotation":{"angle":0,"axis":"y","origin":[3,1,3]},"faces":{"north":{"uv":[3.66667,0,7.5,2.83333],"texture":"#0","tintindex":0},"south":{"uv":[3.66667,3.33333,7.5,6.16667],"texture":"#0","tintindex":0}}},{"from":[6,4.36997,13.09619],"to":[10,9.36997,17.09619],"rotation":{"angle":-45,"axis":"x","origin":[8,4.42803,14.69714]},"faces":{"north":{"uv":[11.66667,0,13,1.66667],"texture":"#0","tintindex":0},"east":{"uv":[2.33333,12,3.66667,13.66667],"texture":"#0","tintindex":0},"south":{"uv":[4,12,5.33333,13.66667],"texture":"#0","tintindex":0},"west":{"uv":[5.66667,12,7,13.66667],"texture":"#0","tintindex":0},"down":{"uv":[9.33333,5,8,6.33333],"texture":"#0","tintindex":0}}},{"from":[7,2.35849,14.08103],"to":[9,5.85849,16.08103],"rotation":{"angle":0,"axis":"x","origin":[8,4.42803,14.69714]},"faces":{"north":{"uv":[13.33333,10.66667,14,11.83333],"texture":"#0","tintindex":0},"east":{"uv":[12,13.33333,12.66667,14.5],"texture":"#0","tintindex":0},"south":{"uv":[13.33333,12.33333,14,13.5],"texture":"#0","tintindex":0},"west":{"uv":[13.66667,2.66667,14.33333,3.83333],"texture":"#0","tintindex":0}}},{"from":[6.5,0.48608,12.79809],"to":[9.5,3.48608,15.79809],"rotation":{"angle":-45,"axis":"x","origin":[8,4.42803,14.69714]},"faces":{"north":{"uv":[12,10.66667,13,11.66667],"texture":"#0","tintindex":0},"east":{"uv":[12,12,13,13],"texture":"#0","tintindex":0},"south":{"uv":[13,5,14,6],"texture":"#0","tintindex":0},"west":{"uv":[8.66667,13,9.66667,14],"texture":"#0","tintindex":0},"up":{"uv":[11,14,10,13],"texture":"#0","tintindex":0},"down":{"uv":[1,13.33333,0,14.33333],"texture":"#0","tintindex":0}}},{"from":[12,0,3.0035],"to":[13,4,12.9965],"rotation":{"angle":-22.5,"axis":"z","origin":[13,0,3.0035]},"faces":{"north":{"uv":[2.33333,14,2,15.33333],"texture":"#0","tintindex":0},"east":{"uv":[9.33333,10.33333,6,11.66667],"texture":"#0","tintindex":0},"south":{"uv":[3,14,2.66667,15.33333],"texture":"#0","tintindex":0},"west":{"uv":[5.66667,10.33333,2.33333,11.66667],"texture":"#0","tintindex":0}}},{"from":[13.53073,3.69552,3],"to":[14.53073,10.69552,13],"rotation":{"angle":22.5,"axis":"z","origin":[14.53073,3.69552,3]},"faces":{"north":{"uv":[11.66667,13,11.33333,15.33333],"texture":"#0","tintindex":0},"east":{"uv":[11.33333,0,8,2.33333],"texture":"#0","tintindex":0},"south":{"uv":[1.66667,13.33333,1.33333,15.66667],"texture":"#0","tintindex":0},"west":{"uv":[3.33333,7.33333,0,9.66667],"texture":"#0","tintindex":0},"up":{"uv":[7.33333,15.33333,7.66667,12],"texture":"#0","tintindex":0},"down":{"uv":[8,12,8.33333,15.33333],"texture":"#0","tintindex":0}}}],"gui_light":"front","display":{"thirdperson_righthand":{"rotation":[48,0,0],"translation":[0,4.75,2.5],"scale":[0.6,0.6,0.6]},"thirdperson_lefthand":{"rotation":[48,0,0],"translation":[0,4.75,2.5],"scale":[0.6,0.6,0.6]},"firstperson_righthand":{"rotation":[161.25,0,-180],"translation":[0,5.75,0],"scale":[0.7,0.7,0.7]},"firstperson_lefthand":{"rotation":[161.25,0,-180],"translation":[0,5.75,0],"scale":[0.7,0.7,0.7]},"ground":{"translation":[0,5,0],"scale":[0.7,0.7,0.7]},"gui":{"rotation":[0,145,0],"translation":[0.25,3.3,0]},"head":{"translation":[0,5,0],"scale":[1.6,1.6,1.6]},"fixed":{"rotation":[-90,0,0],"translation":[0,0,-16],"scale":[2,2,2]}},"mcmodels":"3c09f253311d0ddc1db7278626b11ffe"}