{"format_version":"1.9.0","credit":"Pologony Creation Co.,Ltd.","texture_size":[36,36],"textures":{"1":"plny_christmas_2025_set:assets_1","3":"plny_christmas_2025_set:animated/animated_1","4":"plny_christmas_2025_set:gift_box","6":"plny_christmas_2025_set:mace","particle":"plny_christmas_2025_set:assets_1"},"elements":[{"from":[7,0.75,7],"to":[9,1.5,9],"rotation":{"angle":0,"axis":"y","origin":[8,12.75889,8]},"faces":{"north":{"uv":[9.33333,4,10.22222,4.33333],"texture":"#6"},"east":{"uv":[13.33333,0,14.22222,0.33333],"texture":"#6"},"south":{"uv":[13.33333,0.88889,14.22222,1.22222],"texture":"#6"},"west":{"uv":[13.33333,1.77778,14.22222,2.11111],"texture":"#6"},"up":{"uv":[9.33333,8.44444,8.44444,7.55556],"texture":"#6"},"down":{"uv":[9.77778,0,8.88889,0.88889],"texture":"#6"}}},{"from":[7,10.5,7],"to":[9,11.25,9],"rotation":{"angle":0,"axis":"y","origin":[8,17.75889,8]},"faces":{"north":{"uv":[2.22222,13.33333,3.11111,13.66667],"texture":"#6"},"east":{"uv":[13.33333,2.66667,14.22222,3],"texture":"#6"},"south":{"uv":[13.33333,3.55556,14.22222,3.88889],"texture":"#6"},"west":{"uv":[6.66667,13.33333,7.55556,13.66667],"texture":"#6"},"up":{"uv":[9.77778,2.22222,8.88889,1.33333],"texture":"#6"},"down":{"uv":[9.33333,8.88889,8.44444,9.77778],"texture":"#6"}}},{"from":[7,5.5,7],"to":[9,6.25,9],"rotation":{"angle":0,"axis":"y","origin":[8,12.75889,8]},"faces":{"north":{"uv":[13.33333,12.44444,14.22222,12.77778],"texture":"#6"},"east":{"uv":[13.33333,13.33333,14.22222,13.66667],"texture":"#6"},"south":{"uv":[0,13.77778,0.88889,14.11111],"texture":"#6"},"west":{"uv":[13.77778,4.44444,14.66667,4.77778],"texture":"#6"},"up":{"uv":[0.88889,10.22222,0,9.33333],"texture":"#6"},"down":{"uv":[10.22222,2.66667,9.33333,3.55556],"texture":"#6"}}},{"from":[7.25,12.79029,3.03141],"to":[8.75,15.29029,5.53141],"rotation":{"angle":-45,"axis":"x","origin":[8,17.75889,8]},"faces":{"north":{"uv":[10.22222,0,10.88889,1.11111],"texture":"#6"},"east":{"uv":[6.22222,3.55556,7.33333,4.66667],"texture":"#6"},"south":{"uv":[8.44444,10.22222,9.11111,11.33333],"texture":"#6"},"west":{"uv":[6.66667,5.33333,7.77778,6.44444],"texture":"#6"},"up":{"uv":[0.66667,11.77778,0,10.66667],"texture":"#6"},"down":{"uv":[2,10.66667,1.33333,11.77778],"texture":"#6"}}},{"from":[6.75,13.04029,3.28141],"to":[9.25,15.04029,5.28141],"rotation":{"angle":-45,"axis":"x","origin":[8,17.75889,8]},"faces":{"north":{"uv":[7.11111,0,8.22222,0.88889],"texture":"#6"},"east":{"uv":[5.77778,9.33333,6.66667,10.22222],"texture":"#6"},"south":{"uv":[7.11111,1.33333,8.22222,2.22222],"texture":"#6"},"west":{"uv":[7.11111,9.33333,8,10.22222],"texture":"#6"},"up":{"uv":[7.77778,8,6.66667,7.11111],"texture":"#6"},"down":{"uv":[1.11111,8,0,8.88889],"texture":"#6"}}},{"from":[7.375,1.5,7.375],"to":[8.625,5.5,8.625],"rotation":{"angle":0,"axis":"y","origin":[8,12.75889,8]},"faces":{"north":{"uv":[8,2.66667,8.55556,4.44444],"texture":"#6"},"east":{"uv":[1.77778,8.44444,2.33333,10.22222],"texture":"#6"},"south":{"uv":[3.11111,8.44444,3.66667,10.22222],"texture":"#6"},"west":{"uv":[4.44444,8.44444,5,10.22222],"texture":"#6"}}},{"from":[7.25,6.25,7.25],"to":[8.75,10.5,8.75],"rotation":{"angle":0,"axis":"y","origin":[8.125,17.50889,8.125]},"faces":{"north":{"uv":[1.33333,5.33333,2,7.22222],"texture":"#6"},"east":{"uv":[2.66667,5.77778,3.33333,7.66667],"texture":"#6"},"south":{"uv":[4,5.77778,4.66667,7.66667],"texture":"#6"},"west":{"uv":[5.33333,5.77778,6,7.66667],"texture":"#6"}}},{"from":[7.5,3.20666,-1.55222],"to":[8.5,4.70666,-0.05222],"rotation":{"angle":-45,"axis":"x","origin":[8,12.75889,8]},"faces":{"north":{"uv":[7.55556,10.66667,8,11.33333],"texture":"#6"},"east":{"uv":[2.66667,12,3.33333,12.66667],"texture":"#6"},"south":{"uv":[8,13.33333,8.44444,14],"texture":"#6"},"west":{"uv":[12,3.11111,12.66667,3.77778],"texture":"#6"},"up":{"uv":[14.22222,6,13.77778,5.33333],"texture":"#6"},"down":{"uv":[14.22222,6.66667,13.77778,7.33333],"texture":"#6"}}},{"from":[8.40754,11.05742,7.5],"to":[9.40754,11.80742,8.5],"rotation":{"angle":-22.5,"axis":"z","origin":[8,17.75889,8]},"faces":{"north":{"uv":[11,10,12,10.75],"texture":"#1"},"east":{"uv":[3,12,4,12.75],"texture":"#1"},"south":{"uv":[5,12,6,12.75],"texture":"#1"},"west":{"uv":[12,6,13,6.75],"texture":"#1"},"up":{"uv":[7,11,6,10],"texture":"#1"}}},{"from":[8.15754,10.05742,7.25],"to":[9.65754,11.05742,8.75],"rotation":{"angle":-22.5,"axis":"z","origin":[8,17.75889,8]},"faces":{"north":{"uv":[9,6,10.5,7],"texture":"#1"},"east":{"uv":[9,8,10.5,9],"texture":"#1"},"south":{"uv":[10,0,11.5,1],"texture":"#1"},"west":{"uv":[3,10,4.5,11],"texture":"#1"},"up":{"uv":[4.5,8.5,3,7],"texture":"#1"},"down":{"uv":[7.5,7,6,8.5],"texture":"#1"}}},{"from":[6.375,11.104,9.24854],"to":[7.125,11.854,9.99854],"rotation":{"angle":22.5,"axis":"x","origin":[8,17.75889,8]},"faces":{"north":{"uv":[13,0,13.75,0.75],"texture":"#1"},"east":{"uv":[13,10,13.75,10.75],"texture":"#1"},"south":{"uv":[13,12,13.75,12.75],"texture":"#1"},"west":{"uv":[2,14,2.75,14.75],"texture":"#1"},"up":{"uv":[14.75,2.75,14,2],"texture":"#1"}}},{"from":[6.125,10.354,8.99854],"to":[7.375,11.104,10.24854],"rotation":{"angle":22.5,"axis":"x","origin":[8,17.75889,8]},"faces":{"north":{"uv":[8,10,9.25,10.75],"texture":"#1"},"east":{"uv":[0,11,1.25,11.75],"texture":"#1"},"south":{"uv":[11,2,12.25,2.75],"texture":"#1"},"west":{"uv":[11,4,12.25,4.75],"texture":"#1"},"up":{"uv":[1.25,9.25,0,8],"texture":"#1"},"down":{"uv":[9.25,3,8,4.25],"texture":"#1"}}},{"from":[6.375,11.104,6.00146],"to":[7.125,11.854,6.75146],"rotation":{"angle":-22.5,"axis":"x","origin":[8,17.75889,8]},"faces":{"north":{"uv":[13.75,12,13,12.75],"texture":"#1"},"east":{"uv":[13.75,10,13,10.75],"texture":"#1"},"south":{"uv":[13.75,0,13,0.75],"texture":"#1"},"west":{"uv":[2.75,14,2,14.75],"texture":"#1"},"up":{"uv":[14.75,2,14,2.75],"texture":"#1"}}},{"from":[6.125,10.354,5.75146],"to":[7.375,11.104,7.00146],"rotation":{"angle":-22.5,"axis":"x","origin":[8,17.75889,8]},"faces":{"north":{"uv":[12.25,2,11,2.75],"texture":"#1"},"east":{"uv":[1.25,11,0,11.75],"texture":"#1"},"south":{"uv":[9.25,10,8,10.75],"texture":"#1"},"west":{"uv":[12.25,4,11,4.75],"texture":"#1"},"up":{"uv":[1.25,8,0,9.25],"texture":"#1"},"down":{"uv":[9.25,4.25,8,3],"texture":"#1"}}},{"from":[6,12,7.625],"to":[6.75,12.75,8.375],"rotation":{"angle":0,"axis":"y","origin":[8,17.75889,8]},"faces":{"north":{"uv":[7,12,7.75,12.75],"texture":"#1"},"south":{"uv":[12,8,12.75,8.75],"texture":"#1"},"west":{"uv":[9,12,9.75,12.75],"texture":"#1"},"up":{"uv":[11.75,12.75,11,12],"texture":"#1"},"down":{"uv":[0.75,13,0,13.75],"texture":"#1"}}},{"from":[6.225,12.41113,6.31494],"to":[6.725,12.91113,6.81494],"rotation":{"angle":-22.5,"axis":"x","origin":[8,17.75889,8]},"faces":{"north":{"uv":[10,14,10.5,14.5],"texture":"#1"},"east":{"uv":[12,14,12.5,14.5],"texture":"#1"},"south":{"uv":[14,14,14.5,14.5],"texture":"#1"},"west":{"uv":[0,15,0.5,15.5],"texture":"#1"},"up":{"uv":[15.5,0.5,15,0],"texture":"#1"},"down":{"uv":[15.5,10,15,10.5],"texture":"#1"}}},{"from":[6.225,12.41113,9.18506],"to":[6.725,12.91113,9.68506],"rotation":{"angle":22.5,"axis":"x","origin":[8,17.75889,8]},"faces":{"north":{"uv":[4,14,4.5,14.5],"texture":"#1"},"east":{"uv":[14,4,14.5,4.5],"texture":"#1"},"south":{"uv":[6,14,6.5,14.5],"texture":"#1"},"west":{"uv":[14,6,14.5,6.5],"texture":"#1"},"up":{"uv":[8.5,14.5,8,14],"texture":"#1"},"down":{"uv":[14.5,8,14,8.5],"texture":"#1"}}},{"from":[6.735,13.04029,8.96859],"to":[6.745,14.54029,10.96859],"rotation":{"angle":45,"axis":"x","origin":[8,17.75889,8]},"faces":{"east":{"uv":[2,5,0,6.5],"texture":"#1"},"west":{"uv":[0,5,2,6.5],"texture":"#1"}}},{"from":[6.735,13.29029,3.53141],"to":[6.765,14.79029,5.03141],"rotation":{"angle":-45,"axis":"x","origin":[8,17.75889,8]},"faces":{"west":{"uv":[7,0,8.5,1.5],"texture":"#1"}}},{"from":[6.715,12.03868,2.54632],"to":[6.735,13.78868,5.29632],"rotation":{"angle":-22.5,"axis":"x","origin":[8,17.75889,8]},"faces":{"east":{"uv":[6.75,4,4,5.75],"texture":"#1"},"west":{"uv":[4,4,6.75,5.75],"texture":"#1"}}},{"from":[6.715,12.03868,10.70368],"to":[6.735,13.78868,13.45368],"rotation":{"angle":22.5,"axis":"x","origin":[8,17.75889,8]},"faces":{"east":{"uv":[4,4,6.75,5.75],"texture":"#1"},"west":{"uv":[6.75,4,4,5.75],"texture":"#1"}}},{"from":[6.735,13.04029,5.03141],"to":[6.745,14.54029,7.03141],"rotation":{"angle":-45,"axis":"x","origin":[8,17.75889,8]},"faces":{"east":{"uv":[0,5,2,6.5],"texture":"#1"},"west":{"uv":[2,5,0,6.5],"texture":"#1"}}},{"from":[7.99,-3.25,6.625],"to":[8.01,0.75,9.375],"rotation":{"angle":0,"axis":"y","origin":[8,12.75889,8]},"faces":{"east":{"uv":[2.75,0,0,4],"texture":"#1"},"west":{"uv":[0,0,2.75,4],"texture":"#1"}}},{"from":[7.995,0.82278,15.08623],"to":[8.005,3.82278,16.83623],"rotation":{"angle":45,"axis":"x","origin":[8,12.75889,8]},"faces":{"east":{"uv":[5.75,0,4,3],"texture":"#1"},"west":{"uv":[4,0,5.75,3],"texture":"#1"}}},{"from":[7.995,0.82278,-0.83623],"to":[8.005,3.82278,0.91377],"rotation":{"angle":-45,"axis":"x","origin":[8,12.75889,8]},"faces":{"east":{"uv":[4,0,5.75,3],"texture":"#1"},"west":{"uv":[5.75,0,4,3],"texture":"#1"}}},{"from":[6.59246,11.05742,7.5],"to":[7.59246,11.80742,8.5],"rotation":{"angle":22.5,"axis":"z","origin":[8,17.75889,8]},"faces":{"north":{"uv":[12,10,11,10.75],"texture":"#1"},"east":{"uv":[13,6,12,6.75],"texture":"#1"},"south":{"uv":[6,12,5,12.75],"texture":"#1"},"west":{"uv":[4,12,3,12.75],"texture":"#1"},"up":{"uv":[6,11,7,10],"texture":"#1"}}},{"from":[6.34246,10.05742,7.25],"to":[7.84246,11.05742,8.75],"rotation":{"angle":22.5,"axis":"z","origin":[8,17.75889,8]},"faces":{"north":{"uv":[10.5,6,9,7],"texture":"#1"},"east":{"uv":[4.5,10,3,11],"texture":"#1"},"south":{"uv":[11.5,0,10,1],"texture":"#1"},"west":{"uv":[10.5,8,9,9],"texture":"#1"},"up":{"uv":[3,8.5,4.5,7],"texture":"#1"},"down":{"uv":[6,7,7.5,8.5],"texture":"#1"}}},{"from":[8.875,11.104,9.24854],"to":[9.625,11.854,9.99854],"rotation":{"angle":22.5,"axis":"x","origin":[8,17.75889,8]},"faces":{"north":{"uv":[13.75,0,13,0.75],"texture":"#1"},"east":{"uv":[2.75,14,2,14.75],"texture":"#1"},"south":{"uv":[13.75,12,13,12.75],"texture":"#1"},"west":{"uv":[13.75,10,13,10.75],"texture":"#1"},"up":{"uv":[14,2.75,14.75,2],"texture":"#1"}}},{"from":[8.625,10.354,8.99854],"to":[9.875,11.104,10.24854],"rotation":{"angle":22.5,"axis":"x","origin":[8,17.75889,8]},"faces":{"north":{"uv":[9.25,10,8,10.75],"texture":"#1"},"east":{"uv":[12.25,4,11,4.75],"texture":"#1"},"south":{"uv":[12.25,2,11,2.75],"texture":"#1"},"west":{"uv":[1.25,11,0,11.75],"texture":"#1"},"up":{"uv":[0,9.25,1.25,8],"texture":"#1"},"down":{"uv":[8,3,9.25,4.25],"texture":"#1"}}},{"from":[8.875,11.104,6.00146],"to":[9.625,11.854,6.75146],"rotation":{"angle":-22.5,"axis":"x","origin":[8,17.75889,8]},"faces":{"north":{"uv":[13,12,13.75,12.75],"texture":"#1"},"east":{"uv":[2,14,2.75,14.75],"texture":"#1"},"south":{"uv":[13,0,13.75,0.75],"texture":"#1"},"west":{"uv":[13,10,13.75,10.75],"texture":"#1"},"up":{"uv":[14,2,14.75,2.75],"texture":"#1"}}},{"from":[8.625,10.354,5.75146],"to":[9.875,11.104,7.00146],"rotation":{"angle":-22.5,"axis":"x","origin":[8,17.75889,8]},"faces":{"north":{"uv":[11,2,12.25,2.75],"texture":"#1"},"east":{"uv":[11,4,12.25,4.75],"texture":"#1"},"south":{"uv":[8,10,9.25,10.75],"texture":"#1"},"west":{"uv":[0,11,1.25,11.75],"texture":"#1"},"up":{"uv":[0,8,1.25,9.25],"texture":"#1"},"down":{"uv":[8,4.25,9.25,3],"texture":"#1"}}},{"from":[9.25,12,7.625],"to":[10,12.75,8.375],"rotation":{"angle":0,"axis":"y","origin":[8,17.75889,8]},"faces":{"north":{"uv":[7.75,12,7,12.75],"texture":"#1"},"east":{"uv":[9.75,12,9,12.75],"texture":"#1"},"south":{"uv":[12.75,8,12,8.75],"texture":"#1"},"up":{"uv":[11,12.75,11.75,12],"texture":"#1"},"down":{"uv":[0,13,0.75,13.75],"texture":"#1"}}},{"from":[9.275,12.41113,6.31494],"to":[9.775,12.91113,6.81494],"rotation":{"angle":-22.5,"axis":"x","origin":[8,17.75889,8]},"faces":{"north":{"uv":[10.5,14,10,14.5],"texture":"#1"},"east":{"uv":[0.5,15,0,15.5],"texture":"#1"},"south":{"uv":[14.5,14,14,14.5],"texture":"#1"},"west":{"uv":[12.5,14,12,14.5],"texture":"#1"},"up":{"uv":[15,0.5,15.5,0],"texture":"#1"},"down":{"uv":[15,10,15.5,10.5],"texture":"#1"}}},{"from":[9.275,12.41113,9.18506],"to":[9.775,12.91113,9.68506],"rotation":{"angle":22.5,"axis":"x","origin":[8,17.75889,8]},"faces":{"north":{"uv":[4.5,14,4,14.5],"texture":"#1"},"east":{"uv":[14.5,6,14,6.5],"texture":"#1"},"south":{"uv":[6.5,14,6,14.5],"texture":"#1"},"west":{"uv":[14.5,4,14,4.5],"texture":"#1"},"up":{"uv":[8,14.5,8.5,14],"texture":"#1"},"down":{"uv":[14,8,14.5,8.5],"texture":"#1"}}},{"from":[9.255,13.04029,8.96859],"to":[9.265,14.54029,10.96859],"rotation":{"angle":45,"axis":"x","origin":[8,17.75889,8]},"faces":{"east":{"uv":[2,5,0,6.5],"texture":"#1"},"west":{"uv":[0,5,2,6.5],"texture":"#1"}}},{"from":[9.235,13.29029,3.53141],"to":[9.265,14.79029,5.03141],"rotation":{"angle":-45,"axis":"x","origin":[8,17.75889,8]},"faces":{"east":{"uv":[8.5,0,7,1.5],"texture":"#1"}}},{"from":[9.265,12.03868,2.54632],"to":[9.285,13.78868,5.29632],"rotation":{"angle":-22.5,"axis":"x","origin":[8,17.75889,8]},"faces":{"east":{"uv":[6.75,4,4,5.75],"texture":"#1"},"west":{"uv":[4,4,6.75,5.75],"texture":"#1"}}},{"from":[9.265,12.03868,10.70368],"to":[9.285,13.78868,13.45368],"rotation":{"angle":22.5,"axis":"x","origin":[8,17.75889,8]},"faces":{"east":{"uv":[4,4,6.75,5.75],"texture":"#1"},"west":{"uv":[6.75,4,4,5.75],"texture":"#1"}}},{"from":[9.255,13.04029,5.03141],"to":[9.265,14.54029,7.03141],"rotation":{"angle":-45,"axis":"x","origin":[8,17.75889,8]},"faces":{"east":{"uv":[0,5,2,6.5],"texture":"#1"},"west":{"uv":[2,5,0,6.5],"texture":"#1"}}},{"from":[7.375,11.71263,6.20154],"to":[8.625,12.96263,8.95154],"rotation":{"angle":-22.5,"axis":"x","origin":[8,17.75889,8]},"faces":{"east":{"uv":[4,10.66667,5.22222,11.22222],"texture":"#6"},"west":{"uv":[5.77778,10.66667,7,11.22222],"texture":"#6"},"up":{"uv":[11.66667,5.66667,11.11111,4.44444],"texture":"#6"},"down":{"uv":[11.66667,6.22222,11.11111,7.44444],"texture":"#6"}}},{"from":[7.625,13.66526,10.05542],"to":[8.375,14.91526,12.30542],"rotation":{"angle":22.5,"axis":"x","origin":[8,17.75889,8]},"faces":{"north":{"uv":[11.55556,13.77778,11.88889,14.33333],"texture":"#6"},"east":{"uv":[9.77778,11.11111,10.77778,11.66667],"texture":"#6"},"west":{"uv":[11.55556,0,12.55556,0.55556],"texture":"#6"},"up":{"uv":[10.11111,13.44444,9.77778,12.44444],"texture":"#6"}}},{"from":[7.125,13.16406,11.86319],"to":[8.875,15.41406,13.11319],"rotation":{"angle":22.5,"axis":"x","origin":[8,17.50889,7.5]},"faces":{"north":{"uv":[9.77778,7.55556,10.55556,8.55556],"texture":"#6"},"east":{"uv":[11.55556,10.66667,12.11111,11.66667],"texture":"#6"},"south":{"uv":[9.77778,9.33333,10.55556,10.33333],"texture":"#6"},"west":{"uv":[12,1.33333,12.55556,2.33333],"texture":"#6"},"up":{"uv":[8.33333,12.55556,7.55556,12],"texture":"#6"},"down":{"uv":[0.77778,12.44444,0,13],"texture":"#6"}}},{"from":[7.375,13.70212,12.92185],"to":[8.625,14.95212,14.42185],"rotation":{"angle":22.5,"axis":"x","origin":[8,17.04695,7.30866]},"faces":{"east":{"uv":[12.44444,4.44444,13.11111,5],"texture":"#6"},"south":{"uv":[10.66667,12.44444,11.22222,13],"texture":"#6"},"west":{"uv":[12.44444,5.77778,13.11111,6.33333],"texture":"#6"},"up":{"uv":[13,7.77778,12.44444,7.11111],"texture":"#6"},"down":{"uv":[13,8.44444,12.44444,9.11111],"texture":"#6"}}},{"from":[7.375,14.95212,13.17185],"to":[8.625,16.20212,14.42185],"rotation":{"angle":22.5,"axis":"x","origin":[8,17.04695,7.30866]},"faces":{"north":{"uv":[12,12.44444,12.55556,13],"texture":"#6"},"east":{"uv":[4,12.88889,4.55556,13.44444],"texture":"#6"},"south":{"uv":[5.33333,12.88889,5.88889,13.44444],"texture":"#6"},"west":{"uv":[12.88889,9.77778,13.44444,10.33333],"texture":"#6"},"up":{"uv":[13.44444,11.66667,12.88889,11.11111],"texture":"#6"}}},{"from":[7.375,15.70212,12.67185],"to":[8.625,16.20212,13.17185],"rotation":{"angle":22.5,"axis":"x","origin":[8,17.04695,7.30866]},"faces":{"north":{"uv":[3.11111,14.22222,3.66667,14.44444],"texture":"#6"},"east":{"uv":[8.88889,14.22222,9.11111,14.44444],"texture":"#6"},"west":{"uv":[9.77778,14.22222,10,14.44444],"texture":"#6"},"up":{"uv":[5,14.44444,4.44444,14.22222],"texture":"#6"},"down":{"uv":[6.33333,14.22222,5.77778,14.44444],"texture":"#6"}}},{"from":[7.75,12.70212,12.92185],"to":[8.25,16.70212,14.67185],"rotation":{"angle":22.5,"axis":"x","origin":[7.875,17.04695,7.30866]},"faces":{"north":{"uv":[8.88889,12,9.11111,13.77778],"texture":"#6"},"east":{"uv":[4.88889,3.55556,5.66667,5.33333],"texture":"#6"},"south":{"uv":[1.33333,12.44444,1.55556,14.22222],"texture":"#6"},"west":{"uv":[0,5.33333,0.77778,7.11111],"texture":"#6"},"up":{"uv":[12.66667,14.55556,12.44444,13.77778],"texture":"#6"},"down":{"uv":[2.44444,14.22222,2.22222,15],"texture":"#6"}}},{"from":[7.75,12.70212,14.67185],"to":[8.25,13.20212,15.17185],"rotation":{"angle":22.5,"axis":"x","origin":[7.875,17.04695,7.30866]},"faces":{"north":{"uv":[14.22222,9.77778,14.44444,10],"texture":"#6"},"east":{"uv":[14.22222,10.66667,14.44444,10.88889],"texture":"#6"},"south":{"uv":[14.22222,11.55556,14.44444,11.77778],"texture":"#6"},"west":{"uv":[13.33333,14.22222,13.55556,14.44444],"texture":"#6"},"up":{"uv":[14.44444,14.44444,14.22222,14.22222],"texture":"#6"},"down":{"uv":[0.22222,14.66667,0,14.88889],"texture":"#6"}}},{"from":[7.375,11.71263,7.04846],"to":[8.625,12.96263,9.79846],"rotation":{"angle":22.5,"axis":"x","origin":[8,17.75889,8]},"faces":{"east":{"uv":[5.22222,10.66667,4,11.22222],"texture":"#6"},"west":{"uv":[7,10.66667,5.77778,11.22222],"texture":"#6"},"up":{"uv":[11.66667,4.44444,11.11111,5.66667],"texture":"#6"},"down":{"uv":[11.66667,7.44444,11.11111,6.22222],"texture":"#6"}}},{"from":[7.625,13.66526,3.69458],"to":[8.375,14.91526,5.94458],"rotation":{"angle":-22.5,"axis":"x","origin":[8,17.75889,8]},"faces":{"east":{"uv":[10.77778,11.11111,9.77778,11.66667],"texture":"#6"},"south":{"uv":[11.88889,13.77778,11.55556,14.33333],"texture":"#6"},"west":{"uv":[12.55556,0,11.55556,0.55556],"texture":"#6"},"up":{"uv":[10.11111,12.44444,9.77778,13.44444],"texture":"#6"}}},{"from":[7.125,13.16406,2.88681],"to":[8.875,15.41406,4.13681],"rotation":{"angle":-22.5,"axis":"x","origin":[8,17.50889,8.5]},"faces":{"north":{"uv":[10.55556,9.33333,9.77778,10.33333],"texture":"#6"},"east":{"uv":[12.11111,10.66667,11.55556,11.66667],"texture":"#6"},"south":{"uv":[10.55556,7.55556,9.77778,8.55556],"texture":"#6"},"west":{"uv":[12.55556,1.33333,12,2.33333],"texture":"#6"},"up":{"uv":[8.33333,12,7.55556,12.55556],"texture":"#6"},"down":{"uv":[0.77778,13,0,12.44444],"texture":"#6"}}},{"from":[7.375,13.70212,1.57815],"to":[8.625,14.95212,3.07815],"rotation":{"angle":-22.5,"axis":"x","origin":[8,17.04695,8.69134]},"faces":{"north":{"uv":[11.22222,12.44444,10.66667,13],"texture":"#6"},"east":{"uv":[13.11111,4.44444,12.44444,5],"texture":"#6"},"west":{"uv":[13.11111,5.77778,12.44444,6.33333],"texture":"#6"},"up":{"uv":[13,7.11111,12.44444,7.77778],"texture":"#6"},"down":{"uv":[13,9.11111,12.44444,8.44444],"texture":"#6"}}},{"from":[7.375,14.95212,1.57815],"to":[8.625,16.20212,2.82815],"rotation":{"angle":-22.5,"axis":"x","origin":[8,17.04695,8.69134]},"faces":{"north":{"uv":[5.88889,12.88889,5.33333,13.44444],"texture":"#6"},"east":{"uv":[4.55556,12.88889,4,13.44444],"texture":"#6"},"south":{"uv":[12.55556,12.44444,12,13],"texture":"#6"},"west":{"uv":[13.44444,9.77778,12.88889,10.33333],"texture":"#6"},"up":{"uv":[13.44444,11.11111,12.88889,11.66667],"texture":"#6"}}},{"from":[7.375,15.70212,2.82815],"to":[8.625,16.20212,3.32815],"rotation":{"angle":-22.5,"axis":"x","origin":[8,17.04695,8.69134]},"faces":{"east":{"uv":[9.11111,14.22222,8.88889,14.44444],"texture":"#6"},"south":{"uv":[3.66667,14.22222,3.11111,14.44444],"texture":"#6"},"west":{"uv":[10,14.22222,9.77778,14.44444],"texture":"#6"},"up":{"uv":[5,14.22222,4.44444,14.44444],"texture":"#6"},"down":{"uv":[6.33333,14.44444,5.77778,14.22222],"texture":"#6"}}},{"from":[7.75,12.70212,1.32815],"to":[8.25,16.70212,3.07815],"rotation":{"angle":-22.5,"axis":"x","origin":[7.875,17.04695,8.69134]},"faces":{"north":{"uv":[1.55556,12.44444,1.33333,14.22222],"texture":"#6"},"east":{"uv":[5.66667,3.55556,4.88889,5.33333],"texture":"#6"},"south":{"uv":[9.11111,12,8.88889,13.77778],"texture":"#6"},"west":{"uv":[0.77778,5.33333,0,7.11111],"texture":"#6"},"up":{"uv":[12.66667,13.77778,12.44444,14.55556],"texture":"#6"},"down":{"uv":[2.44444,15,2.22222,14.22222],"texture":"#6"}}},{"from":[7.75,12.70212,0.82815],"to":[8.25,13.20212,1.32815],"rotation":{"angle":-22.5,"axis":"x","origin":[7.875,17.04695,8.69134]},"faces":{"north":{"uv":[14.44444,11.55556,14.22222,11.77778],"texture":"#6"},"east":{"uv":[14.44444,10.66667,14.22222,10.88889],"texture":"#6"},"south":{"uv":[14.44444,9.77778,14.22222,10],"texture":"#6"},"west":{"uv":[13.55556,14.22222,13.33333,14.44444],"texture":"#6"},"up":{"uv":[14.44444,14.22222,14.22222,14.44444],"texture":"#6"},"down":{"uv":[0.22222,14.88889,0,14.66667],"texture":"#6"}}},{"from":[7,17.25,8.25],"to":[9,19,10],"rotation":{"angle":22.5,"axis":"x","origin":[8,18.5,9]},"faces":{"north":{"uv":[10.66667,1.77778,11.55556,2.55556],"texture":"#6"},"east":{"uv":[11.11111,8,11.88889,8.77778],"texture":"#6"},"south":{"uv":[2.66667,10.66667,3.55556,11.44444],"texture":"#6"},"west":{"uv":[11.11111,9.33333,11.88889,10.11111],"texture":"#6"},"up":{"uv":[11.55556,3.88889,10.66667,3.11111],"texture":"#6"}}},{"from":[6.9975,17.25,6],"to":[9.0025,19,7.75],"rotation":{"angle":-22.5,"axis":"x","origin":[7.9975,18.5,7]},"faces":{"north":{"uv":[3.55556,10.66667,2.66667,11.44444],"texture":"#6"},"east":{"uv":[11.88889,8,11.11111,8.77778],"texture":"#6"},"south":{"uv":[11.55556,1.77778,10.66667,2.55556],"texture":"#6"},"west":{"uv":[11.88889,9.33333,11.11111,10.11111],"texture":"#6"},"up":{"uv":[11.55556,3.11111,10.66667,3.88889],"texture":"#6"}}},{"from":[5.75,16.75,5.75],"to":[10.25,17.75,10.25],"rotation":{"angle":0,"axis":"y","origin":[6,0,6]},"faces":{"north":{"uv":[8.44444,4.88889,10.44444,5.33333],"texture":"#6"},"east":{"uv":[5.77778,8.44444,7.77778,8.88889],"texture":"#6"},"south":{"uv":[8.44444,5.77778,10.44444,6.22222],"texture":"#6"},"west":{"uv":[8.44444,6.66667,10.44444,7.11111],"texture":"#6"},"up":{"uv":[2,2,0,0],"texture":"#6"},"down":{"uv":[2,2.66667,0,4.66667],"texture":"#6"}}},{"from":[6,13.75,6],"to":[10,16.75,10],"rotation":{"angle":0,"axis":"y","origin":[6,0,6]},"faces":{"north":{"uv":[2.66667,2.22222,4.44444,3.55556],"texture":"#6"},"east":{"uv":[2.66667,4,4.44444,5.33333],"texture":"#6"},"south":{"uv":[4.88889,0,6.66667,1.33333],"texture":"#6"},"west":{"uv":[4.88889,1.77778,6.66667,3.11111],"texture":"#6"},"down":{"uv":[4.44444,0,2.66667,1.77778],"texture":"#6"}}},{"from":[7,10.5,-0.40224],"to":[9,15.5,7.59776],"light_emission":15,"rotation":{"angle":22.5,"axis":"x","origin":[8,13,3.59776]},"faces":{"east":{"uv":[16,0,0,10],"texture":"#3"},"west":{"uv":[0,0,16,10],"texture":"#3"}}},{"from":[7,10.5,8.40224],"to":[9,15.5,16.40224],"light_emission":15,"rotation":{"angle":-22.5,"axis":"x","origin":[8,13,12.40224]},"faces":{"east":{"uv":[0,0,16,10],"texture":"#3"},"west":{"uv":[16,0,0,10],"texture":"#3"}}},{"from":[7.25,10.75,2.59776],"to":[8.75,12.25,4.34776],"light_emission":15,"rotation":{"angle":22.5,"axis":"x","origin":[8,11.5,3.47276]},"faces":{"east":{"uv":[4.5,11.5,1,14.5],"texture":"#3"},"west":{"uv":[1,11.5,4.5,14.5],"texture":"#3"}}},{"from":[7.995,19.46716,7.125],"to":[8.005,20.96716,8.875],"light_emission":15,"rotation":{"angle":0,"axis":"y","origin":[7.87,17.21716,-1]},"faces":{"east":{"uv":[4.5,11.5,1,14.5],"texture":"#3"},"west":{"uv":[1,11.5,4.5,14.5],"texture":"#3"}}},{"from":[7.25,13.75,4.84776],"to":[8.75,14.75,6.09776],"light_emission":15,"rotation":{"angle":0,"axis":"y","origin":[8,14.25,5.47276]},"faces":{"east":{"uv":[9,12,6.5,14],"texture":"#3"},"west":{"uv":[6.5,12,9,14],"texture":"#3"}}},{"from":[7.995,19,5.48892],"to":[8.005,20,6.73892],"light_emission":15,"rotation":{"angle":-22.5,"axis":"x","origin":[8,19.5,6.11392]},"faces":{"east":{"uv":[9,12,6.5,14],"texture":"#3"},"west":{"uv":[6.5,12,9,14],"texture":"#3"}}},{"from":[7.995,19,9.26108],"to":[8.005,20,10.51108],"light_emission":15,"rotation":{"angle":22.5,"axis":"x","origin":[8,19.5,9.88608]},"faces":{"east":{"uv":[9,12,6.5,14],"texture":"#3"},"west":{"uv":[6.5,12,9,14],"texture":"#3"}}},{"from":[7.25,11.25,14.40224],"to":[8.75,13,16.15224],"light_emission":15,"rotation":{"angle":22.5,"axis":"x","origin":[8,12.125,15.27724]},"faces":{"east":{"uv":[11.5,11.5,15,15],"texture":"#3"},"west":{"uv":[15,11.5,11.5,15],"texture":"#3"}}},{"from":[7.25,11.25,-0.15224],"to":[8.75,13,1.59776],"light_emission":15,"rotation":{"angle":-22.5,"axis":"x","origin":[8,12.125,0.72276]},"faces":{"east":{"uv":[15,11.5,11.5,15],"texture":"#3"},"west":{"uv":[11.5,11.5,15,15],"texture":"#3"}}},{"from":[7.25,10.75,11.65224],"to":[8.75,12.25,13.40224],"light_emission":15,"rotation":{"angle":-22.5,"axis":"x","origin":[8,11.5,12.52724]},"faces":{"east":{"uv":[1,11.5,4.5,14.5],"texture":"#3"},"west":{"uv":[4.5,11.5,1,14.5],"texture":"#3"}}},{"from":[7.25,13.75,9.90224],"to":[8.75,14.75,11.15224],"light_emission":15,"rotation":{"angle":0,"axis":"y","origin":[8,14.25,10.52724]},"faces":{"east":{"uv":[6.5,12,9,14],"texture":"#3"},"west":{"uv":[9,12,6.5,14],"texture":"#3"}}},{"from":[7,13.65232,10.5371],"to":[9,15.15232,12.5371],"rotation":{"angle":22.5,"axis":"x","origin":[8,15.61046,11.75]},"faces":{"north":{"uv":[4.8,6.4,6.4,7.6],"texture":"#4"},"east":{"uv":[7.2,4.8,8.8,6],"texture":"#4"},"south":{"uv":[2.4,6.4,4,7.6],"texture":"#4"},"west":{"uv":[6.4,2.4,8,3.6],"texture":"#4"},"down":{"uv":[1.6,6.4,0,8],"rotation":180,"texture":"#4"}}},{"from":[6.75,15.15232,10.2871],"to":[9.25,15.90232,12.7871],"rotation":{"angle":22.5,"axis":"x","origin":[8,15.61046,11.75]},"faces":{"north":{"uv":[8.8,0,10.8,0.6],"texture":"#4"},"east":{"uv":[8.8,1.6,10.8,2.2],"texture":"#4"},"south":{"uv":[7.2,7.2,9.2,7.8],"texture":"#4"},"west":{"uv":[0,8.8,2,9.4],"texture":"#4"},"up":{"uv":[2,2,0,0],"rotation":180,"texture":"#4"},"down":{"uv":[2,3.2,0,5.2],"rotation":180,"texture":"#4"}}},{"from":[7.5,15.90232,11.2871],"to":[8.5,16.15232,11.7871],"rotation":{"angle":22.5,"axis":"x","origin":[8,15.61046,11.75]},"faces":{"north":{"uv":[9.6,13.6,10.4,13.8],"texture":"#4"},"east":{"uv":[14.4,0,14.8,0.2],"texture":"#4"},"south":{"uv":[8,13.6,8.8,13.8],"texture":"#4"},"west":{"uv":[11.2,13.6,11.6,13.8],"texture":"#4"},"up":{"uv":[7.2,14,6.4,13.6],"rotation":180,"texture":"#4"}}},{"from":[7.2535,15.68429,11.90903],"to":[8.7465,16.68429,12.90903],"rotation":{"angle":0,"axis":"y","origin":[8,15.61046,11.75]},"faces":{"north":{"uv":[10.4,8,11.6,8.8],"texture":"#4"},"east":{"uv":[6.4,12,7.2,12.8],"texture":"#4"},"south":{"uv":[10.4,6.4,11.6,7.2],"texture":"#4"},"west":{"uv":[4.8,12,5.6,12.8],"texture":"#4"},"up":{"uv":[10.8,11.2,9.6,10.4],"rotation":180,"texture":"#4"},"down":{"uv":[12.4,3.2,11.2,4],"rotation":180,"texture":"#4"}}},{"from":[7.25,15.52135,10.19759],"to":[8.75,16.52135,11.19759],"rotation":{"angle":45,"axis":"x","origin":[8,15.61046,11.75]},"faces":{"north":{"uv":[11.6,6.4,10.4,7.2],"texture":"#4"},"east":{"uv":[7.2,12,6.4,12.8],"texture":"#4"},"south":{"uv":[11.6,8,10.4,8.8],"texture":"#4"},"west":{"uv":[5.6,12,4.8,12.8],"texture":"#4"},"up":{"uv":[10.8,10.4,9.6,11.2],"rotation":180,"texture":"#4"},"down":{"uv":[12.4,4,11.2,3.2],"rotation":180,"texture":"#4"}}},{"from":[7.125,13.8343,3.76054],"to":[8.875,14.8343,5.51054],"rotation":{"angle":-22.5,"axis":"x","origin":[8,15.27651,4.78916]},"faces":{"north":{"uv":[3.2,8.8,4.6,9.6],"texture":"#4"},"east":{"uv":[8.8,3.2,10.2,4],"texture":"#4"},"south":{"uv":[5.6,8.8,7,9.6],"texture":"#4"},"west":{"uv":[8,8.8,9.4,9.6],"texture":"#4"},"down":{"uv":[7.8,0,6.4,1.4],"texture":"#4"}}},{"from":[6.875,14.8343,3.51054],"to":[9.125,15.5843,5.76054],"rotation":{"angle":-22.5,"axis":"x","origin":[8,15.27651,4.78916]},"faces":{"north":{"uv":[9.6,4.8,11.4,5.4],"texture":"#4"},"east":{"uv":[0,10.4,1.8,11],"texture":"#4"},"south":{"uv":[3.2,10.4,5,11],"texture":"#4"},"west":{"uv":[6.4,10.4,8.2,11],"texture":"#4"},"up":{"uv":[5,1.8,3.2,0],"texture":"#4"},"down":{"uv":[5,3.2,3.2,5],"texture":"#4"}}},{"from":[7.5,15.38064,4.91666],"to":[8.5,16.13064,5.66666],"rotation":{"angle":-45,"axis":"x","origin":[8,15.27651,4.78916]},"faces":{"north":{"uv":[12,12,11.2,12.6],"texture":"#4"},"east":{"uv":[2.2,13.6,1.6,14.2],"texture":"#4"},"south":{"uv":[12.8,9.6,12,10.2],"texture":"#4"},"west":{"uv":[3.8,13.6,3.2,14.2],"texture":"#4"},"up":{"uv":[13.6,4.8,12.8,5.4],"texture":"#4"},"down":{"uv":[13.6,7,12.8,6.4],"texture":"#4"}}},{"from":[7.5035,15.26307,3.6278],"to":[8.4965,16.01307,4.3778],"rotation":{"angle":0,"axis":"x","origin":[8,15.27651,4.78916]},"faces":{"north":{"uv":[12,9.6,12.8,10.2],"texture":"#4"},"east":{"uv":[1.6,13.6,2.2,14.2],"texture":"#4"},"south":{"uv":[11.2,12,12,12.6],"texture":"#4"},"west":{"uv":[3.2,13.6,3.8,14.2],"texture":"#4"},"up":{"uv":[13.6,5.4,12.8,4.8],"texture":"#4"},"down":{"uv":[13.6,6.4,12.8,7],"texture":"#4"}}},{"from":[7.75,15.5843,4.38554],"to":[8.25,15.8343,4.88554],"rotation":{"angle":-22.5,"axis":"x","origin":[8,15.27651,4.78916]},"faces":{"north":{"uv":[14.4,1.6,14.8,1.8],"texture":"#4"},"east":{"uv":[14.4,4.8,14.8,5],"texture":"#4"},"south":{"uv":[14.4,6.4,14.8,6.6],"texture":"#4"},"west":{"uv":[14.4,8,14.8,8.2],"texture":"#4"},"up":{"uv":[14,10,13.6,9.6],"texture":"#4"}}}],"gui_light":"front","display":{"thirdperson_righthand":{"translation":[0,2.5,1.25]},"thirdperson_lefthand":{"translation":[0,2.5,1.25]},"firstperson_righthand":{"rotation":[-7.5,0,0],"translation":[3.25,3,0],"scale":[0.7,0.7,0.7]},"firstperson_lefthand":{"rotation":[-7.5,0,0],"translation":[3.25,3,0],"scale":[0.7,0.7,0.7]},"ground":{"rotation":[45,0,0],"translation":[0,5,0],"scale":[0.7,0.7,0.7]},"gui":{"rotation":[-90,135,90],"translation":[-0.25,-0.25,0]},"head":{"rotation":[0,-90,0]},"fixed":{"rotation":[0,-90,0],"translation":[0,0,-2.5],"scale":[2,2,2]},"on_shelf":{"rotation":[0,90,0],"translation":[0,2.75,0],"scale":[0.8,0.8,0.8]}},"mcmodels":"3c09f253311d0ddc1db7278626b11ffe"}