{"format_version":"1.9.0","credit":"Pologony Creation Co.,Ltd.","texture_size":[36,36],"textures":{"1":"plny_christmas_2025_set:assets_1","3":"plny_christmas_2025_set:animated/animated_1","5":"plny_christmas_2025_set:trident_spear","particle":"plny_christmas_2025_set:assets_1"},"elements":[{"from":[7,7.75,7],"to":[9,8.5,9],"rotation":{"angle":0,"axis":"y","origin":[8,19.75889,8]},"faces":{"north":{"uv":[13.33333,4,14.22222,4.33333],"texture":"#5"},"east":{"uv":[13.33333,4.88889,14.22222,5.22222],"texture":"#5"},"south":{"uv":[6.22222,13.33333,7.11111,13.66667],"texture":"#5"},"west":{"uv":[13.33333,8.44444,14.22222,8.77778],"texture":"#5"},"up":{"uv":[10.22222,6.22222,9.33333,5.33333],"texture":"#5"},"down":{"uv":[10.22222,6.66667,9.33333,7.55556],"texture":"#5"}}},{"from":[7,0.75,7],"to":[9,1.5,9],"rotation":{"angle":0,"axis":"y","origin":[8,12.75889,8]},"faces":{"north":{"uv":[8.88889,14.22222,9.77778,14.55556],"texture":"#5"},"east":{"uv":[10.22222,14.22222,11.11111,14.55556],"texture":"#5"},"south":{"uv":[11.55556,14.22222,12.44444,14.55556],"texture":"#5"},"west":{"uv":[12.88889,14.22222,13.77778,14.55556],"texture":"#5"},"up":{"uv":[11.11111,2.22222,10.22222,1.33333],"texture":"#5"},"down":{"uv":[7.55556,10.22222,6.66667,11.11111],"texture":"#5"}}},{"from":[7,21.5,7],"to":[9,22.25,9],"rotation":{"angle":0,"axis":"y","origin":[8,28.75889,8]},"faces":{"north":{"uv":[12,13.33333,12.88889,13.66667],"texture":"#5"},"east":{"uv":[13.33333,13.33333,14.22222,13.66667],"texture":"#5"},"south":{"uv":[1.33333,13.77778,2.22222,14.11111],"texture":"#5"},"west":{"uv":[13.77778,2.66667,14.66667,3],"texture":"#5"},"up":{"uv":[8.88889,10.66667,8,9.77778],"texture":"#5"},"down":{"uv":[10.66667,8,9.77778,8.88889],"texture":"#5"}}},{"from":[7,15.5,7],"to":[9,16.25,9],"rotation":{"angle":0,"axis":"y","origin":[8,22.75889,8]},"faces":{"north":{"uv":[4.88889,13.77778,5.77778,14.11111],"texture":"#5"},"east":{"uv":[13.77778,5.77778,14.66667,6.11111],"texture":"#5"},"south":{"uv":[7.55556,13.77778,8.44444,14.11111],"texture":"#5"},"west":{"uv":[13.77778,9.33333,14.66667,9.66667],"texture":"#5"},"up":{"uv":[10.22222,10.66667,9.33333,9.77778],"texture":"#5"},"down":{"uv":[0.88889,10.22222,0,11.11111],"texture":"#5"}}},{"from":[7.25,23.79029,3.03141],"to":[8.75,26.29029,5.53141],"rotation":{"angle":-45,"axis":"x","origin":[8,28.75889,8]},"faces":{"north":{"uv":[5.33333,10.66667,6,11.77778],"texture":"#5"},"east":{"uv":[8,8,9.11111,9.11111],"texture":"#5"},"south":{"uv":[10.66667,5.33333,11.33333,6.44444],"texture":"#5"},"west":{"uv":[0,8.44444,1.11111,9.55556],"texture":"#5"},"up":{"uv":[11.33333,10.44444,10.66667,9.33333],"texture":"#5"},"down":{"uv":[11.77778,2.66667,11.11111,3.77778],"texture":"#5"}}},{"from":[6.75,24.04029,3.28141],"to":[9.25,26.04029,5.28141],"rotation":{"angle":-45,"axis":"x","origin":[8,28.75889,8]},"faces":{"north":{"uv":[8.44444,0,9.55556,0.88889],"texture":"#5"},"east":{"uv":[10.22222,0,11.11111,0.88889],"texture":"#5"},"south":{"uv":[8.44444,1.33333,9.55556,2.22222],"texture":"#5"},"west":{"uv":[1.33333,10.22222,2.22222,11.11111],"texture":"#5"},"up":{"uv":[10.44444,3.55556,9.33333,2.66667],"texture":"#5"},"down":{"uv":[10.44444,4,9.33333,4.88889],"texture":"#5"}}},{"from":[7.375,8.5,7.375],"to":[8.625,15.5,8.625],"rotation":{"angle":0,"axis":"y","origin":[8,17.75889,8]},"faces":{"north":{"uv":[5.33333,4,5.88889,7.11111],"texture":"#5"},"east":{"uv":[5.77778,0,6.33333,3.11111],"texture":"#5"},"south":{"uv":[6.66667,3.55556,7.22222,6.66667],"texture":"#5"},"west":{"uv":[7.11111,0,7.66667,3.11111],"texture":"#5"}}},{"from":[7.25,16.25,7.25],"to":[8.75,21.5,8.75],"rotation":{"angle":0,"axis":"y","origin":[8.125,28.50889,8.125]},"faces":{"north":{"uv":[6.66667,7.11111,7.33333,9.44444],"texture":"#5"},"east":{"uv":[2.66667,7.55556,3.33333,9.88889],"texture":"#5"},"south":{"uv":[4,7.55556,4.66667,9.88889],"texture":"#5"},"west":{"uv":[5.33333,7.55556,6,9.88889],"texture":"#5"}}},{"from":[7.25,1.5,7.25],"to":[8.75,7.75,8.75],"rotation":{"angle":0,"axis":"y","origin":[8.125,14.75889,8.125]},"faces":{"north":{"uv":[2.66667,4,3.33333,6.77778],"texture":"#5"},"east":{"uv":[4,4,4.66667,6.77778],"texture":"#5"},"south":{"uv":[0,4.88889,0.66667,7.66667],"texture":"#5"},"west":{"uv":[1.33333,4.88889,2,7.66667],"texture":"#5"}}},{"from":[7.5,3.20666,-1.55222],"to":[8.5,4.70666,-0.05222],"rotation":{"angle":-45,"axis":"x","origin":[8,12.75889,8]},"faces":{"north":{"uv":[13.77778,10.22222,14.22222,10.88889],"texture":"#5"},"east":{"uv":[11.55556,1.33333,12.22222,2],"texture":"#5"},"south":{"uv":[13.77778,11.55556,14.22222,12.22222],"texture":"#5"},"west":{"uv":[12,8.44444,12.66667,9.11111],"texture":"#5"},"up":{"uv":[0.44444,14.88889,0,14.22222],"texture":"#5"},"down":{"uv":[14.66667,1.33333,14.22222,2],"texture":"#5"}}},{"from":[8.40754,22.05742,7.5],"to":[9.40754,22.80742,8.5],"rotation":{"angle":-22.5,"axis":"z","origin":[8,28.75889,8]},"faces":{"north":{"uv":[11,10,12,10.75],"texture":"#1"},"east":{"uv":[3,12,4,12.75],"texture":"#1"},"south":{"uv":[5,12,6,12.75],"texture":"#1"},"west":{"uv":[12,6,13,6.75],"texture":"#1"},"up":{"uv":[7,11,6,10],"texture":"#1"}}},{"from":[8.15754,21.05742,7.25],"to":[9.65754,22.05742,8.75],"rotation":{"angle":-22.5,"axis":"z","origin":[8,28.75889,8]},"faces":{"north":{"uv":[9,6,10.5,7],"texture":"#1"},"east":{"uv":[9,8,10.5,9],"texture":"#1"},"south":{"uv":[10,0,11.5,1],"texture":"#1"},"west":{"uv":[3,10,4.5,11],"texture":"#1"},"up":{"uv":[4.5,8.5,3,7],"texture":"#1"},"down":{"uv":[7.5,7,6,8.5],"texture":"#1"}}},{"from":[6.375,22.104,9.24854],"to":[7.125,22.854,9.99854],"rotation":{"angle":22.5,"axis":"x","origin":[8,28.75889,8]},"faces":{"north":{"uv":[13,0,13.75,0.75],"texture":"#1"},"east":{"uv":[13,10,13.75,10.75],"texture":"#1"},"south":{"uv":[13,12,13.75,12.75],"texture":"#1"},"west":{"uv":[2,14,2.75,14.75],"texture":"#1"},"up":{"uv":[14.75,2.75,14,2],"texture":"#1"}}},{"from":[6.125,21.354,8.99854],"to":[7.375,22.104,10.24854],"rotation":{"angle":22.5,"axis":"x","origin":[8,28.75889,8]},"faces":{"north":{"uv":[8,10,9.25,10.75],"texture":"#1"},"east":{"uv":[0,11,1.25,11.75],"texture":"#1"},"south":{"uv":[11,2,12.25,2.75],"texture":"#1"},"west":{"uv":[11,4,12.25,4.75],"texture":"#1"},"up":{"uv":[1.25,9.25,0,8],"texture":"#1"},"down":{"uv":[9.25,3,8,4.25],"texture":"#1"}}},{"from":[6.375,22.104,6.00146],"to":[7.125,22.854,6.75146],"rotation":{"angle":-22.5,"axis":"x","origin":[8,28.75889,8]},"faces":{"north":{"uv":[13.75,12,13,12.75],"texture":"#1"},"east":{"uv":[13.75,10,13,10.75],"texture":"#1"},"south":{"uv":[13.75,0,13,0.75],"texture":"#1"},"west":{"uv":[2.75,14,2,14.75],"texture":"#1"},"up":{"uv":[14.75,2,14,2.75],"texture":"#1"}}},{"from":[6.125,21.354,5.75146],"to":[7.375,22.104,7.00146],"rotation":{"angle":-22.5,"axis":"x","origin":[8,28.75889,8]},"faces":{"north":{"uv":[12.25,2,11,2.75],"texture":"#1"},"east":{"uv":[1.25,11,0,11.75],"texture":"#1"},"south":{"uv":[9.25,10,8,10.75],"texture":"#1"},"west":{"uv":[12.25,4,11,4.75],"texture":"#1"},"up":{"uv":[1.25,8,0,9.25],"texture":"#1"},"down":{"uv":[9.25,4.25,8,3],"texture":"#1"}}},{"from":[6,23,7.625],"to":[6.75,23.75,8.375],"rotation":{"angle":0,"axis":"y","origin":[8,28.75889,8]},"faces":{"north":{"uv":[7,12,7.75,12.75],"texture":"#1"},"south":{"uv":[12,8,12.75,8.75],"texture":"#1"},"west":{"uv":[9,12,9.75,12.75],"texture":"#1"},"up":{"uv":[11.75,12.75,11,12],"texture":"#1"},"down":{"uv":[0.75,13,0,13.75],"texture":"#1"}}},{"from":[6.225,23.41113,6.31494],"to":[6.725,23.91113,6.81494],"rotation":{"angle":-22.5,"axis":"x","origin":[8,28.75889,8]},"faces":{"north":{"uv":[10,14,10.5,14.5],"texture":"#1"},"east":{"uv":[12,14,12.5,14.5],"texture":"#1"},"south":{"uv":[14,14,14.5,14.5],"texture":"#1"},"west":{"uv":[0,15,0.5,15.5],"texture":"#1"},"up":{"uv":[15.5,0.5,15,0],"texture":"#1"},"down":{"uv":[15.5,10,15,10.5],"texture":"#1"}}},{"from":[6.225,23.41113,9.18506],"to":[6.725,23.91113,9.68506],"rotation":{"angle":22.5,"axis":"x","origin":[8,28.75889,8]},"faces":{"north":{"uv":[4,14,4.5,14.5],"texture":"#1"},"east":{"uv":[14,4,14.5,4.5],"texture":"#1"},"south":{"uv":[6,14,6.5,14.5],"texture":"#1"},"west":{"uv":[14,6,14.5,6.5],"texture":"#1"},"up":{"uv":[8.5,14.5,8,14],"texture":"#1"},"down":{"uv":[14.5,8,14,8.5],"texture":"#1"}}},{"from":[6.735,24.04029,8.96859],"to":[6.745,25.54029,10.96859],"rotation":{"angle":45,"axis":"x","origin":[8,28.75889,8]},"faces":{"east":{"uv":[2,5,0,6.5],"texture":"#1"},"west":{"uv":[0,5,2,6.5],"texture":"#1"}}},{"from":[6.735,24.29029,3.53141],"to":[6.765,25.79029,5.03141],"rotation":{"angle":-45,"axis":"x","origin":[8,28.75889,8]},"faces":{"west":{"uv":[7,0,8.5,1.5],"texture":"#1"}}},{"from":[6.715,23.03868,2.54632],"to":[6.735,24.78868,5.29632],"rotation":{"angle":-22.5,"axis":"x","origin":[8,28.75889,8]},"faces":{"east":{"uv":[6.75,4,4,5.75],"texture":"#1"},"west":{"uv":[4,4,6.75,5.75],"texture":"#1"}}},{"from":[6.715,23.03868,10.70368],"to":[6.735,24.78868,13.45368],"rotation":{"angle":22.5,"axis":"x","origin":[8,28.75889,8]},"faces":{"east":{"uv":[4,4,6.75,5.75],"texture":"#1"},"west":{"uv":[6.75,4,4,5.75],"texture":"#1"}}},{"from":[6.735,24.04029,5.03141],"to":[6.745,25.54029,7.03141],"rotation":{"angle":-45,"axis":"x","origin":[8,28.75889,8]},"faces":{"east":{"uv":[0,5,2,6.5],"texture":"#1"},"west":{"uv":[2,5,0,6.5],"texture":"#1"}}},{"from":[7.99,-3.25,6.625],"to":[8.01,0.75,9.375],"rotation":{"angle":0,"axis":"y","origin":[8,12.75889,8]},"faces":{"east":{"uv":[2.75,0,0,4],"texture":"#1"},"west":{"uv":[0,0,2.75,4],"texture":"#1"}}},{"from":[7.995,0.82278,15.08623],"to":[8.005,3.82278,16.83623],"rotation":{"angle":45,"axis":"x","origin":[8,12.75889,8]},"faces":{"east":{"uv":[5.75,0,4,3],"texture":"#1"},"west":{"uv":[4,0,5.75,3],"texture":"#1"}}},{"from":[7.995,0.82278,-0.83623],"to":[8.005,3.82278,0.91377],"rotation":{"angle":-45,"axis":"x","origin":[8,12.75889,8]},"faces":{"east":{"uv":[4,0,5.75,3],"texture":"#1"},"west":{"uv":[5.75,0,4,3],"texture":"#1"}}},{"from":[6.59246,22.05742,7.5],"to":[7.59246,22.80742,8.5],"rotation":{"angle":22.5,"axis":"z","origin":[8,28.75889,8]},"faces":{"north":{"uv":[12,10,11,10.75],"texture":"#1"},"east":{"uv":[13,6,12,6.75],"texture":"#1"},"south":{"uv":[6,12,5,12.75],"texture":"#1"},"west":{"uv":[4,12,3,12.75],"texture":"#1"},"up":{"uv":[6,11,7,10],"texture":"#1"}}},{"from":[6.34246,21.05742,7.25],"to":[7.84246,22.05742,8.75],"rotation":{"angle":22.5,"axis":"z","origin":[8,28.75889,8]},"faces":{"north":{"uv":[10.5,6,9,7],"texture":"#1"},"east":{"uv":[4.5,10,3,11],"texture":"#1"},"south":{"uv":[11.5,0,10,1],"texture":"#1"},"west":{"uv":[10.5,8,9,9],"texture":"#1"},"up":{"uv":[3,8.5,4.5,7],"texture":"#1"},"down":{"uv":[6,7,7.5,8.5],"texture":"#1"}}},{"from":[8.875,22.104,9.24854],"to":[9.625,22.854,9.99854],"rotation":{"angle":22.5,"axis":"x","origin":[8,28.75889,8]},"faces":{"north":{"uv":[13.75,0,13,0.75],"texture":"#1"},"east":{"uv":[2.75,14,2,14.75],"texture":"#1"},"south":{"uv":[13.75,12,13,12.75],"texture":"#1"},"west":{"uv":[13.75,10,13,10.75],"texture":"#1"},"up":{"uv":[14,2.75,14.75,2],"texture":"#1"}}},{"from":[8.625,21.354,8.99854],"to":[9.875,22.104,10.24854],"rotation":{"angle":22.5,"axis":"x","origin":[8,28.75889,8]},"faces":{"north":{"uv":[9.25,10,8,10.75],"texture":"#1"},"east":{"uv":[12.25,4,11,4.75],"texture":"#1"},"south":{"uv":[12.25,2,11,2.75],"texture":"#1"},"west":{"uv":[1.25,11,0,11.75],"texture":"#1"},"up":{"uv":[0,9.25,1.25,8],"texture":"#1"},"down":{"uv":[8,3,9.25,4.25],"texture":"#1"}}},{"from":[8.875,22.104,6.00146],"to":[9.625,22.854,6.75146],"rotation":{"angle":-22.5,"axis":"x","origin":[8,28.75889,8]},"faces":{"north":{"uv":[13,12,13.75,12.75],"texture":"#1"},"east":{"uv":[2,14,2.75,14.75],"texture":"#1"},"south":{"uv":[13,0,13.75,0.75],"texture":"#1"},"west":{"uv":[13,10,13.75,10.75],"texture":"#1"},"up":{"uv":[14,2,14.75,2.75],"texture":"#1"}}},{"from":[8.625,21.354,5.75146],"to":[9.875,22.104,7.00146],"rotation":{"angle":-22.5,"axis":"x","origin":[8,28.75889,8]},"faces":{"north":{"uv":[11,2,12.25,2.75],"texture":"#1"},"east":{"uv":[11,4,12.25,4.75],"texture":"#1"},"south":{"uv":[8,10,9.25,10.75],"texture":"#1"},"west":{"uv":[0,11,1.25,11.75],"texture":"#1"},"up":{"uv":[0,8,1.25,9.25],"texture":"#1"},"down":{"uv":[8,4.25,9.25,3],"texture":"#1"}}},{"from":[9.25,23,7.625],"to":[10,23.75,8.375],"rotation":{"angle":0,"axis":"y","origin":[8,28.75889,8]},"faces":{"north":{"uv":[7.75,12,7,12.75],"texture":"#1"},"east":{"uv":[9.75,12,9,12.75],"texture":"#1"},"south":{"uv":[12.75,8,12,8.75],"texture":"#1"},"up":{"uv":[11,12.75,11.75,12],"texture":"#1"},"down":{"uv":[0,13,0.75,13.75],"texture":"#1"}}},{"from":[9.275,23.41113,6.31494],"to":[9.775,23.91113,6.81494],"rotation":{"angle":-22.5,"axis":"x","origin":[8,28.75889,8]},"faces":{"north":{"uv":[10.5,14,10,14.5],"texture":"#1"},"east":{"uv":[0.5,15,0,15.5],"texture":"#1"},"south":{"uv":[14.5,14,14,14.5],"texture":"#1"},"west":{"uv":[12.5,14,12,14.5],"texture":"#1"},"up":{"uv":[15,0.5,15.5,0],"texture":"#1"},"down":{"uv":[15,10,15.5,10.5],"texture":"#1"}}},{"from":[9.275,23.41113,9.18506],"to":[9.775,23.91113,9.68506],"rotation":{"angle":22.5,"axis":"x","origin":[8,28.75889,8]},"faces":{"north":{"uv":[4.5,14,4,14.5],"texture":"#1"},"east":{"uv":[14.5,6,14,6.5],"texture":"#1"},"south":{"uv":[6.5,14,6,14.5],"texture":"#1"},"west":{"uv":[14.5,4,14,4.5],"texture":"#1"},"up":{"uv":[8,14.5,8.5,14],"texture":"#1"},"down":{"uv":[14,8,14.5,8.5],"texture":"#1"}}},{"from":[9.255,24.04029,8.96859],"to":[9.265,25.54029,10.96859],"rotation":{"angle":45,"axis":"x","origin":[8,28.75889,8]},"faces":{"east":{"uv":[2,5,0,6.5],"texture":"#1"},"west":{"uv":[0,5,2,6.5],"texture":"#1"}}},{"from":[9.235,24.29029,3.53141],"to":[9.265,25.79029,5.03141],"rotation":{"angle":-45,"axis":"x","origin":[8,28.75889,8]},"faces":{"east":{"uv":[8.5,0,7,1.5],"texture":"#1"}}},{"from":[9.265,23.03868,2.54632],"to":[9.285,24.78868,5.29632],"rotation":{"angle":-22.5,"axis":"x","origin":[8,28.75889,8]},"faces":{"east":{"uv":[6.75,4,4,5.75],"texture":"#1"},"west":{"uv":[4,4,6.75,5.75],"texture":"#1"}}},{"from":[9.265,23.03868,10.70368],"to":[9.285,24.78868,13.45368],"rotation":{"angle":22.5,"axis":"x","origin":[8,28.75889,8]},"faces":{"east":{"uv":[4,4,6.75,5.75],"texture":"#1"},"west":{"uv":[6.75,4,4,5.75],"texture":"#1"}}},{"from":[9.255,24.04029,5.03141],"to":[9.265,25.54029,7.03141],"rotation":{"angle":-45,"axis":"x","origin":[8,28.75889,8]},"faces":{"east":{"uv":[0,5,2,6.5],"texture":"#1"},"west":{"uv":[2,5,0,6.5],"texture":"#1"}}},{"from":[7.375,22.71263,6.20154],"to":[8.625,23.96263,8.95154],"rotation":{"angle":-22.5,"axis":"x","origin":[8,28.75889,8]},"faces":{"east":{"uv":[11.11111,7.11111,12.33333,7.66667],"texture":"#5"},"west":{"uv":[8,11.11111,9.22222,11.66667],"texture":"#5"},"up":{"uv":[10.33333,12.33333,9.77778,11.11111],"texture":"#5"},"down":{"uv":[11.66667,11.11111,11.11111,12.33333],"texture":"#5"}}},{"from":[7.625,24.66526,10.05542],"to":[8.375,25.91526,12.30542],"rotation":{"angle":22.5,"axis":"x","origin":[8,28.75889,8]},"faces":{"north":{"uv":[14.22222,14.22222,14.55556,14.77778],"texture":"#5"},"east":{"uv":[0,11.55556,1,12.11111],"texture":"#5"},"west":{"uv":[11.55556,0,12.55556,0.55556],"texture":"#5"},"up":{"uv":[2.11111,9.44444,1.77778,8.44444],"texture":"#5"}}},{"from":[7.125,24.16406,11.86319],"to":[8.875,26.41406,13.11319],"rotation":{"angle":22.5,"axis":"x","origin":[8,28.50889,7.5]},"faces":{"north":{"uv":[2.66667,10.66667,3.44444,11.66667],"texture":"#5"},"east":{"uv":[6.66667,11.55556,7.22222,12.55556],"texture":"#5"},"south":{"uv":[4,10.66667,4.77778,11.66667],"texture":"#5"},"west":{"uv":[12,4.44444,12.55556,5.44444],"texture":"#5"},"up":{"uv":[2.55556,13,1.77778,12.44444],"texture":"#5"},"down":{"uv":[13.22222,2.66667,12.44444,3.22222],"texture":"#5"}}},{"from":[7.995,24.30176,5.125],"to":[8.005,31.80176,10.875],"rotation":{"angle":0,"axis":"y","origin":[7.995,22.67676,7.375]},"faces":{"east":{"uv":[5.22222,0,2.66667,3.33333],"texture":"#5"},"west":{"uv":[2.66667,0,5.22222,3.33333],"texture":"#5"}}},{"from":[7.375,22.71263,7.04846],"to":[8.625,23.96263,9.79846],"rotation":{"angle":22.5,"axis":"x","origin":[8,28.75889,8]},"faces":{"east":{"uv":[12.33333,7.11111,11.11111,7.66667],"texture":"#5"},"west":{"uv":[9.22222,11.11111,8,11.66667],"texture":"#5"},"up":{"uv":[10.33333,11.11111,9.77778,12.33333],"texture":"#5"},"down":{"uv":[11.66667,12.33333,11.11111,11.11111],"texture":"#5"}}},{"from":[7.125,24.16406,2.88681],"to":[8.875,26.41406,4.13681],"rotation":{"angle":-22.5,"axis":"x","origin":[8,28.50889,8.5]},"faces":{"north":{"uv":[4.77778,10.66667,4,11.66667],"texture":"#5"},"east":{"uv":[7.22222,11.55556,6.66667,12.55556],"texture":"#5"},"south":{"uv":[3.44444,10.66667,2.66667,11.66667],"texture":"#5"},"west":{"uv":[12.55556,4.44444,12,5.44444],"texture":"#5"},"up":{"uv":[2.55556,12.44444,1.77778,13],"texture":"#5"},"down":{"uv":[13.22222,3.22222,12.44444,2.66667],"texture":"#5"}}},{"from":[7.625,24.66526,3.69458],"to":[8.375,25.91526,5.94458],"rotation":{"angle":-22.5,"axis":"x","origin":[8,28.75889,8]},"faces":{"east":{"uv":[1,11.55556,0,12.11111],"texture":"#5"},"south":{"uv":[14.55556,14.22222,14.22222,14.77778],"texture":"#5"},"west":{"uv":[12.55556,0,11.55556,0.55556],"texture":"#5"},"up":{"uv":[2.11111,8.44444,1.77778,9.44444],"texture":"#5"}}},{"from":[7,21.5,-0.40224],"to":[9,26.5,7.59776],"light_emission":15,"rotation":{"angle":22.5,"axis":"x","origin":[8,24,3.59776]},"faces":{"east":{"uv":[16,0,0,10],"texture":"#3"},"west":{"uv":[0,0,16,10],"texture":"#3"}}},{"from":[7,21.5,8.40224],"to":[9,26.5,16.40224],"light_emission":15,"rotation":{"angle":-22.5,"axis":"x","origin":[8,24,12.40224]},"faces":{"east":{"uv":[0,0,16,10],"texture":"#3"},"west":{"uv":[16,0,0,10],"texture":"#3"}}},{"from":[7.25,21.75,2.59776],"to":[8.75,23.25,4.34776],"light_emission":15,"rotation":{"angle":22.5,"axis":"x","origin":[8,22.5,3.47276]},"faces":{"east":{"uv":[4.5,11.5,1,14.5],"texture":"#3"},"west":{"uv":[1,11.5,4.5,14.5],"texture":"#3"}}},{"from":[7.875,27.21716,7.125],"to":[8.125,28.71716,8.875],"light_emission":15,"rotation":{"angle":0,"axis":"y","origin":[7.875,28.96716,8]},"faces":{"east":{"uv":[4.5,11.5,1,14.5],"texture":"#3"},"west":{"uv":[1,11.5,4.5,14.5],"texture":"#3"}}},{"from":[7.25,24.75,4.84776],"to":[8.75,25.75,6.09776],"light_emission":15,"rotation":{"angle":0,"axis":"y","origin":[8,25.25,5.47276]},"faces":{"east":{"uv":[9,12,6.5,14],"texture":"#3"},"west":{"uv":[6.5,12,9,14],"texture":"#3"}}},{"from":[7.875,25.75,7.375],"to":[8.125,26.75,8.625],"light_emission":15,"rotation":{"angle":0,"axis":"y","origin":[8.125,25.25,5.5]},"faces":{"east":{"uv":[9,12,6.5,14],"texture":"#3"},"west":{"uv":[6.5,12,9,14],"texture":"#3"}}},{"from":[7.875,29.5,7.375],"to":[8.125,30.5,8.625],"light_emission":15,"rotation":{"angle":0,"axis":"y","origin":[8.125,25.25,5.5]},"faces":{"east":{"uv":[9,12,6.5,14],"texture":"#3"},"west":{"uv":[6.5,12,9,14],"texture":"#3"}}},{"from":[7.25,22.25,14.40224],"to":[8.75,24,16.15224],"light_emission":15,"rotation":{"angle":22.5,"axis":"x","origin":[8,23.125,15.27724]},"faces":{"east":{"uv":[11.5,11.5,15,15],"texture":"#3"},"west":{"uv":[15,11.5,11.5,15],"texture":"#3"}}},{"from":[7.25,22.25,-0.15224],"to":[8.75,24,1.59776],"light_emission":15,"rotation":{"angle":-22.5,"axis":"x","origin":[8,23.125,0.72276]},"faces":{"east":{"uv":[15,11.5,11.5,15],"texture":"#3"},"west":{"uv":[11.5,11.5,15,15],"texture":"#3"}}},{"from":[7.25,21.75,11.65224],"to":[8.75,23.25,13.40224],"light_emission":15,"rotation":{"angle":-22.5,"axis":"x","origin":[8,22.5,12.52724]},"faces":{"east":{"uv":[1,11.5,4.5,14.5],"texture":"#3"},"west":{"uv":[4.5,11.5,1,14.5],"texture":"#3"}}},{"from":[7.25,24.75,9.90224],"to":[8.75,25.75,11.15224],"light_emission":15,"rotation":{"angle":0,"axis":"y","origin":[8,25.25,10.52724]},"faces":{"east":{"uv":[6.5,12,9,14],"texture":"#3"},"west":{"uv":[9,12,6.5,14],"texture":"#3"}}}],"gui_light":"front","display":{"thirdperson_righthand":{"translation":[0,-6,1.25]},"thirdperson_lefthand":{"translation":[0,-6,1.25]},"firstperson_righthand":{"rotation":[-7.5,0,0],"translation":[3.25,-2.5,0],"scale":[0.7,0.7,0.7]},"firstperson_lefthand":{"rotation":[-7.5,0,0],"translation":[3.25,-2.5,0],"scale":[0.7,0.7,0.7]},"ground":{"rotation":[45,0,0],"translation":[0,5,-2.5],"scale":[0.7,0.7,0.7]},"gui":{"rotation":[-90,135,90],"translation":[-2.75,-2.75,0],"scale":[0.67,0.67,0.67]},"head":{"rotation":[0,-90,0]},"fixed":{"rotation":[0,-90,0],"translation":[0,-9.5,-2.5],"scale":[2,2,2]},"on_shelf":{"rotation":[0,90,0],"translation":[0,2.75,0],"scale":[0.8,0.8,0.8]}},"mcmodels":"3c09f253311d0ddc1db7278626b11ffe"}