{"model":{"type":"range_dispatch","property":"custom_model_data","index":0,"fallback":{"type":"model","model":"item/paper"},"entries":[{"threshold":1524,"model":{"type":"model","model":"nogs_menagerie:plushies/nm_plushie_shark_great_white"}},{"threshold":1525,"model":{"type":"model","model":"nogs_menagerie:plushies/nm_plushie_shark_hammerhead"}},{"threshold":2524,"model":{"type":"model","model":"nogs_menagerie:loots/nm_shark_tooth"}},{"threshold":2525,"model":{"type":"model","model":"nogs_menagerie:loots/nm_shark_fin"}},{"threshold":3524,"model":{"type":"model","model":"nogs_menagerie:cosmetics/nm_hat_shark_great_white"}},{"threshold":3525,"model":{"type":"model","model":"nogs_menagerie:cosmetics/nm_hat_shark_hammerhead"}},{"threshold":4570,"model":{"type":"model","model":"nogs_menagerie:heads/nm_head_shark_great_white"}},{"threshold":4571,"model":{"type":"model","model":"nogs_menagerie:heads/nm_head_shark_hammerhead"}},{"threshold":10000,"model":{"type":"model","model":"_iainternal:ia_auto_gen/icon_left_blue"}},{"threshold":10001,"model":{"type":"model","model":"_iainternal:ia_auto_gen/icon_right_blue"}},{"threshold":10002,"model":{"type":"model","model":"_iainternal:ia_auto_gen/icon_search"}},{"threshold":10003,"model":{"type":"model","model":"_iainternal:ia_auto_gen/icon_cancel"}},{"threshold":10004,"model":{"type":"model","model":"_iainternal:ia_auto_gen/icon_arrow_chest"}},{"threshold":10005,"model":{"type":"model","model":"_iainternal:ia_auto_gen/icon_back_orange"}},{"threshold":10006,"model":{"type":"model","model":"_iainternal:ia_auto_gen/icon_next_orange"}},{"threshold":10013,"model":{"type":"model","model":"nexusset:key"}},{"threshold":10014,"model":{"type":"model","model":"nexusset:wings"}},{"threshold":10015,"model":{"type":"model","model":"nexusset:helmet"}},{"threshold":10016,"model":{"type":"model","model":"item/paper"}}]}}