{"model":{"type":"range_dispatch","property":"custom_model_data","index":0,"fallback":{"tints":[{"type":"potion","default":-13083194}],"model":"item/potion","type":"model"},"entries":[{"threshold":10001,"model":{"tints":[{"type":"potion","default":-13083194}],"model":"lonedev_emotes:entity/pack2/ore_1-0.9-1","type":"model"}},{"threshold":10002,"model":{"tints":[{"type":"potion","default":-13083194}],"model":"lonedev_emotes:entity/pack2/ore_1-0.909-1","type":"model"}},{"threshold":10003,"model":{"tints":[{"type":"potion","default":-13083194}],"model":"lonedev_emotes:entity/pack2/ore_1-0.918-1","type":"model"}},{"threshold":10004,"model":{"tints":[{"type":"potion","default":-13083194}],"model":"lonedev_emotes:entity/pack2/ore_1-0.927-1","type":"model"}},{"threshold":10005,"model":{"tints":[{"type":"potion","default":-13083194}],"model":"lonedev_emotes:entity/pack2/ore_1-0.936-1","type":"model"}},{"threshold":10006,"model":{"tints":[{"type":"potion","default":-13083194}],"model":"lonedev_emotes:entity/pack2/ore_1-0.945-1","type":"model"}},{"threshold":10007,"model":{"tints":[{"type":"potion","default":-13083194}],"model":"lonedev_emotes:entity/pack2/ore_1-0.955-1","type":"model"}},{"threshold":10008,"model":{"tints":[{"type":"potion","default":-13083194}],"model":"lonedev_emotes:entity/pack2/ore_1-0.964-1","type":"model"}},{"threshold":10009,"model":{"tints":[{"type":"potion","default":-13083194}],"model":"lonedev_emotes:entity/pack2/ore_1-0.973-1","type":"model"}},{"threshold":10010,"model":{"tints":[{"type":"potion","default":-13083194}],"model":"lonedev_emotes:entity/pack2/ore_1-0.982-1","type":"model"}},{"threshold":10011,"model":{"tints":[{"type":"potion","default":-13083194}],"model":"lonedev_emotes:entity/pack2/ore_1-0.991-1","type":"model"}},{"threshold":10012,"model":{"tints":[{"type":"potion","default":-13083194}],"model":"lonedev_emotes:entity/pack2/ore","type":"model"}},{"threshold":10014,"model":{"tints":[{"type":"potion","default":-13083194}],"model":"lonedev_emotes:entity/pack2/pole2","type":"model"}},{"threshold":10016,"model":{"tints":[{"type":"potion","default":-13083194}],"model":"lonedev_emotes:entity/pack2/amogus_1.074-1.067-1.074","type":"model"}},{"threshold":10017,"model":{"tints":[{"type":"potion","default":-13083194}],"model":"lonedev_emotes:entity/pack2/amogus_1.043-1.028-1.043","type":"model"}},{"threshold":10018,"model":{"tints":[{"type":"potion","default":-13083194}],"model":"lonedev_emotes:entity/pack2/amogus_1.001-0.997-1.001","type":"model"}},{"threshold":10019,"model":{"tints":[{"type":"potion","default":-13083194}],"model":"lonedev_emotes:entity/pack2/amogus_1-1.067-1","type":"model"}},{"threshold":10020,"model":{"tints":[{"type":"potion","default":-13083194}],"model":"lonedev_emotes:entity/pack2/amogus_1-1.17-1","type":"model"}},{"threshold":10021,"model":{"tints":[{"type":"potion","default":-13083194}],"model":"lonedev_emotes:entity/pack2/amogus_1-1.193-1","type":"model"}},{"threshold":10022,"model":{"tints":[{"type":"potion","default":-13083194}],"model":"lonedev_emotes:entity/pack2/amogus_1-1.11-1","type":"model"}},{"threshold":10023,"model":{"tints":[{"type":"potion","default":-13083194}],"model":"lonedev_emotes:entity/pack2/amogus_1-1.011-1","type":"model"}},{"threshold":10024,"model":{"tints":[{"type":"potion","default":-13083194}],"model":"lonedev_emotes:entity/pack2/amogus_1-0.952-1","type":"model"}},{"threshold":10025,"model":{"tints":[{"type":"potion","default":-13083194}],"model":"lonedev_emotes:entity/pack2/amogus_1-0.91-1","type":"model"}},{"threshold":10026,"model":{"tints":[{"type":"potion","default":-13083194}],"model":"lonedev_emotes:entity/pack2/amogus_1-0.901-1","type":"model"}},{"threshold":10027,"model":{"tints":[{"type":"potion","default":-13083194}],"model":"lonedev_emotes:entity/pack2/amogus_1-0.909-1","type":"model"}},{"threshold":10028,"model":{"tints":[{"type":"potion","default":-13083194}],"model":"lonedev_emotes:entity/pack2/amogus_1-0.924-1","type":"model"}},{"threshold":10029,"model":{"tints":[{"type":"potion","default":-13083194}],"model":"lonedev_emotes:entity/pack2/amogus_1-0.944-1","type":"model"}},{"threshold":10030,"model":{"tints":[{"type":"potion","default":-13083194}],"model":"lonedev_emotes:entity/pack2/amogus_1-0.964-1","type":"model"}},{"threshold":10031,"model":{"tints":[{"type":"potion","default":-13083194}],"model":"lonedev_emotes:entity/pack2/amogus_1-0.983-1","type":"model"}},{"threshold":10032,"model":{"tints":[{"type":"potion","default":-13083194}],"model":"lonedev_emotes:entity/pack2/amogus_1-0.997-1","type":"model"}},{"threshold":10033,"model":{"tints":[{"type":"potion","default":-13083194}],"model":"lonedev_emotes:entity/pack2/amogus","type":"model"}},{"threshold":10035,"model":{"tints":[{"type":"potion","default":-13083194}],"model":"lonedev_emotes:entity/pack2/amogus_popup_0.333-0.333-0.333","type":"model"}},{"threshold":10036,"model":{"tints":[{"type":"potion","default":-13083194}],"model":"lonedev_emotes:entity/pack2/amogus_popup_0.667-0.667-0.667","type":"model"}},{"threshold":10037,"model":{"tints":[{"type":"potion","default":-13083194}],"model":"lonedev_emotes:entity/pack2/amogus_popup","type":"model"}},{"threshold":10039,"model":{"tints":[{"type":"potion","default":-13083194}],"model":"lonedev_emotes:entity/pack2/benchpress_0.376-0.376-0.376","type":"model"}},{"threshold":10040,"model":{"tints":[{"type":"potion","default":-13083194}],"model":"lonedev_emotes:entity/pack2/benchpress_0.848-0.848-0.848","type":"model"}},{"threshold":10041,"model":{"tints":[{"type":"potion","default":-13083194}],"model":"lonedev_emotes:entity/pack2/benchpress","type":"model"}},{"threshold":10043,"model":{"tints":[{"type":"potion","default":-13083194}],"model":"lonedev_emotes:entity/pack2/barbell_0.376-0.376-0.376","type":"model"}},{"threshold":10044,"model":{"tints":[{"type":"potion","default":-13083194}],"model":"lonedev_emotes:entity/pack2/barbell_0.848-0.848-0.848","type":"model"}},{"threshold":10045,"model":{"tints":[{"type":"potion","default":-13083194}],"model":"lonedev_emotes:entity/pack2/barbell","type":"model"}},{"threshold":10047,"model":{"tints":[{"type":"potion","default":-13083194}],"model":"lonedev_emotes:entity/pack2/dumbbell","type":"model"}},{"threshold":10049,"model":{"tints":[{"type":"potion","default":-13083194}],"model":"lonedev_emotes:entity/pack2/pole3","type":"model"}},{"threshold":1700001,"model":{"tints":[{"type":"potion","default":-13083194}],"model":"nexusset:wings_cosmeticscore","type":"model"}},{"threshold":1700002,"model":{"tints":[{"type":"potion","default":-13083194}],"model":"nexusset:wings_cosmeticscore_self","type":"model"}},{"threshold":1700003,"model":{"tints":[{"type":"potion","default":-13083194}],"model":"nexusset:helmet","type":"model"}},{"threshold":1700004,"model":{"tints":[{"type":"potion","default":-13083194}],"model":"nexusset:wings_cosmeticscore_self_2","type":"model"}},{"threshold":1700005,"model":{"tints":[{"type":"potion","default":-13083194}],"model":"nexusset:wings_cosmeticscore_normal_2","type":"model"}},{"threshold":1700006,"model":{"tints":[{"type":"potion","default":-13083194}],"model":"item/potion","type":"model"}}]}}