{"credit":"Created By Yassou","texture_size":[32,32],"textures":{"0":"summer_furnitures:brown_shell","particle":"summer_furnitures:brown_shell"},"elements":[{"from":[6.5,0,3],"to":[10.5,2,5],"rotation":{"angle":0,"axis":"y","origin":[7.5,0,4]},"faces":{"north":{"uv":[7.5,3,9.5,4],"texture":"#0"},"east":{"uv":[2.5,8,3.5,9],"texture":"#0"},"south":{"uv":[7.5,4,9.5,5],"texture":"#0"},"west":{"uv":[3.5,8,4.5,9],"texture":"#0"},"up":{"uv":[7,8.5,5,7.5],"texture":"#0"},"down":{"uv":[9.5,5,7.5,6],"texture":"#0"}}},{"from":[7,0,5],"to":[10,2,6],"rotation":{"angle":0,"axis":"y","origin":[7,0,5]},"faces":{"north":{"uv":[7.5,6,9,7],"texture":"#0"},"east":{"uv":[4.5,8,5,9],"texture":"#0"},"south":{"uv":[7,7.5,8.5,8.5],"texture":"#0"},"west":{"uv":[1.5,8.5,2,9.5],"texture":"#0"},"up":{"uv":[9,7.5,7.5,7],"texture":"#0"},"down":{"uv":[1.5,8.5,0,9],"texture":"#0"}}},{"from":[6,0,6],"to":[11,2,11],"rotation":{"angle":0,"axis":"y","origin":[7,0,6]},"faces":{"north":{"uv":[2.5,5,5,6],"texture":"#0"},"east":{"uv":[5,2.5,7.5,3.5],"texture":"#0"},"south":{"uv":[5,3.5,7.5,4.5],"texture":"#0"},"west":{"uv":[5,4.5,7.5,5.5],"texture":"#0"},"up":{"uv":[2.5,2.5,0,0],"texture":"#0"},"down":{"uv":[2.5,2.5,0,5],"texture":"#0"}}},{"from":[6.62448,0.02,7.55073],"to":[11.28448,1.98,12.51073],"rotation":{"angle":22.5,"axis":"y","origin":[7.30448,0,7.53073]},"faces":{"north":{"uv":[5,5.5,7.5,6.5],"texture":"#0"},"east":{"uv":[2.5,6,5,7],"texture":"#0"},"south":{"uv":[5,6.5,7.5,7.5],"texture":"#0"},"west":{"uv":[2.5,7,5,8],"texture":"#0"},"up":{"uv":[5,2.5,2.5,0],"texture":"#0"},"down":{"uv":[5,2.5,2.5,5],"texture":"#0"}}},{"from":[5.70552,0.01,7.54073],"to":[10.48552,1.99,12.42073],"rotation":{"angle":-22.5,"axis":"y","origin":[9.69552,0,7.53073]},"faces":{"north":{"uv":[0,7.5,2.5,8.5],"texture":"#0"},"east":{"uv":[7.5,0,10,1],"texture":"#0"},"south":{"uv":[7.5,1,10,2],"texture":"#0"},"west":{"uv":[7.5,2,10,3],"texture":"#0"},"up":{"uv":[2.5,7.5,0,5],"texture":"#0"},"down":{"uv":[7.5,0,5,2.5],"texture":"#0"}}}],"display":{"thirdperson_righthand":{"rotation":[172.42,-17.72,-176.39],"translation":[0,3.75,-0.25],"scale":[0.4668,0.4668,0.4668]},"thirdperson_lefthand":{"rotation":[172.42,-17.72,-176.39],"translation":[0,3.75,-0.25],"scale":[0.4668,0.4668,0.4668]},"firstperson_righthand":{"rotation":[-146.78,-6.25,179.75],"translation":[3,4,0.5],"scale":[0.51328,0.51328,0.51328]},"firstperson_lefthand":{"rotation":[-146.78,-6.25,179.75],"translation":[3,4,0.5],"scale":[0.51328,0.51328,0.51328]},"ground":{"translation":[0,4.5,0],"scale":[0.7793,0.7793,0.7793]},"gui":{"rotation":[30,225,0],"translation":[0,7.25,0],"scale":[1.21875,1.21875,1.21875]},"head":{"rotation":[-180,-13.5,-180],"translation":[0,-30.4,0],"scale":[1.6,1.6,1.6]},"fixed":{"rotation":[90,-26.75,-180],"translation":[0,0,-16],"scale":[2,2,2]}},"mcmodels":"e000c60207ad4a1a2a96169b5d36d4e4"}