{"credit":"Created By Yassou","texture_size":[128,128],"textures":{"3":"summer_furnitures:tropical_plante"},"elements":[{"from":[6.36602,0,5.48364],"to":[10.36602,3,9.48364],"rotation":{"angle":45,"axis":"y","origin":[8.80631,4.5,8.18364]},"faces":{"north":{"uv":[5.75,6.75,6.25,7.125],"texture":"#3"},"east":{"uv":[5.75,6.75,6.25,7.125],"texture":"#3"},"south":{"uv":[5.75,6.75,6.25,7.125],"texture":"#3"},"west":{"uv":[5.75,6.75,6.25,7.125],"texture":"#3"},"up":{"uv":[4.25,8,3,6.75],"texture":"#3"},"down":{"uv":[0.5,9,0,9.5],"texture":"#3"}}},{"from":[5.36602,3,4.48364],"to":[11.36602,5,10.48364],"rotation":{"angle":45,"axis":"y","origin":[8.80631,4.5,8.18364]},"faces":{"north":{"uv":[7,6.75,7.75,7],"texture":"#3"},"east":{"uv":[7,6.75,7.75,7],"texture":"#3"},"south":{"uv":[7,6.75,7.75,7],"texture":"#3"},"west":{"uv":[7,6.75,7.75,7],"texture":"#3"},"up":{"uv":[0.75,9,0,8.25],"texture":"#3"},"down":{"uv":[3,6.75,1.5,8.25],"texture":"#3"}}},{"from":[6.3,5,6.5],"to":[9.3,10,9.5],"rotation":{"angle":0,"axis":"y","origin":[8.44029,4.5,8.7]},"faces":{"north":{"uv":[0.875,8.375,1.25,9],"texture":"#3"},"east":{"uv":[0.875,8.375,1.25,9],"texture":"#3"},"south":{"uv":[0.875,8.375,1.25,9],"texture":"#3"},"west":{"uv":[0.875,8.375,1.25,9],"texture":"#3"},"up":{"uv":[1.25,9.375,0.875,9],"texture":"#3"},"down":{"uv":[1.25,9.375,0.875,9],"texture":"#3"}}},{"from":[9.299,9,5.9],"to":[9.299,9.5,6.5],"rotation":{"angle":0,"axis":"y","origin":[9.299,9.5,6.6]},"faces":{"north":{"uv":[1.375,8.375,1.5,8.5],"texture":"#3"},"east":{"uv":[1.375,8.375,1.5,8.5],"texture":"#3"},"south":{"uv":[1.375,8.375,1.5,8.5],"texture":"#3"},"west":{"uv":[1.375,8.375,1.5,8.5],"texture":"#3"},"up":{"uv":[1.25,9.375,0.875,9],"rotation":270,"texture":"#3"},"down":{"uv":[1.25,9.375,0.875,9],"rotation":90,"texture":"#3"}}},{"from":[9.299,9.5,9.5],"to":[9.299,10,10.1],"rotation":{"angle":0,"axis":"y","origin":[9.299,10,10.2]},"faces":{"north":{"uv":[1.375,8.375,1.5,8.5],"texture":"#3"},"east":{"uv":[1.375,8.375,1.5,8.5],"texture":"#3"},"south":{"uv":[1.375,8.375,1.5,8.5],"texture":"#3"},"west":{"uv":[1.375,8.375,1.5,8.5],"texture":"#3"},"up":{"uv":[1.25,9.375,0.875,9],"rotation":270,"texture":"#3"},"down":{"uv":[1.25,9.375,0.875,9],"rotation":90,"texture":"#3"}}},{"from":[7.299,8,5.9],"to":[7.299,8.5,6.5],"rotation":{"angle":0,"axis":"y","origin":[7.299,8.5,6.6]},"faces":{"north":{"uv":[1.375,8.375,1.5,8.5],"texture":"#3"},"east":{"uv":[1.375,8.375,1.5,8.5],"texture":"#3"},"south":{"uv":[1.375,8.375,1.5,8.5],"texture":"#3"},"west":{"uv":[1.375,8.375,1.5,8.5],"texture":"#3"},"up":{"uv":[1.25,9.375,0.875,9],"rotation":270,"texture":"#3"},"down":{"uv":[1.25,9.375,0.875,9],"rotation":90,"texture":"#3"}}},{"from":[7.299,9,9.4],"to":[7.299,9.5,10],"rotation":{"angle":0,"axis":"y","origin":[7.299,9.5,10.1]},"faces":{"north":{"uv":[1.375,8.375,1.5,8.5],"texture":"#3"},"east":{"uv":[1.375,8.375,1.5,8.5],"texture":"#3"},"south":{"uv":[1.375,8.375,1.5,8.5],"texture":"#3"},"west":{"uv":[1.375,8.375,1.5,8.5],"texture":"#3"},"up":{"uv":[1.25,9.375,0.875,9],"rotation":270,"texture":"#3"},"down":{"uv":[1.25,9.375,0.875,9],"rotation":90,"texture":"#3"}}},{"from":[7.299,9.9,8.25],"to":[7.299,10.5,8.75],"rotation":{"angle":0,"axis":"y","origin":[7.299,10.2,8.5]},"faces":{"north":{"uv":[1.25,9.375,0.875,9],"rotation":90,"texture":"#3"},"east":{"uv":[1.375,8.375,1.5,8.5],"rotation":90,"texture":"#3"},"south":{"uv":[1.25,9.375,0.875,9],"rotation":90,"texture":"#3"},"west":{"uv":[1.375,8.375,1.5,8.5],"rotation":270,"texture":"#3"},"up":{"uv":[1.375,8.375,1.5,8.5],"texture":"#3"},"down":{"uv":[1.375,8.375,1.5,8.5],"rotation":180,"texture":"#3"}}},{"from":[8.299,9.9,7.25],"to":[8.299,10.5,7.75],"rotation":{"angle":0,"axis":"y","origin":[8.299,10.2,7.5]},"faces":{"north":{"uv":[1.25,9.375,0.875,9],"rotation":90,"texture":"#3"},"east":{"uv":[1.375,8.375,1.5,8.5],"rotation":90,"texture":"#3"},"south":{"uv":[1.25,9.375,0.875,9],"rotation":90,"texture":"#3"},"west":{"uv":[1.375,8.375,1.5,8.5],"rotation":270,"texture":"#3"},"up":{"uv":[1.375,8.375,1.5,8.5],"texture":"#3"},"down":{"uv":[1.375,8.375,1.5,8.5],"rotation":180,"texture":"#3"}}},{"from":[7.299,10,6.5],"to":[7.799,10.5,6.5],"rotation":{"angle":0,"axis":"y","origin":[7.299,10.2,6.5]},"faces":{"north":{"uv":[1.375,8.375,1.5,8.5],"rotation":270,"texture":"#3"},"east":{"uv":[1.25,9.375,0.875,9],"rotation":90,"texture":"#3"},"south":{"uv":[1.375,8.375,1.5,8.5],"rotation":90,"texture":"#3"},"west":{"uv":[1.25,9.375,0.875,9],"rotation":90,"texture":"#3"},"up":{"uv":[1.375,8.375,1.5,8.5],"rotation":90,"texture":"#3"},"down":{"uv":[1.375,8.375,1.5,8.5],"rotation":90,"texture":"#3"}}},{"from":[7.3,9.999,6],"to":[7.8,9.999,6.5],"rotation":{"angle":0,"axis":"y","origin":[7.55,9.999,6.25]},"faces":{"north":{"uv":[1.375,8.375,1.5,8.5],"rotation":270,"texture":"#3"},"east":{"uv":[1.25,9.375,0.875,9],"texture":"#3"},"south":{"uv":[1.375,8.375,1.5,8.5],"rotation":90,"texture":"#3"},"west":{"uv":[1.25,9.375,0.875,9],"rotation":180,"texture":"#3"},"up":{"uv":[1.375,8.375,1.5,8.5],"rotation":90,"texture":"#3"},"down":{"uv":[1.375,8.375,1.5,8.5],"rotation":90,"texture":"#3"}}},{"from":[7.299,10,9.5],"to":[7.799,10.5,9.5],"rotation":{"angle":0,"axis":"y","origin":[7.299,10.2,9.5]},"faces":{"north":{"uv":[1.375,8.375,1.5,8.5],"rotation":270,"texture":"#3"},"east":{"uv":[1.25,9.375,0.875,9],"rotation":90,"texture":"#3"},"south":{"uv":[1.375,8.375,1.5,8.5],"rotation":90,"texture":"#3"},"west":{"uv":[1.25,9.375,0.875,9],"rotation":90,"texture":"#3"},"up":{"uv":[1.375,8.375,1.5,8.5],"rotation":90,"texture":"#3"},"down":{"uv":[1.375,8.375,1.5,8.5],"rotation":90,"texture":"#3"}}},{"from":[7.3,9.999,9.5],"to":[7.8,9.999,10],"rotation":{"angle":0,"axis":"y","origin":[7.55,9.999,9.75]},"faces":{"north":{"uv":[1.375,8.375,1.5,8.5],"rotation":270,"texture":"#3"},"east":{"uv":[1.25,9.375,0.875,9],"texture":"#3"},"south":{"uv":[1.375,8.375,1.5,8.5],"rotation":90,"texture":"#3"},"west":{"uv":[1.25,9.375,0.875,9],"rotation":180,"texture":"#3"},"up":{"uv":[1.375,8.375,1.5,8.5],"rotation":90,"texture":"#3"},"down":{"uv":[1.375,8.375,1.5,8.5],"rotation":90,"texture":"#3"}}},{"from":[5.7,8.5,6.5],"to":[6.3,9,6.5],"rotation":{"angle":0,"axis":"y","origin":[5.6,9,6.5]},"faces":{"north":{"uv":[1.375,8.375,1.5,8.5],"texture":"#3"},"east":{"uv":[1.375,8.375,1.5,8.5],"texture":"#3"},"south":{"uv":[1.375,8.375,1.5,8.5],"texture":"#3"},"west":{"uv":[1.375,8.375,1.5,8.5],"texture":"#3"},"up":{"uv":[1.25,9.375,0.875,9],"texture":"#3"},"down":{"uv":[1.25,9.375,0.875,9],"texture":"#3"}}},{"from":[5.7,6.5,6.5],"to":[6.3,7,6.5],"rotation":{"angle":0,"axis":"y","origin":[5.6,7,6.5]},"faces":{"north":{"uv":[1.375,8.375,1.5,8.5],"texture":"#3"},"east":{"uv":[1.375,8.375,1.5,8.5],"texture":"#3"},"south":{"uv":[1.375,8.375,1.5,8.5],"texture":"#3"},"west":{"uv":[1.375,8.375,1.5,8.5],"texture":"#3"},"up":{"uv":[1.25,9.375,0.875,9],"texture":"#3"},"down":{"uv":[1.25,9.375,0.875,9],"texture":"#3"}}},{"from":[9.3,6,6.5],"to":[9.9,6.5,6.5],"rotation":{"angle":0,"axis":"y","origin":[9.2,6.5,6.5]},"faces":{"north":{"uv":[1.375,8.375,1.5,8.5],"texture":"#3"},"east":{"uv":[1.375,8.375,1.5,8.5],"texture":"#3"},"south":{"uv":[1.375,8.375,1.5,8.5],"texture":"#3"},"west":{"uv":[1.375,8.375,1.5,8.5],"texture":"#3"},"up":{"uv":[1.25,9.375,0.875,9],"texture":"#3"},"down":{"uv":[1.25,9.375,0.875,9],"texture":"#3"}}},{"from":[9.3,9,6.5],"to":[9.9,9.5,6.5],"rotation":{"angle":0,"axis":"y","origin":[9.2,9.5,6.5]},"faces":{"north":{"uv":[1.375,8.375,1.5,8.5],"texture":"#3"},"east":{"uv":[1.375,8.375,1.5,8.5],"texture":"#3"},"south":{"uv":[1.375,8.375,1.5,8.5],"texture":"#3"},"west":{"uv":[1.375,8.375,1.5,8.5],"texture":"#3"},"up":{"uv":[1.25,9.375,0.875,9],"texture":"#3"},"down":{"uv":[1.25,9.375,0.875,9],"texture":"#3"}}},{"from":[9.3,9.5,9.5],"to":[9.9,10,9.5],"rotation":{"angle":0,"axis":"y","origin":[9.2,10,9.5]},"faces":{"north":{"uv":[1.375,8.375,1.5,8.5],"texture":"#3"},"east":{"uv":[1.375,8.375,1.5,8.5],"texture":"#3"},"south":{"uv":[1.375,8.375,1.5,8.5],"texture":"#3"},"west":{"uv":[1.375,8.375,1.5,8.5],"texture":"#3"},"up":{"uv":[1.25,9.375,0.875,9],"texture":"#3"},"down":{"uv":[1.25,9.375,0.875,9],"texture":"#3"}}},{"from":[10.64517,5.92933,7.899],"to":[11.24517,6.42933,7.899],"rotation":{"angle":-45,"axis":"z","origin":[10.11117,6.49735,7.275]},"faces":{"north":{"uv":[1.375,8.375,1.5,8.5],"texture":"#3"},"east":{"uv":[1.375,8.375,1.5,8.5],"texture":"#3"},"south":{"uv":[1.375,8.375,1.5,8.5],"texture":"#3"},"west":{"uv":[1.375,8.375,1.5,8.5],"texture":"#3"},"up":{"uv":[1.25,9.375,0.875,9],"texture":"#3"},"down":{"uv":[1.25,9.375,0.875,9],"texture":"#3"}}},{"from":[9.64517,7.42933,7.399],"to":[9.64517,7.92933,7.899],"rotation":{"angle":-45,"axis":"z","origin":[10.11117,6.49735,7.275]},"faces":{"north":{"uv":[1.375,8.375,1.5,8.5],"texture":"#3"},"east":{"uv":[1.375,8.375,1.5,8.5],"texture":"#3"},"south":{"uv":[1.375,8.375,1.5,8.5],"texture":"#3"},"west":{"uv":[1.375,8.375,1.5,8.5],"texture":"#3"},"up":{"uv":[1.25,9.375,0.875,9],"texture":"#3"},"down":{"uv":[1.25,9.375,0.875,9],"texture":"#3"}}},{"from":[10.64417,6.92933,6.9],"to":[11.24417,7.42933,6.9],"rotation":{"angle":-45,"axis":"z","origin":[10.11117,6.49735,7.275]},"faces":{"north":{"uv":[1.375,8.375,1.5,8.5],"texture":"#3"},"east":{"uv":[1.375,8.375,1.5,8.5],"texture":"#3"},"south":{"uv":[1.375,8.375,1.5,8.5],"texture":"#3"},"west":{"uv":[1.375,8.375,1.5,8.5],"texture":"#3"},"up":{"uv":[1.25,9.375,0.875,9],"texture":"#3"},"down":{"uv":[1.25,9.375,0.875,9],"texture":"#3"}}},{"from":[10.64417,6.92933,6.4],"to":[10.64417,7.42933,6.9],"rotation":{"angle":-45,"axis":"z","origin":[10.11117,6.49735,7.275]},"faces":{"north":{"uv":[1.375,8.375,1.5,8.5],"texture":"#3"},"east":{"uv":[1.375,8.375,1.5,8.5],"texture":"#3"},"south":{"uv":[1.375,8.375,1.5,8.5],"texture":"#3"},"west":{"uv":[1.375,8.375,1.5,8.5],"texture":"#3"},"up":{"uv":[1.25,9.375,0.875,9],"texture":"#3"},"down":{"uv":[1.25,9.375,0.875,9],"texture":"#3"}}},{"from":[9.299,7.5,9.5],"to":[9.299,8,10.1],"rotation":{"angle":0,"axis":"y","origin":[9.299,8,10.2]},"faces":{"north":{"uv":[1.375,8.375,1.5,8.5],"texture":"#3"},"east":{"uv":[1.375,8.375,1.5,8.5],"texture":"#3"},"south":{"uv":[1.375,8.375,1.5,8.5],"texture":"#3"},"west":{"uv":[1.375,8.375,1.5,8.5],"texture":"#3"},"up":{"uv":[1.25,9.375,0.875,9],"rotation":270,"texture":"#3"},"down":{"uv":[1.25,9.375,0.875,9],"rotation":90,"texture":"#3"}}},{"from":[6.799,7.33848,11.69289],"to":[6.799,7.83848,12.29289],"rotation":{"angle":45,"axis":"x","origin":[7.7745,7.46298,11.34239]},"faces":{"north":{"uv":[1.375,8.375,1.5,8.5],"texture":"#3"},"east":{"uv":[1.375,8.375,1.5,8.5],"texture":"#3"},"south":{"uv":[1.375,8.375,1.5,8.5],"texture":"#3"},"west":{"uv":[1.375,8.375,1.5,8.5],"texture":"#3"},"up":{"uv":[1.25,9.375,0.875,9],"rotation":270,"texture":"#3"},"down":{"uv":[1.25,9.375,0.875,9],"rotation":90,"texture":"#3"}}},{"from":[6.199,7.33848,11.69189],"to":[6.799,7.83848,11.69189],"rotation":{"angle":45,"axis":"x","origin":[7.7745,7.46298,11.34239]},"faces":{"north":{"uv":[1.375,8.375,1.5,8.5],"texture":"#3"},"east":{"uv":[1.375,8.375,1.5,8.5],"texture":"#3"},"south":{"uv":[1.375,8.375,1.5,8.5],"texture":"#3"},"west":{"uv":[1.375,8.375,1.5,8.5],"texture":"#3"},"up":{"uv":[1.25,9.375,0.875,9],"texture":"#3"},"down":{"uv":[1.25,9.375,0.875,9],"texture":"#3"}}},{"from":[7.199,8.83848,10.69189],"to":[7.799,9.33848,10.69189],"rotation":{"angle":45,"axis":"x","origin":[7.7745,7.46298,11.34239]},"faces":{"north":{"uv":[1.375,8.375,1.5,8.5],"texture":"#3"},"east":{"uv":[1.375,8.375,1.5,8.5],"texture":"#3"},"south":{"uv":[1.375,8.375,1.5,8.5],"texture":"#3"},"west":{"uv":[1.375,8.375,1.5,8.5],"texture":"#3"},"up":{"uv":[1.25,9.375,0.875,9],"texture":"#3"},"down":{"uv":[1.25,9.375,0.875,9],"texture":"#3"}}},{"from":[8.8,7.83748,11.09289],"to":[9.3,7.83748,11.69289],"rotation":{"angle":45,"axis":"x","origin":[7.7745,7.46298,11.34239]},"faces":{"north":{"uv":[1.375,8.375,1.5,8.5],"rotation":270,"texture":"#3"},"east":{"uv":[1.25,9.375,0.875,9],"texture":"#3"},"south":{"uv":[1.375,8.375,1.5,8.5],"rotation":90,"texture":"#3"},"west":{"uv":[1.25,9.375,0.875,9],"rotation":180,"texture":"#3"},"up":{"uv":[1.375,8.375,1.5,8.5],"rotation":90,"texture":"#3"},"down":{"uv":[1.375,8.375,1.5,8.5],"rotation":90,"texture":"#3"}}},{"from":[8.8,5.83748,10.69289],"to":[9.3,5.83748,11.29289],"rotation":{"angle":45,"axis":"x","origin":[7.7745,7.46298,11.34239]},"faces":{"north":{"uv":[1.375,8.375,1.5,8.5],"rotation":270,"texture":"#3"},"east":{"uv":[1.25,9.375,0.875,9],"texture":"#3"},"south":{"uv":[1.375,8.375,1.5,8.5],"rotation":90,"texture":"#3"},"west":{"uv":[1.25,9.375,0.875,9],"rotation":180,"texture":"#3"},"up":{"uv":[1.375,8.375,1.5,8.5],"rotation":90,"texture":"#3"},"down":{"uv":[1.375,8.375,1.5,8.5],"rotation":90,"texture":"#3"}}},{"from":[6.299,8.5,9.5],"to":[6.299,9,10.1],"rotation":{"angle":0,"axis":"y","origin":[6.299,9,10.2]},"faces":{"north":{"uv":[1.375,8.375,1.5,8.5],"texture":"#3"},"east":{"uv":[1.375,8.375,1.5,8.5],"texture":"#3"},"south":{"uv":[1.375,8.375,1.5,8.5],"texture":"#3"},"west":{"uv":[1.375,8.375,1.5,8.5],"texture":"#3"},"up":{"uv":[1.25,9.375,0.875,9],"rotation":270,"texture":"#3"},"down":{"uv":[1.25,9.375,0.875,9],"rotation":90,"texture":"#3"}}},{"from":[9.3,7.5,9.5],"to":[9.9,8,9.5],"rotation":{"angle":0,"axis":"y","origin":[9.2,8,9.5]},"faces":{"north":{"uv":[1.375,8.375,1.5,8.5],"texture":"#3"},"east":{"uv":[1.375,8.375,1.5,8.5],"texture":"#3"},"south":{"uv":[1.375,8.375,1.5,8.5],"texture":"#3"},"west":{"uv":[1.375,8.375,1.5,8.5],"texture":"#3"},"up":{"uv":[1.25,9.375,0.875,9],"texture":"#3"},"down":{"uv":[1.25,9.375,0.875,9],"texture":"#3"}}},{"from":[5.7,8.5,9.5],"to":[6.3,9,9.5],"rotation":{"angle":0,"axis":"y","origin":[5.6,9,9.5]},"faces":{"north":{"uv":[1.375,8.375,1.5,8.5],"texture":"#3"},"east":{"uv":[1.375,8.375,1.5,8.5],"texture":"#3"},"south":{"uv":[1.375,8.375,1.5,8.5],"texture":"#3"},"west":{"uv":[1.375,8.375,1.5,8.5],"texture":"#3"},"up":{"uv":[1.25,9.375,0.875,9],"texture":"#3"},"down":{"uv":[1.25,9.375,0.875,9],"texture":"#3"}}},{"from":[5.7,5.5,9.5],"to":[6.3,6,9.5],"rotation":{"angle":0,"axis":"y","origin":[5.6,6,9.5]},"faces":{"north":{"uv":[1.375,8.375,1.5,8.5],"texture":"#3"},"east":{"uv":[1.375,8.375,1.5,8.5],"texture":"#3"},"south":{"uv":[1.375,8.375,1.5,8.5],"texture":"#3"},"west":{"uv":[1.375,8.375,1.5,8.5],"texture":"#3"},"up":{"uv":[1.25,9.375,0.875,9],"texture":"#3"},"down":{"uv":[1.25,9.375,0.875,9],"texture":"#3"}}},{"from":[5.7,6.5,8.5],"to":[6.3,7,8.5],"rotation":{"angle":0,"axis":"y","origin":[5.6,7,8.5]},"faces":{"north":{"uv":[1.375,8.375,1.5,8.5],"texture":"#3"},"east":{"uv":[1.375,8.375,1.5,8.5],"texture":"#3"},"south":{"uv":[1.375,8.375,1.5,8.5],"texture":"#3"},"west":{"uv":[1.375,8.375,1.5,8.5],"texture":"#3"},"up":{"uv":[1.25,9.375,0.875,9],"texture":"#3"},"down":{"uv":[1.25,9.375,0.875,9],"texture":"#3"}}},{"from":[5.7,9,7.5],"to":[6.3,9.5,7.5],"rotation":{"angle":0,"axis":"y","origin":[5.6,9.5,7.5]},"faces":{"north":{"uv":[1.375,8.375,1.5,8.5],"texture":"#3"},"east":{"uv":[1.375,8.375,1.5,8.5],"texture":"#3"},"south":{"uv":[1.375,8.375,1.5,8.5],"texture":"#3"},"west":{"uv":[1.375,8.375,1.5,8.5],"texture":"#3"},"up":{"uv":[1.25,9.375,0.875,9],"texture":"#3"},"down":{"uv":[1.25,9.375,0.875,9],"texture":"#3"}}},{"from":[6.299,5.5,9.5],"to":[6.299,6,10.1],"rotation":{"angle":0,"axis":"y","origin":[6.299,6,10.2]},"faces":{"north":{"uv":[1.375,8.375,1.5,8.5],"texture":"#3"},"east":{"uv":[1.375,8.375,1.5,8.5],"texture":"#3"},"south":{"uv":[1.375,8.375,1.5,8.5],"texture":"#3"},"west":{"uv":[1.375,8.375,1.5,8.5],"texture":"#3"},"up":{"uv":[1.25,9.375,0.875,9],"rotation":270,"texture":"#3"},"down":{"uv":[1.25,9.375,0.875,9],"rotation":90,"texture":"#3"}}},{"from":[9.299,5.5,9.5],"to":[9.299,6,10.1],"rotation":{"angle":0,"axis":"y","origin":[9.299,6,10.2]},"faces":{"north":{"uv":[1.375,8.375,1.5,8.5],"texture":"#3"},"east":{"uv":[1.375,8.375,1.5,8.5],"texture":"#3"},"south":{"uv":[1.375,8.375,1.5,8.5],"texture":"#3"},"west":{"uv":[1.375,8.375,1.5,8.5],"texture":"#3"},"up":{"uv":[1.25,9.375,0.875,9],"rotation":270,"texture":"#3"},"down":{"uv":[1.25,9.375,0.875,9],"rotation":90,"texture":"#3"}}},{"from":[9.3,5.5,9.5],"to":[9.9,6,9.5],"rotation":{"angle":0,"axis":"y","origin":[9.2,6,9.5]},"faces":{"north":{"uv":[1.375,8.375,1.5,8.5],"texture":"#3"},"east":{"uv":[1.375,8.375,1.5,8.5],"texture":"#3"},"south":{"uv":[1.375,8.375,1.5,8.5],"texture":"#3"},"west":{"uv":[1.375,8.375,1.5,8.5],"texture":"#3"},"up":{"uv":[1.25,9.375,0.875,9],"texture":"#3"},"down":{"uv":[1.25,9.375,0.875,9],"texture":"#3"}}},{"from":[9.299,6,5.9],"to":[9.299,6.5,6.5],"rotation":{"angle":0,"axis":"y","origin":[9.299,6.5,6.6]},"faces":{"north":{"uv":[1.375,8.375,1.5,8.5],"texture":"#3"},"east":{"uv":[1.375,8.375,1.5,8.5],"texture":"#3"},"south":{"uv":[1.375,8.375,1.5,8.5],"texture":"#3"},"west":{"uv":[1.375,8.375,1.5,8.5],"texture":"#3"},"up":{"uv":[1.25,9.375,0.875,9],"rotation":270,"texture":"#3"},"down":{"uv":[1.25,9.375,0.875,9],"rotation":90,"texture":"#3"}}},{"from":[8.299,6.5,5.9],"to":[8.299,7,6.5],"rotation":{"angle":0,"axis":"y","origin":[8.299,7,6.6]},"faces":{"north":{"uv":[1.375,8.375,1.5,8.5],"texture":"#3"},"east":{"uv":[1.375,8.375,1.5,8.5],"texture":"#3"},"south":{"uv":[1.375,8.375,1.5,8.5],"texture":"#3"},"west":{"uv":[1.375,8.375,1.5,8.5],"texture":"#3"},"up":{"uv":[1.25,9.375,0.875,9],"rotation":270,"texture":"#3"},"down":{"uv":[1.25,9.375,0.875,9],"rotation":90,"texture":"#3"}}},{"from":[6.299,6.5,5.9],"to":[6.299,7,6.5],"rotation":{"angle":0,"axis":"y","origin":[6.299,7,6.6]},"faces":{"north":{"uv":[1.375,8.375,1.5,8.5],"texture":"#3"},"east":{"uv":[1.375,8.375,1.5,8.5],"texture":"#3"},"south":{"uv":[1.375,8.375,1.5,8.5],"texture":"#3"},"west":{"uv":[1.375,8.375,1.5,8.5],"texture":"#3"},"up":{"uv":[1.25,9.375,0.875,9],"rotation":270,"texture":"#3"},"down":{"uv":[1.25,9.375,0.875,9],"rotation":90,"texture":"#3"}}},{"from":[6.299,8.5,5.9],"to":[6.299,9,6.5],"rotation":{"angle":0,"axis":"y","origin":[6.299,9,6.6]},"faces":{"north":{"uv":[1.375,8.375,1.5,8.5],"texture":"#3"},"east":{"uv":[1.375,8.375,1.5,8.5],"texture":"#3"},"south":{"uv":[1.375,8.375,1.5,8.5],"texture":"#3"},"west":{"uv":[1.375,8.375,1.5,8.5],"texture":"#3"},"up":{"uv":[1.25,9.375,0.875,9],"rotation":270,"texture":"#3"},"down":{"uv":[1.25,9.375,0.875,9],"rotation":90,"texture":"#3"}}},{"from":[8.64517,2.42933,6.9],"to":[10.64517,7.42933,8.9],"rotation":{"angle":-45,"axis":"z","origin":[10.11117,6.49735,7.275]},"faces":{"north":{"uv":[0.875,8.375,1.125,9],"texture":"#3"},"east":{"uv":[0.875,8.375,1.125,9],"texture":"#3"},"south":{"uv":[0.875,8.375,1.125,9],"texture":"#3"},"west":{"uv":[0.875,8.375,1.125,9],"texture":"#3"},"up":{"uv":[1.5,9.25,1.25,9],"texture":"#3"},"down":{"uv":[1.25,9.375,0.875,9],"texture":"#3"}}},{"from":[6.8,3.83848,9.69289],"to":[8.8,8.83848,11.69289],"rotation":{"angle":45,"axis":"x","origin":[7.7745,7.46298,11.34239]},"faces":{"north":{"uv":[0.875,8.375,1.125,9],"texture":"#3"},"east":{"uv":[0.875,8.375,1.125,9],"texture":"#3"},"south":{"uv":[0.875,8.375,1.125,9],"texture":"#3"},"west":{"uv":[0.875,8.375,1.125,9],"texture":"#3"},"up":{"uv":[1.5,9.25,1.25,9],"texture":"#3"},"down":{"uv":[1.125,9.25,0.875,9],"texture":"#3"}}}],"display":{"thirdperson_righthand":{"rotation":[68.5,45,0],"translation":[0,2.5,3.25],"scale":[0.60938,0.60938,0.60938]},"thirdperson_lefthand":{"rotation":[68.5,45,0],"translation":[0,2.5,3.25],"scale":[0.60938,0.60938,0.60938]},"firstperson_righthand":{"rotation":[-178.98,16.19,176.34],"translation":[3,2.5,0],"scale":[0.33164,0.33164,0.33164]},"firstperson_lefthand":{"rotation":[-178.98,16.19,176.34],"translation":[3,2.5,0],"scale":[0.33164,0.33164,0.33164]},"ground":{"translation":[0,3,0],"scale":[0.6211,0.6211,0.6211]},"gui":{"rotation":[-157.58,1.11,178.8],"translation":[0,2.25,0],"scale":[1.03516,1.03516,1.03516]},"head":{"rotation":[-180,-45,-180],"translation":[0,-30.4,0],"scale":[1.6,1.6,1.6]},"fixed":{"rotation":[90,45,-180],"translation":[0,0,-16],"scale":[2,2,2]}},"mcmodels":"e000c60207ad4a1a2a96169b5d36d4e4"}