{"credit":"Created By Yassou","texture_size":[32,32],"textures":{"0":"summer_furnitures:coconut_drink","particle":"summer_furnitures:coconut_drink"},"elements":[{"from":[5,0,5],"to":[11,6,11],"rotation":{"angle":0,"axis":"y","origin":[7,0,7]},"faces":{"north":{"uv":[3,0,6,3],"texture":"#0"},"east":{"uv":[0,0,3,3],"texture":"#0"},"south":{"uv":[0,0,3,3],"texture":"#0"},"west":{"uv":[0,0,3,3],"texture":"#0"},"up":{"uv":[3,9,0,6],"texture":"#0"},"down":{"uv":[9,0,6,3],"texture":"#0"}}},{"from":[9,4,8],"to":[10,12,9],"rotation":{"angle":-22.5,"axis":"z","origin":[11,6,9]},"faces":{"north":{"uv":[3,6,3.5,10],"texture":"#0"},"east":{"uv":[3,6,3.5,10],"texture":"#0"},"south":{"uv":[3,6,3.5,10],"texture":"#0"},"west":{"uv":[3,6,3.5,10],"texture":"#0"},"up":{"uv":[5,6.5,4.5,6],"texture":"#0"},"down":{"uv":[5.5,6,5,6.5],"texture":"#0"}}},{"from":[9,4,8],"to":[10,12,9],"rotation":{"angle":-22.5,"axis":"z","origin":[11,6,9]},"faces":{"north":{"uv":[3,6,3.5,10],"texture":"#0"},"east":{"uv":[3,6,3.5,10],"texture":"#0"},"south":{"uv":[3,6,3.5,10],"texture":"#0"},"west":{"uv":[3,6,3.5,10],"texture":"#0"},"up":{"uv":[5,6.5,4.5,6],"texture":"#0"},"down":{"uv":[5.5,6,5,6.5],"texture":"#0"}}},{"name":"cube_outline","from":[10,6,10],"to":[6,5,6],"rotation":{"angle":0,"axis":"y","origin":[7,0,7]},"faces":{"north":{"uv":[0.5,0,2.5,0.5],"rotation":180,"texture":"#0"},"east":{"uv":[0.5,0,2.5,0.5],"rotation":180,"texture":"#0"},"south":{"uv":[0.5,0,2.5,0.5],"rotation":180,"texture":"#0"},"west":{"uv":[0.5,0,2.5,0.5],"rotation":180,"texture":"#0"},"up":{"uv":[2.5,9,0.5,11],"rotation":180,"texture":"#0"},"down":{"uv":[2.5,8.5,0.5,6.5],"rotation":180,"texture":"#0"}}},{"name":"cube_outline","from":[10,12,9],"to":[9,4,8],"rotation":{"angle":-22.5,"axis":"z","origin":[11,6,9]},"faces":{"north":{"uv":[3,6,3.5,10],"rotation":180,"texture":"#0"},"east":{"uv":[3,6,3.5,10],"rotation":180,"texture":"#0"},"south":{"uv":[3,6,3.5,10],"rotation":180,"texture":"#0"},"west":{"uv":[3,6,3.5,10],"rotation":180,"texture":"#0"},"up":{"uv":[5.5,6,5,6.5],"rotation":180,"texture":"#0"},"down":{"uv":[5,6.5,4.5,6],"rotation":180,"texture":"#0"}}}],"display":{"thirdperson_righthand":{"rotation":[70.25,45,0],"translation":[0,3.5,3.5],"scale":[0.80078,0.80078,0.80078]},"thirdperson_lefthand":{"rotation":[69.57,18.5,1.3],"translation":[0,3.5,3.5],"scale":[0.80078,0.80078,0.80078]},"firstperson_righthand":{"rotation":[-180,67.75,-180],"translation":[2.5,3.5,0],"scale":[0.48008,0.48008,0.48008]},"firstperson_lefthand":{"rotation":[-180,67.75,-180],"translation":[2.5,3.5,0],"scale":[0.48008,0.48008,0.48008]},"ground":{"translation":[0,3,0],"scale":[0.62695,0.62695,0.62695]},"gui":{"rotation":[30,225,0],"translation":[0,3.75,0],"scale":[1.11523,1.11523,1.11523]},"head":{"rotation":[-180,0,-180],"translation":[-1.75,-30.4,0],"scale":[1.6,1.6,1.6]},"fixed":{"rotation":[-90,180,0],"translation":[0,0,-16],"scale":[2,2,2]}},"mcmodels":"e000c60207ad4a1a2a96169b5d36d4e4"}