{"credit":"Created By Yassou","texture_size":[64,64],"textures":{"0":"summer_furnitures:duck_buoy","particle":"summer_furnitures:duck_buoy"},"elements":[{"from":[0,0,0],"to":[16,5,16],"rotation":{"angle":0,"axis":"y","origin":[0,1,0]},"faces":{"north":{"uv":[8,1.25,4,2.5],"texture":"#0"},"east":{"uv":[4,1.25,8,2.5],"texture":"#0"},"south":{"uv":[4,1.25,8,2.5],"texture":"#0"},"west":{"uv":[8,1.25,4,2.5],"texture":"#0"},"up":{"uv":[4,4,0,0],"texture":"#0"},"down":{"uv":[4,4,0,8],"texture":"#0"}}},{"from":[5,7,-4],"to":[11,12,2],"rotation":{"angle":0,"axis":"y","origin":[0,8,-4]},"faces":{"north":{"uv":[4,6.5,5.5,7.75],"texture":"#0"},"east":{"uv":[5.5,6.5,7,7.75],"texture":"#0"},"south":{"uv":[7,5,8.5,6.25],"texture":"#0"},"west":{"uv":[5.5,6.5,7,7.75],"texture":"#0"},"up":{"uv":[5.5,6.5,4,5],"texture":"#0"},"down":{"uv":[7,5,5.5,6.5],"texture":"#0"}}},{"from":[4.6,7,-4.3],"to":[11.4,12,2],"rotation":{"angle":0,"axis":"y","origin":[0,8,-4]},"faces":{"north":{"uv":[4.25,11,5.75,12.25],"texture":"#0"},"east":{"uv":[7.25,11,5.75,12.25],"texture":"#0"},"south":{"uv":[7.25,9.5,8.75,10.75],"texture":"#0"},"west":{"uv":[5.75,11,7.25,12.25],"texture":"#0"},"up":{"uv":[5.75,11,4.25,9.5],"texture":"#0"},"down":{"uv":[7.25,9.5,5.75,11],"texture":"#0"}}},{"from":[5,3.84149,12.76956],"to":[11,8.84149,16.76956],"rotation":{"angle":22.5,"axis":"x","origin":[0,4.84149,10.76956]},"faces":{"north":{"uv":[7,7.5,8.5,8.75],"texture":"#0"},"east":{"uv":[9.5,4,8.5,5.25],"texture":"#0"},"south":{"uv":[4,7.75,5.5,9],"texture":"#0"},"west":{"uv":[8.5,4,9.5,5.25],"texture":"#0"},"up":{"uv":[9.5,2.75,8,1.75],"texture":"#0"},"down":{"uv":[3.5,8,2,9],"texture":"#0"}}},{"from":[6,7,-6],"to":[10,9,-4],"rotation":{"angle":0,"axis":"y","origin":[0,8,-10]},"faces":{"north":{"uv":[8.5,7.25,9.5,7.75],"texture":"#0"},"east":{"uv":[6.5,7.75,7,8.25],"texture":"#0"},"south":{"uv":[8.5,7.75,9.5,8.25],"texture":"#0"},"west":{"uv":[3.5,8,4,8.5],"texture":"#0"},"up":{"uv":[9.5,8.75,8.5,8.25],"texture":"#0"},"down":{"uv":[7.5,8.75,6.5,9.25],"texture":"#0"}}},{"from":[6,1.46927,-0.69552],"to":[10,8.46927,3.30448],"rotation":{"angle":-22.5,"axis":"x","origin":[0,3.46927,-0.69552]},"faces":{"north":{"uv":[5.5,7.75,6.5,9.5],"texture":"#0"},"east":{"uv":[0,8,1,9.75],"texture":"#0"},"south":{"uv":[8,0,9,1.75],"texture":"#0"},"west":{"uv":[1,8,2,9.75],"texture":"#0"},"up":{"uv":[9.5,6.25,8.5,5.25],"texture":"#0"},"down":{"uv":[9.5,6.25,8.5,7.25],"texture":"#0"}}},{"name":"cube_outline","from":[13,5,13],"to":[3,0,3],"rotation":{"angle":0,"axis":"y","origin":[0,1,0]},"faces":{"north":{"uv":[4.75,1.25,7.25,2.5],"rotation":180,"texture":"#0"},"east":{"uv":[4.75,1.25,7.25,2.5],"rotation":180,"texture":"#0"},"south":{"uv":[4.75,1.25,7.25,2.5],"rotation":180,"texture":"#0"},"west":{"uv":[4.75,1.25,7.25,2.5],"rotation":180,"texture":"#0"},"up":{"uv":[3.25,4.75,0.75,7.25],"rotation":180,"texture":"#0"},"down":{"uv":[3.25,3.25,0.75,0.75],"rotation":180,"texture":"#0"}}}],"display":{"thirdperson_righthand":{"rotation":[79.5,-0.01,-0.25],"translation":[-5.5,-2.75,5],"scale":[1.08398,1.08398,1.08398]},"thirdperson_lefthand":{"rotation":[79.5,-0.01,-0.25],"translation":[-5.5,-2.75,5],"scale":[1.08398,1.08398,1.08398]},"firstperson_righthand":{"rotation":[0,14.75,0],"translation":[6.25,0,0]},"firstperson_lefthand":{"rotation":[0,14.75,0],"translation":[6.25,0,0]},"ground":{"translation":[0,1.75,0],"scale":[0.70703,0.70703,0.70703]},"gui":{"rotation":[30,225,0],"translation":[0,1.25,0],"scale":[0.625,0.625,0.625]},"head":{"rotation":[-180,0,-180],"translation":[0,-33.65,0],"scale":[1.6,1.6,1.6]},"fixed":{"rotation":[-90,180,0],"translation":[0,0,-12.25],"scale":[2,2,2]}},"mcmodels":"e000c60207ad4a1a2a96169b5d36d4e4"}