{"credit":"Created By Yassou","textures":{"0":"summer_furnitures:elephant_plant_leaves","3":"summer_furnitures:elephant_plant_stem","particle":"summer_furnitures:elephant_plant_leaves"},"elements":[{"from":[4,9.6,12.4],"to":[9,9.6,24.4],"rotation":{"angle":-22.5,"axis":"z","origin":[8,9.6,18.4]},"faces":{"north":{"uv":[0,0,2.5,0],"texture":"#0"},"east":{"uv":[0,0,6,0],"texture":"#0"},"south":{"uv":[0,0,2.5,0],"texture":"#0"},"west":{"uv":[0,0,6,0],"texture":"#0"},"up":{"uv":[2.5,6,0,0],"texture":"#0"},"down":{"uv":[2.5,0,0,6],"texture":"#0"}}},{"from":[8.84852,9.6,12.4],"to":[13.84852,9.6,24.4],"rotation":{"angle":22.5,"axis":"z","origin":[9.84852,9.6,18.4]},"faces":{"north":{"uv":[0,0,2.5,0],"texture":"#0"},"east":{"uv":[0,0,6,0],"texture":"#0"},"south":{"uv":[0,0,2.5,0],"texture":"#0"},"west":{"uv":[0,0,6,0],"texture":"#0"},"up":{"uv":[7.5,6,5,0],"texture":"#0"},"down":{"uv":[7.5,0,5,6],"texture":"#0"}}},{"from":[4.4,7.6,8.9],"to":[12.4,13.4,8.9],"rotation":{"angle":45,"axis":"x","origin":[4.4,4.6,6.9]},"faces":{"north":{"uv":[0,0,8,6],"texture":"#3"},"east":{"uv":[0,0,0,6],"texture":"#3"},"south":{"uv":[8,0,0,6],"texture":"#3"},"west":{"uv":[0,0,0,6],"texture":"#3"},"up":{"uv":[8,0,0,0],"texture":"#3"},"down":{"uv":[8,0,0,0],"texture":"#3"}}},{"from":[4.4,0.94233,7.22016],"to":[12.4,6.74233,7.22016],"rotation":{"angle":22.5,"axis":"x","origin":[4.4,-2.05767,5.22016]},"faces":{"north":{"uv":[0,6,8,0],"texture":"#3"},"east":{"uv":[0,0,0,6],"texture":"#3"},"south":{"uv":[8,6,0,0],"texture":"#3"},"west":{"uv":[0,0,0,6],"texture":"#3"},"up":{"uv":[8,0,0,0],"texture":"#3"},"down":{"uv":[8,0,0,0],"texture":"#3"}}},{"from":[-8.1,14.3,1],"to":[6.9,14.3,9],"rotation":{"angle":22.5,"axis":"x","origin":[-1.1,14.3,8]},"faces":{"north":{"uv":[0,0,6,0],"texture":"#0"},"east":{"uv":[0,0,2.5,0],"texture":"#0"},"south":{"uv":[0,0,6,0],"texture":"#0"},"west":{"uv":[0,0,2.5,0],"texture":"#0"},"up":{"uv":[16,7,12,0],"rotation":90,"texture":"#0"},"down":{"uv":[12,7,16,0],"rotation":90,"texture":"#0"}}},{"from":[-8.1,14.3,8.84852],"to":[6.9,14.3,16.84852],"rotation":{"angle":-22.5,"axis":"x","origin":[-1.1,14.3,9.84852]},"faces":{"north":{"uv":[0,0,6,0],"texture":"#0"},"east":{"uv":[0,0,2.5,0],"texture":"#0"},"south":{"uv":[0,0,6,0],"texture":"#0"},"west":{"uv":[0,0,2.5,0],"texture":"#0"},"up":{"uv":[12,7,8,0],"rotation":90,"texture":"#0"},"down":{"uv":[8,7,12,0],"rotation":90,"texture":"#0"}}},{"from":[8.4,13.5,4.1],"to":[8.4,17.3,12.1],"rotation":{"angle":45,"axis":"z","origin":[10.4,10.5,4.1]},"faces":{"north":{"uv":[0,0,0,3.8],"texture":"#3"},"east":{"uv":[0,0,8,3.8],"texture":"#3"},"south":{"uv":[0,0,0,3.8],"texture":"#3"},"west":{"uv":[8,0,0,3.8],"texture":"#3"},"up":{"uv":[8,0,0,0],"rotation":90,"texture":"#3"},"down":{"uv":[8,0,0,0],"rotation":270,"texture":"#3"}}},{"from":[10.07984,6.84233,4.1],"to":[10.07984,12.64233,12.1],"rotation":{"angle":22.5,"axis":"z","origin":[12.07984,3.84233,4.1]},"faces":{"north":{"uv":[0,0,0,6],"texture":"#3"},"east":{"uv":[0,6,8,0],"texture":"#3"},"south":{"uv":[0,0,0,6],"texture":"#3"},"west":{"uv":[8,6,0,0],"texture":"#3"},"up":{"uv":[8,0,0,0],"rotation":90,"texture":"#3"},"down":{"uv":[8,0,0,0],"rotation":270,"texture":"#3"}}},{"from":[9.08395,0.04899,4.1],"to":[9.08395,5.84899,12.1],"rotation":{"angle":0,"axis":"z","origin":[11.08395,-2.95101,4.1]},"faces":{"north":{"uv":[0,0,0,6],"texture":"#3"},"east":{"uv":[0,0,8,6],"texture":"#3"},"south":{"uv":[0,0,0,6],"texture":"#3"},"west":{"uv":[8,0,0,6],"texture":"#3"},"up":{"uv":[8,0,0,0],"rotation":90,"texture":"#3"},"down":{"uv":[8,0,0,0],"rotation":270,"texture":"#3"}}},{"from":[8.45387,10.70279,0.1],"to":[13.45387,10.70279,7.1],"rotation":{"angle":22.5,"axis":"x","origin":[7.37574,8.10094,5.63712]},"faces":{"north":{"uv":[0,0,2.5,0],"texture":"#0"},"east":{"uv":[0,0,6,0],"texture":"#0"},"south":{"uv":[0,0,2.5,0],"texture":"#0"},"west":{"uv":[0,0,6,0],"texture":"#0"},"up":{"uv":[0,2.5,2.5,6],"texture":"#0"},"down":{"uv":[0,6,2.5,2.5],"texture":"#0"}}},{"from":[3.4976,10.70279,0.1],"to":[8.4976,10.70279,7.1],"rotation":{"angle":22.5,"axis":"x","origin":[9.57574,8.10094,5.63712]},"faces":{"north":{"uv":[0,0,2.5,0],"texture":"#0"},"east":{"uv":[0,0,6,0],"texture":"#0"},"south":{"uv":[0,0,2.5,0],"texture":"#0"},"west":{"uv":[0,0,6,0],"texture":"#0"},"up":{"uv":[5,2.5,7.5,6],"texture":"#0"},"down":{"uv":[5,6,7.5,2.5],"texture":"#0"}}},{"from":[8.45387,12.62362,-3.48245],"to":[13.45387,12.62362,1.51755],"rotation":{"angle":0,"axis":"x","origin":[7.37574,10.02178,0.05468]},"faces":{"north":{"uv":[0,0,2.5,0],"texture":"#0"},"east":{"uv":[0,0,6,0],"texture":"#0"},"south":{"uv":[0,0,2.5,0],"texture":"#0"},"west":{"uv":[0,0,6,0],"texture":"#0"},"up":{"uv":[0,0,2.5,2.5],"texture":"#0"},"down":{"uv":[0,2.5,2.5,0],"texture":"#0"}}},{"from":[3.4976,12.62362,-3.48245],"to":[8.4976,12.62362,1.51755],"rotation":{"angle":0,"axis":"x","origin":[9.57574,10.02178,0.05468]},"faces":{"north":{"uv":[0,0,2.5,0],"texture":"#0"},"east":{"uv":[0,0,6,0],"texture":"#0"},"south":{"uv":[0,0,2.5,0],"texture":"#0"},"west":{"uv":[0,0,6,0],"texture":"#0"},"up":{"uv":[5,0,7.5,2.5],"texture":"#0"},"down":{"uv":[5,2.5,7.5,0],"texture":"#0"}}},{"from":[5.5,4.60399,7.08716],"to":[13.5,10.40399,7.08716],"rotation":{"angle":-22.5,"axis":"x","origin":[8.97574,7.80094,5.43712]},"faces":{"north":{"uv":[8,0,0,6],"texture":"#3"},"east":{"uv":[0,0,0,6],"texture":"#3"},"south":{"uv":[0,0,8,6],"texture":"#3"},"west":{"uv":[0,0,0,6],"texture":"#3"},"up":{"uv":[0,0,8,0],"texture":"#3"},"down":{"uv":[0,0,8,0],"texture":"#3"}}},{"from":[5.5,-0.32122,8.18498],"to":[13.5,5.47878,8.18498],"rotation":{"angle":0,"axis":"x","origin":[8.97574,7.80094,5.43712]},"faces":{"north":{"uv":[8,6,0,0],"texture":"#3"},"east":{"uv":[0,0,0,6],"texture":"#3"},"south":{"uv":[0,6,8,0],"texture":"#3"},"west":{"uv":[0,0,0,6],"texture":"#3"},"up":{"uv":[0,0,8,0],"texture":"#3"},"down":{"uv":[0,0,8,0],"texture":"#3"}}},{"from":[9.2289,7.12795,7.81526],"to":[17.2289,7.12795,12.81526],"rotation":{"angle":0,"axis":"z","origin":[15.92162,6.84098,7.83712]},"faces":{"north":{"uv":[0,0,6,0],"texture":"#0"},"east":{"uv":[0,0,2.5,0],"texture":"#0"},"south":{"uv":[0,0,6,0],"texture":"#0"},"west":{"uv":[0,0,2.5,0],"texture":"#0"},"up":{"uv":[0,2,2.5,6],"rotation":90,"texture":"#0"},"down":{"uv":[0,6,2.5,2],"rotation":270,"texture":"#0"}}},{"from":[9.2289,7.12795,2.85899],"to":[17.2289,7.12795,7.85899],"rotation":{"angle":0,"axis":"z","origin":[15.92162,6.84098,7.83712]},"faces":{"north":{"uv":[0,0,6,0],"texture":"#0"},"east":{"uv":[0,0,2.5,0],"texture":"#0"},"south":{"uv":[0,0,6,0],"texture":"#0"},"west":{"uv":[0,0,2.5,0],"texture":"#0"},"up":{"uv":[5,2,7.5,6],"rotation":90,"texture":"#0"},"down":{"uv":[5,6,7.5,2],"rotation":270,"texture":"#0"}}},{"from":[17.01919,7.60631,7.81526],"to":[20.01919,7.60631,12.81526],"rotation":{"angle":-22.5,"axis":"z","origin":[15.92162,6.84098,7.83712]},"faces":{"north":{"uv":[0,0,6,0],"texture":"#0"},"east":{"uv":[0,0,2.5,0],"texture":"#0"},"south":{"uv":[0,0,6,0],"texture":"#0"},"west":{"uv":[0,0,2.5,0],"texture":"#0"},"up":{"uv":[0,0,2.5,2],"rotation":90,"texture":"#0"},"down":{"uv":[0,2,2.5,0],"rotation":270,"texture":"#0"}}},{"from":[17.01919,7.60631,2.85899],"to":[20.01919,7.60631,7.85899],"rotation":{"angle":-22.5,"axis":"z","origin":[15.92162,6.84098,7.83712]},"faces":{"north":{"uv":[0,0,6,0],"texture":"#0"},"east":{"uv":[0,0,2.5,0],"texture":"#0"},"south":{"uv":[0,0,6,0],"texture":"#0"},"west":{"uv":[0,0,2.5,0],"texture":"#0"},"up":{"uv":[5,0,7.5,2],"rotation":90,"texture":"#0"},"down":{"uv":[5,2,7.5,0],"rotation":270,"texture":"#0"}}},{"from":[10.5257,0.90399,4.86139],"to":[10.5257,6.70399,12.86139],"rotation":{"angle":-22.5,"axis":"z","origin":[12.17574,4.10094,8.33712]},"faces":{"north":{"uv":[0,0,0,6],"texture":"#3"},"east":{"uv":[8,0,0,6],"texture":"#3"},"south":{"uv":[0,0,0,6],"texture":"#3"},"west":{"uv":[0,0,8,6],"texture":"#3"},"up":{"uv":[0,0,8,0],"rotation":90,"texture":"#3"},"down":{"uv":[0,0,8,0],"rotation":270,"texture":"#3"}}},{"from":[9.42788,-0.02122,4.86139],"to":[9.42788,1.77878,12.86139],"rotation":{"angle":0,"axis":"x","origin":[12.17574,4.10094,8.33712]},"faces":{"north":{"uv":[0,0,0,6],"texture":"#3"},"east":{"uv":[8,0,0,1.8],"texture":"#3"},"south":{"uv":[0,0,0,6],"texture":"#3"},"west":{"uv":[0,0,8,1.8],"texture":"#3"},"up":{"uv":[0,0,8,0],"rotation":90,"texture":"#3"},"down":{"uv":[0,0,8,0],"rotation":270,"texture":"#3"}}},{"from":[0.0711,4.92795,3.88474],"to":[8.0711,4.92795,8.88474],"rotation":{"angle":22.5,"axis":"z","origin":[3.27889,1.80337,8.86288]},"faces":{"north":{"uv":[0,0,6,0],"texture":"#0"},"east":{"uv":[0,0,2.5,0],"texture":"#0"},"south":{"uv":[0,0,6,0],"texture":"#0"},"west":{"uv":[0,0,2.5,0],"texture":"#0"},"up":{"uv":[2.5,6,0,2],"rotation":90,"texture":"#0"},"down":{"uv":[2.5,2,0,6],"rotation":270,"texture":"#0"}}},{"from":[0.0711,4.92795,8.84101],"to":[8.0711,4.92795,13.84101],"rotation":{"angle":22.5,"axis":"z","origin":[3.27889,1.80337,8.86288]},"faces":{"north":{"uv":[0,0,6,0],"texture":"#0"},"east":{"uv":[0,0,2.5,0],"texture":"#0"},"south":{"uv":[0,0,6,0],"texture":"#0"},"west":{"uv":[0,0,2.5,0],"texture":"#0"},"up":{"uv":[7.5,6,5,2],"rotation":90,"texture":"#0"},"down":{"uv":[7.5,2,5,6],"rotation":270,"texture":"#0"}}},{"from":[-2.48861,5.9176,3.88474],"to":[1.51139,5.9176,8.88474],"rotation":{"angle":45,"axis":"z","origin":[3.27889,1.80337,8.86288]},"faces":{"north":{"uv":[0,0,6,0],"texture":"#0"},"east":{"uv":[0,0,2.5,0],"texture":"#0"},"south":{"uv":[0,0,6,0],"texture":"#0"},"west":{"uv":[0,0,2.5,0],"texture":"#0"},"up":{"uv":[2.5,2,0,0],"rotation":90,"texture":"#0"},"down":{"uv":[2.5,0,0,2],"rotation":270,"texture":"#0"}}},{"from":[-2.48861,5.9176,8.84101],"to":[1.51139,5.9176,13.84101],"rotation":{"angle":45,"axis":"z","origin":[3.27889,1.80337,8.86288]},"faces":{"north":{"uv":[0,0,6,0],"texture":"#0"},"east":{"uv":[0,0,2.5,0],"texture":"#0"},"south":{"uv":[0,0,6,0],"texture":"#0"},"west":{"uv":[0,0,2.5,0],"texture":"#0"},"up":{"uv":[7.5,2,5,0],"rotation":90,"texture":"#0"},"down":{"uv":[7.5,0,5,2],"rotation":270,"texture":"#0"}}},{"from":[6.67117,-2.00963,3.83861],"to":[6.67117,3.79037,11.83861],"rotation":{"angle":45,"axis":"z","origin":[3.27889,1.80337,8.86288]},"faces":{"north":{"uv":[0,0,0,6],"texture":"#3"},"east":{"uv":[0,0,8,6],"texture":"#3"},"south":{"uv":[0,0,0,6],"texture":"#3"},"west":{"uv":[8,0,0,6],"texture":"#3"},"up":{"uv":[8,0,0,0],"rotation":90,"texture":"#3"},"down":{"uv":[8,0,0,0],"rotation":270,"texture":"#3"}}},{"from":[7.87212,-2.22122,3.83861],"to":[7.87212,-0.42122,11.83861],"rotation":{"angle":22.5,"axis":"z","origin":[3.27889,1.80337,8.86288]},"faces":{"north":{"uv":[0,0,0,6],"texture":"#3"},"east":{"uv":[0,0,8,1.8],"texture":"#3"},"south":{"uv":[0,0,0,6],"texture":"#3"},"west":{"uv":[8,0,0,1.8],"texture":"#3"},"up":{"uv":[8,0,0,0],"rotation":90,"texture":"#3"},"down":{"uv":[8,0,0,0],"rotation":270,"texture":"#3"}}}],"display":{"thirdperson_righthand":{"rotation":[35,45,0],"translation":[0,2.5,2.75],"scale":[0.375,0.375,0.375]},"thirdperson_lefthand":{"rotation":[35,45,0],"translation":[0,2.5,2.75],"scale":[0.375,0.375,0.375]},"firstperson_righthand":{"rotation":[-170.67,-71.23,-178.79],"translation":[1.25,1.5,0],"scale":[0.275,0.275,0.275]},"firstperson_lefthand":{"rotation":[-170.67,-71.23,-178.79],"translation":[1.25,1.5,0],"scale":[0.275,0.275,0.275]},"ground":{"translation":[0,3,0],"scale":[0.47461,0.47461,0.47461]},"gui":{"rotation":[30,225,0],"translation":[0.25,-1.25,0],"scale":[0.625,0.625,0.625]},"head":{"rotation":[-180,0,-180],"translation":[0,-30.4,0],"scale":[1.6,1.6,1.6]},"fixed":{"rotation":[-90,180,0],"translation":[0,0,-16],"scale":[2,2,2]}},"mcmodels":"e000c60207ad4a1a2a96169b5d36d4e4"}