{"credit":"Created By Yassou","textures":{"0":"summer_furnitures:elephant_plant_leaves","1":"summer_furnitures:tropical_plante","3":"summer_furnitures:elephant_plant_stem","particle":"summer_furnitures:elephant_plant_leaves"},"elements":[{"from":[3,15.6,12.2],"to":[8,15.6,24.2],"rotation":{"angle":-22.5,"axis":"z","origin":[7,15.6,18.2]},"faces":{"north":{"uv":[0,0,2.5,0],"texture":"#0"},"east":{"uv":[0,0,6,0],"texture":"#0"},"south":{"uv":[0,0,2.5,0],"texture":"#0"},"west":{"uv":[0,0,6,0],"texture":"#0"},"up":{"uv":[2.5,6,0,0],"texture":"#0"},"down":{"uv":[2.5,0,0,6],"texture":"#0"}}},{"from":[7.84852,15.6,12.2],"to":[12.84852,15.6,24.2],"rotation":{"angle":22.5,"axis":"z","origin":[8.84852,15.6,18.2]},"faces":{"north":{"uv":[0,0,2.5,0],"texture":"#0"},"east":{"uv":[0,0,6,0],"texture":"#0"},"south":{"uv":[0,0,2.5,0],"texture":"#0"},"west":{"uv":[0,0,6,0],"texture":"#0"},"up":{"uv":[7.5,6,5,0],"texture":"#0"},"down":{"uv":[7.5,0,5,6],"texture":"#0"}}},{"from":[3.4,13.6,8.9],"to":[11.4,19.4,8.9],"rotation":{"angle":45,"axis":"x","origin":[3.4,10.6,6.9]},"faces":{"north":{"uv":[0,0,8,6],"texture":"#3"},"east":{"uv":[0,0,0,6],"texture":"#3"},"south":{"uv":[8,0,0,6],"texture":"#3"},"west":{"uv":[0,0,0,6],"texture":"#3"},"up":{"uv":[8,0,0,0],"texture":"#3"},"down":{"uv":[8,0,0,0],"texture":"#3"}}},{"from":[3.4,6.94233,7.02016],"to":[11.4,12.74233,7.02016],"rotation":{"angle":22.5,"axis":"x","origin":[3.4,3.94233,5.02016]},"faces":{"north":{"uv":[0,6,8,0],"texture":"#3"},"east":{"uv":[0,0,0,6],"texture":"#3"},"south":{"uv":[8,6,0,0],"texture":"#3"},"west":{"uv":[0,0,0,6],"texture":"#3"},"up":{"uv":[8,0,0,0],"texture":"#3"},"down":{"uv":[8,0,0,0],"texture":"#3"}}},{"from":[-9.1,20.3,0.8],"to":[5.9,20.3,8.8],"rotation":{"angle":22.5,"axis":"x","origin":[-2.1,20.3,7.8]},"faces":{"north":{"uv":[0,0,6,0],"texture":"#0"},"east":{"uv":[0,0,2.5,0],"texture":"#0"},"south":{"uv":[0,0,6,0],"texture":"#0"},"west":{"uv":[0,0,2.5,0],"texture":"#0"},"up":{"uv":[16,7,12,0],"rotation":90,"texture":"#0"},"down":{"uv":[12,7,16,0],"rotation":90,"texture":"#0"}}},{"from":[-9.1,20.3,8.64852],"to":[5.9,20.3,16.64852],"rotation":{"angle":-22.5,"axis":"x","origin":[-2.1,20.3,9.64852]},"faces":{"north":{"uv":[0,0,6,0],"texture":"#0"},"east":{"uv":[0,0,2.5,0],"texture":"#0"},"south":{"uv":[0,0,6,0],"texture":"#0"},"west":{"uv":[0,0,2.5,0],"texture":"#0"},"up":{"uv":[12,7,8,0],"rotation":90,"texture":"#0"},"down":{"uv":[8,7,12,0],"rotation":90,"texture":"#0"}}},{"from":[7.4,19.5,3.9],"to":[7.4,23.3,11.9],"rotation":{"angle":45,"axis":"z","origin":[9.4,16.5,3.9]},"faces":{"north":{"uv":[0,0,0,3.8],"texture":"#3"},"east":{"uv":[0,0,8,3.8],"texture":"#3"},"south":{"uv":[0,0,0,3.8],"texture":"#3"},"west":{"uv":[8,0,0,3.8],"texture":"#3"},"up":{"uv":[8,0,0,0],"rotation":90,"texture":"#3"},"down":{"uv":[8,0,0,0],"rotation":270,"texture":"#3"}}},{"from":[9.07984,12.84233,3.9],"to":[9.07984,18.64233,11.9],"rotation":{"angle":22.5,"axis":"z","origin":[11.07984,9.84233,3.9]},"faces":{"north":{"uv":[0,0,0,6],"texture":"#3"},"east":{"uv":[0,6,8,0],"texture":"#3"},"south":{"uv":[0,0,0,6],"texture":"#3"},"west":{"uv":[8,6,0,0],"texture":"#3"},"up":{"uv":[8,0,0,0],"rotation":90,"texture":"#3"},"down":{"uv":[8,0,0,0],"rotation":270,"texture":"#3"}}},{"from":[8.08395,6.04899,3.9],"to":[8.08395,11.84899,11.9],"rotation":{"angle":0,"axis":"z","origin":[10.08395,3.04899,3.9]},"faces":{"north":{"uv":[0,0,0,6],"texture":"#3"},"east":{"uv":[0,0,8,6],"texture":"#3"},"south":{"uv":[0,0,0,6],"texture":"#3"},"west":{"uv":[8,0,0,6],"texture":"#3"},"up":{"uv":[8,0,0,0],"rotation":90,"texture":"#3"},"down":{"uv":[8,0,0,0],"rotation":270,"texture":"#3"}}},{"from":[7.45387,16.70279,-0.1],"to":[12.45387,16.70279,6.9],"rotation":{"angle":22.5,"axis":"x","origin":[6.37574,14.10094,5.43712]},"faces":{"north":{"uv":[0,0,2.5,0],"texture":"#0"},"east":{"uv":[0,0,6,0],"texture":"#0"},"south":{"uv":[0,0,2.5,0],"texture":"#0"},"west":{"uv":[0,0,6,0],"texture":"#0"},"up":{"uv":[0,2.5,2.5,6],"texture":"#0"},"down":{"uv":[0,6,2.5,2.5],"texture":"#0"}}},{"from":[2.4976,16.70279,-0.1],"to":[7.4976,16.70279,6.9],"rotation":{"angle":22.5,"axis":"x","origin":[8.57574,14.10094,5.43712]},"faces":{"north":{"uv":[0,0,2.5,0],"texture":"#0"},"east":{"uv":[0,0,6,0],"texture":"#0"},"south":{"uv":[0,0,2.5,0],"texture":"#0"},"west":{"uv":[0,0,6,0],"texture":"#0"},"up":{"uv":[5,2.5,7.5,6],"texture":"#0"},"down":{"uv":[5,6,7.5,2.5],"texture":"#0"}}},{"from":[7.45387,18.62362,-3.68245],"to":[12.45387,18.62362,1.31755],"rotation":{"angle":0,"axis":"x","origin":[6.37574,16.02178,-0.14532]},"faces":{"north":{"uv":[0,0,2.5,0],"texture":"#0"},"east":{"uv":[0,0,6,0],"texture":"#0"},"south":{"uv":[0,0,2.5,0],"texture":"#0"},"west":{"uv":[0,0,6,0],"texture":"#0"},"up":{"uv":[0,0,2.5,2.5],"texture":"#0"},"down":{"uv":[0,2.5,2.5,0],"texture":"#0"}}},{"from":[2.4976,18.62362,-3.68245],"to":[7.4976,18.62362,1.31755],"rotation":{"angle":0,"axis":"x","origin":[8.57574,16.02178,-0.14532]},"faces":{"north":{"uv":[0,0,2.5,0],"texture":"#0"},"east":{"uv":[0,0,6,0],"texture":"#0"},"south":{"uv":[0,0,2.5,0],"texture":"#0"},"west":{"uv":[0,0,6,0],"texture":"#0"},"up":{"uv":[5,0,7.5,2.5],"texture":"#0"},"down":{"uv":[5,2.5,7.5,0],"texture":"#0"}}},{"from":[4.5,10.60399,6.88716],"to":[12.5,16.40399,6.88716],"rotation":{"angle":-22.5,"axis":"x","origin":[7.97574,13.80094,5.23712]},"faces":{"north":{"uv":[8,0,0,6],"texture":"#3"},"east":{"uv":[0,0,0,6],"texture":"#3"},"south":{"uv":[0,0,8,6],"texture":"#3"},"west":{"uv":[0,0,0,6],"texture":"#3"},"up":{"uv":[0,0,8,0],"texture":"#3"},"down":{"uv":[0,0,8,0],"texture":"#3"}}},{"from":[4.5,5.67878,7.98498],"to":[12.5,11.47878,7.98498],"rotation":{"angle":0,"axis":"x","origin":[7.97574,13.80094,5.23712]},"faces":{"north":{"uv":[8,6,0,0],"texture":"#3"},"east":{"uv":[0,0,0,6],"texture":"#3"},"south":{"uv":[0,6,8,0],"texture":"#3"},"west":{"uv":[0,0,0,6],"texture":"#3"},"up":{"uv":[0,0,8,0],"texture":"#3"},"down":{"uv":[0,0,8,0],"texture":"#3"}}},{"from":[8.2289,13.12795,7.61526],"to":[16.2289,13.12795,12.61526],"rotation":{"angle":0,"axis":"z","origin":[14.92162,12.84098,7.63712]},"faces":{"north":{"uv":[0,0,6,0],"texture":"#0"},"east":{"uv":[0,0,2.5,0],"texture":"#0"},"south":{"uv":[0,0,6,0],"texture":"#0"},"west":{"uv":[0,0,2.5,0],"texture":"#0"},"up":{"uv":[0,2,2.5,6],"rotation":90,"texture":"#0"},"down":{"uv":[0,6,2.5,2],"rotation":270,"texture":"#0"}}},{"from":[8.2289,13.12795,2.65899],"to":[16.2289,13.12795,7.65899],"rotation":{"angle":0,"axis":"z","origin":[14.92162,12.84098,7.63712]},"faces":{"north":{"uv":[0,0,6,0],"texture":"#0"},"east":{"uv":[0,0,2.5,0],"texture":"#0"},"south":{"uv":[0,0,6,0],"texture":"#0"},"west":{"uv":[0,0,2.5,0],"texture":"#0"},"up":{"uv":[5,2,7.5,6],"rotation":90,"texture":"#0"},"down":{"uv":[5,6,7.5,2],"rotation":270,"texture":"#0"}}},{"from":[16.01919,13.60631,7.61526],"to":[19.01919,13.60631,12.61526],"rotation":{"angle":-22.5,"axis":"z","origin":[14.92162,12.84098,7.63712]},"faces":{"north":{"uv":[0,0,6,0],"texture":"#0"},"east":{"uv":[0,0,2.5,0],"texture":"#0"},"south":{"uv":[0,0,6,0],"texture":"#0"},"west":{"uv":[0,0,2.5,0],"texture":"#0"},"up":{"uv":[0,0,2.5,2],"rotation":90,"texture":"#0"},"down":{"uv":[0,2,2.5,0],"rotation":270,"texture":"#0"}}},{"from":[16.01919,13.60631,2.65899],"to":[19.01919,13.60631,7.65899],"rotation":{"angle":-22.5,"axis":"z","origin":[14.92162,12.84098,7.63712]},"faces":{"north":{"uv":[0,0,6,0],"texture":"#0"},"east":{"uv":[0,0,2.5,0],"texture":"#0"},"south":{"uv":[0,0,6,0],"texture":"#0"},"west":{"uv":[0,0,2.5,0],"texture":"#0"},"up":{"uv":[5,0,7.5,2],"rotation":90,"texture":"#0"},"down":{"uv":[5,2,7.5,0],"rotation":270,"texture":"#0"}}},{"from":[9.5257,6.90399,4.66139],"to":[9.5257,12.70399,12.66139],"rotation":{"angle":-22.5,"axis":"z","origin":[11.17574,10.10094,8.13712]},"faces":{"north":{"uv":[0,0,0,6],"texture":"#3"},"east":{"uv":[8,0,0,6],"texture":"#3"},"south":{"uv":[0,0,0,6],"texture":"#3"},"west":{"uv":[0,0,8,6],"texture":"#3"},"up":{"uv":[0,0,8,0],"rotation":90,"texture":"#3"},"down":{"uv":[0,0,8,0],"rotation":270,"texture":"#3"}}},{"from":[8.42788,5.97878,4.66139],"to":[8.42788,7.77878,12.66139],"rotation":{"angle":0,"axis":"x","origin":[11.17574,10.10094,8.13712]},"faces":{"north":{"uv":[0,0,0,6],"texture":"#3"},"east":{"uv":[8,0,0,1.8],"texture":"#3"},"south":{"uv":[0,0,0,6],"texture":"#3"},"west":{"uv":[0,0,8,1.8],"texture":"#3"},"up":{"uv":[0,0,8,0],"rotation":90,"texture":"#3"},"down":{"uv":[0,0,8,0],"rotation":270,"texture":"#3"}}},{"from":[-0.9289,10.92795,3.68474],"to":[7.0711,10.92795,8.68474],"rotation":{"angle":22.5,"axis":"z","origin":[2.27889,7.80337,8.66288]},"faces":{"north":{"uv":[0,0,6,0],"texture":"#0"},"east":{"uv":[0,0,2.5,0],"texture":"#0"},"south":{"uv":[0,0,6,0],"texture":"#0"},"west":{"uv":[0,0,2.5,0],"texture":"#0"},"up":{"uv":[2.5,6,0,2],"rotation":90,"texture":"#0"},"down":{"uv":[2.5,2,0,6],"rotation":270,"texture":"#0"}}},{"from":[-0.9289,10.92795,8.64101],"to":[7.0711,10.92795,13.64101],"rotation":{"angle":22.5,"axis":"z","origin":[2.27889,7.80337,8.66288]},"faces":{"north":{"uv":[0,0,6,0],"texture":"#0"},"east":{"uv":[0,0,2.5,0],"texture":"#0"},"south":{"uv":[0,0,6,0],"texture":"#0"},"west":{"uv":[0,0,2.5,0],"texture":"#0"},"up":{"uv":[7.5,6,5,2],"rotation":90,"texture":"#0"},"down":{"uv":[7.5,2,5,6],"rotation":270,"texture":"#0"}}},{"from":[-3.48861,11.9176,3.68474],"to":[0.51139,11.9176,8.68474],"rotation":{"angle":45,"axis":"z","origin":[2.27889,7.80337,8.66288]},"faces":{"north":{"uv":[0,0,6,0],"texture":"#0"},"east":{"uv":[0,0,2.5,0],"texture":"#0"},"south":{"uv":[0,0,6,0],"texture":"#0"},"west":{"uv":[0,0,2.5,0],"texture":"#0"},"up":{"uv":[2.5,2,0,0],"rotation":90,"texture":"#0"},"down":{"uv":[2.5,0,0,2],"rotation":270,"texture":"#0"}}},{"from":[-3.48861,11.9176,8.64101],"to":[0.51139,11.9176,13.64101],"rotation":{"angle":45,"axis":"z","origin":[2.27889,7.80337,8.66288]},"faces":{"north":{"uv":[0,0,6,0],"texture":"#0"},"east":{"uv":[0,0,2.5,0],"texture":"#0"},"south":{"uv":[0,0,6,0],"texture":"#0"},"west":{"uv":[0,0,2.5,0],"texture":"#0"},"up":{"uv":[7.5,2,5,0],"rotation":90,"texture":"#0"},"down":{"uv":[7.5,0,5,2],"rotation":270,"texture":"#0"}}},{"from":[5.67117,3.99037,3.63861],"to":[5.67117,9.79037,11.63861],"rotation":{"angle":45,"axis":"z","origin":[2.27889,7.80337,8.66288]},"faces":{"north":{"uv":[0,0,0,6],"texture":"#3"},"east":{"uv":[0,0,8,6],"texture":"#3"},"south":{"uv":[0,0,0,6],"texture":"#3"},"west":{"uv":[8,0,0,6],"texture":"#3"},"up":{"uv":[8,0,0,0],"rotation":90,"texture":"#3"},"down":{"uv":[8,0,0,0],"rotation":270,"texture":"#3"}}},{"from":[6.87212,3.77878,3.63861],"to":[6.87212,5.57878,11.63861],"rotation":{"angle":22.5,"axis":"z","origin":[2.27889,7.80337,8.66288]},"faces":{"north":{"uv":[0,0,0,6],"texture":"#3"},"east":{"uv":[0,0,8,1.8],"texture":"#3"},"south":{"uv":[0,0,0,6],"texture":"#3"},"west":{"uv":[8,0,0,1.8],"texture":"#3"},"up":{"uv":[8,0,0,0],"rotation":90,"texture":"#3"},"down":{"uv":[8,0,0,0],"rotation":270,"texture":"#3"}}},{"from":[3,0,3],"to":[13,5,13],"rotation":{"angle":0,"axis":"y","origin":[7,0,7]},"faces":{"north":{"uv":[5.5,6.75,6.75,7.375],"texture":"#1"},"east":{"uv":[5.5,6.75,6.75,7.375],"texture":"#1"},"south":{"uv":[5.5,6.75,6.75,7.375],"texture":"#1"},"west":{"uv":[5.5,6.75,6.75,7.375],"texture":"#1"},"up":{"uv":[4.25,8,3,6.75],"texture":"#1"},"down":{"uv":[5.5,6.75,4.25,8],"texture":"#1"}}},{"from":[2,5,2],"to":[14,7,14],"rotation":{"angle":0,"axis":"y","origin":[7,5,7]},"faces":{"north":{"uv":[6.75,6.75,8.25,7],"texture":"#1"},"east":{"uv":[6.75,6.75,8.25,7],"texture":"#1"},"south":{"uv":[6.75,6.75,8.25,7],"texture":"#1"},"west":{"uv":[6.75,6.75,8.25,7],"texture":"#1"},"up":{"uv":[1.5,8.25,0,6.75],"texture":"#1"},"down":{"uv":[3,6.75,1.5,8.25],"texture":"#1"}}}],"display":{"thirdperson_righthand":{"rotation":[68.5,45,0],"translation":[0,2.5,1],"scale":[0.375,0.375,0.375]},"thirdperson_lefthand":{"rotation":[68.5,45,0],"translation":[0,2.5,1],"scale":[0.375,0.375,0.375]},"firstperson_righthand":{"rotation":[-178.98,16.19,176.34],"translation":[1.75,1.5,0],"scale":[0.26328,0.26328,0.26328]},"firstperson_lefthand":{"rotation":[-178.98,16.19,176.34],"translation":[1.75,1.5,0],"scale":[0.26328,0.26328,0.26328]},"ground":{"translation":[0,3,0],"scale":[0.34766,0.34766,0.34766]},"gui":{"rotation":[30,225,0],"translation":[0,-3.25,0],"scale":[0.47656,0.47656,0.47656]},"head":{"rotation":[-180,0,-180],"translation":[0,-30.4,0],"scale":[1.6,1.6,1.6]},"fixed":{"rotation":[-90,180,0],"translation":[0,0,-16],"scale":[2,2,2]}},"mcmodels":"e000c60207ad4a1a2a96169b5d36d4e4"}