{"credit":"Created By Yassou","texture_size":[128,128],"textures":{"8":"summer_furnitures:epave"},"elements":[{"from":[14.6755,-8.49956,7.5],"to":[16.6755,23.50044,9.5],"rotation":{"angle":0,"axis":"z","origin":[2.50585,5.65,2]},"faces":{"north":{"uv":[7.75,4,8,8],"texture":"#8"},"east":{"uv":[3,5.5,3.25,9.5],"texture":"#8"},"south":{"uv":[8,0,8.25,4],"texture":"#8"},"west":{"uv":[5.75,5.5,6,9.5],"texture":"#8"},"up":{"uv":[9.625,0.625,9.375,0.375],"texture":"#8"},"down":{"uv":[9.625,5,9.375,5.25],"texture":"#8"}}},{"from":[14.6755,-8.49956,-2.5],"to":[16.6755,23.50044,7.5],"rotation":{"angle":0,"axis":"y","origin":[2.50585,5.65,2]},"faces":{"north":{"uv":[7.75,4,8,8],"texture":"#8","tintindex":0},"east":{"uv":[3.25,5.5,4.5,9.5],"texture":"#8","tintindex":0},"south":{"uv":[8,0,8.25,4],"texture":"#8","tintindex":0},"west":{"uv":[4.5,5.5,5.75,9.5],"texture":"#8","tintindex":0},"up":{"uv":[9.625,1.875,9.375,0.375],"texture":"#8","tintindex":0},"down":{"uv":[9.625,5,9.375,6.5],"texture":"#8","tintindex":0}}},{"from":[19.0117,-16,7.5],"to":[21.0117,-2,9.5],"rotation":{"angle":-22.5,"axis":"z","origin":[2.50585,5.65,2]},"faces":{"north":{"uv":[8.375,8.375,8.625,10.125],"texture":"#8"},"east":{"uv":[6,5.5,6.25,7.25],"texture":"#8"},"south":{"uv":[8.625,0.375,8.875,2.125],"texture":"#8"},"west":{"uv":[7.5,0,7.75,1.75],"texture":"#8"},"up":{"uv":[9.125,9.875,8.875,8.375],"texture":"#8"},"down":{"uv":[9.375,0.375,9.125,0.625],"texture":"#8"}}},{"from":[19.0117,-16,-2.5],"to":[21.0117,-2,7.5],"rotation":{"angle":-22.5,"axis":"z","origin":[2.50585,5.65,2]},"faces":{"north":{"uv":[8.375,8.375,8.625,10.125],"texture":"#8","tintindex":0},"east":{"uv":[6.25,5.5,7.5,7.25],"texture":"#8","tintindex":0},"south":{"uv":[8.625,0.375,8.875,2.125],"texture":"#8","tintindex":0},"west":{"uv":[6.25,0,7.5,1.75],"texture":"#8","tintindex":0},"up":{"uv":[9.125,9.875,8.875,8.375],"texture":"#8","tintindex":0},"down":{"uv":[9.375,0.625,9.125,1.875],"texture":"#8","tintindex":0}}},{"from":[-1.51194,-4.29452,7.5],"to":[0.48806,27.70548,9.5],"rotation":{"angle":-45,"axis":"z","origin":[2.50585,5.65,2]},"faces":{"north":{"uv":[7.5,5.25,7.75,9.25],"texture":"#8"},"east":{"uv":[6,5.5,5.75,9.5],"texture":"#8"},"south":{"uv":[8.25,0,8,4],"texture":"#8"},"west":{"uv":[3.25,5.5,3,9.5],"texture":"#8"},"up":{"uv":[9.375,9.875,9.125,8.375],"texture":"#8"},"down":{"uv":[7.75,9.25,7.5,10.75],"texture":"#8"}}},{"from":[-1.51194,-4.29452,-2.5],"to":[0.48806,27.70548,7.5],"rotation":{"angle":-45,"axis":"z","origin":[2.50585,5.65,2]},"faces":{"north":{"uv":[7.5,5.25,7.75,9.25],"texture":"#8","tintindex":0},"east":{"uv":[5.75,5.5,4.5,9.5],"texture":"#8","tintindex":0},"south":{"uv":[8.25,0,8,4],"texture":"#8","tintindex":0},"west":{"uv":[4.5,5.5,3.25,9.5],"texture":"#8","tintindex":0},"up":{"uv":[9.375,9.875,9.125,8.375],"texture":"#8","tintindex":0},"down":{"uv":[7.75,9.25,7.5,10.75],"texture":"#8","tintindex":0}}},{"from":[-5.0117,-16,7.5],"to":[-3.0117,-2,9.5],"rotation":{"angle":-22.5,"axis":"z","origin":[2.50585,5.65,2]},"faces":{"north":{"uv":[8.625,8.375,8.875,10.125],"texture":"#8"},"east":{"uv":[7.75,0,7.5,1.75],"texture":"#8"},"south":{"uv":[8.875,0.375,8.625,2.125],"texture":"#8"},"west":{"uv":[6.25,5.5,6,7.25],"texture":"#8"},"up":{"uv":[9.375,6.5,9.125,5],"texture":"#8"},"down":{"uv":[9.375,6.5,9.125,8],"texture":"#8"}}},{"from":[-5.0117,-16,-2.5],"to":[-3.0117,-2,7.5],"rotation":{"angle":-22.5,"axis":"z","origin":[2.50585,5.65,2]},"faces":{"north":{"uv":[8.625,8.375,8.875,10.125],"texture":"#8","tintindex":0},"east":{"uv":[7.5,0,6.25,1.75],"texture":"#8","tintindex":0},"south":{"uv":[8.875,0.375,8.625,2.125],"texture":"#8","tintindex":0},"west":{"uv":[7.5,5.5,6.25,7.25],"texture":"#8","tintindex":0},"up":{"uv":[9.375,6.5,9.125,5],"texture":"#8","tintindex":0},"down":{"uv":[9.375,6.5,9.125,8],"texture":"#8","tintindex":0}}},{"from":[-4.9883,-16,-2.48],"to":[20.0117,28,-1.98],"rotation":{"angle":-22.5,"axis":"z","origin":[2.50585,5.65,2]},"faces":{"north":{"uv":[0,0,3.125,5.5],"texture":"#8","tintindex":0},"east":{"uv":[8.125,8.375,8.25,13.875],"texture":"#8","tintindex":0},"south":{"uv":[3.125,0,6.25,5.5],"texture":"#8"},"west":{"uv":[8.25,8.375,8.375,13.875],"texture":"#8","tintindex":0},"up":{"uv":[11.375,2.875,8.25,2.75],"texture":"#8","tintindex":0},"down":{"uv":[11.375,2.875,8.25,3],"texture":"#8","tintindex":0}}},{"from":[6.5,24.8,-2.5],"to":[9.5,27.8,12.5],"rotation":{"angle":-22.5,"axis":"z","origin":[2.50585,5.65,2]},"faces":{"north":{"uv":[8.25,3,8.625,3.375],"texture":"#8"},"east":{"uv":[8.25,2.25,8.625,0.375],"rotation":90,"texture":"#8"},"south":{"uv":[8.25,3.375,8.625,3.75],"texture":"#8"},"west":{"uv":[8.625,0.375,8.25,2.25],"rotation":90,"texture":"#8"},"up":{"uv":[8.625,2.25,8.25,0.375],"texture":"#8"},"down":{"uv":[8.25,2.25,8.625,0.375],"texture":"#8"}}},{"from":[6.5,-16,-5.5],"to":[9.5,27.8,-2.5],"rotation":{"angle":-22.5,"axis":"z","origin":[2.50585,5.65,2]},"faces":{"north":{"uv":[6,7.25,6.375,12.75],"texture":"#8"},"east":{"uv":[10,7.25,9.625,12.75],"texture":"#8"},"south":{"uv":[6.75,7.25,7.125,12.75],"texture":"#8"},"west":{"uv":[7.125,7.25,7.5,12.75],"texture":"#8"},"up":{"uv":[9,3.375,8.625,3],"texture":"#8"},"down":{"uv":[9,3.375,8.625,3.75],"texture":"#8"}}},{"from":[23,-11,18],"to":[32,-10,24],"rotation":{"angle":-22.5,"axis":"y","origin":[3.5,-10,8]},"faces":{"north":{"uv":[6.25,5.25,7.375,5.375],"texture":"#8"},"east":{"uv":[8.625,2.125,9.375,2.25],"texture":"#8"},"south":{"uv":[6.25,5.375,7.375,5.5],"texture":"#8"},"west":{"uv":[9,3,9.75,3.125],"texture":"#8"},"up":{"uv":[9.125,5.75,8,5],"texture":"#8"},"down":{"uv":[9.125,5.75,8,6.5],"texture":"#8"}}},{"from":[-8,-11,20],"to":[23,-10,22],"rotation":{"angle":-22.5,"axis":"y","origin":[3.5,-10,8]},"faces":{"north":{"uv":[12.125,2.25,8.25,2.375],"texture":"#8"},"east":{"uv":[9,3.375,9.25,3.5],"texture":"#8"},"south":{"uv":[8.25,2.375,12.125,2.5],"texture":"#8"},"west":{"uv":[9,3.5,9.25,3.625],"texture":"#8"},"up":{"uv":[11.875,4.25,8,4],"texture":"#8"},"down":{"uv":[11.875,4.25,8,4.5],"texture":"#8"}}},{"from":[-8,-11,-12.7],"to":[23,-10,-10.7],"rotation":{"angle":22.5,"axis":"y","origin":[3.5,-10,8]},"faces":{"north":{"uv":[8.25,2.5,12.125,2.625],"texture":"#8"},"east":{"uv":[9,3.625,9.25,3.75],"texture":"#8"},"south":{"uv":[8.25,2.625,12.125,2.75],"texture":"#8"},"west":{"uv":[9.125,1.875,9.375,2],"texture":"#8"},"up":{"uv":[11.875,4.75,8,4.5],"texture":"#8"},"down":{"uv":[11.875,4.75,8,5],"texture":"#8"}}},{"from":[23,-11,-14.7],"to":[32,-10,-8.7],"rotation":{"angle":22.5,"axis":"y","origin":[3.5,-10,8]},"faces":{"north":{"uv":[6.25,5.25,7.375,5.375],"texture":"#8"},"east":{"uv":[8.625,2.125,9.375,2.25],"texture":"#8"},"south":{"uv":[6.25,5.375,7.375,5.5],"texture":"#8"},"west":{"uv":[9,3,9.75,3.125],"texture":"#8"},"up":{"uv":[9.125,5.75,8,5],"texture":"#8"},"down":{"uv":[9.125,5.75,8,6.5],"texture":"#8"}}}],"display":{"thirdperson_righthand":{"rotation":[-118.62,-29.65,-177.72],"translation":[-0.75,4,1.75],"scale":[0.17578,0.17578,0.17578]},"thirdperson_lefthand":{"rotation":[-118.62,-29.65,-177.72],"translation":[0.25,4,1.75],"scale":[0.17578,0.17578,0.17578]},"firstperson_righthand":{"rotation":[-13.79,-10.35,22.82],"translation":[2.25,2.25,0],"scale":[0.14414,0.14414,0.14414]},"firstperson_lefthand":{"rotation":[-13.79,-10.35,22.82],"translation":[2.25,2.25,0],"scale":[0.14414,0.14414,0.14414]},"ground":{"translation":[0,3,0],"scale":[0.25,0.25,0.25]},"gui":{"rotation":[30,225,0],"translation":[0.25,2.25,0],"scale":[0.26758,0.26758,0.26758]},"head":{"translation":[0,-12.8,0],"scale":[1.6,1.6,1.6]},"fixed":{"rotation":[-90,180,0],"translation":[-9,0,-38],"scale":[2,2,2]}},"mcmodels":"e000c60207ad4a1a2a96169b5d36d4e4"}