{"credit":"Created By Yassou","texture_size":[128,128],"textures":{"1":"summer_furnitures:chaire_fabric","7":"summer_furnitures:wicker_sofa","particle":"summer_furnitures:chaire_fabric"},"elements":[{"from":[14,8,-3],"to":[16,10,14],"rotation":{"angle":0,"axis":"y","origin":[16,8,14]},"faces":{"north":{"uv":[2.375,3.25,2.125,3.5],"texture":"#7"},"east":{"uv":[6.875,0.5,4.75,0.75],"texture":"#7"},"south":{"uv":[2.125,3.25,1.875,3.5],"texture":"#7"},"west":{"uv":[6.875,0.75,4.75,1],"texture":"#7"},"up":{"uv":[3.625,4.5,3.375,6.625],"texture":"#7"},"down":{"uv":[3.875,6.625,3.625,4.5],"texture":"#7"}}},{"from":[0,0,-3],"to":[2,2,14],"rotation":{"angle":0,"axis":"y","origin":[2,2,14]},"faces":{"north":{"uv":[6.625,6.25,6.375,6.5],"texture":"#7"},"east":{"uv":[6.875,1,4.75,1.25],"texture":"#7"},"south":{"uv":[6.625,6,6.375,6.25],"texture":"#7"},"west":{"uv":[6.875,1.25,4.75,1.5],"texture":"#7"},"up":{"uv":[4.125,4.5,3.875,6.625],"texture":"#7"},"down":{"uv":[4.375,6.625,4.125,4.5],"texture":"#7"}}},{"from":[0,15,14],"to":[16,17,16],"rotation":{"angle":0,"axis":"y","origin":[0,15,14]},"faces":{"north":{"uv":[6.75,3.75,4.75,4],"texture":"#7"},"east":{"uv":[2.375,3.5,2.625,3.75],"texture":"#7"},"south":{"uv":[6.75,3.5,4.75,3.75],"texture":"#7"},"west":{"uv":[2.875,3.5,2.625,3.75],"texture":"#7"},"up":{"uv":[6.75,4,4.75,4.25],"texture":"#7"},"down":{"uv":[6.75,4.5,4.75,4.25],"texture":"#7"}}},{"from":[0,0,14],"to":[16,2,16],"rotation":{"angle":0,"axis":"y","origin":[0,0,14]},"faces":{"north":{"uv":[6.75,5,4.75,4.75],"texture":"#7"},"east":{"uv":[2.75,6.375,2.5,6.625],"texture":"#7"},"south":{"uv":[6.75,4.5,4.75,4.75],"texture":"#7"},"west":{"uv":[6.625,5.25,6.375,5.5],"texture":"#7"},"up":{"uv":[6.75,5,4.75,5.25],"texture":"#7"},"down":{"uv":[6.375,5.25,4.375,5.5],"texture":"#7"}}},{"from":[2,0,0],"to":[14,2,2],"rotation":{"angle":0,"axis":"y","origin":[0,2,0]},"faces":{"north":{"uv":[6.25,5,4.75,4.75],"texture":"#7"},"east":{"uv":[2.75,6.625,2.5,6.375],"texture":"#7"},"south":{"uv":[6.25,4.75,4.75,4.5],"texture":"#7"},"west":{"uv":[6.625,5.5,6.375,5.25],"texture":"#7"},"up":{"uv":[6.375,5.25,4.375,5.5],"texture":"#7"},"down":{"uv":[6.25,5.25,4.75,5],"texture":"#7"}}},{"from":[4,2,-1],"to":[5,6,14],"rotation":{"angle":0,"axis":"y","origin":[2,2,-1]},"faces":{"north":{"uv":[8.975,0,8.5,2.025],"texture":"#1","tintindex":0},"south":{"uv":[9.975,0,9.5,2.025],"texture":"#1","tintindex":0},"west":{"uv":[14.525,2,10,4.025],"texture":"#1","tintindex":0},"up":{"uv":[9.975,0,9.5,7.525],"texture":"#1","tintindex":0},"down":{"uv":[8.975,0,8.5,7.525],"texture":"#1","tintindex":0}}},{"from":[5,2,-1],"to":[6,6,14],"rotation":{"angle":0,"axis":"y","origin":[3,2,-1]},"faces":{"north":{"uv":[9.475,0,9,2.025],"texture":"#1"},"south":{"uv":[9.475,0,9,2.025],"texture":"#1"},"west":{"uv":[14.525,2,10,4.025],"texture":"#1"},"up":{"uv":[9.475,0,9,7.525],"texture":"#1"},"down":{"uv":[9.475,0,9,7.525],"texture":"#1"}}},{"from":[3,2,-1],"to":[4,6,14],"rotation":{"angle":0,"axis":"y","origin":[1,2,-1]},"faces":{"north":{"uv":[9.475,0,9,2.025],"texture":"#1"},"south":{"uv":[9.475,0,9,2.025],"texture":"#1"},"up":{"uv":[9.475,0,9,7.525],"texture":"#1"},"down":{"uv":[9,7.525,9.475,0],"texture":"#1"}}},{"from":[2,2,-1],"to":[3,6,14],"rotation":{"angle":0,"axis":"y","origin":[0,2,-1]},"faces":{"north":{"uv":[9.975,0,9.5,2.025],"texture":"#1","tintindex":0},"south":{"uv":[9.975,0,9.5,2.025],"texture":"#1","tintindex":0},"west":{"uv":[14.525,2,10,4.025],"texture":"#1","tintindex":0},"up":{"uv":[9.975,0,9.5,7.525],"texture":"#1","tintindex":0},"down":{"uv":[9.975,0,9.5,7.525],"texture":"#1","tintindex":0}}},{"from":[6,2,-1],"to":[7,6,14],"rotation":{"angle":0,"axis":"y","origin":[4,2,-1]},"faces":{"north":{"uv":[5.975,0,5.5,2.025],"texture":"#1","tintindex":0},"south":{"uv":[9.975,0,9.5,2.025],"texture":"#1","tintindex":0},"west":{"uv":[14.525,2,10,4.025],"texture":"#1","tintindex":0},"up":{"uv":[7.975,0,7.5,7.525],"texture":"#1","tintindex":0},"down":{"uv":[8.975,0,8.5,7.525],"texture":"#1","tintindex":0}}},{"from":[7,2,-1],"to":[8,6,14],"rotation":{"angle":0,"axis":"y","origin":[5,2,-1]},"faces":{"north":{"uv":[9.475,0,9,2.025],"texture":"#1"},"south":{"uv":[9.475,0,9,2.025],"texture":"#1"},"west":{"uv":[14.525,2,10,4.025],"texture":"#1"},"up":{"uv":[9.475,0,9,7.525],"texture":"#1"},"down":{"uv":[9.475,0,9,7.525],"texture":"#1"}}},{"from":[8,2,-1],"to":[9,6,14],"rotation":{"angle":0,"axis":"y","origin":[6,2,-1]},"faces":{"north":{"uv":[9.975,0,9.5,2.025],"texture":"#1","tintindex":0},"south":{"uv":[9.975,0,9.5,2.025],"texture":"#1","tintindex":0},"west":{"uv":[14.525,2,10,4.025],"texture":"#1","tintindex":0},"up":{"uv":[6.975,0,6.5,7.525],"texture":"#1","tintindex":0},"down":{"uv":[9.975,0,9.5,7.525],"texture":"#1","tintindex":0}}},{"from":[9,2,-1],"to":[10,6,14],"rotation":{"angle":0,"axis":"y","origin":[7,2,-1]},"faces":{"north":{"uv":[9.475,0,9,2.025],"texture":"#1"},"south":{"uv":[9.475,0,9,2.025],"texture":"#1"},"up":{"uv":[9.475,0,9,7.525],"texture":"#1"},"down":{"uv":[9,7.525,9.475,0],"texture":"#1"}}},{"from":[10,2,-1],"to":[11,6,14],"rotation":{"angle":0,"axis":"y","origin":[8,2,-1]},"faces":{"north":{"uv":[9.975,0,9.5,2.025],"texture":"#1","tintindex":0},"south":{"uv":[9.975,0,9.5,2.025],"texture":"#1","tintindex":0},"west":{"uv":[14.525,2,10,4.025],"texture":"#1","tintindex":0},"up":{"uv":[5.975,0,5.5,7.525],"texture":"#1","tintindex":0},"down":{"uv":[9.975,0,9.5,7.525],"texture":"#1","tintindex":0}}},{"from":[11,2,-1],"to":[12,6,14],"rotation":{"angle":0,"axis":"y","origin":[9,2,-1]},"faces":{"north":{"uv":[9.475,0,9,2.025],"texture":"#1"},"south":{"uv":[9.475,0,9,2.025],"texture":"#1"},"west":{"uv":[14.525,2,10,4.025],"texture":"#1"},"up":{"uv":[9.475,0,9,7.525],"texture":"#1"},"down":{"uv":[7.475,0,7,7.525],"texture":"#1"}}},{"from":[12,2,-1],"to":[13,6,14],"rotation":{"angle":0,"axis":"y","origin":[10,2,-1]},"faces":{"north":{"uv":[5.975,0,5.5,2.025],"texture":"#1","tintindex":0},"south":{"uv":[9.975,0,9.5,2.025],"texture":"#1","tintindex":0},"west":{"uv":[14.525,2,10,4.025],"texture":"#1","tintindex":0},"up":{"uv":[7.975,0,7.5,7.525],"texture":"#1","tintindex":0},"down":{"uv":[8.975,0,8.5,7.525],"texture":"#1","tintindex":0}}},{"from":[13,2,-1],"to":[14,6,14],"rotation":{"angle":0,"axis":"y","origin":[11,2,-1]},"faces":{"north":{"uv":[9.475,0,9,2.025],"texture":"#1"},"east":{"uv":[5.525,7,3.5,9.025],"texture":"#1","tintindex":0},"south":{"uv":[9.475,0,9,2.025],"texture":"#1"},"west":{"uv":[14.525,2,10,4.025],"texture":"#1"},"up":{"uv":[9.475,0,9,7.525],"texture":"#1"},"down":{"uv":[7.475,0,7,7.525],"texture":"#1"}}},{"from":[4,3.44463,8.87834],"to":[5,15.44463,11.87834],"rotation":{"angle":22.5,"axis":"x","origin":[8,7.94463,10.87834]},"faces":{"north":{"uv":[9.5,0,9.975,6.025],"texture":"#1","tintindex":0},"south":{"uv":[8.5,0,8.975,6.025],"rotation":180,"texture":"#1","tintindex":0},"west":{"uv":[14.525,4.025,10,2],"rotation":90,"texture":"#1","tintindex":0},"up":{"uv":[8.5,0,8.975,2.025],"texture":"#1","tintindex":0},"down":{"uv":[9.5,0,9.975,2.025],"rotation":180,"texture":"#1","tintindex":0}}},{"from":[5,3.44463,8.87834],"to":[6,15.44463,11.87834],"rotation":{"angle":22.5,"axis":"x","origin":[8,7.94463,10.87834]},"faces":{"north":{"uv":[9,0,9.475,6.025],"texture":"#1"},"south":{"uv":[9,0,9.475,7.525],"rotation":180,"texture":"#1"},"west":{"uv":[14.525,4.025,10,2],"rotation":90,"texture":"#1"},"up":{"uv":[9,0,9.475,2.025],"texture":"#1"},"down":{"uv":[9,0,9.475,2.025],"rotation":180,"texture":"#1"}}},{"from":[3,3.44463,8.87834],"to":[4,15.44463,11.87834],"rotation":{"angle":22.5,"axis":"x","origin":[8,7.94463,10.87834]},"faces":{"north":{"uv":[9,0,9.475,6.025],"texture":"#1"},"south":{"uv":[9.475,6.025,9,0],"rotation":180,"texture":"#1"},"up":{"uv":[9,0,9.475,2.025],"texture":"#1"},"down":{"uv":[9,0,9.475,2.025],"rotation":180,"texture":"#1"}}},{"from":[2.1,3.44463,8.87834],"to":[3,15.44463,11.87834],"rotation":{"angle":22.5,"axis":"x","origin":[8,7.94463,10.87834]},"faces":{"north":{"uv":[9.5,0,9.975,6.025],"texture":"#1","tintindex":0},"south":{"uv":[9.5,0,9.975,6.025],"rotation":180,"texture":"#1","tintindex":0},"west":{"uv":[14.525,4.025,10,2],"rotation":90,"texture":"#1","tintindex":0},"up":{"uv":[9.5,0,9.975,2.025],"texture":"#1","tintindex":0},"down":{"uv":[9.5,0,9.975,2.025],"rotation":180,"texture":"#1","tintindex":0}}},{"from":[6,3.44463,8.87834],"to":[7,15.44463,11.87834],"rotation":{"angle":22.5,"axis":"x","origin":[8,7.94463,10.87834]},"faces":{"north":{"uv":[7.5,0,7.975,6.025],"texture":"#1","tintindex":0},"south":{"uv":[8.5,0,8.975,7.525],"rotation":180,"texture":"#1","tintindex":0},"west":{"uv":[14.525,4.025,10,2],"rotation":90,"texture":"#1","tintindex":0},"up":{"uv":[5.5,0,5.975,2.025],"texture":"#1","tintindex":0},"down":{"uv":[9.5,0,9.975,2.025],"rotation":180,"texture":"#1","tintindex":0}}},{"from":[7,3.44463,8.87834],"to":[8,15.44463,11.87834],"rotation":{"angle":22.5,"axis":"x","origin":[8,7.94463,10.87834]},"faces":{"north":{"uv":[9,0,9.475,6.025],"texture":"#1"},"south":{"uv":[9,0,9.475,7.525],"rotation":180,"texture":"#1"},"west":{"uv":[14.525,4.025,10,2],"rotation":90,"texture":"#1"},"up":{"uv":[9,0,9.475,2.025],"texture":"#1"},"down":{"uv":[9,0,9.475,2.025],"rotation":180,"texture":"#1"}}},{"from":[8,3.44463,8.87834],"to":[9,15.44463,11.87834],"rotation":{"angle":22.5,"axis":"x","origin":[8,7.94463,10.87834]},"faces":{"north":{"uv":[6.5,0,6.975,6.025],"texture":"#1","tintindex":0},"south":{"uv":[9.5,0,9.975,7.525],"rotation":180,"texture":"#1","tintindex":0},"west":{"uv":[14.525,4.025,10,2],"rotation":90,"texture":"#1","tintindex":0},"up":{"uv":[9.5,0,9.975,0.525],"texture":"#1","tintindex":0},"down":{"uv":[9.5,0,9.975,2.025],"rotation":180,"texture":"#1","tintindex":0}}},{"from":[9,3.44463,8.87834],"to":[10,15.44463,11.87834],"rotation":{"angle":22.5,"axis":"x","origin":[8,7.94463,10.87834]},"faces":{"north":{"uv":[9,0,9.475,6.025],"texture":"#1"},"south":{"uv":[9.475,7.525,9,0],"rotation":180,"texture":"#1"},"up":{"uv":[9,0,9.475,2.025],"texture":"#1"},"down":{"uv":[9,0,9.475,2.025],"rotation":180,"texture":"#1"}}},{"from":[10,3.44463,8.87834],"to":[11,15.44463,11.87834],"rotation":{"angle":22.5,"axis":"x","origin":[8,7.94463,10.87834]},"faces":{"north":{"uv":[5.5,0,5.975,6.025],"texture":"#1","tintindex":0},"south":{"uv":[9.5,0,9.975,7.525],"rotation":180,"texture":"#1","tintindex":0},"west":{"uv":[14.525,4.025,10,2],"rotation":90,"texture":"#1","tintindex":0},"up":{"uv":[9.5,0,9.975,2.025],"texture":"#1","tintindex":0},"down":{"uv":[9.5,0,9.975,2.025],"rotation":180,"texture":"#1","tintindex":0}}},{"from":[11,3.44463,8.87834],"to":[12,15.44463,11.87834],"rotation":{"angle":22.5,"axis":"x","origin":[8,7.94463,10.87834]},"faces":{"north":{"uv":[9,0,9.475,6.025],"texture":"#1"},"south":{"uv":[7,0,7.475,6.025],"rotation":180,"texture":"#1"},"west":{"uv":[14.525,4.025,10,2],"rotation":90,"texture":"#1"},"up":{"uv":[9,0,9.475,2.025],"texture":"#1"},"down":{"uv":[9,0,9.475,2.025],"rotation":180,"texture":"#1"}}},{"from":[12,3.44463,8.87834],"to":[13,15.44463,11.87834],"rotation":{"angle":22.5,"axis":"x","origin":[8,7.94463,10.87834]},"faces":{"north":{"uv":[7.5,0,7.975,6.025],"texture":"#1","tintindex":0},"south":{"uv":[8.5,0,8.975,7.525],"rotation":180,"texture":"#1","tintindex":0},"west":{"uv":[14.525,4.025,10,2],"rotation":90,"texture":"#1","tintindex":0},"up":{"uv":[5.5,0,5.975,2.025],"texture":"#1","tintindex":0},"down":{"uv":[9.5,0,9.975,2.025],"rotation":180,"texture":"#1","tintindex":0}}},{"from":[13,3.44463,8.87834],"to":[13.9,15.44463,11.87834],"rotation":{"angle":22.5,"axis":"x","origin":[8,7.94463,10.87834]},"faces":{"north":{"uv":[9,0,9.475,6.025],"texture":"#1"},"east":{"uv":[5.525,8.525,3.5,7],"rotation":90,"texture":"#1"},"south":{"uv":[7,0,7.475,7.525],"rotation":180,"texture":"#1"},"west":{"uv":[14.525,4.025,10,2],"rotation":90,"texture":"#1"},"up":{"uv":[9,0,9.475,2.025],"texture":"#1"},"down":{"uv":[9,0,9.475,2.025],"rotation":180,"texture":"#1"}}},{"from":[0,2,14],"to":[2,15,16],"rotation":{"angle":0,"axis":"y","origin":[0,6,30]},"faces":{"north":{"uv":[0.25,5.125,0,6.75],"texture":"#7"},"east":{"uv":[2.875,4.75,2.625,6.375],"texture":"#7"},"south":{"uv":[2.625,4.75,2.375,6.375],"texture":"#7"},"west":{"uv":[0.5,5.125,0.25,6.75],"texture":"#7"},"up":{"uv":[2.625,3.25,2.375,3.5],"texture":"#7"},"down":{"uv":[2.875,3.5,2.625,3.25],"texture":"#7"}}},{"from":[7,-1,14.7],"to":[9,18,15.7],"rotation":{"angle":-45,"axis":"z","origin":[8,8.5,14.7]},"faces":{"north":{"uv":[3.125,4.5,2.875,6.875],"texture":"#7"},"east":{"uv":[4.5,6,4.375,8.375],"texture":"#7"},"south":{"uv":[4.75,0.5,4.5,2.875],"texture":"#7"},"west":{"uv":[4.625,6,4.5,8.375],"texture":"#7"},"up":{"uv":[6.875,5.25,6.625,5.375],"texture":"#7"},"down":{"uv":[6.875,5.5,6.625,5.375],"texture":"#7"}}},{"from":[7,-1,14.1],"to":[9,18,15.1],"rotation":{"angle":45,"axis":"z","origin":[8,8.5,14.1]},"faces":{"north":{"uv":[3.375,4.5,3.125,6.875],"texture":"#7"},"east":{"uv":[4.75,6,4.625,8.375],"texture":"#7"},"south":{"uv":[4.75,2.875,4.5,5.25],"texture":"#7"},"west":{"uv":[4.875,6,4.75,8.375],"texture":"#7"},"up":{"uv":[6.875,5.5,6.625,5.625],"texture":"#7"},"down":{"uv":[6.875,5.75,6.625,5.625],"texture":"#7"}}},{"from":[14,2,-2],"to":[16,8,0],"rotation":{"angle":0,"axis":"y","origin":[16,6,14]},"faces":{"north":{"uv":[6.125,6,5.875,6.75],"texture":"#7"},"east":{"uv":[2.25,6.125,2,6.875],"texture":"#7"},"south":{"uv":[6.125,6,5.875,6.75],"texture":"#7"},"west":{"uv":[6.375,6,6.125,6.75],"texture":"#7"},"up":{"uv":[2.125,3.5,1.875,3.75],"texture":"#7"},"down":{"uv":[2.375,3.75,2.125,3.5],"texture":"#7"}}},{"from":[14.2,5.7,-1.7],"to":[15.2,7.7,14.3],"rotation":{"angle":-22.5,"axis":"x","origin":[14.2,6.7,11.3]},"faces":{"north":{"uv":[3,3.5,2.875,3.75],"texture":"#7"},"east":{"uv":[6.75,2.5,4.75,2.75],"texture":"#7"},"south":{"uv":[3,3.25,2.875,3.5],"texture":"#7"},"west":{"uv":[6.75,2.75,4.75,3],"texture":"#7"},"up":{"uv":[5,6,4.875,8],"texture":"#7"},"down":{"uv":[5.125,8,5,6],"texture":"#7"}}},{"from":[14.6,3.97792,-1.35746],"to":[15.6,5.97792,14.64254],"rotation":{"angle":22.5,"axis":"x","origin":[15.1,4.97792,7.14254]},"faces":{"north":{"uv":[4.5,4.5,4.375,4.75],"texture":"#7"},"east":{"uv":[6.75,3,4.75,3.25],"texture":"#7"},"south":{"uv":[3,4.25,2.875,4.5],"texture":"#7"},"west":{"uv":[6.75,3.25,4.75,3.5],"texture":"#7"},"up":{"uv":[5.25,6,5.125,8],"texture":"#7"},"down":{"uv":[5.375,8,5.25,6],"texture":"#7"}}},{"from":[0,8,-3],"to":[2,10,14],"rotation":{"angle":0,"axis":"y","origin":[0,8,14]},"faces":{"north":{"uv":[4.375,6.625,4.125,6.875],"texture":"#7"},"east":{"uv":[6.875,2,4.75,2.25],"texture":"#7"},"south":{"uv":[4.125,6.625,3.875,6.875],"texture":"#7"},"west":{"uv":[6.875,2.25,4.75,2.5],"texture":"#7"},"up":{"uv":[3.875,4.5,3.625,6.625],"texture":"#7"},"down":{"uv":[3.625,6.625,3.375,4.5],"texture":"#7"}}},{"from":[0.8,5.7,-1.7],"to":[1.8,7.7,14.3],"rotation":{"angle":-22.5,"axis":"x","origin":[1.8,6.7,11.3]},"faces":{"north":{"uv":[2.875,6.375,2.75,6.625],"texture":"#7"},"east":{"uv":[7.75,0.25,5.75,0.5],"texture":"#7"},"south":{"uv":[2.375,6.125,2.25,6.375],"texture":"#7"},"west":{"uv":[6.375,5.75,4.375,6],"texture":"#7"},"up":{"uv":[5.75,6,5.625,8],"texture":"#7"},"down":{"uv":[5.875,8,5.75,6],"texture":"#7"}}},{"from":[0.4,3.97792,-1.35746],"to":[1.4,5.97792,14.64254],"rotation":{"angle":22.5,"axis":"x","origin":[0.9,4.97792,7.14254]},"faces":{"north":{"uv":[4.5,5,4.375,5.25],"texture":"#7"},"east":{"uv":[6.375,5.5,4.375,5.75],"texture":"#7"},"south":{"uv":[4.5,4.75,4.375,5],"texture":"#7"},"west":{"uv":[7.75,0,5.75,0.25],"texture":"#7"},"up":{"uv":[5.5,6,5.375,8],"texture":"#7"},"down":{"uv":[5.625,8,5.5,6],"texture":"#7"}}},{"from":[0,2,-2],"to":[2,8,0],"rotation":{"angle":0,"axis":"y","origin":[0,6,14]},"faces":{"north":{"uv":[6.375,6,6.125,6.75],"texture":"#7"},"east":{"uv":[6.125,6,5.875,6.75],"texture":"#7"},"south":{"uv":[6.375,6,6.125,6.75],"texture":"#7"},"west":{"uv":[2.5,6.375,2.25,7.125],"texture":"#7"},"up":{"uv":[3.625,6.625,3.375,6.875],"texture":"#7"},"down":{"uv":[3.875,6.875,3.625,6.625],"texture":"#7"}}},{"from":[14,0,-3],"to":[16,2,14],"rotation":{"angle":0,"axis":"y","origin":[14,2,14]},"faces":{"north":{"uv":[2.75,6.625,2.5,6.875],"texture":"#7"},"east":{"uv":[6.875,1.5,4.75,1.75],"texture":"#7"},"south":{"uv":[6.625,6.5,6.375,6.75],"texture":"#7"},"west":{"uv":[6.875,1.75,4.75,2],"texture":"#7"},"up":{"uv":[1.75,4.75,1.5,6.875],"texture":"#7"},"down":{"uv":[2,6.875,1.75,4.75],"texture":"#7"}}},{"from":[14,2,14],"to":[16,15,16],"rotation":{"angle":0,"axis":"y","origin":[16,6,30]},"faces":{"north":{"uv":[1.25,5.125,1,6.75],"texture":"#7"},"east":{"uv":[1,5.125,0.75,6.75],"texture":"#7"},"south":{"uv":[0.75,5.125,0.5,6.75],"texture":"#7"},"west":{"uv":[1.5,5.125,1.25,6.75],"texture":"#7"},"up":{"uv":[6.625,5.5,6.375,5.75],"texture":"#7"},"down":{"uv":[6.625,6,6.375,5.75],"texture":"#7"}}}],"display":{"thirdperson_righthand":{"rotation":[75,45,0],"translation":[0,4,0],"scale":[0.375,0.375,0.375]},"thirdperson_lefthand":{"rotation":[75,45,0],"translation":[0,4,0],"scale":[0.375,0.375,0.375]},"firstperson_righthand":{"rotation":[-180,88.75,180],"translation":[0,1.25,0],"scale":[0.4,0.4,0.4]},"firstperson_lefthand":{"rotation":[-180,88.75,180],"translation":[0,1.25,0],"scale":[0.4,0.4,0.4]},"ground":{"translation":[0,3,0],"scale":[0.61133,0.61133,0.61133]},"gui":{"rotation":[30,225,0],"translation":[-0.25,0,0],"scale":[0.57031,0.57031,0.57031]},"head":{"rotation":[-180,0,-180],"translation":[0,-30.4,0],"scale":[1.6,1.6,1.6]},"fixed":{"rotation":[-90,180,0],"translation":[0,0,-16],"scale":[2,2,2]}},"mcmodels":"e000c60207ad4a1a2a96169b5d36d4e4"}