{"credit":"Created By Yassou","texture_size":[256,256],"textures":{"1":"summer_furnitures:chaire_fabric","7":"summer_furnitures:tiki_bar","particle":"summer_furnitures:chaire_fabric"},"elements":[{"from":[4,9,3],"to":[5,11,13],"rotation":{"angle":45,"axis":"y","origin":[8,10,8]},"faces":{"north":{"uv":[5.5,9,4.5,9.5],"rotation":90,"texture":"#1"},"east":{"uv":[6,11,5,16],"rotation":90,"texture":"#1"},"south":{"uv":[5.5,9,4.5,9.5],"rotation":90,"texture":"#1"},"west":{"uv":[5,11,6,16],"rotation":90,"texture":"#1"},"up":{"uv":[0.5,0.5,1,5.5],"texture":"#1"},"down":{"uv":[0.5,0.5,1,5.5],"texture":"#1"}}},{"from":[12,9,3],"to":[13,11,13],"rotation":{"angle":45,"axis":"y","origin":[8,10,8]},"faces":{"north":{"uv":[5.5,9,4.5,9.5],"rotation":90,"texture":"#1"},"east":{"uv":[6,11,5,16],"rotation":90,"texture":"#1"},"south":{"uv":[5.5,9,4.5,9.5],"rotation":90,"texture":"#1"},"west":{"uv":[5,11,6,16],"rotation":90,"texture":"#1"},"up":{"uv":[0.5,0.5,1,5.5],"texture":"#1"},"down":{"uv":[0.5,0.5,1,5.5],"texture":"#1"}}},{"from":[6,9,3],"to":[7,11,13],"rotation":{"angle":45,"axis":"y","origin":[8,10,8]},"faces":{"north":{"uv":[5.5,9,4.5,9.5],"rotation":90,"texture":"#1"},"east":{"uv":[6,11,5,16],"rotation":90,"texture":"#1"},"south":{"uv":[5.5,9,4.5,9.5],"rotation":90,"texture":"#1"},"west":{"uv":[5,11,6,16],"rotation":90,"texture":"#1"},"up":{"uv":[0.5,0.5,1,5.5],"texture":"#1"},"down":{"uv":[0.5,0.5,1,5.5],"texture":"#1"}}},{"from":[7.41421,9,1.58579],"to":[8.41421,11,11.58579],"rotation":{"angle":45,"axis":"y","origin":[9.41421,10,6.58579]},"faces":{"north":{"uv":[5.5,9,4.5,9.5],"rotation":90,"texture":"#1"},"east":{"uv":[6,11,5,16],"rotation":90,"texture":"#1"},"south":{"uv":[5.5,9,4.5,9.5],"rotation":90,"texture":"#1"},"west":{"uv":[5,11,6,16],"rotation":90,"texture":"#1"},"up":{"uv":[0.5,0.5,1,5.5],"texture":"#1"},"down":{"uv":[0.5,0.5,1,5.5],"texture":"#1"}}},{"from":[3,9,3],"to":[4,11,13],"rotation":{"angle":45,"axis":"y","origin":[8,10,8]},"faces":{"north":{"uv":[5,11,6,11.5],"rotation":90,"texture":"#1","tintindex":0},"east":{"uv":[6,11,5,16],"rotation":90,"texture":"#1","tintindex":0},"south":{"uv":[5,11,6,11.5],"rotation":90,"texture":"#1","tintindex":0},"west":{"uv":[5,11,6,16],"rotation":90,"texture":"#1","tintindex":0},"up":{"uv":[0,0.5,0.5,5.5],"texture":"#1","tintindex":0},"down":{"uv":[5.5,2.5,6,7.5],"texture":"#1","tintindex":0}}},{"from":[5,9,3],"to":[6,11,13],"rotation":{"angle":45,"axis":"y","origin":[8,10,8]},"faces":{"north":{"uv":[5,11,6,11.5],"rotation":90,"texture":"#1","tintindex":0},"east":{"uv":[6,11,5,16],"rotation":90,"texture":"#1","tintindex":0},"south":{"uv":[5,11,6,11.5],"rotation":90,"texture":"#1","tintindex":0},"west":{"uv":[5,11,6,16],"rotation":90,"texture":"#1","tintindex":0},"up":{"uv":[1,0.5,1.5,5.5],"texture":"#1","tintindex":0},"down":{"uv":[5.5,2.5,6,7.5],"texture":"#1","tintindex":0}}},{"from":[9,9,3],"to":[10,11,13],"rotation":{"angle":45,"axis":"y","origin":[8,10,8]},"faces":{"north":{"uv":[5,11,6,11.5],"rotation":90,"texture":"#1","tintindex":0},"east":{"uv":[6,11,5,16],"rotation":90,"texture":"#1","tintindex":0},"south":{"uv":[5,11,6,11.5],"rotation":90,"texture":"#1","tintindex":0},"west":{"uv":[5,11,6,16],"rotation":90,"texture":"#1","tintindex":0},"up":{"uv":[1,0.5,1.5,5.5],"texture":"#1","tintindex":0},"down":{"uv":[6.5,3,7,8],"texture":"#1","tintindex":0}}},{"from":[7,9,3],"to":[8,11,13],"rotation":{"angle":45,"axis":"y","origin":[8,10,8]},"faces":{"north":{"uv":[5,11,6,11.5],"rotation":90,"texture":"#1","tintindex":0},"east":{"uv":[6,11,5,16],"rotation":90,"texture":"#1","tintindex":0},"south":{"uv":[5,11,6,11.5],"rotation":90,"texture":"#1","tintindex":0},"west":{"uv":[5,11,6,16],"rotation":90,"texture":"#1","tintindex":0},"up":{"uv":[2,0.5,2.5,5.5],"texture":"#1","tintindex":0},"down":{"uv":[6.5,3,7,8],"texture":"#1","tintindex":0}}},{"from":[8.82843,9,0.17157],"to":[9.82843,11,10.17157],"rotation":{"angle":45,"axis":"y","origin":[10.82843,10,5.17157]},"faces":{"north":{"uv":[5.5,9,4.5,9.5],"rotation":90,"texture":"#1"},"east":{"uv":[6,11,5,16],"rotation":90,"texture":"#1"},"south":{"uv":[5.5,9,4.5,9.5],"rotation":90,"texture":"#1"},"west":{"uv":[5,11,6,16],"rotation":90,"texture":"#1"},"up":{"uv":[0.5,0.5,1,5.5],"texture":"#1"},"down":{"uv":[0.5,0.5,1,5.5],"texture":"#1"}}},{"from":[10.41421,9,1.58579],"to":[11.41421,11,11.58579],"rotation":{"angle":45,"axis":"y","origin":[9.41421,10,6.58579]},"faces":{"north":{"uv":[5,11,6,11.5],"rotation":90,"texture":"#1","tintindex":0},"east":{"uv":[6,11,5,16],"rotation":90,"texture":"#1","tintindex":0},"south":{"uv":[5,11,6,11.5],"rotation":90,"texture":"#1","tintindex":0},"west":{"uv":[5,11,6,16],"rotation":90,"texture":"#1","tintindex":0},"up":{"uv":[1,0.5,1.5,5.5],"texture":"#1","tintindex":0},"down":{"uv":[6.5,3,7,8],"texture":"#1","tintindex":0}}},{"from":[2,0,7],"to":[4,10,9],"rotation":{"angle":-22.5,"axis":"z","origin":[2,2,15]},"faces":{"north":{"uv":[5.25,1.375,5.125,2.0625],"texture":"#7"},"east":{"uv":[5.125,1.375,5.25,2.0625],"texture":"#7"},"south":{"uv":[5.25,1.375,5.125,2.0625],"texture":"#7"},"west":{"uv":[5.125,1.375,5.25,2.0625],"texture":"#7"},"up":{"uv":[5.125,1.375,5.25,1.5],"texture":"#7"},"down":{"uv":[5.125,1.375,5.25,1.5],"texture":"#7"}}},{"from":[12,0,7],"to":[14,10,9],"rotation":{"angle":22.5,"axis":"z","origin":[14,2,15]},"faces":{"north":{"uv":[5.25,1.375,5.125,2.0625],"texture":"#7"},"east":{"uv":[5.125,1.375,5.25,2.0625],"texture":"#7"},"south":{"uv":[5.25,1.375,5.125,2.0625],"texture":"#7"},"west":{"uv":[5.125,1.375,5.25,2.0625],"texture":"#7"},"up":{"uv":[5.125,1.375,5.25,1.5],"texture":"#7"},"down":{"uv":[5.125,1.375,5.25,1.5],"texture":"#7"}}},{"from":[7,0,12],"to":[9,10,14],"rotation":{"angle":-22.5,"axis":"x","origin":[1,2,14]},"faces":{"north":{"uv":[5.25,1.375,5.125,2.0625],"texture":"#7"},"east":{"uv":[5.125,1.375,5.25,2.0625],"texture":"#7"},"south":{"uv":[5.25,1.375,5.125,2.0625],"texture":"#7"},"west":{"uv":[5.125,1.375,5.25,2.0625],"texture":"#7"},"up":{"uv":[5.125,1.375,5.25,1.5],"texture":"#7"},"down":{"uv":[5.125,1.375,5.25,1.5],"texture":"#7"}}},{"from":[7,0,2],"to":[9,11,4],"rotation":{"angle":22.5,"axis":"x","origin":[1,2,2]},"faces":{"north":{"uv":[5.25,1.375,5.125,2.0625],"texture":"#7"},"east":{"uv":[5.125,1.375,5.25,2.0625],"texture":"#7"},"south":{"uv":[5.25,1.375,5.125,2.0625],"texture":"#7"},"west":{"uv":[5.125,1.375,5.25,2.0625],"texture":"#7"},"up":{"uv":[5.125,1.375,5.25,1.5],"texture":"#7"},"down":{"uv":[5.125,1.375,5.25,1.5],"texture":"#7"}}}],"display":{"thirdperson_righthand":{"rotation":[75,45,0],"translation":[0,1.5,1],"scale":[0.42383,0.42383,0.42383]},"thirdperson_lefthand":{"rotation":[75,45,0],"translation":[0,1.5,1],"scale":[0.42383,0.42383,0.42383]},"firstperson_righthand":{"rotation":[0,45,0],"translation":[2,1.75,0],"scale":[0.35313,0.35313,0.35313]},"firstperson_lefthand":{"rotation":[0,45,0],"translation":[2,1.75,0],"scale":[0.35313,0.35313,0.35313]},"ground":{"translation":[0,4,0],"scale":[0.58594,0.58594,0.58594]},"gui":{"rotation":[-150.84,-0.01,-179.71],"translation":[0,1,0],"scale":[0.75977,0.75977,0.75977]},"head":{"rotation":[-180,-45,-180],"translation":[0,-30.15,0],"scale":[1.6,1.6,1.6]},"fixed":{"rotation":[90,-45,-180],"translation":[0,0,-16],"scale":[2,2,2]}},"mcmodels":"e000c60207ad4a1a2a96169b5d36d4e4"}