{"credit":"Created By Yassou","textures":{"2":"summer_furnitures:mini_torch","8":"summer_furnitures:fire_anim","particle":"summer_furnitures:mini_torch"},"elements":[{"from":[6.5,6.5,6.5],"to":[9.5,9,9.5],"rotation":{"angle":0,"axis":"x","origin":[8,10.15849,7.99763]},"faces":{"north":{"uv":[8,9,11,12],"texture":"#2"},"east":{"uv":[0,11,3,14],"texture":"#2"},"south":{"uv":[8,9,11,12],"texture":"#2"},"west":{"uv":[0,11,3,14],"texture":"#2"},"up":{"uv":[6,14,3,11],"texture":"#2"},"down":{"uv":[14,9,11,12],"texture":"#2"}}},{"from":[6,9,6],"to":[10,10,10],"rotation":{"angle":0,"axis":"x","origin":[8,10.15849,7.99763]},"faces":{"north":{"uv":[12,2,16,3],"texture":"#2"},"east":{"uv":[12,3,16,4],"texture":"#2"},"south":{"uv":[12,2,16,3],"texture":"#2"},"west":{"uv":[12,3,16,4],"texture":"#2"},"up":{"uv":[8,4,4,0],"texture":"#2"},"down":{"uv":[8,4,4,8],"texture":"#2"}}},{"from":[2,10.0628,8.60891],"to":[14,22.0628,8.60891],"rotation":{"angle":0,"axis":"x","origin":[8,10.15849,7.99763]},"faces":{"north":{"uv":[0,0,16,16],"texture":"#8"},"east":{"uv":[0,0,0,4.25],"texture":"#8"},"south":{"uv":[0,0,16,16],"texture":"#8"},"west":{"uv":[0,0,0,4.25],"texture":"#8"},"up":{"uv":[4.5,0,0,0],"texture":"#8"},"down":{"uv":[4.5,0,0,0],"texture":"#8"}}},{"from":[8,10.0628,2.10891],"to":[8,22.0628,14.10891],"rotation":{"angle":0,"axis":"x","origin":[8,10.15849,7.99763]},"faces":{"north":{"uv":[0,0,0,4.25],"texture":"#8"},"east":{"uv":[0,0,16,16],"texture":"#8"},"south":{"uv":[0,0,0,4.25],"texture":"#8"},"west":{"uv":[0,0,16,16],"texture":"#8"},"up":{"uv":[4.5,0,0,0],"rotation":270,"texture":"#8"},"down":{"uv":[4.5,0,0,0],"rotation":90,"texture":"#8"}}},{"from":[6,10,6],"to":[6,13,10],"rotation":{"angle":0,"axis":"x","origin":[8,10.15849,7.99763]},"faces":{"north":{"uv":[0,0,0,3],"texture":"#2"},"east":{"uv":[8,0,12,3],"texture":"#2"},"south":{"uv":[0,0,0,3],"texture":"#2"},"west":{"uv":[8,3,12,6],"texture":"#2"},"up":{"uv":[0,4,0,0],"texture":"#2"},"down":{"uv":[0,0,0,4],"texture":"#2"}}},{"from":[10,10,6],"to":[10,13,10],"rotation":{"angle":0,"axis":"x","origin":[8,10.15849,7.99763]},"faces":{"north":{"uv":[0,0,0,3],"texture":"#2"},"east":{"uv":[4,8,8,11],"texture":"#2"},"south":{"uv":[0,0,0,3],"texture":"#2"},"west":{"uv":[8,6,12,9],"texture":"#2"},"up":{"uv":[0,4,0,0],"texture":"#2"},"down":{"uv":[0,0,0,4],"texture":"#2"}}},{"from":[6,10,6],"to":[10,13,6],"rotation":{"angle":0,"axis":"x","origin":[8,10.15849,7.99763]},"faces":{"north":{"uv":[4,8,8,11],"texture":"#2"},"east":{"uv":[0,0,0,3],"texture":"#2"},"south":{"uv":[8,6,12,9],"texture":"#2"},"west":{"uv":[0,0,0,3],"texture":"#2"},"up":{"uv":[0,4,0,0],"texture":"#2"},"down":{"uv":[0,0,0,4],"texture":"#2"}}},{"from":[6,10,9.999],"to":[10,13,9.999],"rotation":{"angle":0,"axis":"x","origin":[8,10.15849,7.99763]},"faces":{"north":{"uv":[4,8,8,11],"texture":"#2"},"east":{"uv":[0,0,0,3],"texture":"#2"},"south":{"uv":[8,6,12,9],"texture":"#2"},"west":{"uv":[0,0,0,3],"texture":"#2"},"up":{"uv":[0,4,0,0],"texture":"#2"},"down":{"uv":[0,0,0,4],"texture":"#2"}}},{"from":[7,0,7],"to":[9,8,9],"rotation":{"angle":0,"axis":"x","origin":[8,10.15849,7.99763]},"faces":{"north":{"uv":[0,0,2,8],"texture":"#2"},"east":{"uv":[2,0,4,8],"texture":"#2"},"south":{"uv":[0,0,2,8],"texture":"#2"},"west":{"uv":[2,0,4,8],"texture":"#2"},"up":{"uv":[8,13,6,11],"texture":"#2"},"down":{"uv":[14,0,12,2],"texture":"#2"}}}],"display":{"thirdperson_righthand":{"rotation":[19.25,0,0],"translation":[0,3,2],"scale":[0.61523,0.61523,0.61523]},"thirdperson_lefthand":{"rotation":[19.25,0,0],"translation":[0,3,2],"scale":[0.61523,0.61523,0.61523]},"firstperson_righthand":{"translation":[2,2.25,0],"scale":[0.34571,0.34571,0.34571]},"firstperson_lefthand":{"translation":[2,2.25,0],"scale":[0.34571,0.34571,0.34571]},"ground":{"translation":[1.25,1,-0.5],"scale":[0.61914,0.61914,0.61914]},"gui":{"rotation":[-150.71,-45.32,179.02],"translation":[0.25,-2,0],"scale":[0.72656,0.72656,0.72656]},"head":{"translation":[0,-30.4,0],"scale":[1.6,1.6,1.6]},"fixed":{"rotation":[-90,180,0],"translation":[0,0,-16],"scale":[2,2,2]}},"mcmodels":"e000c60207ad4a1a2a96169b5d36d4e4"}