{"credit":"Created By Yassou","texture_size":[32,32],"textures":{"3":"summer_furnitures:orange_juce"},"elements":[{"from":[9,0,7],"to":[12,1,10],"rotation":{"angle":0,"axis":"y","origin":[10,0,7]},"faces":{"north":{"uv":[6,6,7.5,6.5],"texture":"#3"},"east":{"uv":[4.5,6.5,6,7],"texture":"#3"},"south":{"uv":[6,6.5,7.5,7],"texture":"#3"},"west":{"uv":[4.5,7,6,7.5],"texture":"#3"},"up":{"uv":[6,6.5,4.5,5],"texture":"#3"},"down":{"uv":[1.5,6,0,7.5],"texture":"#3"}}},{"from":[9,4,7],"to":[12,4,10],"rotation":{"angle":0,"axis":"y","origin":[10,3,7]},"faces":{"north":{"uv":[6,6,7.5,6.5],"texture":"#3"},"east":{"uv":[4.5,6.5,6,7],"texture":"#3"},"south":{"uv":[6,6.5,7.5,7],"texture":"#3"},"west":{"uv":[4.5,7,6,7.5],"texture":"#3"},"up":{"uv":[6,6.5,4.5,5],"texture":"#3"},"down":{"uv":[1.5,6,0,7.5],"texture":"#3"}}},{"from":[10,1,8],"to":[11,4,9],"rotation":{"angle":0,"axis":"y","origin":[9,1,8]},"faces":{"north":{"uv":[6,7,6.5,8.5],"texture":"#3"},"east":{"uv":[6.5,7,7,8.5],"texture":"#3"},"south":{"uv":[7,7,7.5,8.5],"texture":"#3"},"west":{"uv":[0,7.5,0.5,9],"texture":"#3"},"up":{"uv":[8,0.5,7.5,0],"texture":"#3"},"down":{"uv":[1,7.5,0.5,8],"texture":"#3"}}},{"from":[9.2,4.2,7.2],"to":[11.8,7.9,9.8],"rotation":{"angle":0,"axis":"y","origin":[9,3.9,8]},"faces":{"north":{"uv":[4.5,10,5.95,11.85],"texture":"#3"},"east":{"uv":[4.5,10,5.95,11.85],"texture":"#3"},"south":{"uv":[4.5,10,5.95,11.85],"texture":"#3"},"west":{"uv":[4.5,10,5.95,11.85],"texture":"#3"},"up":{"uv":[7.5,12.5,6,11],"texture":"#3"},"down":{"uv":[7.5,11,6,12.5],"texture":"#3"}}},{"from":[9.1,4.1,7],"to":[11.9,9.9,10],"rotation":{"angle":0,"axis":"y","origin":[9,3.9,8]},"faces":{"north":{"uv":[8,3,9.5,6],"texture":"#3"},"east":{"uv":[8,0,9.5,3],"texture":"#3"},"south":{"uv":[8,3,9.5,6],"texture":"#3"},"west":{"uv":[8,0,9.5,3],"texture":"#3"},"up":{"uv":[14,1.5,12.5,0],"texture":"#3"},"down":{"uv":[14,1.5,12.5,3],"texture":"#3"}}},{"from":[11.5,7.2,8.1],"to":[12.5,13,9.1],"rotation":{"angle":22.5,"axis":"z","origin":[10.5,4,8]},"faces":{"north":{"uv":[7.5,7,8,9.9],"texture":"#3"},"east":{"uv":[7.5,7,8,9.9],"texture":"#3"},"south":{"uv":[7.5,7,8,9.9],"texture":"#3"},"west":{"uv":[7.5,7,8,9.9],"texture":"#3"},"up":{"uv":[15,1.5,14.5,1],"texture":"#3"},"down":{"uv":[15,2.5,14.5,3],"texture":"#3"}}},{"name":"cube_outline","from":[12,10,10],"to":[9,4,7],"rotation":{"angle":0,"axis":"y","origin":[9,4,8]},"faces":{"north":{"uv":[0,0,1.5,3],"texture":"#3"},"east":{"uv":[1.5,0,3,3],"texture":"#3"},"south":{"uv":[0,3,1.5,6],"texture":"#3"},"west":{"uv":[3,0,4.5,3],"texture":"#3"},"up":{"uv":[7.5,1.5,6,0],"texture":"#3"},"down":{"uv":[3,6,1.5,7.5],"texture":"#3"}}},{"name":"cube_outline","from":[12.5,13,9.1],"to":[11.5,7.2,8.1],"rotation":{"angle":22.5,"axis":"z","origin":[10.5,4,8]},"faces":{"north":{"uv":[7.5,7,8,9.9],"rotation":180,"texture":"#3"},"east":{"uv":[7.5,7,8,9.9],"rotation":180,"texture":"#3"},"south":{"uv":[7.5,7,8,9.9],"rotation":180,"texture":"#3"},"west":{"uv":[7.5,7,8,9.9],"rotation":180,"texture":"#3"},"up":{"uv":[15,2.5,14.5,3],"rotation":180,"texture":"#3"},"down":{"uv":[15,1.5,14.5,1],"rotation":180,"texture":"#3"}}}],"display":{"thirdperson_righthand":{"rotation":[67.25,45,0],"translation":[-1,1.5,4.5],"scale":[0.79883,0.79883,0.79883]},"thirdperson_lefthand":{"rotation":[67.25,45,0],"translation":[0.75,4.25,3.75],"scale":[0.79883,0.79883,0.79883]},"firstperson_righthand":{"rotation":[-180,84,-180],"translation":[2.75,2.75,0],"scale":[0.60313,0.60313,0.60313]},"firstperson_lefthand":{"rotation":[-180,84,-180],"translation":[2.75,2.75,0],"scale":[0.60313,0.60313,0.60313]},"ground":{"translation":[0,3,0],"scale":[0.74414,0.74414,0.74414]},"gui":{"rotation":[30,225,0],"translation":[2,1.25,0],"scale":[1.05273,1.05273,1.05273]},"head":{"rotation":[-180,0,-180],"translation":[0,-30.4,0],"scale":[1.6,1.6,1.6]},"fixed":{"rotation":[-90,180,0],"translation":[0,0,-16],"scale":[2,2,2]}},"mcmodels":"e000c60207ad4a1a2a96169b5d36d4e4"}