{"credit":"Created By Yassou","texture_size":[64,64],"textures":{"2":"summer_furnitures:palm_tree"},"elements":[{"from":[-7.32977,-9.62732,4.96],"to":[-1.32977,1.37268,10.96],"rotation":{"angle":-22.5,"axis":"z","origin":[1.51918,7.53399,7.96]},"faces":{"north":{"uv":[0,9,1.5,11.75],"texture":"#2"},"east":{"uv":[0,9,1.5,11.75],"texture":"#2"},"south":{"uv":[0,9,1.5,11.75],"texture":"#2"},"west":{"uv":[0,9,1.5,11.75],"texture":"#2"},"up":{"uv":[7.5,11.5,6,10],"texture":"#2"},"down":{"uv":[9,10,7.5,11.5],"texture":"#2"}}},{"from":[-4.28836,-1.53467,4.97],"to":[1.69164,9.44533,10.95],"rotation":{"angle":-45,"axis":"z","origin":[1.51918,7.53399,7.96]},"faces":{"north":{"uv":[0,9,1.5,11.75],"texture":"#2"},"east":{"uv":[0,9,1.5,11.75],"texture":"#2"},"south":{"uv":[0,9,1.5,11.75],"texture":"#2"},"west":{"uv":[0,9,1.5,11.75],"texture":"#2"},"up":{"uv":[10.5,11.5,9,10],"texture":"#2"},"down":{"uv":[12,10,10.5,11.5],"texture":"#2"}}},{"from":[-0.58125,8.75822,5.97],"to":[1.39875,17.73822,9.95],"rotation":{"angle":-45,"axis":"z","origin":[1.51918,7.53399,7.96]},"faces":{"north":{"uv":[3.5,11.5,4,13.75],"texture":"#2"},"east":{"uv":[1.5,11.25,2.5,13.5],"texture":"#2"},"south":{"uv":[4,11.5,4.5,13.75],"texture":"#2"},"west":{"uv":[2.5,11.5,3.5,13.75],"texture":"#2"},"up":{"uv":[6,12.5,5.5,11.5],"texture":"#2"},"down":{"uv":[6.5,11.5,6,12.5],"texture":"#2"}}},{"from":[1.068,9.64395,5.96],"to":[12.068,13.64395,9.96],"rotation":{"angle":22.5,"axis":"z","origin":[1.51918,7.53399,7.96]},"faces":{"north":{"uv":[3,9,5.75,10],"texture":"#2"},"east":{"uv":[11.25,9,12.25,10],"texture":"#2"},"south":{"uv":[3,9,5.75,10],"texture":"#2"},"west":{"uv":[4.5,11.5,5.5,12.5],"texture":"#2"},"up":{"uv":[8.5,10,5.75,9],"texture":"#2"},"down":{"uv":[11.25,9,8.5,10],"texture":"#2"}}},{"from":[12.068,10.64395,6.96],"to":[15.7336,12.64395,8.96],"rotation":{"angle":22.5,"axis":"z","origin":[1.51918,7.53399,7.96]},"faces":{"north":{"uv":[6.5,11.5,7.5,12],"texture":"#2"},"east":{"uv":[10.5,11.5,11,12],"texture":"#2"},"south":{"uv":[7.5,11.5,8.5,12],"texture":"#2"},"west":{"uv":[11,11.5,11.5,12],"texture":"#2"},"up":{"uv":[9.5,12,8.5,11.5],"texture":"#2"},"down":{"uv":[10.5,11.5,9.5,12],"texture":"#2"}}},{"from":[-0.5227,14.18126,-6.64],"to":[26.1429,14.18126,21.36],"rotation":{"angle":22.5,"axis":"z","origin":[3.9773,14.18126,7.36]},"faces":{"north":{"uv":[0,0,6.75,0],"texture":"#2"},"east":{"uv":[0,0,0,9],"texture":"#2"},"south":{"uv":[0,0,6.75,0],"texture":"#2"},"west":{"uv":[0,0,0,9],"texture":"#2"},"up":{"uv":[7.75,8,14.4164,1],"texture":"#2"},"down":{"uv":[7.75,1,14.4164,8],"texture":"#2"}}},{"from":[-0.5227,18.78126,-5.94],"to":[26.1429,18.78126,22.06],"rotation":{"angle":45,"axis":"x","origin":[3.9773,18.78126,8.06]},"faces":{"north":{"uv":[0,0,6.75,0],"texture":"#2"},"east":{"uv":[0,0,0,9],"texture":"#2"},"south":{"uv":[0,0,6.75,0],"texture":"#2"},"west":{"uv":[0,0,0,9],"texture":"#2"},"up":{"uv":[7.75,8,14.4164,1],"texture":"#2"},"down":{"uv":[7.75,1,14.4164,8],"texture":"#2"}}},{"from":[-0.50977,3,8.06],"to":[26.15583,31,8.06],"rotation":{"angle":22.5,"axis":"z","origin":[12.82303,17.92699,8.06]},"faces":{"north":{"uv":[7.75,8,14.4164,1],"rotation":180,"texture":"#2"},"east":{"uv":[0,0,0,9],"rotation":270,"texture":"#2"},"south":{"uv":[7.75,1,14.4164,8],"texture":"#2"},"west":{"uv":[0,0,0,9],"rotation":90,"texture":"#2"},"up":{"uv":[0,0,6.75,0],"rotation":180,"texture":"#2"},"down":{"uv":[0,0,6.75,0],"texture":"#2"}}},{"from":[-0.6227,18.58126,-6.04],"to":[26.0429,18.58126,21.96],"rotation":{"angle":-22.5,"axis":"x","origin":[3.8773,18.58126,7.96]},"faces":{"north":{"uv":[0,0,6.75,0],"rotation":180,"texture":"#2"},"east":{"uv":[0,0,0,9],"rotation":180,"texture":"#2"},"south":{"uv":[0,0,6.75,0],"rotation":180,"texture":"#2"},"west":{"uv":[0,0,0,9],"rotation":180,"texture":"#2"},"up":{"uv":[7.75,1,14.4164,8],"texture":"#2"},"down":{"uv":[7.75,8,14.4164,1],"texture":"#2"}}}],"display":{"thirdperson_righthand":{"rotation":[85.75,82.35,-4.74],"translation":[0.25,4.25,1.75],"scale":[0.25195,0.25195,0.25195]},"thirdperson_lefthand":{"rotation":[-117.38,-84.92,165.32],"translation":[0.25,4.25,1.25],"scale":[0.25195,0.25195,0.25195]},"firstperson_righthand":{"rotation":[0,85,0],"translation":[2,2,0],"scale":[0.13477,0.13477,0.13477]},"firstperson_lefthand":{"rotation":[-180,-78.5,180],"translation":[2,2,0],"scale":[0.13477,0.13477,0.13477]},"ground":{"translation":[3.75,5,0],"scale":[0.35938,0.35938,0.35938]},"gui":{"rotation":[-158.43,-25.21,-177.29],"translation":[0.25,0.25,0],"scale":[0.33398,0.33398,0.33398]},"head":{"rotation":[-180,90,-157.5],"translation":[0.05,-11.15,-18.65],"scale":[1.6,1.6,1.6]},"fixed":{"rotation":[-67.5,90,0],"translation":[0,-18.65,-32.05],"scale":[1.6,1.6,1.6]}},"mcmodels":"e000c60207ad4a1a2a96169b5d36d4e4"}