{"credit":"Created By Yassou","texture_size":[64,64],"textures":{"2":"summer_furnitures:palm_tree"},"elements":[{"from":[5,0,5],"to":[11,16,11],"rotation":{"angle":0,"axis":"z","origin":[8,4.5,8]},"faces":{"north":{"uv":[4.75,12,6.25,16],"texture":"#2"},"east":{"uv":[4.75,12,6.25,16],"texture":"#2"},"south":{"uv":[4.75,12,6.25,16],"texture":"#2"},"west":{"uv":[4.75,12,6.25,16],"texture":"#2"},"up":{"uv":[4,15.75,2.5,14.25],"texture":"#2"},"down":{"uv":[4,15.75,2.5,14.25],"texture":"#2"}}}],"display":{"thirdperson_righthand":{"rotation":[75,45,0],"translation":[0,1.75,0],"scale":[0.375,0.375,0.375]},"thirdperson_lefthand":{"rotation":[75,45,0],"translation":[0,1.75,0],"scale":[0.375,0.375,0.375]},"firstperson_righthand":{"rotation":[0,45,0],"scale":[0.4,0.4,0.4]},"firstperson_lefthand":{"rotation":[0,225,0],"scale":[0.4,0.4,0.4]},"ground":{"translation":[3.75,5,0],"scale":[0.35938,0.35938,0.35938]},"gui":{"rotation":[30,225,0],"scale":[0.68555,0.68555,0.68555]},"head":{"rotation":[-180,0,-180],"translation":[0,-30.4,0],"scale":[1.6,1.6,1.6]},"fixed":{"rotation":[-90,180,0],"translation":[0,0,-16],"scale":[2,2,2]}},"mcmodels":"e000c60207ad4a1a2a96169b5d36d4e4"}