{"credit":"Created By Yassou","texture_size":[128,128],"textures":{"1":"summer_furnitures:parasol_fabric","20":"summer_furnitures:straw_parasol","particle":"summer_furnitures:parasol_fabric"},"elements":[{"from":[-4.17377,28.23335,-16],"to":[19.82623,28.23335,32],"rotation":{"angle":-22.5,"axis":"z","origin":[6.5,1,7]},"faces":{"north":{"uv":[6,0.25,9,0.5],"texture":"#1","tintindex":0},"east":{"uv":[0,6,6,6.25],"texture":"#1","tintindex":0},"south":{"uv":[6,0.5,9,0.75],"texture":"#1","tintindex":0},"west":{"uv":[6,0,12,0.25],"texture":"#1","tintindex":0},"up":{"uv":[6.375,6,3.375,0],"texture":"#1","tintindex":0},"down":{"uv":[6.375,0,3.375,6],"texture":"#1","tintindex":0}}},{"from":[-4.17377,28.23335,-16],"to":[19.82623,28.23335,32],"rotation":{"angle":-22.5,"axis":"z","origin":[6.5,1,7]},"faces":{"north":{"uv":[6,0.25,9,0.5],"texture":"#1"},"east":{"uv":[0,6,6,6.25],"texture":"#1"},"south":{"uv":[6,0.5,9,0.75],"texture":"#1"},"west":{"uv":[6,0,12,0.25],"texture":"#1"},"up":{"uv":[3,6,0,0],"texture":"#1"},"down":{"uv":[3,0,0,6],"texture":"#1"}}},{"from":[-16,28.23335,-3.82623],"to":[32,28.23335,20.17377],"rotation":{"angle":-22.5,"axis":"x","origin":[9,1,9.5]},"faces":{"north":{"uv":[6,6,0,6.25],"texture":"#1"},"east":{"uv":[9,0.25,6,0.5],"texture":"#1"},"south":{"uv":[12,0,6,0.25],"texture":"#1"},"west":{"uv":[9,0.5,6,0.75],"texture":"#1"},"up":{"uv":[0,6,3,0],"rotation":90,"texture":"#1"},"down":{"uv":[3,6,0,0],"rotation":90,"texture":"#1"}}},{"from":[-16,28.23335,-3.82623],"to":[32,28.23335,20.17377],"rotation":{"angle":-22.5,"axis":"x","origin":[9,1,9.5]},"faces":{"north":{"uv":[6,6,0,6.25],"texture":"#1","tintindex":0},"east":{"uv":[9,0.25,6,0.5],"texture":"#1","tintindex":0},"south":{"uv":[12,0,6,0.25],"texture":"#1","tintindex":0},"west":{"uv":[9,0.5,6,0.75],"texture":"#1","tintindex":0},"up":{"uv":[3.375,6,6.375,0],"rotation":90,"texture":"#1","tintindex":0},"down":{"uv":[6.375,6,3.375,0],"rotation":90,"texture":"#1","tintindex":0}}},{"from":[-16,28.23335,-4.17377],"to":[32,28.23335,19.82623],"rotation":{"angle":22.5,"axis":"x","origin":[9,1,6.5]},"faces":{"north":{"uv":[6,0,12,0.25],"texture":"#1"},"east":{"uv":[6,0.25,9,0.5],"texture":"#1"},"south":{"uv":[0,6,6,6.25],"texture":"#1"},"west":{"uv":[6,0.5,9,0.75],"texture":"#1"},"up":{"uv":[3,6,0,0],"rotation":90,"texture":"#1"},"down":{"uv":[0,6,3,0],"rotation":90,"texture":"#1"}}},{"from":[-16,28.23335,-4.17377],"to":[32,28.23335,19.82623],"rotation":{"angle":22.5,"axis":"x","origin":[9,1,6.5]},"faces":{"north":{"uv":[6,0,12,0.25],"texture":"#1","tintindex":0},"east":{"uv":[6,0.25,9,0.5],"texture":"#1","tintindex":0},"south":{"uv":[0,6,6,6.25],"texture":"#1","tintindex":0},"west":{"uv":[6,0.5,9,0.75],"texture":"#1","tintindex":0},"up":{"uv":[6.375,6,3.375,0],"rotation":90,"texture":"#1","tintindex":0},"down":{"uv":[3.375,6,6.375,0],"rotation":90,"texture":"#1","tintindex":0}}},{"from":[-4.32623,28.23335,-16],"to":[19.67377,28.23335,32],"rotation":{"angle":22.5,"axis":"z","origin":[9,1,7]},"faces":{"north":{"uv":[9,0.25,6,0.5],"texture":"#1"},"east":{"uv":[12,0,6,0.25],"texture":"#1"},"south":{"uv":[9,0.5,6,0.75],"texture":"#1"},"west":{"uv":[6,6,0,6.25],"texture":"#1"},"up":{"uv":[0,6,3,0],"texture":"#1"},"down":{"uv":[0,0,3,6],"texture":"#1"}}},{"from":[-4.32623,28.23335,-16],"to":[19.67377,28.23335,32],"rotation":{"angle":22.5,"axis":"z","origin":[9,1,7]},"faces":{"north":{"uv":[9,0.25,6,0.5],"texture":"#1","tintindex":0},"east":{"uv":[12,0,6,0.25],"texture":"#1","tintindex":0},"south":{"uv":[9,0.5,6,0.75],"texture":"#1","tintindex":0},"west":{"uv":[6,6,0,6.25],"texture":"#1","tintindex":0},"up":{"uv":[3.375,6,6.375,0],"texture":"#1","tintindex":0},"down":{"uv":[3.375,0,6.375,6],"texture":"#1","tintindex":0}}},{"from":[-14.88201,15.28989,-16],"to":[-14.88201,21.28989,32],"rotation":{"angle":-22.5,"axis":"z","origin":[-14.88201,18.28989,8]},"faces":{"north":{"uv":[9,0.25,6,0.5],"rotation":90,"texture":"#1"},"east":{"uv":[0.75,7,1.5,13],"rotation":270,"texture":"#1"},"south":{"uv":[9,0.5,6,0.75],"rotation":270,"texture":"#1"},"west":{"uv":[0.75,13,1.5,7],"rotation":270,"texture":"#1"},"up":{"uv":[12,0,6,0.25],"rotation":270,"texture":"#1"},"down":{"uv":[6,6,0,6.25],"rotation":270,"texture":"#1"}}},{"from":[-14.88201,15.28989,-16],"to":[-14.88201,21.28989,32],"rotation":{"angle":-22.5,"axis":"z","origin":[-14.88201,18.28989,8]},"faces":{"north":{"uv":[9,0.25,6,0.5],"rotation":90,"texture":"#1","tintindex":0},"east":{"uv":[4.125,7,4.875,13],"rotation":270,"texture":"#1","tintindex":0},"south":{"uv":[9,0.5,6,0.75],"rotation":270,"texture":"#1","tintindex":0},"west":{"uv":[4.125,13,4.875,7],"rotation":270,"texture":"#1","tintindex":0},"up":{"uv":[12,0,6,0.25],"rotation":270,"texture":"#1","tintindex":0},"down":{"uv":[6,6,0,6.25],"rotation":270,"texture":"#1","tintindex":0}}},{"from":[-16,15.28989,-14.38201],"to":[32,21.28989,-14.38201],"rotation":{"angle":22.5,"axis":"x","origin":[10.91446,18.28989,-14.38201]},"faces":{"north":{"uv":[0.75,13,1.5,7],"rotation":270,"texture":"#1"},"east":{"uv":[9,0.25,6,0.5],"rotation":90,"texture":"#1"},"south":{"uv":[0.75,7,1.5,13],"rotation":270,"texture":"#1"},"west":{"uv":[9,0.5,6,0.75],"rotation":270,"texture":"#1"},"up":{"uv":[12,0,6,0.25],"texture":"#1"},"down":{"uv":[6,6,0,6.25],"rotation":180,"texture":"#1"}}},{"from":[-16,15.28989,-14.38201],"to":[32,21.28989,-14.38201],"rotation":{"angle":22.5,"axis":"x","origin":[10.91446,18.28989,-14.38201]},"faces":{"north":{"uv":[4.125,13,4.875,7],"rotation":270,"texture":"#1","tintindex":0},"east":{"uv":[9,0.25,6,0.5],"rotation":90,"texture":"#1","tintindex":0},"south":{"uv":[4.125,7,4.875,13],"rotation":270,"texture":"#1","tintindex":0},"west":{"uv":[9,0.5,6,0.75],"rotation":270,"texture":"#1","tintindex":0},"up":{"uv":[12,0,6,0.25],"texture":"#1","tintindex":0},"down":{"uv":[6,6,0,6.25],"rotation":180,"texture":"#1","tintindex":0}}},{"from":[-16,15.28989,30.38201],"to":[32,21.28989,30.38201],"rotation":{"angle":-22.5,"axis":"x","origin":[10.91446,18.28989,30.38201]},"faces":{"north":{"uv":[0.75,13,1.5,7],"rotation":270,"texture":"#1"},"east":{"uv":[9,0.5,6,0.25],"rotation":90,"texture":"#1"},"south":{"uv":[0.75,7,1.5,13],"rotation":270,"texture":"#1"},"west":{"uv":[9,0.75,6,0.5],"rotation":270,"texture":"#1"},"up":{"uv":[12,0.25,6,0],"texture":"#1"},"down":{"uv":[6,6.25,0,6],"rotation":180,"texture":"#1"}}},{"from":[-16,15.28989,30.38201],"to":[32,21.28989,30.38201],"rotation":{"angle":-22.5,"axis":"x","origin":[10.91446,18.28989,30.38201]},"faces":{"north":{"uv":[4.125,13,4.875,7],"rotation":270,"texture":"#1","tintindex":0},"east":{"uv":[9,0.5,6,0.25],"rotation":90,"texture":"#1","tintindex":0},"south":{"uv":[4.125,7,4.875,13],"rotation":270,"texture":"#1","tintindex":0},"west":{"uv":[9,0.75,6,0.5],"rotation":270,"texture":"#1","tintindex":0},"up":{"uv":[12,0.25,6,0],"texture":"#1","tintindex":0},"down":{"uv":[6,6.25,0,6],"rotation":180,"texture":"#1","tintindex":0}}},{"from":[28.65829,6.62881,-16],"to":[28.65829,12.62881,32],"rotation":{"angle":22.5,"axis":"z","origin":[7.74954,18.2897,8]},"faces":{"north":{"uv":[9,0.5,6,0.25],"rotation":90,"texture":"#1"},"east":{"uv":[0.75,7,1.5,13],"rotation":270,"texture":"#1"},"south":{"uv":[9,0.75,6,0.5],"rotation":270,"texture":"#1"},"west":{"uv":[0.75,13,1.5,7],"rotation":270,"texture":"#1"},"up":{"uv":[12,0.25,6,0],"rotation":270,"texture":"#1"},"down":{"uv":[6,6.25,0,6],"rotation":270,"texture":"#1"}}},{"from":[28.65829,6.62881,-16],"to":[28.65829,12.62881,32],"rotation":{"angle":22.5,"axis":"z","origin":[7.74954,18.2897,8]},"faces":{"north":{"uv":[9,0.5,6,0.25],"rotation":90,"texture":"#1","tintindex":0},"east":{"uv":[4.125,7,4.875,13],"rotation":270,"texture":"#1","tintindex":0},"south":{"uv":[9,0.75,6,0.5],"rotation":270,"texture":"#1","tintindex":0},"west":{"uv":[4.125,13,4.875,7],"rotation":270,"texture":"#1","tintindex":0},"up":{"uv":[12,0.25,6,0],"rotation":270,"texture":"#1","tintindex":0},"down":{"uv":[6,6.25,0,6],"rotation":270,"texture":"#1","tintindex":0}}},{"from":[7,-16,7],"to":[9,32,9],"rotation":{"angle":0,"axis":"y","origin":[7,-4,7]},"faces":{"north":{"uv":[0,6.125,0.25,12.125],"texture":"#20"},"east":{"uv":[0.5,6.125,0.25,12.125],"texture":"#20"},"south":{"uv":[0.5,6.125,0.75,12.125],"texture":"#20"},"west":{"uv":[0.75,6.125,1,12.125],"texture":"#20"},"up":{"uv":[3.875,10.625,3.625,10.375],"texture":"#20"},"down":{"uv":[4.125,10.375,3.875,10.625],"texture":"#20"}}},{"from":[-16,20.5,6.70711],"to":[32,21.8,8.70711],"rotation":{"angle":-45,"axis":"y","origin":[7.70711,21.15,7.70711]},"faces":{"north":{"uv":[1,9.875,7,10],"texture":"#20"},"east":{"uv":[4.125,10.375,4.375,10.5],"texture":"#20"},"south":{"uv":[7,9.875,13,10],"texture":"#20"},"west":{"uv":[4.375,10.375,4.625,10.5],"texture":"#20"},"up":{"uv":[7,9.625,1,9.375],"texture":"#20"},"down":{"uv":[13,9.375,7,9.625],"texture":"#20"}}},{"from":[-16,19.5,7.30711],"to":[32,20.8,9.30711],"rotation":{"angle":45,"axis":"y","origin":[7.70711,20.15,8.30711]},"faces":{"north":{"uv":[1,9.875,7,10],"texture":"#20"},"east":{"uv":[4.125,10.375,4.375,10.5],"texture":"#20"},"south":{"uv":[7,9.875,13,10],"texture":"#20"},"west":{"uv":[4.375,10.375,4.625,10.5],"texture":"#20"},"up":{"uv":[7,9.625,1,9.375],"texture":"#20"},"down":{"uv":[13,9.375,7,9.625],"texture":"#20"}}},{"from":[-13,19.8,-10],"to":[29,21.1,-8],"rotation":{"angle":0,"axis":"y","origin":[7,1,7]},"faces":{"north":{"uv":[1,10,7,10.125],"texture":"#20"},"east":{"uv":[4.625,10.375,4.875,10.5],"texture":"#20"},"south":{"uv":[7,10,13,10.125],"texture":"#20"},"west":{"uv":[4.875,10.375,5.125,10.5],"texture":"#20"},"up":{"uv":[7,9.875,1,9.625],"texture":"#20"},"down":{"uv":[13,9.625,7,9.875],"texture":"#20"}}},{"from":[-13,19.8,24],"to":[29,21.1,26],"rotation":{"angle":0,"axis":"y","origin":[7,1,41]},"faces":{"north":{"uv":[1,10,7,10.125],"texture":"#20"},"east":{"uv":[4.625,10.375,4.875,10.5],"texture":"#20"},"south":{"uv":[7,10,13,10.125],"texture":"#20"},"west":{"uv":[4.875,10.375,5.125,10.5],"texture":"#20"},"up":{"uv":[7,9.875,1,9.625],"texture":"#20"},"down":{"uv":[13,9.625,7,9.875],"texture":"#20"}}},{"from":[24,19.6,-13],"to":[26,20.9,29],"rotation":{"angle":0,"axis":"y","origin":[8,20.25,8]},"faces":{"north":{"uv":[4.625,10.375,4.875,10.5],"texture":"#20"},"east":{"uv":[7,10,13,10.125],"texture":"#20"},"south":{"uv":[4.875,10.375,5.125,10.5],"texture":"#20"},"west":{"uv":[1,10,7,10.125],"texture":"#20"},"up":{"uv":[7,9.875,1,9.625],"rotation":270,"texture":"#20"},"down":{"uv":[13,9.625,7,9.875],"rotation":90,"texture":"#20"}}},{"from":[-10,19.7,-13],"to":[-8,21,29],"rotation":{"angle":0,"axis":"y","origin":[8,20.35,8]},"faces":{"north":{"uv":[4.625,10.375,4.875,10.5],"texture":"#20"},"east":{"uv":[7,10,13,10.125],"texture":"#20"},"south":{"uv":[4.875,10.375,5.125,10.5],"texture":"#20"},"west":{"uv":[1,10,7,10.125],"texture":"#20"},"up":{"uv":[7,9.875,1,9.625],"rotation":270,"texture":"#20"},"down":{"uv":[13,9.625,7,9.875],"rotation":90,"texture":"#20"}}}],"display":{"thirdperson_righthand":{"rotation":[59.5,-0.11,0.73],"translation":[0,7.5,16]},"thirdperson_lefthand":{"rotation":[59.5,-0.11,0.73],"translation":[0,7.5,16]},"firstperson_righthand":{"translation":[1,10.75,0],"scale":[0.48828,0.48828,0.48828]},"firstperson_lefthand":{"translation":[1,10.75,0],"scale":[0.48828,0.48828,0.48828]},"ground":{"translation":[0,5.25,0],"scale":[0.29688,0.29688,0.29688]},"gui":{"rotation":[-151.01,-39.01,-160.72],"translation":[-0.5,0,0],"scale":[0.25781,0.25781,0.25781]},"head":{"rotation":[-177.75,1.82,-174.4],"translation":[4.25,0,1.75],"scale":[1.82031,1.82031,1.82031]},"fixed":{"rotation":[96.05,1.76,-175.9],"translation":[4.75,6,-60],"scale":[2.54688,2.54688,2.54688]}},"mcmodels":"e000c60207ad4a1a2a96169b5d36d4e4"}