{"credit":"Created By Yassou","texture_size":[64,64],"textures":{"2":"summer_furnitures:pink_flamingo_buoy","particle":"summer_furnitures:pink_flamingo_buoy"},"elements":[{"from":[0,0,0],"to":[16,5,16],"rotation":{"angle":0,"axis":"y","origin":[0,1,0]},"faces":{"north":{"uv":[4,5,8,6.25],"texture":"#2"},"east":{"uv":[4,6.25,8,7.5],"texture":"#2"},"south":{"uv":[6.5,0,10.5,1.25],"texture":"#2"},"west":{"uv":[6.5,1.25,10.5,2.5],"texture":"#2"},"up":{"uv":[4,4,0,0],"texture":"#2"},"down":{"uv":[4,4,0,8],"texture":"#2"}}},{"from":[-4.1297,0.67625,4],"to":[-2.1297,7.67625,14],"rotation":{"angle":45,"axis":"z","origin":[-3.37865,7.67782,9.75]},"faces":{"north":{"uv":[5,11.5,5.5,13.25],"texture":"#2"},"east":{"uv":[6.5,2.5,9,4.25],"texture":"#2"},"south":{"uv":[6.5,12.25,7,14],"texture":"#2"},"west":{"uv":[4,7.5,6.5,9.25],"texture":"#2"},"up":{"uv":[8,13.25,7.5,10.75],"texture":"#2"},"down":{"uv":[3,11.25,2.5,13.75],"texture":"#2"}}},{"from":[-6.3228,6.19225,7.01],"to":[-3.3428,8.17225,13.99],"rotation":{"angle":-22.5,"axis":"z","origin":[-1.96444,6.2636,9.75]},"faces":{"north":{"uv":[11,12.5,11.75,13],"texture":"#2"},"east":{"uv":[11.5,7.25,13.25,7.75],"texture":"#2"},"south":{"uv":[4,12.75,4.75,13.25],"texture":"#2"},"west":{"uv":[12,4.25,13.75,4.75],"texture":"#2"},"up":{"uv":[1.75,13,1,11.25],"texture":"#2"},"down":{"uv":[2.5,11.25,1.75,13],"texture":"#2"}}},{"from":[-9.26604,7.7079,9],"to":[-5.26604,9.7079,14],"rotation":{"angle":0,"axis":"z","origin":[-0.89768,7.78925,9.75]},"faces":{"north":{"uv":[12.5,6.25,13.5,6.75],"texture":"#2"},"east":{"uv":[12.5,0.5,13.75,1],"texture":"#2"},"south":{"uv":[12.5,6.75,13.5,7.25],"texture":"#2"},"west":{"uv":[12.5,4.75,13.75,5.25],"texture":"#2"},"up":{"uv":[12.5,7.25,11.5,6],"texture":"#2"},"down":{"uv":[11,11.5,10,12.75],"texture":"#2"}}},{"from":[-13.30155,7.7179,7.28121],"to":[-9.32155,9.6979,12.26121],"rotation":{"angle":22.5,"axis":"y","origin":[-4.94319,7.78925,8.02121]},"faces":{"north":{"uv":[12.5,7.75,13.5,8.25],"texture":"#2"},"east":{"uv":[12.5,5.25,13.75,5.75],"texture":"#2"},"south":{"uv":[12.5,8.25,13.5,8.75],"texture":"#2"},"west":{"uv":[12.5,5.75,13.75,6.25],"texture":"#2"},"up":{"uv":[4,13,3,11.75],"texture":"#2"},"down":{"uv":[9,11.75,8,13],"texture":"#2"}}},{"from":[18.1297,0.67625,4],"to":[20.1297,7.67625,14],"rotation":{"angle":-45,"axis":"z","origin":[19.37865,7.67782,9.75]},"faces":{"north":{"uv":[5.5,11.5,5,13.25],"texture":"#2"},"east":{"uv":[6.5,7.5,4,9.25],"texture":"#2"},"south":{"uv":[7,12.25,6.5,14],"texture":"#2"},"west":{"uv":[9,2.5,6.5,4.25],"texture":"#2"},"up":{"uv":[7.5,13.25,8,10.75],"texture":"#2"},"down":{"uv":[2.5,11.25,3,13.75],"texture":"#2"}}},{"from":[19.3428,6.19225,7.01],"to":[22.3228,8.17225,13.99],"rotation":{"angle":22.5,"axis":"z","origin":[17.96444,6.2636,9.75]},"faces":{"north":{"uv":[11.75,12.5,11,13],"texture":"#2"},"east":{"uv":[13.75,4.25,12,4.75],"texture":"#2"},"south":{"uv":[4.75,12.75,4,13.25],"texture":"#2"},"west":{"uv":[13.25,7.25,11.5,7.75],"texture":"#2"},"up":{"uv":[1,13,1.75,11.25],"texture":"#2"},"down":{"uv":[1.75,11.25,2.5,13],"texture":"#2"}}},{"from":[21.26604,7.7079,9],"to":[25.26604,9.7079,14],"rotation":{"angle":0,"axis":"z","origin":[16.89768,7.78925,9.75]},"faces":{"north":{"uv":[13.5,6.25,12.5,6.75],"texture":"#2"},"east":{"uv":[13.75,4.75,12.5,5.25],"texture":"#2"},"south":{"uv":[13.5,6.75,12.5,7.25],"texture":"#2"},"west":{"uv":[13.75,0.5,12.5,1],"texture":"#2"},"up":{"uv":[11.5,7.25,12.5,6],"texture":"#2"},"down":{"uv":[10,11.5,11,12.75],"texture":"#2"}}},{"from":[25.32155,7.7179,7.28121],"to":[29.30155,9.6979,12.26121],"rotation":{"angle":-22.5,"axis":"y","origin":[20.94319,7.78925,8.02121]},"faces":{"north":{"uv":[13.5,7.75,12.5,8.25],"texture":"#2"},"east":{"uv":[13.75,5.75,12.5,6.25],"texture":"#2"},"south":{"uv":[13.5,8.25,12.5,8.75],"texture":"#2"},"west":{"uv":[13.75,5.25,12.5,5.75],"texture":"#2"},"up":{"uv":[3,13,4,11.75],"texture":"#2"},"down":{"uv":[8,11.75,9,13],"texture":"#2"}}},{"from":[5,16.6,-3.9],"to":[11,21.6,4.1],"rotation":{"angle":-22.5,"axis":"x","origin":[8,18.35,-2.9]},"faces":{"north":{"uv":[9,6.75,10.5,8],"texture":"#2"},"east":{"uv":[8,8.75,10,10],"texture":"#2"},"south":{"uv":[0,9.25,1.5,10.5],"texture":"#2"},"west":{"uv":[9,2.5,11,3.75],"texture":"#2"},"up":{"uv":[4,10,2.5,8],"texture":"#2"},"down":{"uv":[8,8.75,6.5,10.75],"texture":"#2"}}},{"from":[5,3.84149,12.76956],"to":[11,8.84149,16.76956],"rotation":{"angle":22.5,"axis":"x","origin":[0,4.84149,10.76956]},"faces":{"north":{"uv":[4,9.25,5.5,10.5],"texture":"#2"},"east":{"uv":[11,11.25,12,12.5],"texture":"#2"},"south":{"uv":[1.5,10,3,11.25],"texture":"#2"},"west":{"uv":[11.5,0,12.5,1.25],"texture":"#2"},"up":{"uv":[12,4.75,10.5,3.75],"texture":"#2"},"down":{"uv":[5.5,10.5,4,11.5],"texture":"#2"}}},{"from":[6.01,2.45149,11.97956],"to":[9.99,6.43149,17.95956],"rotation":{"angle":-22.5,"axis":"x","origin":[0,8.44149,11.96956]},"faces":{"north":{"uv":[12,11.75,13,12.75],"texture":"#2"},"east":{"uv":[11,7.75,12.5,8.75],"texture":"#2"},"south":{"uv":[0,12.25,1,13.25],"texture":"#2"},"west":{"uv":[11,8.75,12.5,9.75],"texture":"#2"},"up":{"uv":[6.5,12.5,5.5,11],"texture":"#2"},"down":{"uv":[12,9.75,11,11.25],"texture":"#2"}}},{"from":[6,16.7,-6.9],"to":[10,18.7,-1.9],"rotation":{"angle":-22.5,"axis":"x","origin":[8,18.45,-2.9]},"faces":{"north":{"uv":[9,8,10,8.5],"texture":"#2"},"east":{"uv":[9,3.75,10.25,4.25],"texture":"#2"},"south":{"uv":[1.5,9.25,2.5,9.75],"texture":"#2"},"west":{"uv":[12.5,0,13.75,0.5],"texture":"#2"},"up":{"uv":[5,12.75,4,11.5],"texture":"#2"},"down":{"uv":[12.5,4.75,11.5,6],"texture":"#2"}}},{"from":[6.01,15.23346,-9.50441],"to":[9.99,17.21346,-6.52441],"rotation":{"angle":-45,"axis":"x","origin":[8,16.97346,-6.51441]},"faces":{"north":{"uv":[11,3.25,12,3.75],"texture":"#2"},"east":{"uv":[12.5,8.75,13.25,9.25],"texture":"#2"},"south":{"uv":[5.5,12.5,6.5,13],"texture":"#2"},"west":{"uv":[12.5,9.25,13.25,9.75],"texture":"#2"},"up":{"uv":[7.5,5,6.5,4.25],"texture":"#2"},"down":{"uv":[9,6.75,8,7.5],"texture":"#2"}}},{"from":[6,1.46927,-0.69552],"to":[10,8.46927,3.30448],"rotation":{"angle":-22.5,"axis":"x","origin":[0,3.46927,-0.69552]},"faces":{"north":{"uv":[5.5,9.25,6.5,11],"texture":"#2"},"east":{"uv":[11,8,10,9.75],"texture":"#2"},"south":{"uv":[8,10,9,11.75],"texture":"#2"},"west":{"uv":[10,8,11,9.75],"texture":"#2"},"up":{"uv":[10,12.75,9,11.75],"texture":"#2"},"down":{"uv":[13,1.25,12,2.25],"texture":"#2"}}},{"from":[6.01,8.09867,-2.59894],"to":[9.99,15.07867,1.38106],"rotation":{"angle":0,"axis":"x","origin":[0,10.08867,-2.60894]},"faces":{"north":{"uv":[9,10,10,11.75],"texture":"#2"},"east":{"uv":[11.5,0,10.5,1.75],"texture":"#2"},"south":{"uv":[0,10.5,1,12.25],"texture":"#2"},"west":{"uv":[10.5,0,11.5,1.75],"texture":"#2"},"up":{"uv":[13,3.25,12,2.25],"texture":"#2"},"down":{"uv":[13,3.25,12,4.25],"texture":"#2"}}},{"from":[6.02,14.95643,-1.82357],"to":[9.98,20.91643,2.13643],"rotation":{"angle":22.5,"axis":"x","origin":[0,16.93643,-1.84357]},"faces":{"north":{"uv":[10.5,4.75,11.5,6.25],"texture":"#2"},"east":{"uv":[12,1.75,11,3.25],"texture":"#2"},"south":{"uv":[6.5,10.75,7.5,12.25],"texture":"#2"},"west":{"uv":[11,1.75,12,3.25],"texture":"#2"},"up":{"uv":[13,10.75,12,9.75],"texture":"#2"},"down":{"uv":[13,10.75,12,11.75],"texture":"#2"}}},{"name":"cube_outline","from":[13,5,13],"to":[3,0,3],"rotation":{"angle":0,"axis":"y","origin":[0,1,0]},"faces":{"north":{"uv":[6.5,7.5,9,8.75],"texture":"#2"},"east":{"uv":[0,8,2.5,9.25],"texture":"#2"},"south":{"uv":[8,4.25,10.5,5.5],"texture":"#2"},"west":{"uv":[8,5.5,10.5,6.75],"texture":"#2"},"up":{"uv":[6.5,2.5,4,0],"texture":"#2"},"down":{"uv":[6.5,2.5,4,5],"texture":"#2"}}}],"display":{"thirdperson_righthand":{"rotation":[79.5,-0.01,-0.25],"translation":[-5.5,-2.75,5],"scale":[1.08398,1.08398,1.08398]},"thirdperson_lefthand":{"rotation":[79.5,-0.01,-0.25],"translation":[-5.5,-2.75,5],"scale":[1.08398,1.08398,1.08398]},"firstperson_righthand":{"rotation":[0,14.75,0],"translation":[6.25,0,0]},"firstperson_lefthand":{"rotation":[0,14.75,0],"translation":[6.25,0,0]},"ground":{"translation":[0,1.75,0],"scale":[0.70703,0.70703,0.70703]},"gui":{"rotation":[30,225,0],"translation":[1.25,-0.25,0],"scale":[0.46289,0.46289,0.46289]},"head":{"rotation":[-180,0,-180],"translation":[0,-33.65,3.5],"scale":[1.6,1.6,1.6]},"fixed":{"rotation":[-90,180,0],"translation":[0,5.25,-12.25],"scale":[2,2,2]}},"mcmodels":"e000c60207ad4a1a2a96169b5d36d4e4"}