{"credit":"Created By Yassou","texture_size":[32,32],"textures":{"0":"summer_furnitures:starfish_mauve","particle":"summer_furnitures:starfish_mauve"},"elements":[{"from":[6.01,0.01,3.01],"to":[8.99,0.99,8.99],"rotation":{"angle":0,"axis":"y","origin":[6,0,3]},"faces":{"north":{"uv":[2.5,6.5,4,7],"texture":"#0"},"east":{"uv":[6,0.5,9,1],"texture":"#0"},"south":{"uv":[4,6.5,5.5,7],"texture":"#0"},"west":{"uv":[6,1,9,1.5],"texture":"#0"},"up":{"uv":[1.5,6,0,3],"texture":"#0"},"down":{"uv":[3,3,1.5,6],"texture":"#0"}}},{"from":[1.9,0,6.5],"to":[6.9,1,9.5],"rotation":{"angle":0,"axis":"y","origin":[1.9,0,6.5]},"faces":{"north":{"uv":[6,1.5,8.5,2],"texture":"#0"},"east":{"uv":[5.5,6.5,7,7],"texture":"#0"},"south":{"uv":[6,2,8.5,2.5],"texture":"#0"},"west":{"uv":[0,7,1.5,7.5],"texture":"#0"},"up":{"uv":[5.5,4.5,3,3],"texture":"#0"},"down":{"uv":[6,0,3.5,1.5],"texture":"#0"}}},{"from":[7.42,0.02,4.42],"to":[12.38,0.98,7.38],"rotation":{"angle":22.5,"axis":"y","origin":[12.4,0,4.4]},"faces":{"north":{"uv":[6,2.5,8.5,3],"texture":"#0"},"east":{"uv":[1.5,7,3,7.5],"texture":"#0"},"south":{"uv":[3.5,6,6,6.5],"texture":"#0"},"west":{"uv":[3,7,4.5,7.5],"texture":"#0"},"up":{"uv":[6,3,3.5,1.5],"texture":"#0"},"down":{"uv":[5.5,4.5,3,6],"texture":"#0"}}},{"from":[5.53,0.03,10.83],"to":[10.47,0.97,13.77],"rotation":{"angle":-45,"axis":"y","origin":[10.5,0,13.8]},"faces":{"north":{"uv":[6,6,8.5,6.5],"texture":"#0"},"east":{"uv":[7,6.5,8.5,7],"texture":"#0"},"south":{"uv":[0,6.5,2.5,7],"texture":"#0"},"west":{"uv":[0,7.5,1.5,8],"texture":"#0"},"up":{"uv":[8,4.5,5.5,3],"texture":"#0"},"down":{"uv":[8,4.5,5.5,6],"texture":"#0"}}},{"from":[3.39,-0.01,7.39],"to":[6.41,1.01,14.41],"rotation":{"angle":-22.5,"axis":"y","origin":[6.4,0,14.4]},"faces":{"north":{"uv":[4.5,7,6,7.5],"texture":"#0"},"east":{"uv":[6,0,9.5,0.5],"texture":"#0"},"south":{"uv":[6,7,7.5,7.5],"texture":"#0"},"west":{"uv":[0,6,3.5,6.5],"texture":"#0"},"up":{"uv":[3.5,1.5,0,0],"rotation":270,"texture":"#0"},"down":{"uv":[3.5,1.5,0,3],"rotation":90,"texture":"#0"}}}],"display":{"thirdperson_righthand":{"rotation":[75,45,0],"translation":[0,3.5,4.25],"scale":[0.59375,0.59375,0.59375]},"thirdperson_lefthand":{"rotation":[75,45,0],"translation":[0,3.5,4.25],"scale":[0.59375,0.59375,0.59375]},"firstperson_righthand":{"rotation":[75,45,0],"translation":[1.25,3,4.25],"scale":[0.59375,0.59375,0.59375]},"firstperson_lefthand":{"rotation":[75,45,0],"translation":[1.25,3,4.25],"scale":[0.59375,0.59375,0.59375]},"ground":{"translation":[0,8,0]},"gui":{"rotation":[-132,-45,-180],"translation":[0,4.5,0],"scale":[1.04492,1.04492,1.04492]},"head":{"rotation":[-180,0,-180],"translation":[0,-30.4,0],"scale":[1.6,1.6,1.6]},"fixed":{"rotation":[-90,180,0],"translation":[0,0,-16],"scale":[2,2,2]}},"mcmodels":"e000c60207ad4a1a2a96169b5d36d4e4"}