{"credit":"Created By Yassou","texture_size":[32,32],"textures":{"3":"summer_furnitures:orange_juce"},"elements":[{"from":[8.3,0,6.8],"to":[11.3,1,9.8],"rotation":{"angle":22.5,"axis":"y","origin":[9.8,3.75,8.3]},"faces":{"north":{"uv":[6,6,7.5,6.5],"texture":"#3"},"east":{"uv":[4.5,6.5,6,7],"texture":"#3"},"south":{"uv":[6,6.5,7.5,7],"texture":"#3"},"west":{"uv":[4.5,7,6,7.5],"texture":"#3"},"up":{"uv":[6,6.5,4.5,5],"texture":"#3"},"down":{"uv":[1.5,6,0,7.5],"texture":"#3"}}},{"from":[8.3,4,6.8],"to":[11.3,4,9.8],"rotation":{"angle":22.5,"axis":"y","origin":[9.8,3.75,8.3]},"faces":{"north":{"uv":[6,6,7.5,6.5],"texture":"#3"},"east":{"uv":[4.5,6.5,6,7],"texture":"#3"},"south":{"uv":[6,6.5,7.5,7],"texture":"#3"},"west":{"uv":[4.5,7,6,7.5],"texture":"#3"},"up":{"uv":[6,6.5,4.5,5],"texture":"#3"},"down":{"uv":[1.5,6,0,7.5],"texture":"#3"}}},{"from":[9.3,1,7.8],"to":[10.3,4,8.8],"rotation":{"angle":22.5,"axis":"y","origin":[9.8,3.75,8.3]},"faces":{"north":{"uv":[6,7,6.5,8.5],"texture":"#3"},"east":{"uv":[6.5,7,7,8.5],"texture":"#3"},"south":{"uv":[7,7,7.5,8.5],"texture":"#3"},"west":{"uv":[0,7.5,0.5,9],"texture":"#3"},"up":{"uv":[8,0.5,7.5,0],"texture":"#3"},"down":{"uv":[1,7.5,0.5,8],"texture":"#3"}}},{"from":[8.5,4.2,7],"to":[11.1,7.9,9.6],"rotation":{"angle":22.5,"axis":"y","origin":[9.8,3.75,8.3]},"faces":{"north":{"uv":[4.5,7.5,5.95,9.35],"texture":"#3"},"east":{"uv":[4.5,7.5,5.95,9.35],"texture":"#3"},"south":{"uv":[4.5,7.5,5.95,9.35],"texture":"#3"},"west":{"uv":[4.5,7.5,5.95,9.35],"texture":"#3"},"up":{"uv":[7.5,10,6,8.5],"texture":"#3"},"down":{"uv":[7.5,8.5,6,10],"texture":"#3"}}},{"from":[8.4,4.1,6.8],"to":[11.2,9.9,9.8],"rotation":{"angle":22.5,"axis":"y","origin":[9.8,3.75,8.3]},"faces":{"north":{"uv":[8,3,9.5,6],"texture":"#3"},"east":{"uv":[8,0,9.5,3],"texture":"#3"},"south":{"uv":[8,3,9.5,6],"texture":"#3"},"west":{"uv":[8,0,9.5,3],"texture":"#3"},"up":{"uv":[14,1.5,12.5,0],"texture":"#3"},"down":{"uv":[14,1.5,12.5,3],"texture":"#3"}}},{"from":[10.7,7.2,7.3],"to":[11.7,13,8.3],"rotation":{"angle":22.5,"axis":"z","origin":[9.7,4,7.2]},"faces":{"north":{"uv":[8,7,8.5,9.9],"texture":"#3"},"east":{"uv":[8,7,8.5,9.9],"texture":"#3"},"south":{"uv":[8,7,8.5,9.9],"texture":"#3"},"west":{"uv":[8,7,8.5,9.9],"texture":"#3"},"up":{"uv":[15,1.5,14.5,1],"texture":"#3"},"down":{"uv":[15,2.5,14.5,3],"texture":"#3"}}},{"name":"cube_outline","from":[11.3,10,9.8],"to":[8.3,4,6.8],"rotation":{"angle":22.5,"axis":"y","origin":[9.8,3.75,8.3]},"faces":{"north":{"uv":[0,0,1.5,3],"texture":"#3"},"east":{"uv":[1.5,0,3,3],"texture":"#3"},"south":{"uv":[0,3,1.5,6],"texture":"#3"},"west":{"uv":[3,0,4.5,3],"texture":"#3"},"up":{"uv":[7.5,1.5,6,0],"texture":"#3"},"down":{"uv":[3,6,1.5,7.5],"texture":"#3"}}},{"name":"cube_outline","from":[11.7,13,8.3],"to":[10.7,7.2,7.3],"rotation":{"angle":22.5,"axis":"z","origin":[9.7,4,7.2]},"faces":{"north":{"uv":[8,7,8.5,9.9],"rotation":180,"texture":"#3"},"east":{"uv":[8,7,8.5,9.9],"rotation":180,"texture":"#3"},"south":{"uv":[8,7,8.5,9.9],"rotation":180,"texture":"#3"},"west":{"uv":[8,7,8.5,9.9],"rotation":180,"texture":"#3"},"up":{"uv":[15,2.5,14.5,3],"rotation":180,"texture":"#3"},"down":{"uv":[15,1.5,14.5,1],"rotation":180,"texture":"#3"}}}],"display":{"thirdperson_righthand":{"rotation":[67.17,62,0.15],"translation":[-1,1.25,4.5],"scale":[0.79883,0.79883,0.79883]},"thirdperson_lefthand":{"rotation":[67.17,62,0.15],"translation":[-1,1.25,4.5],"scale":[0.79883,0.79883,0.79883]},"firstperson_righthand":{"rotation":[-180,84,-180],"translation":[2.75,2.75,0],"scale":[0.60313,0.60313,0.60313]},"firstperson_lefthand":{"rotation":[-180,84,-180],"translation":[2.75,2.75,0],"scale":[0.60313,0.60313,0.60313]},"ground":{"translation":[0,3,0],"scale":[0.74414,0.74414,0.74414]},"gui":{"rotation":[-150.78,-26.23,179.63],"translation":[1.75,1.25,0],"scale":[1.05859,1.05859,1.05859]},"head":{"rotation":[-180,22.5,-180],"translation":[4.5,-30.4,0],"scale":[1.6,1.6,1.6]},"fixed":{"rotation":[90,22.5,-180],"translation":[0,-3.25,-16],"scale":[2,2,2]}},"mcmodels":"e000c60207ad4a1a2a96169b5d36d4e4"}