{"credit":"Created By Yassou","texture_size":[256,256],"textures":{"7":"summer_furnitures:tiki_bar"},"elements":[{"from":[3,9,3],"to":[13,11,13],"rotation":{"angle":45,"axis":"y","origin":[8,10,8]},"faces":{"north":{"uv":[0.3125,11.0625,0.9375,10.9375],"texture":"#7"},"east":{"uv":[0.3125,11.0625,0.9375,10.9375],"texture":"#7"},"south":{"uv":[0.3125,11.0625,0.9375,10.9375],"texture":"#7"},"west":{"uv":[0.3125,11.0625,0.9375,10.9375],"texture":"#7"},"up":{"uv":[0.3125,11,0.9375,11.625],"rotation":90,"texture":"#7"},"down":{"uv":[0.3125,11,0.9375,11.625],"rotation":90,"texture":"#7"}}},{"from":[2,0,7],"to":[4,10,9],"rotation":{"angle":-22.5,"axis":"z","origin":[2,2,15]},"faces":{"north":{"uv":[5.25,1.375,5.125,2.0625],"texture":"#7"},"east":{"uv":[5.125,1.375,5.25,2.0625],"texture":"#7"},"south":{"uv":[5.25,1.375,5.125,2.0625],"texture":"#7"},"west":{"uv":[5.125,1.375,5.25,2.0625],"texture":"#7"},"up":{"uv":[5.125,1.375,5.25,1.5],"texture":"#7"},"down":{"uv":[5.125,1.375,5.25,1.5],"texture":"#7"}}},{"from":[12,0,7],"to":[14,10,9],"rotation":{"angle":22.5,"axis":"z","origin":[14,2,15]},"faces":{"north":{"uv":[5.25,1.375,5.125,2.0625],"texture":"#7"},"east":{"uv":[5.125,1.375,5.25,2.0625],"texture":"#7"},"south":{"uv":[5.25,1.375,5.125,2.0625],"texture":"#7"},"west":{"uv":[5.125,1.375,5.25,2.0625],"texture":"#7"},"up":{"uv":[5.125,1.375,5.25,1.5],"texture":"#7"},"down":{"uv":[5.125,1.375,5.25,1.5],"texture":"#7"}}},{"from":[7,0,12],"to":[9,10,14],"rotation":{"angle":-22.5,"axis":"x","origin":[1,2,14]},"faces":{"north":{"uv":[5.25,1.375,5.125,2.0625],"texture":"#7"},"east":{"uv":[5.125,1.375,5.25,2.0625],"texture":"#7"},"south":{"uv":[5.25,1.375,5.125,2.0625],"texture":"#7"},"west":{"uv":[5.125,1.375,5.25,2.0625],"texture":"#7"},"up":{"uv":[5.125,1.375,5.25,1.5],"texture":"#7"},"down":{"uv":[5.125,1.375,5.25,1.5],"texture":"#7"}}},{"from":[7,0,2],"to":[9,11,4],"rotation":{"angle":22.5,"axis":"x","origin":[1,2,2]},"faces":{"north":{"uv":[5.25,1.375,5.125,2.0625],"texture":"#7"},"east":{"uv":[5.125,1.375,5.25,2.0625],"texture":"#7"},"south":{"uv":[5.25,1.375,5.125,2.0625],"texture":"#7"},"west":{"uv":[5.125,1.375,5.25,2.0625],"texture":"#7"},"up":{"uv":[5.125,1.375,5.25,1.5],"texture":"#7"},"down":{"uv":[5.125,1.375,5.25,1.5],"texture":"#7"}}}],"display":{"thirdperson_righthand":{"rotation":[75,45,0],"translation":[0,1.5,1],"scale":[0.42383,0.42383,0.42383]},"thirdperson_lefthand":{"rotation":[75,45,0],"translation":[0,1.5,1],"scale":[0.42383,0.42383,0.42383]},"firstperson_righthand":{"rotation":[0,45,0],"translation":[2,1.75,0],"scale":[0.35313,0.35313,0.35313]},"firstperson_lefthand":{"rotation":[0,45,0],"translation":[2,1.75,0],"scale":[0.35313,0.35313,0.35313]},"ground":{"translation":[0,4,0],"scale":[0.58594,0.58594,0.58594]},"gui":{"rotation":[-150.84,-0.01,-179.71],"translation":[0,1,0],"scale":[0.75977,0.75977,0.75977]},"head":{"rotation":[-180,-45,-180],"translation":[0,-30.15,0],"scale":[1.6,1.6,1.6]},"fixed":{"rotation":[90,-45,-180],"translation":[0,0,-16],"scale":[2,2,2]}},"mcmodels":"e000c60207ad4a1a2a96169b5d36d4e4"}