{"credit":"Created By Yassou","texture_size":[64,64],"textures":{"8":"summer_furnitures:fire_anim","11":"summer_furnitures:tikitorch"},"elements":[{"from":[5,9,5],"to":[11,14,11],"rotation":{"angle":0,"axis":"y","origin":[7,9,7]},"faces":{"north":{"uv":[4,0,5.5,1.25],"texture":"#11"},"east":{"uv":[4,1.25,5.5,2.5],"texture":"#11"},"south":{"uv":[4,0,5.5,1.25],"texture":"#11"},"west":{"uv":[4,1.25,5.5,2.5],"texture":"#11"},"up":{"uv":[4.5,4.5,3,3],"texture":"#11"},"down":{"uv":[1.5,4,0,5.5],"texture":"#11"}}},{"from":[4,14,4],"to":[12,16,12],"rotation":{"angle":0,"axis":"y","origin":[7,14,7]},"faces":{"north":{"uv":[4.5,3.5,6.5,4],"texture":"#11"},"east":{"uv":[4,4.5,6,5],"texture":"#11"},"south":{"uv":[4.5,3.5,6.5,4],"texture":"#11"},"west":{"uv":[4,4.5,6,5],"texture":"#11"},"up":{"uv":[2,2,0,0],"texture":"#11"},"down":{"uv":[2,2,0,4],"texture":"#11"}}},{"from":[0,16,8],"to":[16,32,8],"rotation":{"angle":0,"axis":"y","origin":[8,17,10]},"faces":{"north":{"uv":[0,0,16,16],"texture":"#8"},"east":{"uv":[0,0,0,4.25],"texture":"#8"},"south":{"uv":[0,0,16,16],"texture":"#8"},"west":{"uv":[0,0,0,4.25],"texture":"#8"},"up":{"uv":[4.5,0,0,0],"texture":"#8"},"down":{"uv":[4.5,0,0,0],"texture":"#8"}}},{"from":[8,16,-0.5],"to":[8,32,15.5],"rotation":{"angle":0,"axis":"y","origin":[8,24,7.5]},"faces":{"north":{"uv":[0,0,0,4.25],"texture":"#8"},"east":{"uv":[0,0,16,16],"texture":"#8"},"south":{"uv":[0,0,0,4.25],"texture":"#8"},"west":{"uv":[0,0,16,16],"texture":"#8"},"up":{"uv":[4.5,0,0,0],"rotation":270,"texture":"#8"},"down":{"uv":[4.5,0,0,0],"rotation":90,"texture":"#8"}}},{"from":[4,16,4],"to":[4,22,12],"rotation":{"angle":0,"axis":"z","origin":[8,19,8]},"faces":{"north":{"uv":[0,0,0,1.5],"texture":"#11"},"east":{"uv":[4,1.5,2,3],"texture":"#11"},"south":{"uv":[0,0,0,1.5],"texture":"#11"},"west":{"uv":[4,0,2,1.5],"texture":"#11"},"up":{"uv":[0,2,0,0],"texture":"#11"},"down":{"uv":[0,0,0,2],"texture":"#11"}}},{"from":[12,16,4],"to":[12,22,12],"rotation":{"angle":0,"axis":"z","origin":[8,19,8]},"faces":{"north":{"uv":[0,0,0,1.5],"texture":"#11"},"east":{"uv":[2,0,4,1.5],"texture":"#11"},"south":{"uv":[0,0,0,1.5],"texture":"#11"},"west":{"uv":[2,1.5,4,3],"texture":"#11"},"up":{"uv":[0,2,0,0],"texture":"#11"},"down":{"uv":[0,0,0,2],"texture":"#11"}}},{"from":[4,16,4],"to":[12,22,4],"rotation":{"angle":0,"axis":"y","origin":[8,19,8]},"faces":{"north":{"uv":[2,0,4,1.5],"texture":"#11"},"east":{"uv":[0,0,0,1.5],"texture":"#11"},"south":{"uv":[2,1.5,4,3],"texture":"#11"},"west":{"uv":[0,0,0,1.5],"texture":"#11"},"up":{"uv":[0,2,0,0],"rotation":270,"texture":"#11"},"down":{"uv":[0,0,0,2],"rotation":90,"texture":"#11"}}},{"from":[4,16,12],"to":[12,22,12],"rotation":{"angle":0,"axis":"y","origin":[8,19,8]},"faces":{"north":{"uv":[4,1.5,2,3],"texture":"#11"},"east":{"uv":[0,0,0,1.5],"texture":"#11"},"south":{"uv":[4,0,2,1.5],"texture":"#11"},"west":{"uv":[0,0,0,1.5],"texture":"#11"},"up":{"uv":[0,2,0,0],"rotation":270,"texture":"#11"},"down":{"uv":[0,0,0,2],"rotation":90,"texture":"#11"}}},{"from":[6,6,6],"to":[10,9,10],"rotation":{"angle":0,"axis":"y","origin":[7,2,7]},"faces":{"north":{"uv":[4,5,5,5.75],"texture":"#11"},"east":{"uv":[5,5,6,5.75],"texture":"#11"},"south":{"uv":[4,5,5,5.75],"texture":"#11"},"west":{"uv":[5,5,6,5.75],"texture":"#11"},"up":{"uv":[5.5,3.5,4.5,2.5],"texture":"#11"},"down":{"uv":[4,4.5,3,5.5],"texture":"#11"}}},{"from":[7,-16,7],"to":[9,6,9],"rotation":{"angle":0,"axis":"y","origin":[7,-1,7]},"faces":{"north":{"uv":[2,3,2.5,8.5],"texture":"#11"},"east":{"uv":[2.5,3,3,8.5],"texture":"#11"},"south":{"uv":[2,3,2.5,8.5],"texture":"#11"},"west":{"uv":[2.5,3,3,8.5],"texture":"#11"},"up":{"uv":[2,4.5,1.5,4],"texture":"#11"},"down":{"uv":[4.5,2.5,4,3],"texture":"#11"}}}],"display":{"thirdperson_righthand":{"rotation":[38.5,0,0],"translation":[0,5.5,6],"scale":[0.61523,0.61523,0.61523]},"thirdperson_lefthand":{"rotation":[38.5,0,0],"translation":[0,5.5,6],"scale":[0.61523,0.61523,0.61523]},"firstperson_righthand":{"translation":[2,4,0],"scale":[0.23438,0.23438,0.23438]},"firstperson_lefthand":{"translation":[2,4,0],"scale":[0.23438,0.23438,0.23438]},"ground":{"translation":[0,6.25,0],"scale":[0.38477,0.38477,0.38477]},"gui":{"rotation":[-150.71,-45.32,179.02],"scale":[0.37305,0.37305,0.37305]},"head":{"rotation":[-180,0,-180],"translation":[0,-4.65,0],"scale":[1.6,1.6,1.6]},"fixed":{"rotation":[-90,180,0],"translation":[0,0,-48],"scale":[2,2,2]}},"mcmodels":"e000c60207ad4a1a2a96169b5d36d4e4"}