{"credit":"Created By Yassou","texture_size":[256,256],"textures":{"7":"summer_furnitures:tiki_bar"},"elements":[{"from":[7,26,-16],"to":[9,29,32],"rotation":{"angle":0,"axis":"y","origin":[7,4,7]},"faces":{"north":{"uv":[8.4375,7.125,8.5625,7.3125],"texture":"#7"},"east":{"uv":[5.4375,7.125,8.4375,7.3125],"texture":"#7"},"south":{"uv":[8.5625,7.125,8.4375,7.3125],"texture":"#7"},"west":{"uv":[8.4375,7.3125,5.4375,7.5],"texture":"#7"},"up":{"uv":[3,8.875,2.875,5.875],"texture":"#7"},"down":{"uv":[3.125,5.875,3,8.875],"texture":"#7"}}},{"from":[18,19.4,-15.9],"to":[20,22.4,31.9],"rotation":{"angle":0,"axis":"y","origin":[18,-2.6,7]},"faces":{"north":{"uv":[8.4375,7.125,8.5625,7.3125],"texture":"#7"},"east":{"uv":[5.4375,7.125,8.4375,7.3125],"texture":"#7"},"south":{"uv":[8.5625,7.125,8.4375,7.3125],"texture":"#7"},"west":{"uv":[8.4375,7.3125,5.4375,7.5],"texture":"#7"},"up":{"uv":[3,8.875,2.875,5.875],"texture":"#7"},"down":{"uv":[3.125,5.875,3,8.875],"texture":"#7"}}},{"from":[7.5,22.6,27.5],"to":[25.3,25.6,29.5],"rotation":{"angle":-22.5,"axis":"z","origin":[16.4,24.1,28.5]},"faces":{"north":{"uv":[5.4375,7.625,6.55,7.8125],"texture":"#7"},"east":{"uv":[5.5625,7.8125,5.4375,8],"texture":"#7"},"south":{"uv":[6.55,7.625,5.4375,7.8125],"texture":"#7"},"west":{"uv":[8.4375,7.125,8.5625,7.3125],"texture":"#7"},"up":{"uv":[5.375,8.2375,5.25,7.125],"rotation":270,"texture":"#7"},"down":{"uv":[3.125,5.875,3,6.9875],"rotation":90,"texture":"#7"}}},{"from":[-9.3,22.6,27.5],"to":[8.5,25.6,29.5],"rotation":{"angle":22.5,"axis":"z","origin":[-0.4,24.1,28.5]},"faces":{"north":{"uv":[6.55,7.625,5.4375,7.8125],"texture":"#7"},"east":{"uv":[8.5625,7.125,8.4375,7.3125],"texture":"#7"},"south":{"uv":[5.4375,7.625,6.55,7.8125],"texture":"#7"},"west":{"uv":[5.4375,7.8125,5.5625,8],"texture":"#7"},"up":{"uv":[5.375,7.125,5.25,8.2375],"rotation":270,"texture":"#7"},"down":{"uv":[3.125,6.9875,3,5.875],"rotation":90,"texture":"#7"}}},{"from":[-9.3,22.6,-13.5],"to":[8.5,25.6,-11.5],"rotation":{"angle":22.5,"axis":"z","origin":[-0.4,24.1,-12.5]},"faces":{"north":{"uv":[6.55,7.625,5.4375,7.8125],"texture":"#7"},"east":{"uv":[8.4375,7.125,8.5625,7.3125],"texture":"#7"},"south":{"uv":[5.4375,7.625,6.55,7.8125],"texture":"#7"},"west":{"uv":[5.5625,7.8125,5.4375,8],"texture":"#7"},"up":{"uv":[5.25,7.125,5.375,8.2375],"rotation":270,"texture":"#7"},"down":{"uv":[3,6.9875,3.125,5.875],"rotation":90,"texture":"#7"}}},{"from":[7.5,22.6,-13.5],"to":[25.3,25.6,-11.5],"rotation":{"angle":-22.5,"axis":"z","origin":[16.4,24.1,-12.5]},"faces":{"north":{"uv":[5.4375,7.625,6.55,7.8125],"texture":"#7"},"east":{"uv":[5.4375,7.8125,5.5625,8],"texture":"#7"},"south":{"uv":[6.55,7.625,5.4375,7.8125],"texture":"#7"},"west":{"uv":[8.5625,7.125,8.4375,7.3125],"texture":"#7"},"up":{"uv":[5.25,8.2375,5.375,7.125],"rotation":270,"texture":"#7"},"down":{"uv":[3,5.875,3.125,6.9875],"rotation":90,"texture":"#7"}}},{"from":[-4,19.4,-15.9],"to":[-2,22.4,31.9],"rotation":{"angle":0,"axis":"y","origin":[-2,-2.6,7]},"faces":{"north":{"uv":[8.5625,7.125,8.4375,7.3125],"texture":"#7"},"east":{"uv":[5.4375,7.3125,8.4375,7.5],"texture":"#7"},"south":{"uv":[8.4375,7.125,8.5625,7.3125],"texture":"#7"},"west":{"uv":[8.4375,7.125,5.4375,7.3125],"texture":"#7"},"up":{"uv":[2.875,8.875,3,5.875],"texture":"#7"},"down":{"uv":[3,5.875,3.125,8.875],"texture":"#7"}}},{"from":[7,0,-15],"to":[9,26,-11],"rotation":{"angle":0,"axis":"y","origin":[7,3,9]},"faces":{"north":{"uv":[5.125,0.75,5.25,2.375],"texture":"#7"},"east":{"uv":[4.625,0.75,4.875,2.375],"texture":"#7"},"south":{"uv":[5.125,0.75,5.25,2.375],"texture":"#7"},"west":{"uv":[4.625,0.75,4.875,2.375],"texture":"#7"},"up":{"uv":[5.875,2.625,5.75,2.375],"texture":"#7"},"down":{"uv":[5.875,2.625,5.75,2.875],"texture":"#7"}}},{"from":[-2,-2,-16],"to":[18,0,32],"rotation":{"angle":0,"axis":"y","origin":[7,3,9]},"faces":{"north":{"uv":[7.6875,2.375,6.4375,2.5],"texture":"#7"},"east":{"uv":[9.4375,1.875,6.4375,2],"texture":"#7"},"south":{"uv":[6.4375,2.375,7.6875,2.5],"texture":"#7"},"west":{"uv":[6.4375,1.875,9.4375,2],"texture":"#7"},"up":{"uv":[1.25,3,0,0],"texture":"#7"},"down":{"uv":[2.5,0,1.25,3],"texture":"#7"}}},{"from":[-2,-16,-16],"to":[18,-14,32],"rotation":{"angle":0,"axis":"y","origin":[9,-19,7]},"faces":{"north":{"uv":[6.4375,2.5,7.6875,2.375],"texture":"#7"},"east":{"uv":[6.4375,2,9.4375,1.875],"texture":"#7"},"south":{"uv":[7.6875,2.5,6.4375,2.375],"texture":"#7"},"west":{"uv":[9.4375,2,6.4375,1.875],"texture":"#7"},"up":{"uv":[1.25,0,2.5,3],"texture":"#7"},"down":{"uv":[0,3,1.25,0],"texture":"#7"}}},{"from":[0,-14,-15],"to":[16,-2,31],"rotation":{"angle":0,"axis":"y","origin":[7,1,9]},"faces":{"north":{"uv":[3.625,0.75,4.625,1.5],"texture":"#7"},"east":{"uv":[6.5,0,3.625,0.75],"texture":"#7"},"south":{"uv":[4.625,0.75,3.625,1.5],"texture":"#7"},"west":{"uv":[3.625,0,6.5,0.75],"texture":"#7"},"up":{"uv":[2.125,5.875,1.125,3],"texture":"#7"},"down":{"uv":[3.125,3,2.125,5.875],"texture":"#7"}}},{"from":[-8,18,-14],"to":[24,20,-12],"rotation":{"angle":0,"axis":"y","origin":[7,-4,9]},"faces":{"north":{"uv":[3.625,2.4375,5.625,2.5625],"texture":"#7"},"east":{"uv":[5.8125,0.75,5.9375,0.875],"texture":"#7"},"south":{"uv":[5.625,2.4375,3.625,2.5625],"texture":"#7"},"west":{"uv":[5.8125,0.875,5.9375,1],"texture":"#7"},"up":{"uv":[5.625,2.8125,3.625,2.6875],"texture":"#7"},"down":{"uv":[5.625,2.8125,3.625,2.9375],"texture":"#7"}}},{"from":[-5.89,12.91,-13.99],"to":[8.09,14.89,-12.01],"rotation":{"angle":-22.5,"axis":"z","origin":[7.1,13.9,-13]},"faces":{"north":{"uv":[3.625,2.25,4.5,2.375],"texture":"#7"},"east":{"uv":[5.8125,1,5.9375,1.125],"texture":"#7"},"south":{"uv":[4.5,2.25,3.625,2.375],"texture":"#7"},"west":{"uv":[5.8125,1.125,5.9375,1.25],"texture":"#7"},"up":{"uv":[7.3125,3,6.4375,2.875],"texture":"#7"},"down":{"uv":[7.3125,3,6.4375,3.125],"texture":"#7"}}},{"from":[7.91,12.91,-13.99],"to":[21.89,14.89,-12.01],"rotation":{"angle":22.5,"axis":"z","origin":[8.9,13.9,-13]},"faces":{"north":{"uv":[4.5,2.25,3.625,2.375],"texture":"#7"},"east":{"uv":[5.9375,1.125,5.8125,1.25],"texture":"#7"},"south":{"uv":[3.625,2.25,4.5,2.375],"texture":"#7"},"west":{"uv":[5.9375,1,5.8125,1.125],"texture":"#7"},"up":{"uv":[6.4375,3,7.3125,2.875],"texture":"#7"},"down":{"uv":[6.4375,3,7.3125,3.125],"texture":"#7"}}},{"from":[-8,18,28],"to":[24,20,30],"rotation":{"angle":0,"axis":"y","origin":[7,-4,7]},"faces":{"north":{"uv":[3.625,2.4375,5.625,2.5625],"texture":"#7"},"east":{"uv":[5.9375,0.75,5.8125,0.875],"texture":"#7"},"south":{"uv":[5.625,2.4375,3.625,2.5625],"texture":"#7"},"west":{"uv":[5.9375,0.875,5.8125,1],"texture":"#7"},"up":{"uv":[5.625,2.6875,3.625,2.8125],"texture":"#7"},"down":{"uv":[5.625,2.9375,3.625,2.8125],"texture":"#7"}}},{"from":[-5.89,12.91,28.01],"to":[8.09,14.89,29.99],"rotation":{"angle":-22.5,"axis":"z","origin":[7.1,13.9,29]},"faces":{"north":{"uv":[3.625,2.25,4.5,2.375],"texture":"#7"},"east":{"uv":[5.9375,1,5.8125,1.125],"texture":"#7"},"south":{"uv":[4.5,2.25,3.625,2.375],"texture":"#7"},"west":{"uv":[5.9375,1.125,5.8125,1.25],"texture":"#7"},"up":{"uv":[7.3125,2.875,6.4375,3],"texture":"#7"},"down":{"uv":[7.3125,3.125,6.4375,3],"texture":"#7"}}},{"from":[7.91,12.91,28.01],"to":[21.89,14.89,29.99],"rotation":{"angle":22.5,"axis":"z","origin":[8.9,13.9,29]},"faces":{"north":{"uv":[4.5,2.25,3.625,2.375],"texture":"#7"},"east":{"uv":[5.8125,1.125,5.9375,1.25],"texture":"#7"},"south":{"uv":[3.625,2.25,4.5,2.375],"texture":"#7"},"west":{"uv":[5.8125,1,5.9375,1.125],"texture":"#7"},"up":{"uv":[6.4375,2.875,7.3125,3],"texture":"#7"},"down":{"uv":[6.4375,3.125,7.3125,3],"texture":"#7"}}},{"from":[7,0,27],"to":[9,26,31],"rotation":{"angle":0,"axis":"y","origin":[7,3,7]},"faces":{"north":{"uv":[5.25,0.75,5.125,2.375],"texture":"#7"},"east":{"uv":[4.875,0.75,4.625,2.375],"texture":"#7"},"south":{"uv":[5.25,0.75,5.125,2.375],"texture":"#7"},"west":{"uv":[4.875,0.75,4.625,2.375],"texture":"#7"},"up":{"uv":[5.875,2.375,5.75,2.625],"texture":"#7"},"down":{"uv":[5.875,2.875,5.75,2.625],"texture":"#7"}}},{"from":[-15.93,16.47,-15.93],"to":[-9.07,18.33,31.93],"rotation":{"angle":22.5,"axis":"z","origin":[-12.5,18.4,8]},"faces":{"north":{"uv":[5.375,0.75,5.8125,0.875],"texture":"#7"},"east":{"uv":[6.1875,4,9.1875,4.125],"texture":"#7"},"south":{"uv":[5.375,0.875,5.8125,1],"texture":"#7"},"west":{"uv":[6.1875,4.125,9.1875,4.25],"texture":"#7"},"up":{"uv":[3.5625,6.75,3.125,3.75],"texture":"#7"},"down":{"uv":[4,3.75,3.5625,6.75],"texture":"#7"}}},{"from":[-12.94,18.46,-15.94],"to":[-6.06,20.34,31.94],"rotation":{"angle":22.5,"axis":"z","origin":[-9.5,20.4,8]},"faces":{"north":{"uv":[5.375,1,5.8125,1.125],"texture":"#7"},"east":{"uv":[6.1875,4.25,9.1875,4.375],"texture":"#7"},"south":{"uv":[5.375,1.125,5.8125,1.25],"texture":"#7"},"west":{"uv":[6.1875,4.375,9.1875,4.5],"texture":"#7"},"up":{"uv":[4.4375,6.75,4,3.75],"texture":"#7"},"down":{"uv":[4.875,3.75,4.4375,6.75],"texture":"#7"}}},{"from":[-9.95,20.45,-15.95],"to":[-3.05,22.35,31.95],"rotation":{"angle":22.5,"axis":"z","origin":[-6.5,22.4,8]},"faces":{"north":{"uv":[5.375,1.25,5.8125,1.375],"texture":"#7"},"east":{"uv":[6.1875,4.5,9.1875,4.625],"texture":"#7"},"south":{"uv":[5.375,1.375,5.8125,1.5],"texture":"#7"},"west":{"uv":[6.1875,4.625,9.1875,4.75],"texture":"#7"},"up":{"uv":[5.3125,6.75,4.875,3.75],"texture":"#7"},"down":{"uv":[5.75,3.75,5.3125,6.75],"texture":"#7"}}},{"from":[-6.96,22.44,-15.96],"to":[-0.04,24.36,31.96],"rotation":{"angle":22.5,"axis":"z","origin":[-3.5,24.4,8]},"faces":{"north":{"uv":[5.375,1.5,5.8125,1.625],"texture":"#7"},"east":{"uv":[6.1875,4.75,9.1875,4.875],"texture":"#7"},"south":{"uv":[5.375,1.625,5.8125,1.75],"texture":"#7"},"west":{"uv":[6.1875,4.875,9.1875,5],"texture":"#7"},"up":{"uv":[6.1875,6.75,5.75,3.75],"texture":"#7"},"down":{"uv":[1.5625,5.875,1.125,8.875],"texture":"#7"}}},{"from":[-3.97,24.43,-15.97],"to":[2.97,26.37,31.97],"rotation":{"angle":22.5,"axis":"z","origin":[-0.5,26.4,8]},"faces":{"north":{"uv":[5.375,1.75,5.8125,1.875],"texture":"#7"},"east":{"uv":[6.1875,5,9.1875,5.125],"texture":"#7"},"south":{"uv":[5.375,1.875,5.8125,2],"texture":"#7"},"west":{"uv":[6.1875,5.125,9.1875,5.25],"texture":"#7"},"up":{"uv":[2,8.875,1.5625,5.875],"texture":"#7"},"down":{"uv":[2.4375,5.875,2,8.875],"texture":"#7"}}},{"from":[-0.98,26.42,-15.98],"to":[5.98,28.38,31.98],"rotation":{"angle":22.5,"axis":"z","origin":[2.5,28.4,8]},"faces":{"north":{"uv":[5.375,2,5.8125,2.125],"texture":"#7"},"east":{"uv":[6.1875,5.25,9.1875,5.375],"texture":"#7"},"south":{"uv":[5.375,2.125,5.8125,2.25],"texture":"#7"},"west":{"uv":[6.1875,5.375,9.1875,5.5],"texture":"#7"},"up":{"uv":[2.875,8.875,2.4375,5.875],"texture":"#7"},"down":{"uv":[0.4375,6,0,9],"texture":"#7"}}},{"from":[-9,16.4,-16],"to":[-9,18.4,32],"rotation":{"angle":22.5,"axis":"z","origin":[-12.5,18.4,8]},"faces":{"north":{"uv":[0,0,0,0.125],"texture":"#7"},"east":{"uv":[6.1875,5.5,9.1875,5.625],"texture":"#7"},"south":{"uv":[0,0,0,0.125],"texture":"#7"},"west":{"uv":[6.1875,5.625,9.1875,5.75],"texture":"#7"},"up":{"uv":[0,3,0,0],"texture":"#7"},"down":{"uv":[0,0,0,3],"texture":"#7"}}},{"from":[-6,18.4,-16],"to":[-6,20.4,32],"rotation":{"angle":22.5,"axis":"z","origin":[-9.5,20.4,8]},"faces":{"north":{"uv":[0,0,0,0.125],"texture":"#7"},"east":{"uv":[6.1875,5.75,9.1875,5.875],"texture":"#7"},"south":{"uv":[0,0,0,0.125],"texture":"#7"},"west":{"uv":[6.1875,5.875,9.1875,6],"texture":"#7"},"up":{"uv":[0,3,0,0],"texture":"#7"},"down":{"uv":[0,0,0,3],"texture":"#7"}}},{"from":[-3,20.4,-16],"to":[-3,22.4,32],"rotation":{"angle":22.5,"axis":"z","origin":[-6.5,22.4,8]},"faces":{"north":{"uv":[0,0,0,0.125],"texture":"#7"},"east":{"uv":[6.1875,6,9.1875,6.125],"texture":"#7"},"south":{"uv":[0,0,0,0.125],"texture":"#7"},"west":{"uv":[6.1875,6.125,9.1875,6.25],"texture":"#7"},"up":{"uv":[0,3,0,0],"texture":"#7"},"down":{"uv":[0,0,0,3],"texture":"#7"}}},{"from":[0,22.4,-16],"to":[0,24.4,32],"rotation":{"angle":22.5,"axis":"z","origin":[-3.5,24.4,8]},"faces":{"north":{"uv":[0,0,0,0.125],"texture":"#7"},"east":{"uv":[6.1875,6.25,9.1875,6.375],"texture":"#7"},"south":{"uv":[0,0,0,0.125],"texture":"#7"},"west":{"uv":[6.1875,6.375,9.1875,6.5],"texture":"#7"},"up":{"uv":[0,3,0,0],"texture":"#7"},"down":{"uv":[0,0,0,3],"texture":"#7"}}},{"from":[3,24.4,-16],"to":[3,26.4,32],"rotation":{"angle":22.5,"axis":"z","origin":[-0.5,26.4,8]},"faces":{"north":{"uv":[0,0,0,0.125],"texture":"#7"},"east":{"uv":[6.4375,0.75,9.4375,0.875],"texture":"#7"},"south":{"uv":[0,0,0,0.125],"texture":"#7"},"west":{"uv":[6.4375,0.875,9.4375,1],"texture":"#7"},"up":{"uv":[0,3,0,0],"texture":"#7"},"down":{"uv":[0,0,0,3],"texture":"#7"}}},{"from":[6,26.4,-16],"to":[6,28.4,32],"rotation":{"angle":22.5,"axis":"z","origin":[2.5,28.4,8]},"faces":{"north":{"uv":[0,0,0,0.125],"texture":"#7"},"east":{"uv":[6.4375,1,9.4375,1.125],"texture":"#7"},"south":{"uv":[0,0,0,0.125],"texture":"#7"},"west":{"uv":[6.4375,1.125,9.4375,1.25],"texture":"#7"},"up":{"uv":[0,3,0,0],"texture":"#7"},"down":{"uv":[0,0,0,3],"texture":"#7"}}},{"from":[9,28.4,-16],"to":[9,30.4,32],"rotation":{"angle":22.5,"axis":"z","origin":[5.5,30.4,8]},"faces":{"north":{"uv":[0,0,0.4375,0],"texture":"#missing"},"east":{"uv":[0,0,0.0625,3],"rotation":90,"texture":"#missing"},"south":{"uv":[0,0,0.4375,0],"texture":"#missing"},"west":{"uv":[0,0,0.0625,3],"rotation":90,"texture":"#missing"},"up":{"uv":[0.4375,3,0,0],"texture":"#missing"},"down":{"uv":[0.4375,0,0,3],"texture":"#missing"}}},{"from":[2,28.4,-16],"to":[9,30.4,32],"rotation":{"angle":22.5,"axis":"z","origin":[5.5,30.4,8]},"faces":{"north":{"uv":[5.375,2.25,5.8125,2.375],"texture":"#7"},"east":{"uv":[6.4375,1.25,9.4375,1.375],"texture":"#7"},"south":{"uv":[6.4375,3.625,6.875,3.75],"texture":"#7"},"west":{"uv":[6.4375,1.375,9.4375,1.5],"texture":"#7"},"up":{"uv":[0.875,9,0.4375,6],"texture":"#7"},"down":{"uv":[6.4375,0.75,6,3.75],"texture":"#7"}}},{"from":[9,28.4,-16],"to":[9,30.4,32],"rotation":{"angle":22.5,"axis":"z","origin":[5.5,30.4,8]},"faces":{"north":{"uv":[0,0,0,0.125],"texture":"#7"},"east":{"uv":[6.4375,1.5,9.4375,1.625],"texture":"#7"},"south":{"uv":[0,0,0,0.125],"texture":"#7"},"west":{"uv":[6.4375,1.625,9.4375,1.75],"texture":"#7"},"up":{"uv":[0,3,0,0],"texture":"#7"},"down":{"uv":[0,0,0,3],"texture":"#7"}}},{"from":[25.07,16.47,-15.93],"to":[31.93,18.33,31.93],"rotation":{"angle":-22.5,"axis":"z","origin":[28.5,18.4,8]},"faces":{"north":{"uv":[5.8125,0.75,5.375,0.875],"texture":"#7"},"east":{"uv":[9.1875,4.125,6.1875,4.25],"texture":"#7"},"south":{"uv":[5.8125,0.875,5.375,1],"texture":"#7"},"west":{"uv":[9.1875,4,6.1875,4.125],"texture":"#7"},"up":{"uv":[3.125,6.75,3.5625,3.75],"texture":"#7"},"down":{"uv":[3.5625,3.75,4,6.75],"texture":"#7"}}},{"from":[22.06,18.46,-15.94],"to":[28.94,20.34,31.94],"rotation":{"angle":-22.5,"axis":"z","origin":[25.5,20.4,8]},"faces":{"north":{"uv":[5.8125,1,5.375,1.125],"texture":"#7"},"east":{"uv":[9.1875,4.375,6.1875,4.5],"texture":"#7"},"south":{"uv":[5.8125,1.125,5.375,1.25],"texture":"#7"},"west":{"uv":[9.1875,4.25,6.1875,4.375],"texture":"#7"},"up":{"uv":[4,6.75,4.4375,3.75],"texture":"#7"},"down":{"uv":[4.4375,3.75,4.875,6.75],"texture":"#7"}}},{"from":[19.05,20.45,-15.95],"to":[25.95,22.35,31.95],"rotation":{"angle":-22.5,"axis":"z","origin":[22.5,22.4,8]},"faces":{"north":{"uv":[5.8125,1.25,5.375,1.375],"texture":"#7"},"east":{"uv":[9.1875,4.625,6.1875,4.75],"texture":"#7"},"south":{"uv":[5.8125,1.375,5.375,1.5],"texture":"#7"},"west":{"uv":[9.1875,4.5,6.1875,4.625],"texture":"#7"},"up":{"uv":[4.875,6.75,5.3125,3.75],"texture":"#7"},"down":{"uv":[5.3125,3.75,5.75,6.75],"texture":"#7"}}},{"from":[16.04,22.44,-15.96],"to":[22.96,24.36,31.96],"rotation":{"angle":-22.5,"axis":"z","origin":[19.5,24.4,8]},"faces":{"north":{"uv":[5.8125,1.5,5.375,1.625],"texture":"#7"},"east":{"uv":[9.1875,4.875,6.1875,5],"texture":"#7"},"south":{"uv":[5.8125,1.625,5.375,1.75],"texture":"#7"},"west":{"uv":[9.1875,4.75,6.1875,4.875],"texture":"#7"},"up":{"uv":[5.75,6.75,6.1875,3.75],"texture":"#7"},"down":{"uv":[1.125,5.875,1.5625,8.875],"texture":"#7"}}},{"from":[13.03,24.43,-15.97],"to":[19.97,26.37,31.97],"rotation":{"angle":-22.5,"axis":"z","origin":[16.5,26.4,8]},"faces":{"north":{"uv":[5.8125,1.75,5.375,1.875],"texture":"#7"},"east":{"uv":[9.1875,5.125,6.1875,5.25],"texture":"#7"},"south":{"uv":[5.8125,1.875,5.375,2],"texture":"#7"},"west":{"uv":[9.1875,5,6.1875,5.125],"texture":"#7"},"up":{"uv":[1.5625,8.875,2,5.875],"texture":"#7"},"down":{"uv":[2,5.875,2.4375,8.875],"texture":"#7"}}},{"from":[10.02,26.42,-15.98],"to":[16.98,28.38,31.98],"rotation":{"angle":-22.5,"axis":"z","origin":[13.5,28.4,8]},"faces":{"north":{"uv":[5.8125,2,5.375,2.125],"texture":"#7"},"east":{"uv":[9.1875,5.375,6.1875,5.5],"texture":"#7"},"south":{"uv":[5.8125,2.125,5.375,2.25],"texture":"#7"},"west":{"uv":[9.1875,5.25,6.1875,5.375],"texture":"#7"},"up":{"uv":[2.4375,8.875,2.875,5.875],"texture":"#7"},"down":{"uv":[0,6,0.4375,9],"texture":"#7"}}},{"from":[25,16.4,-16],"to":[25,18.4,32],"rotation":{"angle":-22.5,"axis":"z","origin":[28.5,18.4,8]},"faces":{"north":{"uv":[0,0,0,0.125],"texture":"#7"},"east":{"uv":[9.1875,5.625,6.1875,5.75],"texture":"#7"},"south":{"uv":[0,0,0,0.125],"texture":"#7"},"west":{"uv":[9.1875,5.5,6.1875,5.625],"texture":"#7"},"up":{"uv":[0,3,0,0],"texture":"#7"},"down":{"uv":[0,0,0,3],"texture":"#7"}}},{"from":[22,18.4,-16],"to":[22,20.4,32],"rotation":{"angle":-22.5,"axis":"z","origin":[25.5,20.4,8]},"faces":{"north":{"uv":[0,0,0,0.125],"texture":"#7"},"east":{"uv":[9.1875,5.875,6.1875,6],"texture":"#7"},"south":{"uv":[0,0,0,0.125],"texture":"#7"},"west":{"uv":[9.1875,5.75,6.1875,5.875],"texture":"#7"},"up":{"uv":[0,3,0,0],"texture":"#7"},"down":{"uv":[0,0,0,3],"texture":"#7"}}},{"from":[19,20.4,-16],"to":[19,22.4,32],"rotation":{"angle":-22.5,"axis":"z","origin":[22.5,22.4,8]},"faces":{"north":{"uv":[0,0,0,0.125],"texture":"#7"},"east":{"uv":[9.1875,6.125,6.1875,6.25],"texture":"#7"},"south":{"uv":[0,0,0,0.125],"texture":"#7"},"west":{"uv":[9.1875,6,6.1875,6.125],"texture":"#7"},"up":{"uv":[0,3,0,0],"texture":"#7"},"down":{"uv":[0,0,0,3],"texture":"#7"}}},{"from":[16,22.4,-16],"to":[16,24.4,32],"rotation":{"angle":-22.5,"axis":"z","origin":[19.5,24.4,8]},"faces":{"north":{"uv":[0,0,0,0.125],"texture":"#7"},"east":{"uv":[9.1875,6.375,6.1875,6.5],"texture":"#7"},"south":{"uv":[0,0,0,0.125],"texture":"#7"},"west":{"uv":[9.1875,6.25,6.1875,6.375],"texture":"#7"},"up":{"uv":[0,3,0,0],"texture":"#7"},"down":{"uv":[0,0,0,3],"texture":"#7"}}},{"from":[13,24.4,-16],"to":[13,26.4,32],"rotation":{"angle":-22.5,"axis":"z","origin":[16.5,26.4,8]},"faces":{"north":{"uv":[0,0,0,0.125],"texture":"#7"},"east":{"uv":[9.4375,0.875,6.4375,1],"texture":"#7"},"south":{"uv":[0,0,0,0.125],"texture":"#7"},"west":{"uv":[9.4375,0.75,6.4375,0.875],"texture":"#7"},"up":{"uv":[0,3,0,0],"texture":"#7"},"down":{"uv":[0,0,0,3],"texture":"#7"}}},{"from":[10,26.4,-16],"to":[10,28.4,32],"rotation":{"angle":-22.5,"axis":"z","origin":[13.5,28.4,8]},"faces":{"north":{"uv":[0,0,0,0.125],"texture":"#7"},"east":{"uv":[9.4375,1.125,6.4375,1.25],"texture":"#7"},"south":{"uv":[0,0,0,0.125],"texture":"#7"},"west":{"uv":[9.4375,1,6.4375,1.125],"texture":"#7"},"up":{"uv":[0,3,0,0],"texture":"#7"},"down":{"uv":[0,0,0,3],"texture":"#7"}}},{"from":[7,28.4,-16],"to":[7,30.4,32],"rotation":{"angle":-22.5,"axis":"z","origin":[10.5,30.4,8]},"faces":{"north":{"uv":[0.4375,0,0,0],"texture":"#missing"},"east":{"uv":[0,3,0.0625,0],"rotation":90,"texture":"#missing"},"south":{"uv":[0.4375,0,0,0],"texture":"#missing"},"west":{"uv":[0,3,0.0625,0],"rotation":90,"texture":"#missing"},"up":{"uv":[0,3,0.4375,0],"texture":"#missing"},"down":{"uv":[0,0,0.4375,3],"texture":"#missing"}}},{"from":[7.01,28.41,-15.99],"to":[13.99,30.39,31.99],"rotation":{"angle":-22.5,"axis":"z","origin":[10.5,30.4,8]},"faces":{"north":{"uv":[5.8125,2.25,5.375,2.375],"texture":"#7"},"east":{"uv":[9.4375,1.375,6.4375,1.5],"texture":"#7"},"south":{"uv":[6.875,3.625,6.4375,3.75],"texture":"#7"},"west":{"uv":[9.4375,1.25,6.4375,1.375],"texture":"#7"},"up":{"uv":[0.4375,9,0.875,6],"texture":"#7"},"down":{"uv":[6,0.75,6.4375,3.75],"texture":"#7"}}},{"from":[7,28.4,-16],"to":[7,30.4,32],"rotation":{"angle":-22.5,"axis":"z","origin":[10.5,30.4,8]},"faces":{"north":{"uv":[0,0,0,0.125],"texture":"#7"},"east":{"uv":[9.4375,1.625,6.4375,1.75],"texture":"#7"},"south":{"uv":[0,0,0,0.125],"texture":"#7"},"west":{"uv":[9.4375,1.5,6.4375,1.625],"texture":"#7"},"up":{"uv":[0,3,0,0],"texture":"#7"},"down":{"uv":[0,0,0,3],"texture":"#7"}}}],"display":{"thirdperson_righthand":{"rotation":[75,45,0],"translation":[0,2.5,1],"scale":[0.14063,0.14063,0.14063]},"thirdperson_lefthand":{"rotation":[75,45,0],"translation":[0,2.5,1],"scale":[0.14063,0.14063,0.14063]},"firstperson_righthand":{"rotation":[0,45,0],"translation":[0,2.5,0],"scale":[0.13633,0.13633,0.13633]},"firstperson_lefthand":{"rotation":[0,45,0],"translation":[0,2.5,0],"scale":[0.13633,0.13633,0.13633]},"ground":{"translation":[0,4,0],"scale":[0.17578,0.17578,0.17578]},"gui":{"rotation":[-161.75,-45,180],"scale":[0.23828,0.23828,0.23828]},"head":{"rotation":[0,-90,0],"translation":[0,-4.9,0],"scale":[1.6,1.6,1.6]},"fixed":{"rotation":[-90,180,0],"translation":[0,0,-48],"scale":[2,2,2]}},"mcmodels":"e000c60207ad4a1a2a96169b5d36d4e4"}