{"credit":"Created By Yassou","texture_size":[128,128],"textures":{"3":"summer_furnitures:tropical_plante"},"elements":[{"from":[3,0,3],"to":[13,5,13],"rotation":{"angle":0,"axis":"y","origin":[7,0,7]},"faces":{"north":{"uv":[5.5,6.75,6.75,7.375],"texture":"#3"},"east":{"uv":[5.5,6.75,6.75,7.375],"texture":"#3"},"south":{"uv":[5.5,6.75,6.75,7.375],"texture":"#3"},"west":{"uv":[5.5,6.75,6.75,7.375],"texture":"#3"},"up":{"uv":[4.25,8,3,6.75],"texture":"#3"},"down":{"uv":[5.5,6.75,4.25,8],"texture":"#3"}}},{"from":[2,5,2],"to":[14,7,14],"rotation":{"angle":0,"axis":"y","origin":[7,5,7]},"faces":{"north":{"uv":[6.75,6.75,8.25,7],"texture":"#3"},"east":{"uv":[6.75,6.75,8.25,7],"texture":"#3"},"south":{"uv":[6.75,6.75,8.25,7],"texture":"#3"},"west":{"uv":[6.75,6.75,8.25,7],"texture":"#3"},"up":{"uv":[1.5,8.25,0,6.75],"texture":"#3"},"down":{"uv":[3,6.75,1.5,8.25],"texture":"#3"}}},{"from":[-6.5,2.1,8],"to":[23.5,29.1,8],"rotation":{"angle":0,"axis":"y","origin":[8,15.6,8]},"faces":{"north":{"uv":[10.625,0,14.375,3.375],"texture":"#3"},"east":{"uv":[0,0,0,3.375],"texture":"#3"},"south":{"uv":[14.375,0,10.625,3.375],"texture":"#3"},"west":{"uv":[0,0,0,3.375],"texture":"#3"},"up":{"uv":[3.75,0,0,0],"texture":"#3"},"down":{"uv":[3.75,0,0,0],"texture":"#3"}}},{"from":[8.6,3.4,-7.1],"to":[8.6,30.4,22.9],"rotation":{"angle":0,"axis":"y","origin":[8.6,16.9,8.4]},"faces":{"north":{"uv":[0,0,0,3.375],"texture":"#3"},"east":{"uv":[14.375,0,10.625,3.375],"texture":"#3"},"south":{"uv":[0,0,0,3.375],"texture":"#3"},"west":{"uv":[10.625,0,14.375,3.375],"texture":"#3"},"up":{"uv":[3.75,0,0,0],"rotation":270,"texture":"#3"},"down":{"uv":[3.75,0,0,0],"rotation":90,"texture":"#3"}}},{"from":[3,10.3,5.4],"to":[8,10.3,11.4],"rotation":{"angle":0,"axis":"y","origin":[6,10.3,9.4]},"faces":{"north":{"uv":[0,0,1,0],"texture":"#missing"},"east":{"uv":[0,0,0.75,0],"texture":"#missing"},"south":{"uv":[0,0,1,0],"texture":"#missing"},"west":{"uv":[0,0,0.75,0],"texture":"#missing"},"up":{"uv":[15.375,0.125,16,0.875],"texture":"#3"},"down":{"uv":[15.375,0.875,16,0.125],"texture":"#3"}}},{"from":[-1.80932,9.34337,5.4],"to":[3.19068,9.34337,11.4],"rotation":{"angle":22.5,"axis":"z","origin":[0.69068,9.34337,8.4]},"faces":{"north":{"uv":[0,0,1,0],"texture":"#missing"},"east":{"uv":[0,0,0.75,0],"texture":"#missing"},"south":{"uv":[0,0,1,0],"texture":"#missing"},"west":{"uv":[0,0,0.75,0],"texture":"#missing"},"up":{"uv":[14.75,0.125,15.375,0.875],"texture":"#3"},"down":{"uv":[14.75,0.875,15.375,0.125],"texture":"#3"}}},{"from":[5.1,12.7,-0.7],"to":[10.1,12.7,5.3],"rotation":{"angle":-45,"axis":"y","origin":[5.1,12.7,2.3]},"faces":{"north":{"uv":[0,0,1,0],"texture":"#missing"},"east":{"uv":[0,0,0.75,0],"texture":"#missing"},"south":{"uv":[0,0,1,0],"texture":"#missing"},"west":{"uv":[0,0,0.75,0],"texture":"#missing"},"up":{"uv":[15.375,0.125,16,0.875],"texture":"#3"},"down":{"uv":[15.375,0.875,16,0.125],"texture":"#3"}}},{"from":[0.1,13,-0.7],"to":[5.1,13,5.3],"rotation":{"angle":45,"axis":"z","origin":[5.1,13,2.3]},"faces":{"north":{"uv":[0,0,1,0],"texture":"#missing"},"east":{"uv":[0,0,0.75,0],"texture":"#missing"},"south":{"uv":[0,0,1,0],"texture":"#missing"},"west":{"uv":[0,0,0.75,0],"texture":"#missing"},"up":{"uv":[14.75,0.125,15.375,0.875],"texture":"#3"},"down":{"uv":[14.75,0.875,15.375,0.125],"texture":"#3"}}},{"from":[4.3,10.7,14.3],"to":[10.3,10.7,19.3],"rotation":{"angle":22.5,"axis":"x","origin":[7.3,10.7,14.3]},"faces":{"north":{"uv":[0,0,0.75,0],"texture":"#missing"},"east":{"uv":[0,0,1,0],"texture":"#missing"},"south":{"uv":[0,0,0.75,0],"texture":"#missing"},"west":{"uv":[0,0,1,0],"texture":"#missing"},"up":{"uv":[14.75,0.125,15.375,0.875],"rotation":270,"texture":"#3"},"down":{"uv":[14.75,0.875,15.375,0.125],"rotation":90,"texture":"#3"}}},{"from":[4.3,10.5,9.3],"to":[10.3,10.5,14.3],"rotation":{"angle":-22.5,"axis":"y","origin":[7.3,10.5,14.3]},"faces":{"north":{"uv":[0,0,0.75,0],"texture":"#missing"},"east":{"uv":[0,0,1,0],"texture":"#missing"},"south":{"uv":[0,0,0.75,0],"texture":"#missing"},"west":{"uv":[0,0,1,0],"texture":"#missing"},"up":{"uv":[15.375,0.125,16,0.875],"rotation":270,"texture":"#3"},"down":{"uv":[15.375,0.875,16,0.125],"rotation":90,"texture":"#3"}}},{"from":[7.7,13.4,12.4],"to":[13.7,13.4,17.4],"rotation":{"angle":22.5,"axis":"x","origin":[10.7,13.4,12.4]},"faces":{"north":{"uv":[0,0,0.75,0],"texture":"#missing"},"east":{"uv":[0,0,1,0],"texture":"#missing"},"south":{"uv":[0,0,0.75,0],"texture":"#missing"},"west":{"uv":[0,0,1,0],"texture":"#missing"},"up":{"uv":[14.75,0.125,15.375,0.875],"rotation":270,"texture":"#3"},"down":{"uv":[14.75,0.875,15.375,0.125],"rotation":90,"texture":"#3"}}},{"from":[7.7,13.4,7.4],"to":[13.7,13.4,12.4],"rotation":{"angle":22.5,"axis":"x","origin":[10.7,13.4,12.4]},"faces":{"north":{"uv":[0,0,0.75,0],"texture":"#missing"},"east":{"uv":[0,0,1,0],"texture":"#missing"},"south":{"uv":[0,0,0.75,0],"texture":"#missing"},"west":{"uv":[0,0,1,0],"texture":"#missing"},"up":{"uv":[15.375,0.125,16,0.875],"rotation":270,"texture":"#3"},"down":{"uv":[15.375,0.875,16,0.125],"rotation":90,"texture":"#3"}}},{"from":[5.1,7.3,2.2],"to":[11.1,7.3,7.2],"rotation":{"angle":-22.5,"axis":"x","origin":[8.1,6.82168,2.29534]},"faces":{"north":{"uv":[0,0,0.75,0],"texture":"#missing"},"east":{"uv":[0,0,1,0],"texture":"#missing"},"south":{"uv":[0,0,0.75,0],"texture":"#missing"},"west":{"uv":[0,0,1,0],"texture":"#missing"},"up":{"uv":[15.375,0.125,16,0.875],"rotation":90,"texture":"#3"},"down":{"uv":[15.375,0.875,16,0.125],"rotation":270,"texture":"#3"}}},{"from":[5.1,7.3,-2.60932],"to":[11.1,7.3,2.39068],"rotation":{"angle":-45,"axis":"x","origin":[8.1,6.82168,2.29534]},"faces":{"north":{"uv":[0,0,0.75,0],"texture":"#missing"},"east":{"uv":[0,0,1,0],"texture":"#missing"},"south":{"uv":[0,0,0.75,0],"texture":"#missing"},"west":{"uv":[0,0,1,0],"texture":"#missing"},"up":{"uv":[14.75,0.125,15.375,0.875],"rotation":90,"texture":"#3"},"down":{"uv":[14.75,0.875,15.375,0.125],"rotation":270,"texture":"#3"}}},{"from":[-0.2,19.8,5.4],"to":[4.8,19.8,11.4],"rotation":{"angle":0,"axis":"y","origin":[2.8,19.8,9.4]},"faces":{"north":{"uv":[0,0,1,0],"texture":"#missing"},"east":{"uv":[0,0,0.75,0],"texture":"#missing"},"south":{"uv":[0,0,1,0],"texture":"#missing"},"west":{"uv":[0,0,0.75,0],"texture":"#missing"},"up":{"uv":[15.375,0.125,16,0.875],"texture":"#3"},"down":{"uv":[15.375,0.875,16,0.125],"texture":"#3"}}},{"from":[-5.00932,18.84337,5.4],"to":[-0.00932,18.84337,11.4],"rotation":{"angle":22.5,"axis":"z","origin":[-2.50932,18.84337,8.4]},"faces":{"north":{"uv":[0,0,1,0],"texture":"#missing"},"east":{"uv":[0,0,0.75,0],"texture":"#missing"},"south":{"uv":[0,0,1,0],"texture":"#missing"},"west":{"uv":[0,0,0.75,0],"texture":"#missing"},"up":{"uv":[14.75,0.125,15.375,0.875],"texture":"#3"},"down":{"uv":[14.75,0.875,15.375,0.125],"texture":"#3"}}},{"from":[16.14902,21.18868,3.39068],"to":[23.14902,21.18868,11.39068],"rotation":{"angle":-45,"axis":"z","origin":[17.2063,20.90171,7.39068]},"faces":{"north":{"uv":[0,0,1,0],"texture":"#missing"},"east":{"uv":[0,0,0.75,0],"texture":"#missing"},"south":{"uv":[0,0,1,0],"texture":"#missing"},"west":{"uv":[0,0,0.75,0],"texture":"#missing"},"up":{"uv":[14.25,2.125,15.125,1.125],"rotation":180,"texture":"#3"},"down":{"uv":[14.25,1.125,15.125,2.125],"rotation":180,"texture":"#3"}}},{"from":[9.89068,23,3.39068],"to":[13.89068,23,11.39068],"rotation":{"angle":0,"axis":"z","origin":[16.75728,22.33034,7.39068]},"faces":{"north":{"uv":[0,0,1,0],"texture":"#missing"},"east":{"uv":[0,0,0.75,0],"texture":"#missing"},"south":{"uv":[0,0,1,0],"texture":"#missing"},"west":{"uv":[0,0,0.75,0],"texture":"#missing"},"up":{"uv":[15.5,2,16,1],"rotation":180,"texture":"#3"},"down":{"uv":[15.5,1,16,2],"rotation":180,"texture":"#3"}}},{"from":[13.33971,21.57137,3.39068],"to":[16.33971,21.57137,11.39068],"rotation":{"angle":-22.5,"axis":"z","origin":[17.2063,20.90171,7.39068]},"faces":{"north":{"uv":[0,0,1,0],"texture":"#missing"},"east":{"uv":[0,0,0.75,0],"texture":"#missing"},"south":{"uv":[0,0,1,0],"texture":"#missing"},"west":{"uv":[0,0,0.75,0],"texture":"#missing"},"up":{"uv":[15.125,2,15.5,1],"rotation":180,"texture":"#3"},"down":{"uv":[15.125,1,15.5,2],"rotation":180,"texture":"#3"}}},{"from":[3.05728,19,14.55728],"to":[11.05728,19,21.55728],"rotation":{"angle":45,"axis":"x","origin":[7.05728,18.33034,14.69068]},"faces":{"north":{"uv":[0,0,0.75,0],"texture":"#missing"},"east":{"uv":[0,0,1,0],"texture":"#missing"},"south":{"uv":[0,0,0.75,0],"texture":"#missing"},"west":{"uv":[0,0,1,0],"texture":"#missing"},"up":{"uv":[14.25,1.125,15.125,2.125],"rotation":270,"texture":"#3"},"down":{"uv":[14.25,2.125,15.125,1.125],"rotation":90,"texture":"#3"}}},{"from":[3.05728,18.7,7.82409],"to":[11.05728,18.7,14.82409],"rotation":{"angle":-22.5,"axis":"y","origin":[7.05728,18.03034,14.69068]},"faces":{"north":{"uv":[0,0,0.75,0],"texture":"#missing"},"east":{"uv":[0,0,1,0],"texture":"#missing"},"south":{"uv":[0,0,0.75,0],"texture":"#missing"},"west":{"uv":[0,0,1,0],"texture":"#missing"},"up":{"uv":[15.125,1,16,2],"rotation":270,"texture":"#3"},"down":{"uv":[15.125,2,16,1],"rotation":90,"texture":"#3"}}},{"from":[18.52672,4.76407,4.69068],"to":[18.52672,11.76407,12.69068],"rotation":{"angle":0,"axis":"z","origin":[17.28943,11.25115,8.69068]},"faces":{"north":{"uv":[0,0,1,0],"rotation":270,"texture":"#missing"},"east":{"uv":[14.25,1.125,15.125,2.125],"rotation":270,"texture":"#3"},"south":{"uv":[0,0,1,0],"rotation":90,"texture":"#missing"},"west":{"uv":[14.25,2.125,15.125,1.125],"rotation":270,"texture":"#3"},"up":{"uv":[0,0,0.75,0],"rotation":90,"texture":"#missing"},"down":{"uv":[0,0,0.75,0],"rotation":90,"texture":"#missing"}}},{"from":[10.80235,12.48844,4.69068],"to":[17.80235,12.48844,12.69068],"rotation":{"angle":-45,"axis":"z","origin":[17.28943,11.25115,8.69068]},"faces":{"north":{"uv":[0,0,1,0],"texture":"#missing"},"east":{"uv":[0,0,0.75,0],"texture":"#missing"},"south":{"uv":[0,0,1,0],"texture":"#missing"},"west":{"uv":[0,0,0.75,0],"texture":"#missing"},"up":{"uv":[15.125,1,16,2],"rotation":180,"texture":"#3"},"down":{"uv":[15.125,2,16,1],"rotation":180,"texture":"#3"}}},{"from":[0.2608,8.15279,3.99068],"to":[0.2608,15.15279,11.99068],"rotation":{"angle":-22.5,"axis":"z","origin":[0.93045,15.01938,7.99068]},"faces":{"north":{"uv":[1,0,0,0],"rotation":90,"texture":"#missing"},"east":{"uv":[15.125,2.125,14.25,1.125],"rotation":90,"texture":"#3"},"south":{"uv":[1,0,0,0],"rotation":270,"texture":"#missing"},"west":{"uv":[15.125,1.125,14.25,2.125],"rotation":90,"texture":"#3"},"up":{"uv":[0.75,0,0,0],"rotation":270,"texture":"#missing"},"down":{"uv":[0.75,0,0,0],"rotation":270,"texture":"#missing"}}},{"from":[0.60932,15.5,3.99068],"to":[7.60932,15.5,11.99068],"rotation":{"angle":22.5,"axis":"z","origin":[0.74272,14.83034,7.99068]},"faces":{"north":{"uv":[1,0,0,0],"texture":"#missing"},"east":{"uv":[0.75,0,0,0],"texture":"#missing"},"south":{"uv":[1,0,0,0],"texture":"#missing"},"west":{"uv":[0.75,0,0,0],"texture":"#missing"},"up":{"uv":[16,1,15.125,2],"rotation":180,"texture":"#3"},"down":{"uv":[16,2,15.125,1],"rotation":180,"texture":"#3"}}},{"from":[4.2,24.40257,0.72024],"to":[12.2,24.40257,5.72024],"rotation":{"angle":0,"axis":"x","origin":[8.2,22.84532,0.19408]},"faces":{"north":{"uv":[0,0,0.75,0],"texture":"#missing"},"east":{"uv":[0,0,1,0],"texture":"#missing"},"south":{"uv":[0,0,0.75,0],"texture":"#missing"},"west":{"uv":[0,0,1,0],"texture":"#missing"},"up":{"uv":[15.375,1,16,2],"rotation":90,"texture":"#3"},"down":{"uv":[15.375,2,16,1],"rotation":270,"texture":"#3"}}},{"from":[4.2,24.08261,-1.7235],"to":[12.2,24.08261,1.2765],"rotation":{"angle":-22.5,"axis":"x","origin":[8.2,22.84532,0.19408]},"faces":{"north":{"uv":[0,0,0.75,0],"texture":"#missing"},"east":{"uv":[0,0,1,0],"texture":"#missing"},"south":{"uv":[0,0,0.75,0],"texture":"#missing"},"west":{"uv":[0,0,1,0],"texture":"#missing"},"up":{"uv":[15,1,15.375,2],"rotation":90,"texture":"#3"},"down":{"uv":[15,2,15.375,1],"rotation":270,"texture":"#3"}}},{"from":[3.2,16.61368,-1.87147],"to":[11.2,22.61368,-1.87147],"rotation":{"angle":22.5,"axis":"x","origin":[7.2,23.3869,-0.34804]},"faces":{"north":{"uv":[14.25,1.125,15,2.125],"rotation":270,"texture":"#3"},"east":{"uv":[0,0,1,0],"rotation":90,"texture":"#missing"},"south":{"uv":[14.25,2.125,15,1.125],"rotation":270,"texture":"#3"},"west":{"uv":[0,0,1,0],"rotation":270,"texture":"#missing"},"up":{"uv":[0,0,0.75,0],"texture":"#missing"},"down":{"uv":[0,0,0.75,0],"rotation":180,"texture":"#missing"}}},{"from":[1.32024,27.10257,2.3],"to":[6.32024,27.10257,10.3],"rotation":{"angle":0,"axis":"z","origin":[0.79408,25.54532,6.3]},"faces":{"north":{"uv":[1,0,0,0],"texture":"#missing"},"east":{"uv":[0.75,0,0,0],"texture":"#missing"},"south":{"uv":[1,0,0,0],"texture":"#missing"},"west":{"uv":[0.75,0,0,0],"texture":"#missing"},"up":{"uv":[16,1,15.375,2],"rotation":180,"texture":"#3"},"down":{"uv":[16,2,15.375,1],"rotation":180,"texture":"#3"}}},{"from":[-0.1235,26.78261,2.3],"to":[1.8765,26.78261,10.3],"rotation":{"angle":22.5,"axis":"z","origin":[0.79408,25.54532,6.3]},"faces":{"north":{"uv":[1,0,0,0],"texture":"#missing"},"east":{"uv":[0.75,0,0,0],"texture":"#missing"},"south":{"uv":[1,0,0,0],"texture":"#missing"},"west":{"uv":[0.75,0,0,0],"texture":"#missing"},"up":{"uv":[15.375,1,15.125,2],"rotation":180,"texture":"#3"},"down":{"uv":[15.375,2,15.125,1],"rotation":180,"texture":"#3"}}},{"from":[-0.72935,18.7721,2.3],"to":[-0.72935,25.7721,10.3],"rotation":{"angle":-22.5,"axis":"z","origin":[0.79408,25.54532,6.3]},"faces":{"north":{"uv":[1,0,0,0],"rotation":90,"texture":"#missing"},"east":{"uv":[15.125,2.125,14.25,1.125],"rotation":90,"texture":"#3"},"south":{"uv":[1,0,0,0],"rotation":270,"texture":"#missing"},"west":{"uv":[15.125,1.125,14.25,2.125],"rotation":90,"texture":"#3"},"up":{"uv":[0.75,0,0,0],"rotation":270,"texture":"#missing"},"down":{"uv":[0.75,0,0,0],"rotation":270,"texture":"#missing"}}},{"from":[4.2,28.7,8.4],"to":[12.2,28.7,15.4],"rotation":{"angle":0,"axis":"x","origin":[8.2,28.03034,15.2666]},"faces":{"north":{"uv":[0.75,0,0,0],"texture":"#missing"},"east":{"uv":[1,0,0,0],"texture":"#missing"},"south":{"uv":[0.75,0,0,0],"texture":"#missing"},"west":{"uv":[1,0,0,0],"texture":"#missing"},"up":{"uv":[16,1,15.125,2],"rotation":90,"texture":"#3"},"down":{"uv":[16,2,15.125,1],"rotation":270,"texture":"#3"}}},{"from":[4.2,28.8021,14.8867],"to":[12.2,28.8021,21.8867],"rotation":{"angle":45,"axis":"x","origin":[8.2,28.13244,15.0201]},"faces":{"north":{"uv":[0.75,0,0,0],"texture":"#missing"},"east":{"uv":[1,0,0,0],"texture":"#missing"},"south":{"uv":[0.75,0,0,0],"texture":"#missing"},"west":{"uv":[1,0,0,0],"texture":"#missing"},"up":{"uv":[15.125,1.125,14.25,2.125],"rotation":90,"texture":"#3"},"down":{"uv":[15.125,2.125,14.25,1.125],"rotation":270,"texture":"#3"}}},{"from":[5,16.3,-0.4],"to":[11,16.3,4.6],"rotation":{"angle":-22.5,"axis":"x","origin":[8,15.82168,-0.30466]},"faces":{"north":{"uv":[0,0,0.75,0],"texture":"#missing"},"east":{"uv":[0,0,1,0],"texture":"#missing"},"south":{"uv":[0,0,0.75,0],"texture":"#missing"},"west":{"uv":[0,0,1,0],"texture":"#missing"},"up":{"uv":[15.375,0.125,16,0.875],"rotation":90,"texture":"#3"},"down":{"uv":[15.375,0.875,16,0.125],"rotation":270,"texture":"#3"}}},{"from":[5,16.3,-5.20932],"to":[11,16.3,-0.20932],"rotation":{"angle":-45,"axis":"x","origin":[8,15.82168,-0.30466]},"faces":{"north":{"uv":[0,0,0.75,0],"texture":"#missing"},"east":{"uv":[0,0,1,0],"texture":"#missing"},"south":{"uv":[0,0,0.75,0],"texture":"#missing"},"west":{"uv":[0,0,1,0],"texture":"#missing"},"up":{"uv":[14.75,0.125,15.375,0.875],"rotation":90,"texture":"#3"},"down":{"uv":[14.75,0.875,15.375,0.125],"rotation":270,"texture":"#3"}}},{"from":[4.5,22.6,10.8],"to":[10.5,22.6,15.8],"rotation":{"angle":0,"axis":"y","origin":[6.5,22.6,12.8]},"faces":{"north":{"uv":[0.75,0,0,0],"texture":"#missing"},"east":{"uv":[1,0,0,0],"texture":"#missing"},"south":{"uv":[0.75,0,0,0],"texture":"#missing"},"west":{"uv":[1,0,0,0],"texture":"#missing"},"up":{"uv":[16,0.125,15.375,0.875],"rotation":90,"texture":"#3"},"down":{"uv":[16,0.875,15.375,0.125],"rotation":270,"texture":"#3"}}},{"from":[4.5,21.64337,15.60932],"to":[10.5,21.64337,20.60932],"rotation":{"angle":22.5,"axis":"x","origin":[7.5,21.64337,18.10932]},"faces":{"north":{"uv":[0.75,0,0,0],"texture":"#missing"},"east":{"uv":[1,0,0,0],"texture":"#missing"},"south":{"uv":[0.75,0,0,0],"texture":"#missing"},"west":{"uv":[1,0,0,0],"texture":"#missing"},"up":{"uv":[15.375,0.125,14.75,0.875],"rotation":90,"texture":"#3"},"down":{"uv":[15.375,0.875,14.75,0.125],"rotation":270,"texture":"#3"}}}],"display":{"thirdperson_righthand":{"rotation":[68.5,45,0],"translation":[0,2.5,1],"scale":[0.375,0.375,0.375]},"thirdperson_lefthand":{"rotation":[68.5,45,0],"translation":[0,2.5,1],"scale":[0.375,0.375,0.375]},"firstperson_righthand":{"rotation":[-178.98,16.19,176.34],"translation":[1.75,1.5,0],"scale":[0.26328,0.26328,0.26328]},"firstperson_lefthand":{"rotation":[-178.98,16.19,176.34],"translation":[1.75,1.5,0],"scale":[0.26328,0.26328,0.26328]},"ground":{"translation":[0,3,0],"scale":[0.34766,0.34766,0.34766]},"gui":{"rotation":[30,225,0],"translation":[0,-2.75,0],"scale":[0.49023,0.49023,0.49023]},"head":{"rotation":[-180,0,-180],"translation":[0,-30.4,0],"scale":[1.6,1.6,1.6]},"fixed":{"rotation":[-90,180,0],"translation":[0,0,-16],"scale":[2,2,2]}},"mcmodels":"e000c60207ad4a1a2a96169b5d36d4e4"}