{"credit":"Created By Yassou","texture_size":[128,128],"textures":{"3":"summer_furnitures:tropical_plante"},"elements":[{"from":[3,0,3],"to":[13,5,13],"rotation":{"angle":0,"axis":"y","origin":[7,0,7]},"faces":{"north":{"uv":[5.5,6.75,6.75,7.375],"texture":"#3"},"east":{"uv":[5.5,6.75,6.75,7.375],"texture":"#3"},"south":{"uv":[5.5,6.75,6.75,7.375],"texture":"#3"},"west":{"uv":[5.5,6.75,6.75,7.375],"texture":"#3"},"up":{"uv":[4.25,8,3,6.75],"texture":"#3"},"down":{"uv":[5.5,6.75,4.25,8],"texture":"#3"}}},{"from":[2,5,2],"to":[14,7,14],"rotation":{"angle":0,"axis":"y","origin":[7,5,7]},"faces":{"north":{"uv":[6.75,6.75,8.25,7],"texture":"#3"},"east":{"uv":[6.75,6.75,8.25,7],"texture":"#3"},"south":{"uv":[6.75,6.75,8.25,7],"texture":"#3"},"west":{"uv":[6.75,6.75,8.25,7],"texture":"#3"},"up":{"uv":[1.5,8.25,0,6.75],"texture":"#3"},"down":{"uv":[3,6.75,1.5,8.25],"texture":"#3"}}},{"from":[-6.5,5,8],"to":[23.5,32,8],"rotation":{"angle":0,"axis":"y","origin":[8,18.5,8]},"faces":{"north":{"uv":[0,0,3.75,3.375],"texture":"#3"},"east":{"uv":[0,0,0,3.375],"texture":"#3"},"south":{"uv":[3.75,0,0,3.375],"texture":"#3"},"west":{"uv":[0,0,0,3.375],"texture":"#3"},"up":{"uv":[3.75,0,0,0],"texture":"#3"},"down":{"uv":[3.75,0,0,0],"texture":"#3"}}},{"from":[-6.5,5,8],"to":[23.5,32,8],"rotation":{"angle":45,"axis":"y","origin":[8,18.5,8]},"faces":{"north":{"uv":[0,0,3.75,3.375],"texture":"#3"},"east":{"uv":[0,0,0,3.375],"texture":"#3"},"south":{"uv":[3.75,0,0,3.375],"texture":"#3"},"west":{"uv":[0,0,0,3.375],"texture":"#3"},"up":{"uv":[3.75,0,0,0],"texture":"#3"},"down":{"uv":[3.75,0,0,0],"texture":"#3"}}},{"from":[8,5,-7.5],"to":[8,32,22.5],"rotation":{"angle":45,"axis":"y","origin":[8,18.5,8]},"faces":{"north":{"uv":[0,0,0,3.375],"texture":"#3"},"east":{"uv":[3.75,0,7.5,3.375],"texture":"#3"},"south":{"uv":[0,0,0,3.375],"texture":"#3"},"west":{"uv":[7.5,0,3.75,3.375],"texture":"#3"},"up":{"uv":[0,3.75,0,0],"texture":"#3"},"down":{"uv":[0,0,0,3.75],"texture":"#3"}}},{"from":[8,5,-7.5],"to":[8,32,22.5],"rotation":{"angle":0,"axis":"y","origin":[8,18.5,8]},"faces":{"north":{"uv":[0,0,0,3.375],"texture":"#3"},"east":{"uv":[3.75,0,7.5,3.375],"texture":"#3"},"south":{"uv":[0,0,0,3.375],"texture":"#3"},"west":{"uv":[7.5,0,3.75,3.375],"texture":"#3"},"up":{"uv":[0,3.75,0,0],"texture":"#3"},"down":{"uv":[0,0,0,3.75],"texture":"#3"}}}],"display":{"thirdperson_righthand":{"rotation":[68.5,45,0],"translation":[0,2.5,1],"scale":[0.375,0.375,0.375]},"thirdperson_lefthand":{"rotation":[68.5,45,0],"translation":[0,2.5,1],"scale":[0.375,0.375,0.375]},"firstperson_righthand":{"rotation":[-178.98,16.19,176.34],"translation":[1.75,1.5,0],"scale":[0.26328,0.26328,0.26328]},"firstperson_lefthand":{"rotation":[-178.98,16.19,176.34],"translation":[1.75,1.5,0],"scale":[0.26328,0.26328,0.26328]},"ground":{"translation":[0,3,0],"scale":[0.34766,0.34766,0.34766]},"gui":{"rotation":[30,225,0],"translation":[0,-3.25,0],"scale":[0.47656,0.47656,0.47656]},"head":{"rotation":[-180,0,-180],"translation":[0,-30.4,0],"scale":[1.6,1.6,1.6]},"fixed":{"rotation":[-90,180,0],"translation":[0,0,-16],"scale":[2,2,2]}},"mcmodels":"e000c60207ad4a1a2a96169b5d36d4e4"}