{"credit":"Created By Yassou","texture_size":[64,64],"textures":{"1":"summer_furnitures:turtle_buoy"},"elements":[{"from":[0,0,0],"to":[16,5,16],"rotation":{"angle":0,"axis":"y","origin":[0,1,0]},"faces":{"north":{"uv":[4,6.25,8,5],"texture":"#1"},"east":{"uv":[4,6.25,8,5],"texture":"#1"},"south":{"uv":[4,6.25,8,5],"texture":"#1"},"west":{"uv":[4,6.25,8,5],"texture":"#1"},"up":{"uv":[4,4,0,0],"texture":"#1"},"down":{"uv":[4,4,0,8],"texture":"#1"}}},{"from":[6.01,0.01,-5.99],"to":[9.99,2.99,-0.01],"rotation":{"angle":0,"axis":"y","origin":[0,1,-16]},"faces":{"north":{"uv":[1.75,4,3.25,3.25],"texture":"#1"},"east":{"uv":[1.75,4,3.25,3.25],"texture":"#1"},"south":{"uv":[1.75,4,3.25,3.25],"texture":"#1"},"west":{"uv":[1.75,4,3.25,3.25],"texture":"#1"},"up":{"uv":[10.5,2.75,9,1.75],"texture":"#1"},"down":{"uv":[1,4,0,5.5],"texture":"#1"}}},{"from":[6.01,0.01,14.01],"to":[9.99,1.99,18.99],"rotation":{"angle":0,"axis":"y","origin":[0,1,4]},"faces":{"north":{"uv":[13.75,4,12.75,3.5],"texture":"#1"},"east":{"uv":[12.75,4.25,11.5,3.75],"texture":"#1"},"south":{"uv":[11.75,4.25,12.75,3.75],"texture":"#1"},"west":{"uv":[11.5,4.25,12.75,3.75],"texture":"#1"},"up":{"uv":[14,3.5,13,2.25],"texture":"#1"},"down":{"uv":[14,2.25,13,3.5],"texture":"#1"}}},{"from":[16,0,2],"to":[21,3,6],"rotation":{"angle":0,"axis":"y","origin":[11,1,-10]},"faces":{"north":{"uv":[14,4.25,12.75,3.5],"texture":"#1"},"east":{"uv":[11.75,4.25,12.75,3.5],"texture":"#1"},"south":{"uv":[12.75,4.25,14,3.5],"texture":"#1"},"west":{"uv":[4,5.75,5,5],"texture":"#1"},"up":{"uv":[11.75,4.25,10.5,3.25],"texture":"#1"},"down":{"uv":[11.75,4.25,10.5,3.25],"texture":"#1"}}},{"from":[14.4,0,13.1],"to":[19.4,3,17.1],"rotation":{"angle":-22.5,"axis":"y","origin":[16.9,1.5,15.1]},"faces":{"north":{"uv":[14,4.25,12.75,3.5],"texture":"#1"},"east":{"uv":[11.75,4.25,12.75,3.5],"texture":"#1"},"south":{"uv":[12.75,4.25,14,3.5],"texture":"#1"},"west":{"uv":[4,5.75,5,5],"texture":"#1"},"up":{"uv":[11.75,4.25,10.5,3.25],"texture":"#1"},"down":{"uv":[11.75,4.25,10.5,3.25],"texture":"#1"}}},{"from":[-3.4,0,13.1],"to":[1.6,3,17.1],"rotation":{"angle":22.5,"axis":"y","origin":[-0.9,1.5,15.1]},"faces":{"north":{"uv":[12.75,4.25,14,3.5],"texture":"#1"},"east":{"uv":[5,5.75,4,5],"texture":"#1"},"south":{"uv":[14,4.25,12.75,3.5],"texture":"#1"},"west":{"uv":[12.75,4.25,11.75,3.5],"texture":"#1"},"up":{"uv":[10.5,4.25,11.75,3.25],"texture":"#1"},"down":{"uv":[10.5,4.25,11.75,3.25],"texture":"#1"}}},{"from":[-5,0,2],"to":[0,3,6],"rotation":{"angle":0,"axis":"y","origin":[5,1,-10]},"faces":{"north":{"uv":[12.75,4.25,14,3.5],"texture":"#1"},"east":{"uv":[5,5.75,4,5],"texture":"#1"},"south":{"uv":[14,4.25,12.75,3.5],"texture":"#1"},"west":{"uv":[12.75,4.25,11.75,3.5],"texture":"#1"},"up":{"uv":[10.5,4.25,11.75,3.25],"texture":"#1"},"down":{"uv":[10.5,4.25,11.75,3.25],"texture":"#1"}}},{"from":[5,0,-8],"to":[11,5,-2],"rotation":{"angle":0,"axis":"y","origin":[0,1,-17]},"faces":{"north":{"uv":[9,4.25,10.5,3],"texture":"#1"},"east":{"uv":[12,1.25,10.5,0],"texture":"#1"},"south":{"uv":[10.5,2.75,12,1.5],"texture":"#1"},"west":{"uv":[10.5,1.25,12,0],"texture":"#1"},"up":{"uv":[10.5,1.5,9,0],"texture":"#1"},"down":{"uv":[10.5,1.5,9,3],"texture":"#1"}}},{"from":[6,0,-10],"to":[10,3,-8],"rotation":{"angle":0,"axis":"y","origin":[0,1,-23]},"faces":{"north":{"uv":[9.25,3.75,10.25,3],"texture":"#1"},"east":{"uv":[9.25,3.75,9.75,3],"texture":"#1"},"south":{"uv":[9.25,3.75,10.25,3],"texture":"#1"},"west":{"uv":[9.25,3.75,9.75,3],"texture":"#1"},"up":{"uv":[10.25,0.75,9.25,0.25],"texture":"#1"},"down":{"uv":[10,1.5,9,2],"texture":"#1"}}},{"name":"cube_outline","from":[13,5,13],"to":[3,0,3],"rotation":{"angle":0,"axis":"y","origin":[0,1,0]},"faces":{"north":{"uv":[6.5,0,9,1.25],"texture":"#1"},"east":{"uv":[6.5,0,9,1.25],"texture":"#1"},"south":{"uv":[6.5,0,9,1.25],"texture":"#1"},"west":{"uv":[6.5,0,9,1.25],"texture":"#1"},"up":{"uv":[6.5,2.5,4,0],"texture":"#1"},"down":{"uv":[6.5,2.5,4,5],"texture":"#1"}}},{"from":[-0.5,3.4,-0.5],"to":[16.5,6.4,16.5],"rotation":{"angle":0,"axis":"y","origin":[0.5,4.4,-0.5]},"faces":{"north":{"uv":[4.25,7.5,8.5,8.25],"texture":"#1"},"east":{"uv":[4.25,7.5,8.5,8.25],"texture":"#1"},"south":{"uv":[4.25,7.5,8.5,8.25],"texture":"#1"},"west":{"uv":[4.25,7.5,8.5,8.25],"texture":"#1"},"up":{"uv":[4.25,12.5,0,8.25],"texture":"#1"},"down":{"uv":[8.5,8.25,4.25,12.5],"texture":"#1"}}},{"name":"cube_outline","from":[12.5,6.4,12.5],"to":[3.5,3.4,3.5],"rotation":{"angle":0,"axis":"y","origin":[0.5,4.4,-0.5]},"faces":{"north":{"uv":[7.5,7.5,5.25,8.25],"rotation":180,"texture":"#1"},"east":{"uv":[7.5,7.5,5.25,8.25],"rotation":180,"texture":"#1"},"south":{"uv":[7.5,7.5,5.25,8.25],"rotation":180,"texture":"#1"},"west":{"uv":[7.5,7.5,5.25,8.25],"rotation":180,"texture":"#1"},"up":{"uv":[8.5,8.25,4.25,12.5],"rotation":180,"texture":"#1"},"down":{"uv":[3.25,11.5,1,9.25],"rotation":180,"texture":"#1"}}}],"display":{"thirdperson_righthand":{"rotation":[79.5,-0.01,-0.25],"translation":[-5.5,-2.75,5],"scale":[1.08398,1.08398,1.08398]},"thirdperson_lefthand":{"rotation":[79.5,-0.01,-0.25],"translation":[-5.5,-2.75,5],"scale":[1.08398,1.08398,1.08398]},"firstperson_righthand":{"rotation":[0,14.75,0],"translation":[6.25,0,0]},"firstperson_lefthand":{"rotation":[0,14.75,0],"translation":[6.25,0,0]},"ground":{"translation":[0,1.75,0],"scale":[0.70703,0.70703,0.70703]},"gui":{"rotation":[30,225,0],"translation":[0,1.25,0],"scale":[0.54102,0.54102,0.54102]},"head":{"rotation":[-180,0,-180],"translation":[0,-33.65,0],"scale":[1.6,1.6,1.6]},"fixed":{"rotation":[-90,180,0],"translation":[0,0,-12.25],"scale":[2,2,2]}},"mcmodels":"e000c60207ad4a1a2a96169b5d36d4e4"}