{"credit":"Created By Yassou","textures":{"2":"summer_furnitures:mini_torch","8":"summer_furnitures:fire_anim","particle":"summer_furnitures:mini_torch"},"elements":[{"from":[6.5,8.91054,3.53407],"to":[9.5,11.41054,6.53407],"rotation":{"angle":22.5,"axis":"x","origin":[8,12.56903,5.03644]},"faces":{"north":{"uv":[11,9,8,12],"texture":"#2"},"east":{"uv":[3,11,0,14],"texture":"#2"},"south":{"uv":[11,9,8,12],"texture":"#2"},"west":{"uv":[3,11,0,14],"texture":"#2"},"up":{"uv":[6,11,3,14],"texture":"#2"},"down":{"uv":[14,12,11,9],"texture":"#2"}}},{"from":[6,11.41054,3.03407],"to":[10,12.41054,7.03407],"rotation":{"angle":22.5,"axis":"x","origin":[8,12.56903,5.03644]},"faces":{"north":{"uv":[16,2,12,3],"texture":"#2"},"east":{"uv":[16,3,12,4],"texture":"#2"},"south":{"uv":[16,2,12,3],"texture":"#2"},"west":{"uv":[16,3,12,4],"texture":"#2"},"up":{"uv":[8,0,4,4],"texture":"#2"},"down":{"uv":[8,8,4,4],"texture":"#2"}}},{"from":[2,12.47334,4.42515],"to":[14,24.47334,4.42515],"rotation":{"angle":22.5,"axis":"x","origin":[8,12.56903,5.03644]},"faces":{"north":{"uv":[16,0,0,16],"texture":"#8"},"east":{"uv":[0,0,0,4.25],"texture":"#8"},"south":{"uv":[16,0,0,16],"texture":"#8"},"west":{"uv":[0,0,0,4.25],"texture":"#8"},"up":{"uv":[4.5,0,0,0],"texture":"#8"},"down":{"uv":[4.5,0,0,0],"texture":"#8"}}},{"from":[8,12.47334,-1.07485],"to":[8,24.47334,10.92515],"rotation":{"angle":22.5,"axis":"x","origin":[8,12.56903,5.03644]},"faces":{"north":{"uv":[0,0,0,4.25],"texture":"#8"},"east":{"uv":[16,0,0,16],"texture":"#8"},"south":{"uv":[0,0,0,4.25],"texture":"#8"},"west":{"uv":[16,0,0,16],"texture":"#8"},"up":{"uv":[0,0,4.5,0],"rotation":270,"texture":"#8"},"down":{"uv":[0,0,4.5,0],"rotation":90,"texture":"#8"}}},{"from":[6,12.41054,3.03407],"to":[6,15.41054,7.03407],"rotation":{"angle":22.5,"axis":"x","origin":[8,12.56903,5.03644]},"faces":{"north":{"uv":[0,0,0,3],"texture":"#2"},"east":{"uv":[12,0,8,3],"texture":"#2"},"south":{"uv":[0,0,0,3],"texture":"#2"},"west":{"uv":[12,3,8,6],"texture":"#2"},"up":{"uv":[0,0,0,4],"texture":"#2"},"down":{"uv":[0,4,0,0],"texture":"#2"}}},{"from":[10,12.41054,3.03407],"to":[10,15.41054,7.03407],"rotation":{"angle":22.5,"axis":"x","origin":[8,12.56903,5.03644]},"faces":{"north":{"uv":[0,0,0,3],"texture":"#2"},"east":{"uv":[8,8,4,11],"texture":"#2"},"south":{"uv":[0,0,0,3],"texture":"#2"},"west":{"uv":[12,6,8,9],"texture":"#2"},"up":{"uv":[0,0,0,4],"texture":"#2"},"down":{"uv":[0,4,0,0],"texture":"#2"}}},{"from":[6,12.41054,7.03407],"to":[10,15.41054,7.03407],"rotation":{"angle":22.5,"axis":"x","origin":[8,12.56903,5.03644]},"faces":{"north":{"uv":[12,6,8,9],"texture":"#2"},"east":{"uv":[0,0,0,3],"texture":"#2"},"south":{"uv":[8,8,4,11],"texture":"#2"},"west":{"uv":[0,0,0,3],"texture":"#2"},"up":{"uv":[0,0,0,4],"texture":"#2"},"down":{"uv":[0,4,0,0],"texture":"#2"}}},{"from":[6,12.41054,3.03507],"to":[10,15.41054,3.03507],"rotation":{"angle":22.5,"axis":"x","origin":[8,12.56903,5.03644]},"faces":{"north":{"uv":[12,6,8,9],"texture":"#2"},"east":{"uv":[0,0,0,3],"texture":"#2"},"south":{"uv":[8,8,4,11],"texture":"#2"},"west":{"uv":[0,0,0,3],"texture":"#2"},"up":{"uv":[0,0,0,4],"texture":"#2"},"down":{"uv":[0,4,0,0],"texture":"#2"}}},{"from":[7,2.41054,4.03407],"to":[9,10.41054,6.03407],"rotation":{"angle":22.5,"axis":"x","origin":[8,12.56903,5.03644]},"faces":{"north":{"uv":[2,0,0,8],"texture":"#2"},"east":{"uv":[4,0,2,8],"texture":"#2"},"south":{"uv":[2,0,0,8],"texture":"#2"},"west":{"uv":[4,0,2,8],"texture":"#2"},"up":{"uv":[8,11,6,13],"texture":"#2"},"down":{"uv":[14,2,12,0],"texture":"#2"}}},{"from":[6,1.41054,0.03407],"to":[10,10.41054,2.03407],"rotation":{"angle":0,"axis":"x","origin":[8,11.56903,0.03644]},"faces":{"north":{"uv":[4,2,0,11],"texture":"#2"},"east":{"uv":[4,2,2,11],"texture":"#2"},"south":{"uv":[4,2,0,11],"texture":"#2"},"west":{"uv":[4,2,2,11],"texture":"#2"},"up":{"uv":[4,9,0,11],"texture":"#2"},"down":{"uv":[4,2,0,4],"texture":"#2"}}}],"display":{"thirdperson_righthand":{"rotation":[-105.87,8.56,175.24],"translation":[0,4,-0.5],"scale":[0.61523,0.61523,0.61523]},"thirdperson_lefthand":{"rotation":[-105.87,8.56,175.24],"translation":[0,4,-0.5],"scale":[0.61523,0.61523,0.61523]},"firstperson_righthand":{"rotation":[180,-76.75,180],"translation":[2,1.5,0],"scale":[0.34375,0.34375,0.34375]},"firstperson_lefthand":{"rotation":[180,-76.75,180],"translation":[2,1.5,0],"scale":[0.34375,0.34375,0.34375]},"ground":{"translation":[0,1,-3.5],"scale":[0.61914,0.61914,0.61914]},"gui":{"rotation":[20.26,43.44,-0.13],"translation":[0.5,-3.25,0],"scale":[0.71094,0.71094,0.71094]},"head":{"translation":[0,-30.4,0],"scale":[1.6,1.6,1.6]},"fixed":{"rotation":[-90,180,0],"translation":[0,0,-16],"scale":[2,2,2]}},"mcmodels":"e000c60207ad4a1a2a96169b5d36d4e4"}