{"credit":"Created By Yassou","texture_size":[32,32],"textures":{"3":"summer_furnitures:lounge_chair","6":"summer_furnitures:wicker","particle":"summer_furnitures:wicker"},"elements":[{"from":[13.7,-0.57547,1.29171],"to":[14.7,10.42453,3.29171],"rotation":{"angle":22.5,"axis":"x","origin":[8,10.47287,5.10608]},"faces":{"north":{"uv":[3.75,5,3.5,7.75],"texture":"#3"},"east":{"uv":[3,5,2.5,7.75],"texture":"#3"},"south":{"uv":[4,5,3.75,7.75],"texture":"#3"},"west":{"uv":[2.5,5,2,7.75],"texture":"#3"},"up":{"uv":[4,5.75,4.25,5.25],"texture":"#3"},"down":{"uv":[4.25,5.25,4.5,5.75],"texture":"#3"}}},{"from":[13,-1.88197,1.50467],"to":[14,26.11803,3.50467],"rotation":{"angle":-45,"axis":"x","origin":[8,10.47287,5.10608]},"faces":{"north":{"uv":[1.25,5,1,12],"texture":"#3"},"east":{"uv":[1,3,0.5,10],"texture":"#3"},"south":{"uv":[1.5,5,1.25,12],"texture":"#3"},"west":{"uv":[0.5,3,0,10],"texture":"#3"},"up":{"uv":[4.5,5.75,4.75,5.25],"texture":"#3"},"down":{"uv":[4.75,5.25,5,5.75],"texture":"#3"}}},{"from":[13.01,7.0165,3.32811],"to":[13.99,9.0965,15.20811],"rotation":{"angle":0,"axis":"x","origin":[0,8.57968,5.81389]},"faces":{"north":{"uv":[5.5,5.25,5,5.75],"texture":"#3"},"east":{"uv":[1.5,11,1,7.475],"rotation":90,"texture":"#3"},"south":{"uv":[5.75,5.25,5.25,5.75],"texture":"#3"},"west":{"uv":[1.5,7.475,1.25,11],"rotation":90,"texture":"#3"},"up":{"uv":[1.25,11,1.5,7.475],"texture":"#3"},"down":{"uv":[1.25,7.475,1.5,11],"texture":"#3"}}},{"from":[14,4.58626,-8.07889],"to":[15,6.58626,14.92111],"rotation":{"angle":-22.5,"axis":"x","origin":[8,10.47287,5.10608]},"faces":{"north":{"uv":[5.25,5.25,5,5.75],"texture":"#3"},"east":{"uv":[7.25,3.5,1,4],"texture":"#3"},"south":{"uv":[5.5,5.25,5.25,5.75],"texture":"#3"},"west":{"uv":[7.25,3,1,3.5],"texture":"#3"},"up":{"uv":[1.5,11.25,1.75,5],"texture":"#3"},"down":{"uv":[1.75,5,2,11.25],"texture":"#3"}}},{"from":[1.99,7.0965,15.20811],"to":[13.99,9.0965,16.20811],"rotation":{"angle":0,"axis":"x","origin":[7.99,8.0965,15.70811]},"faces":{"north":{"uv":[8,0.5,5,1],"rotation":180,"texture":"#3"},"east":{"uv":[5.5,5.25,6,5.5],"rotation":270,"texture":"#3"},"south":{"uv":[8,0.5,5,0],"texture":"#3"},"west":{"uv":[5.5,5.5,6,5.75],"rotation":90,"texture":"#3"},"up":{"uv":[5,1,8,1.25],"rotation":180,"texture":"#3"},"down":{"uv":[5,1,8,1.25],"texture":"#3"}}},{"from":[2.01,7.0165,3.32811],"to":[2.99,9.0965,15.20811],"rotation":{"angle":0,"axis":"x","origin":[-11,8.57968,5.81389]},"faces":{"north":{"uv":[5.5,5.25,5,5.75],"texture":"#3"},"east":{"uv":[1.25,11,1.5,7.475],"rotation":90,"texture":"#3"},"south":{"uv":[5.75,5.25,5.25,5.75],"texture":"#3"},"west":{"uv":[1.5,7.475,1,11],"rotation":90,"texture":"#3"},"up":{"uv":[1.25,11,1.5,7.475],"texture":"#3"},"down":{"uv":[1.25,7.475,1.5,11],"texture":"#3"}}},{"from":[1.3,-0.57547,1.29171],"to":[2.3,10.42453,3.29171],"rotation":{"angle":22.5,"axis":"x","origin":[8,10.47287,5.10608]},"faces":{"north":{"uv":[3.5,5,3.75,7.75],"texture":"#3"},"east":{"uv":[2,5,2.5,7.75],"texture":"#3"},"south":{"uv":[3.75,5,4,7.75],"texture":"#3"},"west":{"uv":[2.5,5,3,7.75],"texture":"#3"},"up":{"uv":[4.25,5.75,4,5.25],"texture":"#3"},"down":{"uv":[4.5,5.25,4.25,5.75],"texture":"#3"}}},{"from":[2,-1.88197,1.50467],"to":[3,26.11803,3.50467],"rotation":{"angle":-45,"axis":"x","origin":[8,10.47287,5.10608]},"faces":{"north":{"uv":[1,5,1.25,12],"texture":"#3"},"east":{"uv":[0,3,0.5,10],"texture":"#3"},"south":{"uv":[1.25,5,1.5,12],"texture":"#3"},"west":{"uv":[0.5,3,1,10],"texture":"#3"},"up":{"uv":[4.75,5.75,4.5,5.25],"texture":"#3"},"down":{"uv":[5,5.25,4.75,5.75],"texture":"#3"}}},{"from":[1,4.58626,-8.07889],"to":[2,6.58626,14.92111],"rotation":{"angle":-22.5,"axis":"x","origin":[8,10.47287,5.10608]},"faces":{"north":{"uv":[5,5.25,5.25,5.75],"texture":"#3"},"east":{"uv":[1,3,7.25,3.5],"texture":"#3"},"south":{"uv":[5.25,5.25,5.5,5.75],"texture":"#3"},"west":{"uv":[1,3.5,7.25,4],"texture":"#3"},"up":{"uv":[1.75,11.25,1.5,5],"texture":"#3"},"down":{"uv":[2,5,1.75,11.25],"texture":"#3"}}},{"from":[3,23.01803,1.50467],"to":[13,24.01803,3.50467],"rotation":{"angle":-45,"axis":"x","origin":[8,10.47287,5.10608]},"faces":{"north":{"uv":[5,1.75,7.5,2],"texture":"#3"},"east":{"uv":[4,5.75,4.25,6],"texture":"#3"},"south":{"uv":[5,2,7.5,2.25],"texture":"#3"},"west":{"uv":[4.25,5.75,4.5,6],"texture":"#3"},"up":{"uv":[7.5,2.5,5,2.25],"texture":"#3"},"down":{"uv":[7.5,2.5,5,2.75],"texture":"#3"}}},{"from":[0.9,5.08626,12.92111],"to":[1.2,6.08626,13.92111],"rotation":{"angle":-22.5,"axis":"x","origin":[7.9,10.47287,5.10608]},"faces":{"north":{"uv":[2.25,8.25,2.5,8.5],"texture":"#3"},"east":{"uv":[2.25,8.25,2.5,8.5],"texture":"#3"},"south":{"uv":[2.25,8.25,2.5,8.5],"texture":"#3"},"west":{"uv":[2.25,8.25,2.5,8.5],"texture":"#3"},"up":{"uv":[2.25,8.25,2.5,8.5],"texture":"#3"},"down":{"uv":[2.25,8.25,2.5,8.5],"texture":"#3"}}},{"from":[14.8,5.08626,12.92111],"to":[15.1,6.08626,13.92111],"rotation":{"angle":-22.5,"axis":"x","origin":[8.1,10.47287,5.10608]},"faces":{"north":{"uv":[2.5,8.25,2.25,8.5],"texture":"#3"},"east":{"uv":[2.5,8.25,2.25,8.5],"texture":"#3"},"south":{"uv":[2.5,8.25,2.25,8.5],"texture":"#3"},"west":{"uv":[2.5,8.25,2.25,8.5],"texture":"#3"},"up":{"uv":[2.5,8.25,2.25,8.5],"texture":"#3"},"down":{"uv":[2.5,8.25,2.25,8.5],"texture":"#3"}}},{"from":[0.9,5.08626,3.92111],"to":[1.2,6.08626,4.92111],"rotation":{"angle":-22.5,"axis":"x","origin":[7.9,10.47287,5.10608]},"faces":{"north":{"uv":[2.25,8.25,2.5,8.5],"texture":"#3"},"east":{"uv":[2.25,8.25,2.5,8.5],"texture":"#3"},"south":{"uv":[2.25,8.25,2.5,8.5],"texture":"#3"},"west":{"uv":[2.25,8.25,2.5,8.5],"texture":"#3"},"up":{"uv":[2.25,8.25,2.5,8.5],"texture":"#3"},"down":{"uv":[2.25,8.25,2.5,8.5],"texture":"#3"}}},{"from":[1.2,8.42453,1.79171],"to":[2.3,9.42453,2.79171],"rotation":{"angle":22.5,"axis":"x","origin":[8,10.47287,5.10608]},"faces":{"north":{"uv":[2.25,8.25,2.5,8.5],"texture":"#3"},"east":{"uv":[2.25,8.25,2.5,8.5],"texture":"#3"},"south":{"uv":[2.25,8.25,2.5,8.5],"texture":"#3"},"west":{"uv":[2.25,8.25,2.5,8.5],"texture":"#3"},"up":{"uv":[2.25,8.25,2.5,8.5],"texture":"#3"},"down":{"uv":[2.25,8.25,2.5,8.5],"texture":"#3"}}},{"from":[2,2.51732,-1.72388],"to":[14,3.51732,0.27612],"rotation":{"angle":0,"axis":"x","origin":[8,10.47287,5.10608]},"faces":{"north":{"uv":[5,1,8,1.25],"texture":"#3"},"east":{"uv":[5.5,5.25,6,5.5],"texture":"#3"},"south":{"uv":[5,1,8,1.25],"texture":"#3"},"west":{"uv":[5.5,5.5,6,5.75],"texture":"#3"},"up":{"uv":[8,0.5,5,0],"texture":"#3"},"down":{"uv":[8,0.5,5,1],"texture":"#3"}}},{"from":[0.9,5.08626,-3.57889],"to":[1.2,6.08626,-2.57889],"rotation":{"angle":-22.5,"axis":"x","origin":[7.9,10.47287,5.10608]},"faces":{"north":{"uv":[2.25,8.25,2.5,8.5],"texture":"#3"},"east":{"uv":[2.25,8.25,2.5,8.5],"texture":"#3"},"south":{"uv":[2.25,8.25,2.5,8.5],"texture":"#3"},"west":{"uv":[2.25,8.25,2.5,8.5],"texture":"#3"},"up":{"uv":[2.25,8.25,2.5,8.5],"texture":"#3"},"down":{"uv":[2.25,8.25,2.5,8.5],"texture":"#3"}}},{"from":[14.8,5.08626,3.92111],"to":[15.1,6.08626,4.92111],"rotation":{"angle":-22.5,"axis":"x","origin":[8.1,10.47287,5.10608]},"faces":{"north":{"uv":[2.5,8.25,2.25,8.5],"texture":"#3"},"east":{"uv":[2.5,8.25,2.25,8.5],"texture":"#3"},"south":{"uv":[2.5,8.25,2.25,8.5],"texture":"#3"},"west":{"uv":[2.5,8.25,2.25,8.5],"texture":"#3"},"up":{"uv":[2.5,8.25,2.25,8.5],"texture":"#3"},"down":{"uv":[2.5,8.25,2.25,8.5],"texture":"#3"}}},{"from":[13.7,8.42453,1.79171],"to":[14.8,9.42453,2.79171],"rotation":{"angle":22.5,"axis":"x","origin":[8,10.47287,5.10608]},"faces":{"north":{"uv":[2.5,8.25,2.25,8.5],"texture":"#3"},"east":{"uv":[2.5,8.25,2.25,8.5],"texture":"#3"},"south":{"uv":[2.5,8.25,2.25,8.5],"texture":"#3"},"west":{"uv":[2.5,8.25,2.25,8.5],"texture":"#3"},"up":{"uv":[2.5,8.25,2.25,8.5],"texture":"#3"},"down":{"uv":[2.5,8.25,2.25,8.5],"texture":"#3"}}},{"from":[14.8,5.08626,-3.57889],"to":[15.1,6.08626,-2.57889],"rotation":{"angle":-22.5,"axis":"x","origin":[8.1,10.47287,5.10608]},"faces":{"north":{"uv":[2.5,8.25,2.25,8.5],"texture":"#3"},"east":{"uv":[2.5,8.25,2.25,8.5],"texture":"#3"},"south":{"uv":[2.5,8.25,2.25,8.5],"texture":"#3"},"west":{"uv":[2.5,8.25,2.25,8.5],"texture":"#3"},"up":{"uv":[2.5,8.25,2.25,8.5],"texture":"#3"},"down":{"uv":[2.5,8.25,2.25,8.5],"texture":"#3"}}},{"from":[3.7,8.04953,2.56804],"to":[13.7,8.04953,6.86804],"rotation":{"angle":22.5,"axis":"x","origin":[0.2,8.25588,5.93083]},"faces":{"north":{"uv":[0,0,5,0],"texture":"#6"},"east":{"uv":[0,0,2,0],"texture":"#6"},"south":{"uv":[0,0,5,0],"texture":"#6"},"west":{"uv":[0,0,2,0],"texture":"#6"},"up":{"uv":[15,12.5,10,10.5],"texture":"#6"},"down":{"uv":[5,12,0,14],"texture":"#6"}}},{"from":[3.7,7.7065,6.71811],"to":[13.7,7.7065,13.71811],"rotation":{"angle":0,"axis":"y","origin":[0.2,8.17968,6.31389]},"faces":{"north":{"uv":[0,0,5,0],"texture":"#6"},"east":{"uv":[0,0,3.5,0],"texture":"#6"},"south":{"uv":[0,0,5,0],"texture":"#6"},"west":{"uv":[0,0,3.5,0],"texture":"#6"},"up":{"uv":[15,3.5,10,0],"texture":"#6"},"down":{"uv":[15,3.5,10,7],"texture":"#6"}}},{"from":[3.7,11.11803,4.20467],"to":[13.7,23.01803,4.20467],"rotation":{"angle":-45,"axis":"x","origin":[0.2,8.47287,5.60608]},"faces":{"north":{"uv":[0,0,5,6],"texture":"#6"},"east":{"uv":[0,0,0,6],"texture":"#6"},"south":{"uv":[5,0,10,6],"texture":"#6"},"west":{"uv":[0,0,0,6],"texture":"#6"},"up":{"uv":[5,0,0,0],"texture":"#6"},"down":{"uv":[5,0,0,0],"texture":"#6"}}},{"from":[4.2,4.78151,12.5749],"to":[14.2,4.78151,15.5749],"rotation":{"angle":-22.5,"axis":"x","origin":[0.2,8.41356,5.39268]},"faces":{"north":{"uv":[0,0,5,0],"texture":"#6"},"east":{"uv":[0,0,1.5,0],"texture":"#6"},"south":{"uv":[0,0,5,0],"texture":"#6"},"west":{"uv":[0,0,1.5,0],"texture":"#6"},"up":{"uv":[15,14,10,12.5],"texture":"#6"},"down":{"uv":[5,14,0,15.5],"texture":"#6"}}},{"from":[3.1,7.84953,2.36804],"to":[13.1,7.84953,6.66804],"rotation":{"angle":22.5,"axis":"x","origin":[-0.7,8.05588,5.73083]},"faces":{"north":{"uv":[0,0,5,0],"texture":"#6"},"east":{"uv":[0,0,2,0],"texture":"#6"},"south":{"uv":[0,0,5,0],"texture":"#6"},"west":{"uv":[0,0,2,0],"texture":"#6"},"up":{"uv":[15,12.5,10,10.5],"texture":"#6"},"down":{"uv":[5,12,0,14],"texture":"#6"}}},{"from":[3.1,7.5065,6.51811],"to":[13.1,7.5065,13.51811],"rotation":{"angle":0,"axis":"y","origin":[-0.7,7.97968,6.11389]},"faces":{"north":{"uv":[0,0,5,0],"texture":"#6"},"east":{"uv":[0,0,3.5,0],"texture":"#6"},"south":{"uv":[0,0,5,0],"texture":"#6"},"west":{"uv":[0,0,3.5,0],"texture":"#6"},"up":{"uv":[15,3.5,10,0],"texture":"#6"},"down":{"uv":[15,3.5,10,7],"texture":"#6"}}},{"from":[3.1,10.91803,4.00467],"to":[13.1,22.81803,4.00467],"rotation":{"angle":-45,"axis":"x","origin":[-0.7,8.27287,5.40608]},"faces":{"north":{"uv":[0,0,5,6],"texture":"#6"},"east":{"uv":[0,0,0,6],"texture":"#6"},"south":{"uv":[5,0,10,6],"texture":"#6"},"west":{"uv":[0,0,0,6],"texture":"#6"},"up":{"uv":[5,0,0,0],"texture":"#6"},"down":{"uv":[5,0,0,0],"texture":"#6"}}},{"from":[3.6,4.58151,12.3749],"to":[13.6,4.58151,15.3749],"rotation":{"angle":-22.5,"axis":"x","origin":[-0.7,8.21356,5.19268]},"faces":{"north":{"uv":[0,0,5,0],"texture":"#6"},"east":{"uv":[0,0,1.5,0],"texture":"#6"},"south":{"uv":[0,0,5,0],"texture":"#6"},"west":{"uv":[0,0,1.5,0],"texture":"#6"},"up":{"uv":[15,14,10,12.5],"texture":"#6"},"down":{"uv":[5,14,0,15.5],"texture":"#6"}}},{"from":[2.7,7.3065,6.01811],"to":[12.7,7.3065,13.01811],"rotation":{"angle":0,"axis":"y","origin":[-1.3,7.77968,5.61389]},"faces":{"north":{"uv":[0,0,5,0],"texture":"#6"},"east":{"uv":[0,0,3.5,0],"texture":"#6"},"south":{"uv":[0,0,5,0],"texture":"#6"},"west":{"uv":[0,0,3.5,0],"texture":"#6"},"up":{"uv":[15,10.5,10,7],"texture":"#6"},"down":{"uv":[15,3.5,10,7],"texture":"#6"}}},{"from":[2.7,7.94953,1.86804],"to":[12.7,7.94953,6.16804],"rotation":{"angle":22.5,"axis":"x","origin":[-1.3,8.15588,5.23083]},"faces":{"north":{"uv":[0,0,5,0],"texture":"#6"},"east":{"uv":[0,0,2,0],"texture":"#6"},"south":{"uv":[0,0,5,0],"texture":"#6"},"west":{"uv":[0,0,2,0],"texture":"#6"},"up":{"uv":[10,14,5,12],"texture":"#6"},"down":{"uv":[5,12,0,14],"texture":"#6"}}},{"from":[2.7,11.01803,3.50467],"to":[12.7,22.91803,3.50467],"rotation":{"angle":-45,"axis":"x","origin":[-1.3,8.37287,4.90608]},"faces":{"north":{"uv":[0,6,5,12],"texture":"#6"},"east":{"uv":[0,0,0,6],"texture":"#6"},"south":{"uv":[5,6,10,12],"texture":"#6"},"west":{"uv":[0,0,0,6],"texture":"#6"},"up":{"uv":[5,0,0,0],"texture":"#6"},"down":{"uv":[5,0,0,0],"texture":"#6"}}},{"from":[2.7,4.28151,12.1749],"to":[12.7,4.28151,15.1749],"rotation":{"angle":-22.5,"axis":"x","origin":[-1.3,7.91356,4.99268]},"faces":{"north":{"uv":[0,0,5,0],"texture":"#6"},"east":{"uv":[0,0,1.5,0],"texture":"#6"},"south":{"uv":[0,0,5,0],"texture":"#6"},"west":{"uv":[0,0,1.5,0],"texture":"#6"},"up":{"uv":[10,15.5,5,14],"texture":"#6"},"down":{"uv":[5,14,0,15.5],"texture":"#6"}}}],"display":{"thirdperson_righthand":{"rotation":[-121.88,-55.92,177.54],"translation":[0,2.5,0],"scale":[0.375,0.375,0.375]},"thirdperson_lefthand":{"rotation":[-121.88,-55.92,177.54],"translation":[0,2.5,0],"scale":[0.375,0.375,0.375]},"firstperson_righthand":{"rotation":[0,-75.25,0],"translation":[0,2,0],"scale":[0.29063,0.29063,0.29063]},"firstperson_lefthand":{"rotation":[0,-75.25,0],"translation":[0,2,0],"scale":[0.29063,0.29063,0.29063]},"ground":{"translation":[0,2.5,0.75],"scale":[0.49609,0.49609,0.49609]},"gui":{"rotation":[11.65,-38.77,-3.64],"translation":[-1.25,-2,0],"scale":[0.55859,0.55859,0.55859]},"head":{"translation":[0,-30.4,-0.5],"scale":[1.6,1.6,1.6]},"fixed":{"rotation":[-90,180,0],"translation":[0,-1,-16],"scale":[2,2,2]}},"mcmodels":"e000c60207ad4a1a2a96169b5d36d4e4"}