{"credit":"Pologony Creation Co.,Ltd.","textures":{"1":"spartan_set:animations/animation_1","2":"spartan_set:bow","particle":"spartan_set:bow"},"elements":[{"from":[8.25,6.25,7.36612],"to":[9,9.75,8.11612],"rotation":{"angle":-45,"axis":"y","origin":[8,6.25,7.11612]},"faces":{"north":{"uv":[5,9.5,5.375,11.25],"texture":"#2"},"east":{"uv":[6,9.5,6.375,11.25],"texture":"#2"},"south":{"uv":[7,9.5,7.375,11.25],"texture":"#2"},"west":{"uv":[8,9.5,8.375,11.25],"texture":"#2"}}},{"from":[8,9.75,7.11612],"to":[9.25,10.25,8.36612],"rotation":{"angle":-45,"axis":"y","origin":[8,9.75,7.11612]},"faces":{"north":{"uv":[6.5,14.5,7.125,14.75],"texture":"#2"},"east":{"uv":[8,14.5,8.625,14.75],"texture":"#2"},"south":{"uv":[9.5,14.5,10.125,14.75],"texture":"#2"},"west":{"uv":[14.5,10.5,15.125,10.75],"texture":"#2"},"up":{"uv":[12.625,0.625,12,0],"texture":"#2"},"down":{"uv":[12.625,1.5,12,2.125],"texture":"#2"}}},{"from":[8.15,10.25,7.26612],"to":[9.1,10.75,8.21612],"rotation":{"angle":-45,"axis":"y","origin":[8,10.25,7.11612]},"faces":{"north":{"uv":[15,1,15.5,1.25],"texture":"#2"},"east":{"uv":[15,2,15.5,2.25],"texture":"#2"},"south":{"uv":[3,15,3.5,15.25],"texture":"#2"},"west":{"uv":[15,3,15.5,3.25],"texture":"#2"}}},{"from":[8,10.75,7.11612],"to":[9.25,11.25,8.36612],"rotation":{"angle":-45,"axis":"y","origin":[8,10.75,7.11612]},"faces":{"north":{"uv":[11,14.5,11.625,14.75],"texture":"#2"},"east":{"uv":[14.5,11.5,15.125,11.75],"texture":"#2"},"south":{"uv":[14.5,12.5,15.125,12.75],"texture":"#2"},"west":{"uv":[13.5,14.5,14.125,14.75],"texture":"#2"},"up":{"uv":[12.625,3.625,12,3],"texture":"#2"},"down":{"uv":[5.125,12,4.5,12.625],"texture":"#2"}}},{"from":[7.5,13.47977,5.74567],"to":[8.5,14.97977,6.74567],"rotation":{"angle":-22.5,"axis":"x","origin":[8,14.95099,7.03369]},"faces":{"north":{"uv":[6,12,6.5,12.75],"texture":"#2"},"east":{"uv":[7,12,7.5,12.75],"texture":"#2"},"south":{"uv":[8,12,8.5,12.75],"texture":"#2"},"west":{"uv":[10.5,12,11,12.75],"texture":"#2"},"up":{"uv":[11,14,10.5,13.5],"texture":"#2"},"down":{"uv":[14,10.5,13.5,11],"texture":"#2"}}},{"from":[7.75,12.81057,6.35257],"to":[8.25,13.81057,7.10257],"rotation":{"angle":22.5,"axis":"x","origin":[8,14.95099,7.03369]},"faces":{"north":{"uv":[15,6,15.25,6.5],"texture":"#2"},"east":{"uv":[14,6,14.375,6.5],"texture":"#2"},"south":{"uv":[15,7,15.25,7.5],"texture":"#2"},"west":{"uv":[12.5,14,12.875,14.5],"texture":"#2"},"down":{"uv":[15.75,4,15.5,4.375],"texture":"#2"}}},{"from":[7.5,15.3874,6.25899],"to":[8.5,16.2374,8.25899],"rotation":{"angle":-22.5,"axis":"x","origin":[8,14.95099,7.03369]},"faces":{"north":{"uv":[2,14.5,2.5,14.875],"texture":"#2"},"east":{"uv":[2,12.5,3,12.875],"texture":"#2"},"south":{"uv":[4.5,14.5,5,14.875],"texture":"#2"},"west":{"uv":[9,12.5,10,12.875],"texture":"#2"},"up":{"uv":[11,5.5,10.5,4.5],"texture":"#2"},"down":{"uv":[11,6,10.5,7],"texture":"#2"}}},{"from":[7.5,16.2374,7.75899],"to":[8.5,16.7374,8.25899],"rotation":{"angle":-22.5,"axis":"x","origin":[8,14.95099,7.03369]},"faces":{"north":{"uv":[15,8,15.5,8.25],"texture":"#2"},"east":{"uv":[5,15.5,5.25,15.75],"texture":"#2"},"south":{"uv":[15,9,15.5,9.25],"texture":"#2"},"west":{"uv":[15.5,5,15.75,5.25],"texture":"#2"},"up":{"uv":[13,15.25,12.5,15],"texture":"#2"}}},{"from":[7.5035,14.06057,6.10257],"to":[8.4965,16.06057,7.10257],"rotation":{"angle":22.5,"axis":"x","origin":[8,14.95099,7.03369]},"faces":{"north":{"uv":[10.5,7.5,11,8.5],"texture":"#2"},"east":{"uv":[10.5,9,11,10],"texture":"#2"},"south":{"uv":[10.5,10.5,11,11.5],"texture":"#2"},"west":{"uv":[2,11,2.5,12],"texture":"#2"},"up":{"uv":[12,14,11.5,13.5],"texture":"#2"}}},{"from":[7.5035,12.99991,7.16323],"to":[8.4965,13.74991,8.66323],"rotation":{"angle":22.5,"axis":"x","origin":[8,14.95099,7.03369]},"faces":{"east":{"uv":[9,13.5,9.75,13.875],"texture":"#2"},"south":{"uv":[5.5,14.5,6,14.875],"texture":"#2"},"west":{"uv":[13.5,9.5,14.25,9.875],"texture":"#2"},"up":{"uv":[4,13.25,3.5,12.5],"texture":"#2"},"down":{"uv":[13,9.5,12.5,10.25],"texture":"#2"}}},{"from":[7.5035,13.74991,8.16323],"to":[8.4965,14.24991,8.66323],"rotation":{"angle":22.5,"axis":"x","origin":[8,14.95099,7.03369]},"faces":{"north":{"uv":[15,14.5,15.5,14.75],"texture":"#2"},"east":{"uv":[6,15.5,6.25,15.75],"texture":"#2"},"south":{"uv":[2,15.5,2.5,15.75],"texture":"#2"},"west":{"uv":[7,15.5,7.25,15.75],"texture":"#2"},"up":{"uv":[4.5,15.75,4,15.5],"texture":"#2"}}},{"from":[7.65,12.25,6.58579],"to":[8.35,14.25,8.58579],"rotation":{"angle":45,"axis":"x","origin":[7.5,12.25,6.58579]},"faces":{"north":{"uv":[12.5,11,12.875,12],"texture":"#2"},"east":{"uv":[2,9.5,3,10.5],"texture":"#2"},"south":{"uv":[12.5,12.5,12.875,13.5],"texture":"#2"},"west":{"uv":[3.5,9.5,4.5,10.5],"texture":"#2"},"up":{"uv":[13.375,5.5,13,4.5],"texture":"#2"},"down":{"uv":[13.375,6,13,7],"texture":"#2"}}},{"from":[7.4,12.5,6.83579],"to":[8.6,14,8.33579],"rotation":{"angle":45,"axis":"x","origin":[7.5,12.25,6.58579]},"faces":{"north":{"uv":[3,11,3.625,11.75],"texture":"#2"},"east":{"uv":[10.5,1.5,11.25,2.25],"texture":"#2"},"south":{"uv":[9,11,9.625,11.75],"texture":"#2"},"west":{"uv":[10.5,3,11.25,3.75],"texture":"#2"},"up":{"uv":[12.125,5.25,11.5,4.5],"texture":"#2"},"down":{"uv":[12.125,6,11.5,6.75],"texture":"#2"}}},{"from":[7.4,14.57655,5.74866],"to":[8.6,15.57655,6.74866],"rotation":{"angle":-45,"axis":"x","origin":[8,14.95099,7.03369]},"faces":{"north":{"uv":[2,13.5,2.625,14],"texture":"#2"},"east":{"uv":[13.5,11.5,14,12],"texture":"#2"},"south":{"uv":[13.5,2,14.125,2.5],"texture":"#2"},"west":{"uv":[13.5,12.5,14,13],"texture":"#2"},"up":{"uv":[14.125,3.5,13.5,3],"texture":"#2"},"down":{"uv":[5.125,13.5,4.5,14],"texture":"#2"}}},{"from":[7.4,16.75967,9.78981],"to":[8.6,17.75967,10.78981],"rotation":{"angle":22.5,"axis":"x","origin":[8,17.25967,10.28981]},"faces":{"north":{"uv":[6,13.5,6.625,14],"texture":"#2"},"east":{"uv":[13.5,13.5,14,14],"texture":"#2"},"south":{"uv":[7.5,13.5,8.125,14],"texture":"#2"},"west":{"uv":[3.5,14,4,14.5],"texture":"#2"},"up":{"uv":[14.125,8,13.5,7.5],"texture":"#2"},"down":{"uv":[14.125,8.5,13.5,9],"texture":"#2"}}},{"from":[7.625,15.9345,8.05611],"to":[8.375,16.6845,10.55611],"rotation":{"angle":-22.5,"axis":"x","origin":[7.625,15.6845,8.05611]},"faces":{"north":{"uv":[14.5,13.5,14.875,13.875],"texture":"#2"},"east":{"uv":[11.5,7.5,12.75,7.875],"texture":"#2"},"south":{"uv":[15,0,15.375,0.375],"texture":"#2"},"west":{"uv":[11.5,8.5,12.75,8.875],"texture":"#2"},"up":{"uv":[11.875,10.75,11.5,9.5],"texture":"#2"},"down":{"uv":[11.875,11.5,11.5,12.75],"texture":"#2"}}},{"from":[7.375,16.1845,8.30611],"to":[8.625,16.9345,10.30611],"rotation":{"angle":-22.5,"axis":"x","origin":[7.625,15.6845,8.05611]},"faces":{"north":{"uv":[14,4,14.625,4.375],"texture":"#2"},"east":{"uv":[13.5,0,14.5,0.375],"texture":"#2"},"south":{"uv":[14,5,14.625,5.375],"texture":"#2"},"west":{"uv":[13.5,1,14.5,1.375],"texture":"#2"},"up":{"uv":[9.625,10.5,9,9.5],"texture":"#2"},"down":{"uv":[11.125,0,10.5,1],"texture":"#2"}}},{"from":[8,5.75,7.11612],"to":[9.25,6.25,8.36612],"rotation":{"angle":-45,"axis":"y","origin":[8,6.25,7.11612]},"faces":{"north":{"uv":[6.5,14.75,7.125,14.5],"texture":"#2"},"east":{"uv":[8,14.75,8.625,14.5],"texture":"#2"},"south":{"uv":[9.5,14.75,10.125,14.5],"texture":"#2"},"west":{"uv":[14.5,10.75,15.125,10.5],"texture":"#2"},"up":{"uv":[12.625,2.125,12,1.5],"texture":"#2"},"down":{"uv":[12.625,0,12,0.625],"texture":"#2"}}},{"from":[8.15,5.25,7.26612],"to":[9.1,5.75,8.21612],"rotation":{"angle":-45,"axis":"y","origin":[8,5.75,7.11612]},"faces":{"north":{"uv":[15,1.25,15.5,1],"texture":"#2"},"east":{"uv":[15,2.25,15.5,2],"texture":"#2"},"south":{"uv":[3,15.25,3.5,15],"texture":"#2"},"west":{"uv":[15,3.25,15.5,3],"texture":"#2"}}},{"from":[8,4.75,7.11612],"to":[9.25,5.25,8.36612],"rotation":{"angle":-45,"axis":"y","origin":[8,5.25,7.11612]},"faces":{"north":{"uv":[11,14.75,11.625,14.5],"texture":"#2"},"east":{"uv":[14.5,11.75,15.125,11.5],"texture":"#2"},"south":{"uv":[14.5,12.75,15.125,12.5],"texture":"#2"},"west":{"uv":[13.5,14.75,14.125,14.5],"texture":"#2"},"up":{"uv":[5.125,12.625,4.5,12],"texture":"#2"},"down":{"uv":[12.625,3,12,3.625],"texture":"#2"}}},{"from":[7.5,1.02023,5.74567],"to":[8.5,2.52023,6.74567],"rotation":{"angle":22.5,"axis":"x","origin":[8,1.04901,7.03369]},"faces":{"north":{"uv":[6,12.75,6.5,12],"texture":"#2"},"east":{"uv":[7,12.75,7.5,12],"texture":"#2"},"south":{"uv":[8,12.75,8.5,12],"texture":"#2"},"west":{"uv":[10.5,12.75,11,12],"texture":"#2"},"up":{"uv":[14,11,13.5,10.5],"texture":"#2"},"down":{"uv":[11,13.5,10.5,14],"texture":"#2"}}},{"from":[7.75,2.18943,6.35257],"to":[8.25,3.18943,7.10257],"rotation":{"angle":-22.5,"axis":"x","origin":[8,1.04901,7.03369]},"faces":{"north":{"uv":[15,6.5,15.25,6],"texture":"#2"},"east":{"uv":[14,6.5,14.375,6],"texture":"#2"},"south":{"uv":[15,7.5,15.25,7],"texture":"#2"},"west":{"uv":[12.5,14.5,12.875,14],"texture":"#2"},"up":{"uv":[15.75,4.375,15.5,4],"texture":"#2"}}},{"from":[7.5,-0.2374,6.25899],"to":[8.5,0.6126,8.25899],"rotation":{"angle":22.5,"axis":"x","origin":[8,1.04901,7.03369]},"faces":{"north":{"uv":[2,14.875,2.5,14.5],"texture":"#2"},"east":{"uv":[2,12.875,3,12.5],"texture":"#2"},"south":{"uv":[4.5,14.875,5,14.5],"texture":"#2"},"west":{"uv":[9,12.875,10,12.5],"texture":"#2"},"up":{"uv":[11,7,10.5,6],"texture":"#2"},"down":{"uv":[11,4.5,10.5,5.5],"texture":"#2"}}},{"from":[7.5,-0.7374,7.75899],"to":[8.5,-0.2374,8.25899],"rotation":{"angle":22.5,"axis":"x","origin":[8,1.04901,7.03369]},"faces":{"north":{"uv":[15,8.25,15.5,8],"texture":"#2"},"east":{"uv":[5,15.75,5.25,15.5],"texture":"#2"},"south":{"uv":[15,9.25,15.5,9],"texture":"#2"},"west":{"uv":[15.5,5.25,15.75,5],"texture":"#2"},"down":{"uv":[13,15,12.5,15.25],"texture":"#2"}}},{"from":[7.5035,-0.06057,6.10257],"to":[8.4965,1.93943,7.10257],"rotation":{"angle":-22.5,"axis":"x","origin":[8,1.04901,7.03369]},"faces":{"north":{"uv":[10.5,8.5,11,7.5],"texture":"#2"},"east":{"uv":[10.5,10,11,9],"texture":"#2"},"south":{"uv":[10.5,11.5,11,10.5],"texture":"#2"},"west":{"uv":[2,12,2.5,11],"texture":"#2"},"down":{"uv":[12,13.5,11.5,14],"texture":"#2"}}},{"from":[7.5035,2.25009,7.16323],"to":[8.4965,3.00009,8.66323],"rotation":{"angle":-22.5,"axis":"x","origin":[8,1.04901,7.03369]},"faces":{"east":{"uv":[9,13.875,9.75,13.5],"texture":"#2"},"south":{"uv":[5.5,14.875,6,14.5],"texture":"#2"},"west":{"uv":[13.5,9.875,14.25,9.5],"texture":"#2"},"up":{"uv":[13,10.25,12.5,9.5],"texture":"#2"},"down":{"uv":[4,12.5,3.5,13.25],"texture":"#2"}}},{"from":[7.5035,1.75009,8.16323],"to":[8.4965,2.25009,8.66323],"rotation":{"angle":-22.5,"axis":"x","origin":[8,1.04901,7.03369]},"faces":{"north":{"uv":[15,14.75,15.5,14.5],"texture":"#2"},"east":{"uv":[6,15.75,6.25,15.5],"texture":"#2"},"south":{"uv":[2,15.75,2.5,15.5],"texture":"#2"},"west":{"uv":[7,15.75,7.25,15.5],"texture":"#2"},"down":{"uv":[4.5,15.5,4,15.75],"texture":"#2"}}},{"from":[7.65,1.75,6.58579],"to":[8.35,3.75,8.58579],"rotation":{"angle":-45,"axis":"x","origin":[7.5,3.75,6.58579]},"faces":{"north":{"uv":[12.5,12,12.875,11],"texture":"#2"},"east":{"uv":[2,10.5,3,9.5],"texture":"#2"},"south":{"uv":[12.5,13.5,12.875,12.5],"texture":"#2"},"west":{"uv":[3.5,10.5,4.5,9.5],"texture":"#2"},"up":{"uv":[13.375,7,13,6],"texture":"#2"},"down":{"uv":[13.375,4.5,13,5.5],"texture":"#2"}}},{"from":[7.4,2,6.83579],"to":[8.6,3.5,8.33579],"rotation":{"angle":-45,"axis":"x","origin":[7.5,3.75,6.58579]},"faces":{"north":{"uv":[3,11.75,3.625,11],"texture":"#2"},"east":{"uv":[10.5,2.25,11.25,1.5],"texture":"#2"},"south":{"uv":[9,11.75,9.625,11],"texture":"#2"},"west":{"uv":[10.5,3.75,11.25,3],"texture":"#2"},"up":{"uv":[12.125,6.75,11.5,6],"texture":"#2"},"down":{"uv":[12.125,4.5,11.5,5.25],"texture":"#2"}}},{"from":[7.4,0.42345,5.74866],"to":[8.6,1.42345,6.74866],"rotation":{"angle":45,"axis":"x","origin":[8,1.04901,7.03369]},"faces":{"north":{"uv":[2,14,2.625,13.5],"texture":"#2"},"east":{"uv":[13.5,12,14,11.5],"texture":"#2"},"south":{"uv":[13.5,2.5,14.125,2],"texture":"#2"},"west":{"uv":[13.5,13,14,12.5],"texture":"#2"},"up":{"uv":[5.125,14,4.5,13.5],"texture":"#2"},"down":{"uv":[14.125,3,13.5,3.5],"texture":"#2"}}},{"from":[7.625,-0.6845,8.05611],"to":[8.375,0.0655,10.55611],"rotation":{"angle":22.5,"axis":"x","origin":[7.625,0.3155,8.05611]},"faces":{"north":{"uv":[14.5,13.875,14.875,13.5],"texture":"#2"},"east":{"uv":[11.5,7.875,12.75,7.5],"texture":"#2"},"south":{"uv":[15,0.375,15.375,0],"texture":"#2"},"west":{"uv":[11.5,8.875,12.75,8.5],"texture":"#2"},"up":{"uv":[11.875,12.75,11.5,11.5],"texture":"#2"},"down":{"uv":[11.875,9.5,11.5,10.75],"texture":"#2"}}},{"from":[7.375,-0.9345,8.30611],"to":[8.625,-0.1845,10.30611],"rotation":{"angle":22.5,"axis":"x","origin":[7.625,0.3155,8.05611]},"faces":{"north":{"uv":[14,4.375,14.625,4],"texture":"#2"},"east":{"uv":[13.5,0.375,14.5,0],"texture":"#2"},"south":{"uv":[14,5.375,14.625,5],"texture":"#2"},"west":{"uv":[13.5,1.375,14.5,1],"texture":"#2"},"up":{"uv":[11.125,1,10.5,0],"texture":"#2"},"down":{"uv":[9.625,9.5,9,10.5],"texture":"#2"}}},{"from":[7.4,-1.75967,9.78981],"to":[8.6,-0.75967,10.78981],"rotation":{"angle":-22.5,"axis":"x","origin":[8,-1.25967,10.28981]},"faces":{"north":{"uv":[6,14,6.625,13.5],"texture":"#2"},"east":{"uv":[13.5,14,14,13.5],"texture":"#2"},"south":{"uv":[7.5,14,8.125,13.5],"texture":"#2"},"west":{"uv":[3.5,14.5,4,14],"texture":"#2"},"up":{"uv":[14.125,9,13.5,8.5],"texture":"#2"},"down":{"uv":[14.125,7.5,13.5,8],"texture":"#2"}}},{"from":[7.995,-1,10.25],"to":[8.005,17,16.25],"rotation":{"angle":0,"axis":"y","origin":[7.995,0,10.25]},"faces":{"east":{"uv":[3,0,0,9],"texture":"#2"},"west":{"uv":[0,0,3,9],"texture":"#2"}}},{"from":[7.985,-4.5,3.5],"to":[8.015,1.5,7.5],"rotation":{"angle":-22.5,"axis":"x","origin":[8,-1.5,5.5]},"faces":{"east":{"uv":[8,0,0,12],"texture":"#1"},"west":{"uv":[0,0,8,12],"texture":"#1"}}}],"gui_light":"front","display":{"thirdperson_righthand":{"translation":[0,-2,1]},"thirdperson_lefthand":{"translation":[0,-2,1]},"firstperson_righthand":{"translation":[1.5,4.25,0.5],"scale":[0.7,0.7,0.7]},"firstperson_lefthand":{"translation":[1.5,4.25,0.5],"scale":[0.7,0.7,0.7]},"ground":{"rotation":[45,0,0],"translation":[0,3,0],"scale":[0.7,0.7,0.7]},"gui":{"rotation":[-90,135,90],"translation":[-1,1,0]},"head":{"rotation":[90,-45,90]},"fixed":{"rotation":[0,-90,0],"translation":[0,0,-1],"scale":[2,2,2]}},"USER":"42698","NONCE":"85721e714bf9e86004e2a432cd3be28a","TIMESTAMP":"1748098492","RESOURCE":"12324","MCMODELS":"1","mcmodels":"85721e714bf9e86004e2a432cd3be28a"}