{"credit":"Pologony Creation Co.,Ltd.","texture_size":[32,32],"textures":{"0":"spartan_set:cape","particle":"spartan_set:cape"},"elements":[{"from":[0.5,14,6],"to":[4.5,15,10],"rotation":{"angle":22.5,"axis":"z","origin":[1,14,6.5]},"faces":{"north":{"uv":[2,8.5,4,9],"texture":"#0","tintindex":0},"east":{"uv":[4.5,8.5,6.5,9],"texture":"#0","tintindex":0},"south":{"uv":[2,9.5,4,10],"texture":"#0","tintindex":0},"west":{"uv":[4.5,9.5,6.5,10],"texture":"#0","tintindex":0},"up":{"uv":[9,7.5,7,5.5],"texture":"#0","tintindex":0},"down":{"uv":[9,8,7,10],"texture":"#0","tintindex":0}}},{"from":[1,15,6.5],"to":[4,16,9.5],"rotation":{"angle":22.5,"axis":"z","origin":[1,14,6.5]},"faces":{"north":{"uv":[9.5,5.5,11,6],"texture":"#0","tintindex":0},"east":{"uv":[9.5,6.5,11,7],"texture":"#0","tintindex":0},"south":{"uv":[9.5,7.5,11,8],"texture":"#0","tintindex":0},"west":{"uv":[9.5,8.5,11,9],"texture":"#0","tintindex":0},"up":{"uv":[1.5,10,0,8.5],"texture":"#0","tintindex":0}}},{"from":[12,15,6.5],"to":[15,16,9.5],"rotation":{"angle":-22.5,"axis":"z","origin":[15,14,6.5]},"faces":{"north":{"uv":[11,5.5,9.5,6],"texture":"#0","tintindex":0},"east":{"uv":[11,8.5,9.5,9],"texture":"#0","tintindex":0},"south":{"uv":[11,7.5,9.5,8],"texture":"#0","tintindex":0},"west":{"uv":[11,6.5,9.5,7],"texture":"#0","tintindex":0},"up":{"uv":[0,10,1.5,8.5],"texture":"#0","tintindex":0}}},{"from":[11.5,14,6],"to":[15.5,15,10],"rotation":{"angle":-22.5,"axis":"z","origin":[15,14,6.5]},"faces":{"north":{"uv":[4,8.5,2,9],"texture":"#0","tintindex":0},"east":{"uv":[6.5,9.5,4.5,10],"texture":"#0","tintindex":0},"south":{"uv":[4,9.5,2,10],"texture":"#0","tintindex":0},"west":{"uv":[6.5,8.5,4.5,9],"texture":"#0","tintindex":0},"up":{"uv":[7,7.5,9,5.5],"texture":"#0","tintindex":0},"down":{"uv":[7,8,9,10],"texture":"#0","tintindex":0}}},{"from":[1.5,15.25,9],"to":[14.5,15.28,11],"rotation":{"angle":0,"axis":"y","origin":[4.5,15.25,9]},"faces":{"up":{"uv":[13.5,3.5,7,2.5],"texture":"#0","tintindex":0},"down":{"uv":[13.5,2.5,7,3.5],"texture":"#0","tintindex":0}}},{"from":[1.5,15.25879,10.97879],"to":[14.5,15.28879,12.97879],"rotation":{"angle":45,"axis":"x","origin":[4.5,15.25879,10.97879]},"faces":{"up":{"uv":[13.5,5,7,4],"texture":"#0","tintindex":0},"down":{"uv":[13.5,4,7,5],"texture":"#0","tintindex":0}}},{"from":[1.5,-2.13421,12.38421],"to":[14.5,13.86579,12.41421],"rotation":{"angle":0,"axis":"x","origin":[8,12.86579,12.38421]},"faces":{"north":{"uv":[6.5,0,0,8],"texture":"#0","tintindex":0},"south":{"uv":[0,0,6.5,8],"texture":"#0","tintindex":0}}},{"from":[1.5,-5.99345,13.15186],"to":[14.5,-1.99345,13.18186],"rotation":{"angle":-22.5,"axis":"x","origin":[8,-3.99345,13.15186]},"faces":{"north":{"uv":[13.5,0,7,2],"texture":"#0","tintindex":0},"south":{"uv":[7,0,13.5,2],"texture":"#0","tintindex":0}}}],"gui_light":"front","display":{"thirdperson_righthand":{"rotation":[63,180,0],"translation":[0,-3,-2.75],"scale":[0.7,0.7,0.7]},"thirdperson_lefthand":{"rotation":[67.25,0,0],"translation":[-5.5,-4.25,5]},"firstperson_righthand":{"rotation":[-16.75,0,0],"translation":[1,4.25,0],"scale":[0.4668,0.4668,0.4668]},"firstperson_lefthand":{"scale":[0,0,0]},"ground":{"rotation":[-45,0,0],"translation":[0,3,0],"scale":[0.7,0.7,0.7]},"gui":{"rotation":[0,180,0],"translation":[0,1.75,0],"scale":[0.7,0.7,0.7]},"head":{"translation":[0,-52.25,0],"scale":[1.6,1.6,1.6]},"fixed":{"rotation":[0,180,0],"translation":[0,-14.25,-3.75],"scale":[2,2,2]}},"USER":"42698","NONCE":"85721e714bf9e86004e2a432cd3be28a","TIMESTAMP":"1748098492","RESOURCE":"12324","MCMODELS":"1","mcmodels":"85721e714bf9e86004e2a432cd3be28a"}