{"credit":"Pologony Creation Co.,Ltd.","texture_size":[68,68],"textures":{"2":"spartan_set:chest","particle":"spartan_set:chest"},"elements":[{"from":[0,7.5,0],"to":[2.5,9,2.5],"rotation":{"angle":0,"axis":"y","origin":[0,8,0.5]},"faces":{"north":{"uv":[13.17647,9.17647,13.76471,9.52941],"texture":"#2"},"east":{"uv":[13.17647,9.88235,13.76471,10.23529],"texture":"#2"},"south":{"uv":[4.70588,13.41176,5.29412,13.76471],"texture":"#2"},"west":{"uv":[5.64706,13.41176,6.23529,13.76471],"texture":"#2"},"up":{"uv":[4.35294,13.29412,3.76471,12.70588],"texture":"#2"},"down":{"uv":[13.05882,12.70588,12.47059,13.29412],"texture":"#2"}}},{"from":[0,0,0],"to":[2.5,1.5,2.5],"rotation":{"angle":0,"axis":"y","origin":[0,0.5,0.5]},"faces":{"north":{"uv":[13.41176,8.23529,14,8.58824],"texture":"#2"},"east":{"uv":[8.94118,13.41176,9.52941,13.76471],"texture":"#2"},"south":{"uv":[11.05882,13.41176,11.64706,13.76471],"texture":"#2"},"west":{"uv":[13.41176,11.76471,14,12.11765],"texture":"#2"},"up":{"uv":[2,13.52941,1.41176,12.94118],"texture":"#2"},"down":{"uv":[13.52941,1.88235,12.94118,2.47059],"texture":"#2"}}},{"from":[0.5,1.5,0.5],"to":[2.5,7.5,2.5],"rotation":{"angle":0,"axis":"y","origin":[0,1.5,0.5]},"faces":{"north":{"uv":[8.70588,11.29412,9.17647,12.70588],"texture":"#2"},"east":{"uv":[11.05882,11.76471,11.52941,13.17647],"texture":"#2"},"south":{"uv":[11.76471,11.76471,12.23529,13.17647],"texture":"#2"},"west":{"uv":[0,12,0.47059,13.41176],"texture":"#2"}}},{"from":[1,0,2.5],"to":[2.5,1.5,13.5],"rotation":{"angle":0,"axis":"y","origin":[1.75,0.75,8]},"faces":{"east":{"uv":[10.11765,1.88235,12.70588,2.23529],"texture":"#2"},"west":{"uv":[10.11765,2.58824,12.70588,2.94118],"texture":"#2"},"up":{"uv":[2.23529,12.70588,1.88235,10.11765],"texture":"#2"},"down":{"uv":[10.47059,3.29412,10.11765,5.88235],"texture":"#2"}}},{"from":[1,7.5,2.5],"to":[2.5,9,13.5],"rotation":{"angle":0,"axis":"y","origin":[1.75,8.25,8]},"faces":{"east":{"uv":[10.35294,9.64706,12.94118,10],"texture":"#2"},"west":{"uv":[10.35294,10.35294,12.94118,10.70588],"texture":"#2"},"up":{"uv":[11.17647,5.88235,10.82353,3.29412],"texture":"#2"},"down":{"uv":[10.70588,11.05882,10.35294,13.64706],"texture":"#2"}}},{"from":[6,4.5,0],"to":[10,8.5,2],"rotation":{"angle":0,"axis":"x","origin":[8,6.5,1]},"faces":{"north":{"uv":[2.58824,11.29412,3.52941,12.23529],"texture":"#2"},"east":{"uv":[6.58824,12,7.05882,12.94118],"texture":"#2"},"west":{"uv":[7.29412,12,7.76471,12.94118],"texture":"#2"},"up":{"uv":[12.47059,5.88235,11.52941,5.41176],"texture":"#2"},"down":{"uv":[3.52941,12.47059,2.58824,12.94118],"texture":"#2"}}},{"from":[2.5,7.5,1],"to":[13.5,9,2.5],"rotation":{"angle":0,"axis":"y","origin":[8,8.25,1.75]},"faces":{"north":{"uv":[10.82353,0,13.41176,0.35294],"texture":"#2"},"south":{"uv":[10.82353,0.70588,13.41176,1.05882],"texture":"#2"},"up":{"uv":[13.41176,6.47059,10.82353,6.11765],"texture":"#2"},"down":{"uv":[13.41176,6.82353,10.82353,7.17647],"texture":"#2"}}},{"from":[2.5,0,1],"to":[13.5,1.5,2.5],"rotation":{"angle":0,"axis":"y","origin":[8,0.75,1.75]},"faces":{"north":{"uv":[10.82353,7.52941,13.41176,7.88235],"texture":"#2"},"south":{"uv":[11.05882,11.05882,13.64706,11.41176],"texture":"#2"},"up":{"uv":[8.47059,11.64706,5.88235,11.29412],"texture":"#2"},"down":{"uv":[14.11765,3.29412,11.52941,3.64706],"texture":"#2"}}},{"from":[1,7,-2.5],"to":[2,7.5,0.5],"rotation":{"angle":0,"axis":"y","origin":[1,6.5,-0.5]},"faces":{"north":{"uv":[8,12,8.23529,12.11765],"texture":"#2"},"east":{"uv":[12.94118,2.82353,13.64706,2.94118],"texture":"#2"},"west":{"uv":[13.17647,10.58824,13.88235,10.70588],"texture":"#2"},"up":{"uv":[2.82353,10.82353,2.58824,10.11765],"texture":"#2"},"down":{"uv":[1.64706,12,1.41176,12.70588],"texture":"#2"}}},{"from":[1.5,2,-2.25],"to":[1.53,7,0.25],"rotation":{"angle":0,"axis":"y","origin":[1.5,6,-2]},"faces":{"east":{"uv":[4.35294,11.29412,3.76471,12.47059],"texture":"#2"},"west":{"uv":[3.76471,11.29412,4.35294,12.47059],"texture":"#2"}}},{"from":[2,1,2],"to":[14,8.5,14],"rotation":{"angle":0,"axis":"y","origin":[2,1,2]},"faces":{"north":{"uv":[7.05882,1.88235,9.88235,3.64706],"texture":"#2"},"east":{"uv":[7.05882,4,9.88235,5.76471],"texture":"#2"},"south":{"uv":[7.76471,6.11765,10.58824,7.88235],"texture":"#2"},"west":{"uv":[0,8,2.82353,9.76471],"texture":"#2"},"up":{"uv":[6.82353,2.82353,4,0],"texture":"#2"},"down":{"uv":[6.82353,3.05882,4,5.88235],"texture":"#2"}}},{"from":[-2.25,2,1.47],"to":[0.25,7,1.5],"rotation":{"angle":0,"axis":"y","origin":[-1,5.875,1.4925]},"faces":{"north":{"uv":[4.35294,11.29412,3.76471,12.47059],"texture":"#2"},"south":{"uv":[3.76471,11.29412,4.35294,12.47059],"texture":"#2"}}},{"from":[-2.5,7,1],"to":[0.5,7.5,2],"rotation":{"angle":0,"axis":"y","origin":[-1,5.875,1.4925]},"faces":{"north":{"uv":[12.94118,2.82353,13.64706,2.94118],"texture":"#2"},"south":{"uv":[13.17647,10.58824,13.88235,10.70588],"texture":"#2"},"west":{"uv":[8,12,8.23529,12.11765],"texture":"#2"},"up":{"uv":[2.82353,10.82353,2.58824,10.11765],"rotation":270,"texture":"#2"},"down":{"uv":[1.64706,12,1.41176,12.70588],"rotation":90,"texture":"#2"}}},{"from":[13.5,0,0],"to":[16,1.5,2.5],"rotation":{"angle":0,"axis":"y","origin":[16,0.5,0.5]},"faces":{"north":{"uv":[14,8.23529,13.41176,8.58824],"texture":"#2"},"east":{"uv":[14,11.76471,13.41176,12.11765],"texture":"#2"},"south":{"uv":[11.64706,13.41176,11.05882,13.76471],"texture":"#2"},"west":{"uv":[9.52941,13.41176,8.94118,13.76471],"texture":"#2"},"up":{"uv":[1.41176,13.52941,2,12.94118],"texture":"#2"},"down":{"uv":[12.94118,1.88235,13.52941,2.47059],"texture":"#2"}}},{"from":[13.5,1.5,0.5],"to":[15.5,7.5,2.5],"rotation":{"angle":0,"axis":"y","origin":[16,1.5,0.5]},"faces":{"north":{"uv":[9.17647,11.29412,8.70588,12.70588],"texture":"#2"},"east":{"uv":[0.47059,12,0,13.41176],"texture":"#2"},"south":{"uv":[12.23529,11.76471,11.76471,13.17647],"texture":"#2"},"west":{"uv":[11.52941,11.76471,11.05882,13.17647],"texture":"#2"}}},{"from":[15.75,2,1.47],"to":[18.25,7,1.5],"rotation":{"angle":0,"axis":"y","origin":[17,5.875,1.4925]},"faces":{"north":{"uv":[3.76471,11.29412,4.35294,12.47059],"texture":"#2"},"south":{"uv":[4.35294,11.29412,3.76471,12.47059],"texture":"#2"}}},{"from":[15.5,7,1],"to":[18.5,7.5,2],"rotation":{"angle":0,"axis":"y","origin":[17,5.875,1.4925]},"faces":{"north":{"uv":[13.64706,2.82353,12.94118,2.94118],"texture":"#2"},"east":{"uv":[8.23529,12,8,12.11765],"texture":"#2"},"south":{"uv":[13.88235,10.58824,13.17647,10.70588],"texture":"#2"},"up":{"uv":[2.82353,10.11765,2.58824,10.82353],"rotation":270,"texture":"#2"},"down":{"uv":[1.64706,12.70588,1.41176,12],"rotation":90,"texture":"#2"}}},{"from":[14.47,2,-2.25],"to":[14.5,7,0.25],"rotation":{"angle":0,"axis":"y","origin":[14.5,6,-2]},"faces":{"east":{"uv":[4.35294,11.29412,3.76471,12.47059],"texture":"#2"},"west":{"uv":[3.76471,11.29412,4.35294,12.47059],"texture":"#2"}}},{"from":[14,7,-2.5],"to":[15,7.5,0.5],"rotation":{"angle":0,"axis":"y","origin":[15,6.5,-0.5]},"faces":{"north":{"uv":[8.23529,12,8,12.11765],"texture":"#2"},"east":{"uv":[13.88235,10.58824,13.17647,10.70588],"texture":"#2"},"west":{"uv":[13.64706,2.82353,12.94118,2.94118],"texture":"#2"},"up":{"uv":[2.58824,10.82353,2.82353,10.11765],"texture":"#2"},"down":{"uv":[1.41176,12,1.64706,12.70588],"texture":"#2"}}},{"from":[13.5,7.5,0],"to":[16,9,2.5],"rotation":{"angle":0,"axis":"y","origin":[16,8,0.5]},"faces":{"north":{"uv":[13.76471,9.17647,13.17647,9.52941],"texture":"#2"},"east":{"uv":[6.23529,13.41176,5.64706,13.76471],"texture":"#2"},"south":{"uv":[5.29412,13.41176,4.70588,13.76471],"texture":"#2"},"west":{"uv":[13.76471,9.88235,13.17647,10.23529],"texture":"#2"},"up":{"uv":[3.76471,13.29412,4.35294,12.70588],"texture":"#2"},"down":{"uv":[12.47059,12.70588,13.05882,13.29412],"texture":"#2"}}},{"from":[0,0,13.5],"to":[2.5,1.5,16],"rotation":{"angle":0,"axis":"y","origin":[0,0.5,15.5]},"faces":{"north":{"uv":[11.64706,13.41176,11.05882,13.76471],"texture":"#2"},"east":{"uv":[9.52941,13.41176,8.94118,13.76471],"texture":"#2"},"south":{"uv":[14,8.23529,13.41176,8.58824],"texture":"#2"},"west":{"uv":[14,11.76471,13.41176,12.11765],"texture":"#2"},"up":{"uv":[2,12.94118,1.41176,13.52941],"texture":"#2"},"down":{"uv":[13.52941,2.47059,12.94118,1.88235],"texture":"#2"}}},{"from":[0.5,1.5,13.5],"to":[2.5,7.5,15.5],"rotation":{"angle":0,"axis":"y","origin":[0,1.5,15.5]},"faces":{"north":{"uv":[12.23529,11.76471,11.76471,13.17647],"texture":"#2"},"east":{"uv":[11.52941,11.76471,11.05882,13.17647],"texture":"#2"},"south":{"uv":[9.17647,11.29412,8.70588,12.70588],"texture":"#2"},"west":{"uv":[0.47059,12,0,13.41176],"texture":"#2"}}},{"from":[-2.25,2,14.5],"to":[0.25,7,14.53],"rotation":{"angle":0,"axis":"y","origin":[-1,5.875,14.5075]},"faces":{"north":{"uv":[4.35294,11.29412,3.76471,12.47059],"texture":"#2"},"south":{"uv":[3.76471,11.29412,4.35294,12.47059],"texture":"#2"}}},{"from":[-2.5,7,14],"to":[0.5,7.5,15],"rotation":{"angle":0,"axis":"y","origin":[-1,5.875,14.5075]},"faces":{"north":{"uv":[13.88235,10.58824,13.17647,10.70588],"texture":"#2"},"south":{"uv":[13.64706,2.82353,12.94118,2.94118],"texture":"#2"},"west":{"uv":[8.23529,12,8,12.11765],"texture":"#2"},"up":{"uv":[2.58824,10.82353,2.82353,10.11765],"rotation":270,"texture":"#2"},"down":{"uv":[1.41176,12,1.64706,12.70588],"rotation":90,"texture":"#2"}}},{"from":[1.5,2,15.75],"to":[1.53,7,18.25],"rotation":{"angle":0,"axis":"y","origin":[1.5,6,18]},"faces":{"east":{"uv":[3.76471,11.29412,4.35294,12.47059],"texture":"#2"},"west":{"uv":[4.35294,11.29412,3.76471,12.47059],"texture":"#2"}}},{"from":[1,7,15.5],"to":[2,7.5,18.5],"rotation":{"angle":0,"axis":"y","origin":[1,6.5,16.5]},"faces":{"east":{"uv":[13.64706,2.82353,12.94118,2.94118],"texture":"#2"},"south":{"uv":[8.23529,12,8,12.11765],"texture":"#2"},"west":{"uv":[13.88235,10.58824,13.17647,10.70588],"texture":"#2"},"up":{"uv":[2.82353,10.11765,2.58824,10.82353],"texture":"#2"},"down":{"uv":[1.64706,12.70588,1.41176,12],"texture":"#2"}}},{"from":[0,7.5,13.5],"to":[2.5,9,16],"rotation":{"angle":0,"axis":"y","origin":[0,8,15.5]},"faces":{"north":{"uv":[5.29412,13.41176,4.70588,13.76471],"texture":"#2"},"east":{"uv":[13.76471,9.88235,13.17647,10.23529],"texture":"#2"},"south":{"uv":[13.76471,9.17647,13.17647,9.52941],"texture":"#2"},"west":{"uv":[6.23529,13.41176,5.64706,13.76471],"texture":"#2"},"up":{"uv":[4.35294,12.70588,3.76471,13.29412],"texture":"#2"},"down":{"uv":[13.05882,13.29412,12.47059,12.70588],"texture":"#2"}}},{"from":[13.5,0,13.5],"to":[16,1.5,16],"rotation":{"angle":0,"axis":"y","origin":[16,0.5,15.5]},"faces":{"north":{"uv":[11.05882,13.41176,11.64706,13.76471],"texture":"#2"},"east":{"uv":[13.41176,11.76471,14,12.11765],"texture":"#2"},"south":{"uv":[13.41176,8.23529,14,8.58824],"texture":"#2"},"west":{"uv":[8.94118,13.41176,9.52941,13.76471],"texture":"#2"},"up":{"uv":[1.41176,12.94118,2,13.52941],"texture":"#2"},"down":{"uv":[12.94118,2.47059,13.52941,1.88235],"texture":"#2"}}},{"from":[13.5,1.5,13.5],"to":[15.5,7.5,15.5],"rotation":{"angle":0,"axis":"y","origin":[16,1.5,15.5]},"faces":{"north":{"uv":[11.76471,11.76471,12.23529,13.17647],"texture":"#2"},"east":{"uv":[0,12,0.47059,13.41176],"texture":"#2"},"south":{"uv":[8.70588,11.29412,9.17647,12.70588],"texture":"#2"},"west":{"uv":[11.05882,11.76471,11.52941,13.17647],"texture":"#2"}}},{"from":[15.75,2,14.5],"to":[18.25,7,14.53],"rotation":{"angle":0,"axis":"y","origin":[17,5.875,14.5075]},"faces":{"north":{"uv":[3.76471,11.29412,4.35294,12.47059],"texture":"#2"},"south":{"uv":[4.35294,11.29412,3.76471,12.47059],"texture":"#2"}}},{"from":[15.5,7,14],"to":[18.5,7.5,15],"rotation":{"angle":0,"axis":"y","origin":[17,5.875,14.5075]},"faces":{"north":{"uv":[13.17647,10.58824,13.88235,10.70588],"texture":"#2"},"east":{"uv":[8,12,8.23529,12.11765],"texture":"#2"},"south":{"uv":[12.94118,2.82353,13.64706,2.94118],"texture":"#2"},"up":{"uv":[2.58824,10.11765,2.82353,10.82353],"rotation":270,"texture":"#2"},"down":{"uv":[1.41176,12.70588,1.64706,12],"rotation":90,"texture":"#2"}}},{"from":[14.47,2,15.75],"to":[14.5,7,18.25],"rotation":{"angle":0,"axis":"y","origin":[14.5,6,18]},"faces":{"east":{"uv":[3.76471,11.29412,4.35294,12.47059],"texture":"#2"},"west":{"uv":[4.35294,11.29412,3.76471,12.47059],"texture":"#2"}}},{"from":[14,7,15.5],"to":[15,7.5,18.5],"rotation":{"angle":0,"axis":"y","origin":[15,6.5,16.5]},"faces":{"east":{"uv":[13.17647,10.58824,13.88235,10.70588],"texture":"#2"},"south":{"uv":[8,12,8.23529,12.11765],"texture":"#2"},"west":{"uv":[12.94118,2.82353,13.64706,2.94118],"texture":"#2"},"up":{"uv":[2.58824,10.11765,2.82353,10.82353],"texture":"#2"},"down":{"uv":[1.41176,12.70588,1.64706,12],"texture":"#2"}}},{"from":[13.5,7.5,13.5],"to":[16,9,16],"rotation":{"angle":0,"axis":"y","origin":[16,8,15.5]},"faces":{"north":{"uv":[4.70588,13.41176,5.29412,13.76471],"texture":"#2"},"east":{"uv":[5.64706,13.41176,6.23529,13.76471],"texture":"#2"},"south":{"uv":[13.17647,9.17647,13.76471,9.52941],"texture":"#2"},"west":{"uv":[13.17647,9.88235,13.76471,10.23529],"texture":"#2"},"up":{"uv":[3.76471,12.70588,4.35294,13.29412],"texture":"#2"},"down":{"uv":[12.47059,13.29412,13.05882,12.70588],"texture":"#2"}}},{"from":[13.5,0,2.5],"to":[15,1.5,13.5],"rotation":{"angle":0,"axis":"y","origin":[14.25,0.75,8]},"faces":{"east":{"uv":[12.70588,2.58824,10.11765,2.94118],"texture":"#2"},"west":{"uv":[12.70588,1.88235,10.11765,2.23529],"texture":"#2"},"up":{"uv":[1.88235,12.70588,2.23529,10.11765],"texture":"#2"},"down":{"uv":[10.11765,3.29412,10.47059,5.88235],"texture":"#2"}}},{"from":[13.5,7.5,2.5],"to":[15,9,13.5],"rotation":{"angle":0,"axis":"y","origin":[14.25,8.25,8]},"faces":{"east":{"uv":[12.94118,10.35294,10.35294,10.70588],"texture":"#2"},"west":{"uv":[12.94118,9.64706,10.35294,10],"texture":"#2"},"up":{"uv":[10.82353,5.88235,11.17647,3.29412],"texture":"#2"},"down":{"uv":[10.35294,11.05882,10.70588,13.64706],"texture":"#2"}}},{"from":[2.5,0,13.5],"to":[13.5,1.5,15],"rotation":{"angle":0,"axis":"y","origin":[8,0.75,14.25]},"faces":{"north":{"uv":[13.64706,11.05882,11.05882,11.41176],"texture":"#2"},"south":{"uv":[13.41176,7.52941,10.82353,7.88235],"texture":"#2"},"up":{"uv":[8.47059,11.29412,5.88235,11.64706],"texture":"#2"},"down":{"uv":[14.11765,3.64706,11.52941,3.29412],"texture":"#2"}}},{"from":[2.5,7.5,13.5],"to":[13.5,9,15],"rotation":{"angle":0,"axis":"y","origin":[8,8.25,14.25]},"faces":{"north":{"uv":[12.94118,9.64706,10.35294,10],"texture":"#2"},"south":{"uv":[12.94118,10.35294,10.35294,10.70588],"texture":"#2"},"up":{"uv":[10.82353,5.88235,11.17647,3.29412],"rotation":90,"texture":"#2"},"down":{"uv":[10.35294,11.05882,10.70588,13.64706],"rotation":270,"texture":"#2"}}},{"from":[0,9,0],"to":[2.5,10.5,2.5],"rotation":{"angle":0,"axis":"y","origin":[0,9.5,0.5]},"faces":{"north":{"uv":[12.70588,5.41176,13.29412,5.76471],"texture":"#2"},"east":{"uv":[8,12.94118,8.58824,13.29412],"texture":"#2"},"south":{"uv":[2.35294,13.17647,2.94118,13.52941],"texture":"#2"},"west":{"uv":[6.58824,13.17647,7.17647,13.52941],"texture":"#2"},"up":{"uv":[13.05882,8.82353,12.47059,8.23529],"texture":"#2"},"down":{"uv":[13.05882,11.76471,12.47059,12.35294],"texture":"#2"}}},{"from":[0.25,9,0.25],"to":[15.75,10,15.75],"rotation":{"angle":0,"axis":"y","origin":[0,9,0]},"faces":{"north":{"uv":[10.82353,1.41176,14.47059,1.64706],"texture":"#2"},"east":{"uv":[11.52941,4,15.17647,4.23529],"texture":"#2"},"south":{"uv":[11.52941,4.47059,15.17647,4.70588],"texture":"#2"},"west":{"uv":[11.52941,4.94118,15.17647,5.17647],"texture":"#2"},"up":{"uv":[3.64706,3.64706,0,0],"texture":"#2"},"down":{"uv":[3.64706,4,0,7.64706],"texture":"#2"}}},{"from":[2.32612,7.86732,1.75],"to":[8.82612,13.61732,14.25],"rotation":{"angle":22.5,"axis":"z","origin":[1.32612,9.61732,0]},"faces":{"north":{"uv":[5.88235,9.64706,7.41176,11],"texture":"#2"},"south":{"uv":[7.76471,9.64706,9.29412,11],"texture":"#2"},"up":{"uv":[4.58824,10.94118,3.05882,8],"texture":"#2"}}},{"from":[0.32612,9.61732,0.5],"to":[2.32612,14.61732,15.5],"rotation":{"angle":22.5,"axis":"z","origin":[1.32612,9.61732,0]},"faces":{"north":{"uv":[0.70588,12,1.17647,13.17647],"texture":"#2"},"east":{"uv":[4.94118,8.23529,8.47059,9.41176],"texture":"#2"},"south":{"uv":[5.88235,12,6.35294,13.17647],"texture":"#2"},"west":{"uv":[8.70588,8.23529,12.23529,9.41176],"texture":"#2"},"up":{"uv":[10.11765,13.17647,9.64706,9.64706],"texture":"#2"}}},{"from":[6.5,10,0.75],"to":[9.5,17,15.25],"rotation":{"angle":0,"axis":"y","origin":[6.5,10,0.25]},"faces":{"north":{"uv":[0,10.11765,0.70588,11.76471],"texture":"#2"},"east":{"uv":[4,6.11765,7.41176,7.76471],"texture":"#2"},"south":{"uv":[0.94118,10.11765,1.64706,11.76471],"texture":"#2"},"west":{"uv":[7.05882,0,10.47059,1.64706],"texture":"#2"},"up":{"uv":[5.64706,13.05882,4.94118,9.64706],"texture":"#2"}}},{"from":[0,9,13.5],"to":[2.5,10.5,16],"rotation":{"angle":0,"axis":"y","origin":[0,9.5,15.5]},"faces":{"north":{"uv":[2.94118,13.17647,2.35294,13.52941],"texture":"#2"},"east":{"uv":[8.58824,12.94118,8,13.29412],"texture":"#2"},"south":{"uv":[13.29412,5.41176,12.70588,5.76471],"texture":"#2"},"west":{"uv":[7.17647,13.17647,6.58824,13.52941],"texture":"#2"},"up":{"uv":[13.05882,8.23529,12.47059,8.82353],"texture":"#2"},"down":{"uv":[13.05882,12.35294,12.47059,11.76471],"texture":"#2"}}},{"from":[13.67388,9.61732,0.5],"to":[15.67388,14.61732,15.5],"rotation":{"angle":-22.5,"axis":"z","origin":[14.67388,9.61732,0]},"faces":{"north":{"uv":[1.17647,12,0.70588,13.17647],"texture":"#2"},"east":{"uv":[12.23529,8.23529,8.70588,9.41176],"texture":"#2"},"south":{"uv":[6.35294,12,5.88235,13.17647],"texture":"#2"},"west":{"uv":[8.47059,8.23529,4.94118,9.41176],"texture":"#2"},"up":{"uv":[9.64706,13.17647,10.11765,9.64706],"texture":"#2"}}},{"from":[13.5,9,0],"to":[16,10.5,2.5],"rotation":{"angle":0,"axis":"y","origin":[16,9.5,0.5]},"faces":{"north":{"uv":[13.29412,5.41176,12.70588,5.76471],"texture":"#2"},"east":{"uv":[7.17647,13.17647,6.58824,13.52941],"texture":"#2"},"south":{"uv":[2.94118,13.17647,2.35294,13.52941],"texture":"#2"},"west":{"uv":[8.58824,12.94118,8,13.29412],"texture":"#2"},"up":{"uv":[12.47059,8.82353,13.05882,8.23529],"texture":"#2"},"down":{"uv":[12.47059,11.76471,13.05882,12.35294],"texture":"#2"}}},{"from":[13.5,9,13.5],"to":[16,10.5,16],"rotation":{"angle":0,"axis":"y","origin":[16,9.5,15.5]},"faces":{"north":{"uv":[2.35294,13.17647,2.94118,13.52941],"texture":"#2"},"east":{"uv":[6.58824,13.17647,7.17647,13.52941],"texture":"#2"},"south":{"uv":[12.70588,5.41176,13.29412,5.76471],"texture":"#2"},"west":{"uv":[8,12.94118,8.58824,13.29412],"texture":"#2"},"up":{"uv":[12.47059,8.23529,13.05882,8.82353],"texture":"#2"},"down":{"uv":[12.47059,12.35294,13.05882,11.76471],"texture":"#2"}}},{"from":[7.17388,7.86732,1.75],"to":[13.67388,13.61732,14.25],"rotation":{"angle":-22.5,"axis":"z","origin":[14.67388,9.61732,16]},"faces":{"north":{"uv":[7.76471,9.64706,9.29412,11],"texture":"#2"},"south":{"uv":[5.88235,9.64706,7.41176,11],"texture":"#2"},"up":{"uv":[3.05882,8,4.58824,10.94118],"texture":"#2"}}}],"gui_light":"front","display":{"thirdperson_righthand":{"rotation":[60,0,0],"translation":[0,3.75,2.25],"scale":[0.5,0.5,0.5]},"thirdperson_lefthand":{"rotation":[60,0,0],"translation":[0,3.75,2.25],"scale":[0.5,0.5,0.5]},"firstperson_righthand":{"rotation":[169.5,0,180],"translation":[2.75,1.25,-5.5],"scale":[0.7,0.7,0.7]},"firstperson_lefthand":{"rotation":[169.5,0,180],"translation":[2.75,1.25,-5.5],"scale":[0.7,0.7,0.7]},"ground":{"translation":[0,3,0],"scale":[0.7,0.7,0.7]},"gui":{"rotation":[0,135,0],"translation":[0,-0.5,0],"scale":[0.7,0.7,0.7]},"head":{"rotation":[0,180,0],"translation":[0,-30.5,0],"scale":[1.6,1.6,1.6]},"fixed":{"rotation":[-90,0,0],"translation":[0,0,-15.75],"scale":[2,2,2]}},"mcmodels":"85721e714bf9e86004e2a432cd3be28a"}