{"credit":"Pologony Creation Co.,Ltd.","textures":{"1":"spartan_set:animations/animation_1","2":"spartan_set:hammer","particle":"spartan_set:animations/animation_1"},"elements":[{"from":[8,17.41421,7.11612],"to":[9.25,17.91421,8.36612],"rotation":{"angle":-45,"axis":"y","origin":[8,17.41421,7.11612]},"faces":{"north":{"uv":[14,13,14.41667,13.16667],"texture":"#2"},"east":{"uv":[13.33333,14,13.75,14.16667],"texture":"#2"},"south":{"uv":[0,14.33333,0.41667,14.5],"texture":"#2"},"west":{"uv":[14.33333,0,14.75,0.16667],"texture":"#2"},"up":{"uv":[12.75,12.75,12.33333,12.33333],"texture":"#2"},"down":{"uv":[13.08333,0,12.66667,0.41667],"texture":"#2"}}},{"from":[8,20.81421,7.11612],"to":[9.25,21.31421,8.36612],"rotation":{"angle":-45,"axis":"y","origin":[8,20.81421,7.11612]},"faces":{"north":{"uv":[14,8.33333,14.41667,8.5],"texture":"#2"},"east":{"uv":[8.66667,14,9.08333,14.16667],"texture":"#2"},"south":{"uv":[14,9,14.41667,9.16667],"texture":"#2"},"west":{"uv":[9.66667,14,10.08333,14.16667],"texture":"#2"},"up":{"uv":[12.41667,3.08333,12,2.66667],"texture":"#2"},"down":{"uv":[9.41667,12,9,12.41667],"texture":"#2"}}},{"from":[8,26.58421,7.11612],"to":[9.25,27.08421,8.36612],"rotation":{"angle":-45,"axis":"y","origin":[8,26.58421,7.11612]},"faces":{"north":{"uv":[14,9.66667,14.41667,9.83333],"texture":"#2"},"east":{"uv":[14,11,14.41667,11.16667],"texture":"#2"},"south":{"uv":[14,11.66667,14.41667,11.83333],"texture":"#2"},"west":{"uv":[14,12.33333,14.41667,12.5],"texture":"#2"},"up":{"uv":[12.41667,9.75,12,9.33333],"texture":"#2"},"down":{"uv":[10.41667,12,10,12.41667],"texture":"#2"}}},{"from":[8.15,16.91421,7.26612],"to":[9.1,17.41421,8.21612],"rotation":{"angle":-45,"axis":"y","origin":[8,16.91421,7.11612]},"faces":{"north":{"uv":[15,11,15.33333,11.16667],"texture":"#2"},"east":{"uv":[11.66667,15,12,15.16667],"texture":"#2"},"south":{"uv":[15,11.66667,15.33333,11.83333],"texture":"#2"},"west":{"uv":[15,12.33333,15.33333,12.5],"texture":"#2"}}},{"from":[8,16.41421,7.11612],"to":[9.25,16.91421,8.36612],"rotation":{"angle":-45,"axis":"y","origin":[8,16.41421,7.11612]},"faces":{"north":{"uv":[14.33333,0.66667,14.75,0.83333],"texture":"#2"},"east":{"uv":[1,14.33333,1.41667,14.5],"texture":"#2"},"south":{"uv":[14.33333,1.33333,14.75,1.5],"texture":"#2"},"west":{"uv":[2.66667,14.33333,3.08333,14.5],"texture":"#2"},"up":{"uv":[13.08333,1.41667,12.66667,1],"texture":"#2"},"down":{"uv":[13.08333,3.66667,12.66667,4.08333],"texture":"#2"}}},{"from":[8.25,27.08421,7.36612],"to":[9,28.58421,8.11612],"rotation":{"angle":-45,"axis":"y","origin":[8,27.08421,7.11612]},"faces":{"north":{"uv":[13.33333,11,13.58333,11.5],"texture":"#2"},"east":{"uv":[12,13.33333,12.25,13.83333],"texture":"#2"},"south":{"uv":[13.33333,12,13.58333,12.5],"texture":"#2"},"west":{"uv":[12.66667,13.33333,12.91667,13.83333],"texture":"#2"}}},{"from":[6.0035,21.88824,5.66418],"to":[9.9965,23.36324,7.23918],"rotation":{"angle":22.5,"axis":"x","origin":[7.2535,21.88824,5.73918]},"faces":{"north":{"uv":[7.66667,3.66667,9,4.16667],"texture":"#2"},"east":{"uv":[9,11,9.5,11.5],"texture":"#2"},"south":{"uv":[7.66667,4.66667,9,5.16667],"texture":"#2"},"west":{"uv":[3.33333,11.33333,3.83333,11.83333],"texture":"#2"},"down":{"uv":[9,5.66667,7.66667,6.16667],"texture":"#2"}}},{"from":[6.0035,24.53682,5.66418],"to":[9.9965,26.01182,7.23918],"rotation":{"angle":-22.5,"axis":"x","origin":[7.2535,26.01182,5.73918]},"faces":{"north":{"uv":[3,8,4.33333,8.5],"texture":"#2"},"east":{"uv":[4.33333,11.33333,4.83333,11.83333],"texture":"#2"},"south":{"uv":[8,6.66667,9.33333,7.16667],"texture":"#2"},"west":{"uv":[5.33333,11.33333,5.83333,11.83333],"texture":"#2"},"up":{"uv":[9.33333,8.16667,8,7.66667],"texture":"#2"}}},{"from":[6.0085,21.31421,6.125],"to":[9.9915,26.58421,9.875],"rotation":{"angle":0,"axis":"y","origin":[8.005,25.83921,7.875]},"faces":{"east":{"uv":[0,0,1.25,1.75],"texture":"#2"},"west":{"uv":[1.66667,0,2.91667,1.75],"texture":"#2"},"up":{"uv":[4.66667,1.25,3.33333,0],"texture":"#2"},"down":{"uv":[4.66667,1.66667,3.33333,2.91667],"texture":"#2"}}},{"from":[6,22.70003,6.19903],"to":[10,25.20003,7.69903],"rotation":{"angle":0,"axis":"y","origin":[7.25,20.70003,6.19903]},"faces":{"north":{"uv":[5,0,6.33333,0.83333],"texture":"#2"},"east":{"uv":[8,9.66667,8.5,10.5],"texture":"#2"},"south":{"uv":[5,1.33333,6.33333,2.16667],"texture":"#2"},"west":{"uv":[9.66667,8,10.16667,8.83333],"texture":"#2"},"up":{"uv":[9.66667,0.5,8.33333,0],"texture":"#2"},"down":{"uv":[9.66667,1,8.33333,1.5],"texture":"#2"}}},{"from":[6.0035,21.88824,8.76082],"to":[9.9965,23.36324,10.33582],"rotation":{"angle":-22.5,"axis":"x","origin":[7.2535,21.88824,10.26082]},"faces":{"north":{"uv":[8.33333,2,9.66667,2.5],"texture":"#2"},"east":{"uv":[6.33333,11.33333,6.83333,11.83333],"texture":"#2"},"south":{"uv":[0,8.66667,1.33333,9.16667],"texture":"#2"},"west":{"uv":[11.33333,10.66667,11.83333,11.16667],"texture":"#2"},"down":{"uv":[9.33333,8.66667,8,9.16667],"texture":"#2"}}},{"from":[6,22.70003,8.30097],"to":[10,25.20003,9.80097],"rotation":{"angle":0,"axis":"y","origin":[7.25,20.70003,9.80097]},"faces":{"north":{"uv":[5,2.66667,6.33333,3.5],"texture":"#2"},"east":{"uv":[9,9.66667,9.5,10.5],"texture":"#2"},"south":{"uv":[3.33333,5,4.66667,5.83333],"texture":"#2"},"west":{"uv":[10,0,10.5,0.83333],"texture":"#2"},"up":{"uv":[4.33333,9.5,3,9],"texture":"#2"},"down":{"uv":[10.66667,3,9.33333,3.5],"texture":"#2"}}},{"from":[6.0035,24.53682,8.76082],"to":[9.9965,26.01182,10.33582],"rotation":{"angle":22.5,"axis":"x","origin":[7.2535,26.01182,10.26082]},"faces":{"north":{"uv":[9.33333,4,10.66667,4.5],"texture":"#2"},"east":{"uv":[11.66667,3.66667,12.16667,4.16667],"texture":"#2"},"south":{"uv":[9.33333,5,10.66667,5.5],"texture":"#2"},"west":{"uv":[11.66667,4.66667,12.16667,5.16667],"texture":"#2"},"up":{"uv":[1.33333,10.16667,0,9.66667],"texture":"#2"}}},{"from":[5.875,23.36421,7.54289],"to":[10.125,24.11421,8.29289],"rotation":{"angle":45,"axis":"x","origin":[6.875,23.36421,7.29289]},"faces":{"north":{"uv":[10,9.33333,11.41667,9.58333],"texture":"#2"},"east":{"uv":[13.66667,14.66667,13.91667,14.91667],"texture":"#2"},"south":{"uv":[10,10,11.41667,10.25],"texture":"#2"},"west":{"uv":[2,15,2.25,15.25],"texture":"#2"},"up":{"uv":[3.08333,10.58333,1.66667,10.33333],"texture":"#2"},"down":{"uv":[12.08333,1.33333,10.66667,1.58333],"texture":"#2"}}},{"from":[5.875,24.86421,7.54289],"to":[10.125,25.61421,8.29289],"rotation":{"angle":45,"axis":"x","origin":[6.875,24.86421,7.29289]},"faces":{"north":{"uv":[10.66667,2,12.08333,2.25],"texture":"#2"},"east":{"uv":[2.66667,15,2.91667,15.25],"texture":"#2"},"south":{"uv":[3.66667,10.66667,5.08333,10.91667],"texture":"#2"},"west":{"uv":[15,8,15.25,8.25],"texture":"#2"},"up":{"uv":[7.08333,10.91667,5.66667,10.66667],"texture":"#2"},"down":{"uv":[12.08333,8,10.66667,8.25],"texture":"#2"}}},{"from":[7.375,27.92,8],"to":[8.625,29.17,9.25],"rotation":{"angle":-45,"axis":"x","origin":[7.375,27.92,8]},"faces":{"north":{"uv":[3,12.33333,3.41667,12.75],"texture":"#2"},"east":{"uv":[4,12.33333,4.41667,12.75],"texture":"#2"},"south":{"uv":[5,12.33333,5.41667,12.75],"texture":"#2"},"west":{"uv":[6,12.33333,6.41667,12.75],"texture":"#2"},"up":{"uv":[12.75,10.75,12.33333,10.33333],"texture":"#2"},"down":{"uv":[12.75,11.33333,12.33333,11.75],"texture":"#2"}}},{"from":[8,17.91421,7.29289],"to":[9,20.81421,8.29289],"rotation":{"angle":-45,"axis":"y","origin":[8,17.91421,7.29289]},"faces":{"north":{"uv":[0,10.66667,0.33333,11.66667],"texture":"#2"},"east":{"uv":[0.66667,10.66667,1,11.66667],"texture":"#2"},"south":{"uv":[10,10.66667,10.33333,11.66667],"texture":"#2"},"west":{"uv":[10.66667,10.66667,11,11.66667],"texture":"#2"},"up":{"uv":[4.66667,6.66667,4.33333,6.33333],"texture":"#2"}}},{"from":[7.5,-3.56421,6.79289],"to":[8.5,-2.06421,8.29289],"rotation":{"angle":45,"axis":"x","origin":[7.5,-3.56421,7.29289]},"faces":{"north":{"uv":[0,13.33333,0.33333,13.83333],"texture":"#2"},"east":{"uv":[11.66667,5.66667,12.16667,6.16667],"texture":"#2"},"south":{"uv":[0.66667,13.33333,1,13.83333],"texture":"#2"},"west":{"uv":[11.33333,11.66667,11.83333,12.16667],"texture":"#2"},"up":{"uv":[1.66667,13.83333,1.33333,13.33333],"texture":"#2"},"down":{"uv":[3.33333,13.33333,3,13.83333],"texture":"#2"}}},{"from":[7.25,-3.31421,7.04289],"to":[8.75,-2.31421,8.04289],"rotation":{"angle":45,"axis":"x","origin":[7.5,-3.56421,7.29289]},"faces":{"north":{"uv":[8.33333,3,8.83333,3.33333],"texture":"#2"},"east":{"uv":[12.33333,8.66667,12.66667,9],"texture":"#2"},"south":{"uv":[3.66667,10,4.16667,10.33333],"texture":"#2"},"west":{"uv":[13.66667,4.66667,14,5],"texture":"#2"},"up":{"uv":[13.5,3.33333,13,3],"texture":"#2"},"down":{"uv":[13.5,9.66667,13,10],"texture":"#2"}}},{"from":[8,-2.5,7.11612],"to":[9.25,-2,8.36612],"rotation":{"angle":-45,"axis":"y","origin":[8,-2.5,7.11612]},"faces":{"north":{"uv":[14.33333,3.33333,14.75,3.5],"texture":"#2"},"east":{"uv":[14.33333,4,14.75,4.16667],"texture":"#2"},"south":{"uv":[14.33333,4.66667,14.75,4.83333],"texture":"#2"},"west":{"uv":[14.33333,5.33333,14.75,5.5],"texture":"#2"},"up":{"uv":[13.08333,5.08333,12.66667,4.66667],"texture":"#2"},"down":{"uv":[13.08333,5.66667,12.66667,6.08333],"texture":"#2"}}},{"from":[8,-1.5,7.11612],"to":[9.25,-1,8.36612],"rotation":{"angle":-45,"axis":"y","origin":[8,-1.5,7.11612]},"faces":{"north":{"uv":[14.33333,6,14.75,6.16667],"texture":"#2"},"east":{"uv":[14.33333,6.66667,14.75,6.83333],"texture":"#2"},"south":{"uv":[14.33333,7.33333,14.75,7.5],"texture":"#2"},"west":{"uv":[14.33333,10.33333,14.75,10.5],"texture":"#2"},"up":{"uv":[13.08333,7.08333,12.66667,6.66667],"texture":"#2"},"down":{"uv":[7.41667,12.66667,7,13.08333],"texture":"#2"}}},{"from":[8.15,-2,7.26612],"to":[9.1,-1.5,8.21612],"rotation":{"angle":-45,"axis":"y","origin":[8,-2,7.11612]},"faces":{"north":{"uv":[15,13,15.33333,13.16667],"texture":"#2"},"east":{"uv":[14.33333,15,14.66667,15.16667],"texture":"#2"},"south":{"uv":[15,15,15.33333,15.16667],"texture":"#2"},"west":{"uv":[15.33333,0,15.66667,0.16667],"texture":"#2"}}},{"from":[8,2.25,7.11612],"to":[9.25,2.75,8.36612],"rotation":{"angle":-45,"axis":"y","origin":[8,2.25,7.11612]},"faces":{"north":{"uv":[14.66667,2.66667,15.08333,2.83333],"texture":"#2"},"east":{"uv":[3.66667,14.66667,4.08333,14.83333],"texture":"#2"},"south":{"uv":[4.66667,14.66667,5.08333,14.83333],"texture":"#2"},"west":{"uv":[5.66667,14.66667,6.08333,14.83333],"texture":"#2"},"up":{"uv":[11.41667,13.08333,11,12.66667],"texture":"#2"},"down":{"uv":[2.41667,13,2,13.41667],"texture":"#2"}}},{"from":[8,3.25,7.11612],"to":[9.25,3.75,8.36612],"rotation":{"angle":-45,"axis":"y","origin":[8,3.25,7.11612]},"faces":{"north":{"uv":[11.66667,14.33333,12.08333,14.5],"texture":"#2"},"east":{"uv":[14.33333,13.66667,14.75,13.83333],"texture":"#2"},"south":{"uv":[14.33333,14.33333,14.75,14.5],"texture":"#2"},"west":{"uv":[14.66667,2,15.08333,2.16667],"texture":"#2"},"up":{"uv":[13.08333,8.08333,12.66667,7.66667],"texture":"#2"},"down":{"uv":[8.41667,12.66667,8,13.08333],"texture":"#2"}}},{"from":[8.15,2.75,7.26612],"to":[9.1,3.25,8.21612],"rotation":{"angle":-45,"axis":"y","origin":[8,2.75,7.11612]},"faces":{"north":{"uv":[15.33333,0.66667,15.66667,0.83333],"texture":"#2"},"east":{"uv":[15.33333,1.33333,15.66667,1.5],"texture":"#2"},"south":{"uv":[3.33333,15.33333,3.66667,15.5],"texture":"#2"},"west":{"uv":[15.33333,3.33333,15.66667,3.5],"texture":"#2"}}},{"from":[8.25,3.75,7.36612],"to":[9,12,8.11612],"rotation":{"angle":-45,"axis":"y","origin":[8,8.5,7.11612]},"faces":{"north":{"uv":[2.33333,7,2.58333,9.75],"texture":"#2"},"east":{"uv":[6,7,6.25,9.75],"texture":"#2"},"south":{"uv":[6.66667,7.33333,6.91667,10.08333],"texture":"#2"},"west":{"uv":[7.33333,7.33333,7.58333,10.08333],"texture":"#2"}}},{"from":[8.25,13.5,7.36612],"to":[9,16.425,8.11612],"rotation":{"angle":-45,"axis":"y","origin":[8,18.25,7.11612]},"faces":{"north":{"uv":[0,12,0.25,13],"texture":"#2"},"east":{"uv":[12,0,12.25,1],"texture":"#2"},"south":{"uv":[0.66667,12,0.91667,13],"texture":"#2"},"west":{"uv":[1.33333,12,1.58333,13],"texture":"#2"}}},{"from":[8.25,-1,7.36612],"to":[9,2.25,8.11612],"rotation":{"angle":-45,"axis":"y","origin":[8,-1.25,7.11612]},"faces":{"north":{"uv":[11,3.66667,11.25,4.75],"texture":"#2"},"east":{"uv":[11,5.33333,11.25,6.41667],"texture":"#2"},"south":{"uv":[7.66667,11,7.91667,12.08333],"texture":"#2"},"west":{"uv":[8.33333,11,8.58333,12.08333],"texture":"#2"}}},{"from":[8,12,7.11612],"to":[9.25,12.5,8.36612],"rotation":{"angle":-45,"axis":"y","origin":[8,12,7.11612]},"faces":{"north":{"uv":[10.66667,14.66667,11.08333,14.83333],"texture":"#2"},"east":{"uv":[12.66667,14.66667,13.08333,14.83333],"texture":"#2"},"south":{"uv":[0,15,0.41667,15.16667],"texture":"#2"},"west":{"uv":[1,15,1.41667,15.16667],"texture":"#2"},"up":{"uv":[9.41667,13.41667,9,13],"texture":"#2"},"down":{"uv":[10.41667,13,10,13.41667],"texture":"#2"}}},{"from":[8,13,7.11612],"to":[9.25,13.5,8.36612],"rotation":{"angle":-45,"axis":"y","origin":[8,13,7.11612]},"faces":{"north":{"uv":[6.66667,14.66667,7.08333,14.83333],"texture":"#2"},"east":{"uv":[7.66667,14.66667,8.08333,14.83333],"texture":"#2"},"south":{"uv":[8.66667,14.66667,9.08333,14.83333],"texture":"#2"},"west":{"uv":[9.66667,14.66667,10.08333,14.83333],"texture":"#2"},"up":{"uv":[13.41667,2.41667,13,2],"texture":"#2"},"down":{"uv":[13.41667,8.66667,13,9.08333],"texture":"#2"}}},{"from":[8.15,12.5,7.26612],"to":[9.1,13,8.21612],"rotation":{"angle":-45,"axis":"y","origin":[8,12.5,7.11612]},"faces":{"north":{"uv":[4,15.33333,4.33333,15.5],"texture":"#2"},"east":{"uv":[15.33333,4,15.66667,4.16667],"texture":"#2"},"south":{"uv":[4.66667,15.33333,5,15.5],"texture":"#2"},"west":{"uv":[15.33333,4.66667,15.66667,4.83333],"texture":"#2"}}},{"from":[7.625,-3.91421,6.25],"to":[8.375,-2.91421,7.75],"rotation":{"angle":22.5,"axis":"x","origin":[7.625,-3.91421,6.75]},"faces":{"north":{"uv":[14,2,14.25,2.33333],"texture":"#2"},"east":{"uv":[3.66667,13.33333,4.16667,13.66667],"texture":"#2"},"south":{"uv":[14,2.66667,14.25,3],"texture":"#2"},"west":{"uv":[4.66667,13.33333,5.16667,13.66667],"texture":"#2"},"up":{"uv":[13.58333,13.5,13.33333,13],"texture":"#2"},"down":{"uv":[13.91667,0,13.66667,0.5],"texture":"#2"}}},{"from":[7.6285,-3.79899,5.90538],"to":[8.3715,-2.54899,6.65538],"rotation":{"angle":-22.5,"axis":"x","origin":[7.6285,-2.79899,5.90538]},"faces":{"north":{"uv":[13.66667,5.33333,13.91667,5.75],"texture":"#2"},"east":{"uv":[13.66667,6.33333,13.91667,6.75],"texture":"#2"},"south":{"uv":[6.66667,13.66667,6.91667,14.08333],"texture":"#2"},"west":{"uv":[7.33333,13.66667,7.58333,14.08333],"texture":"#2"},"up":{"uv":[15.25,8.91667,15,8.66667],"texture":"#2"}}},{"from":[7.625,-3.91421,8.25],"to":[8.375,-2.91421,9.75],"rotation":{"angle":-22.5,"axis":"x","origin":[7.625,-3.91421,9.25]},"faces":{"north":{"uv":[3.66667,14,3.91667,14.33333],"texture":"#2"},"east":{"uv":[5.66667,13.33333,6.16667,13.66667],"texture":"#2"},"south":{"uv":[4.33333,14,4.58333,14.33333],"texture":"#2"},"west":{"uv":[13.33333,10.33333,13.83333,10.66667],"texture":"#2"},"up":{"uv":[13.91667,1.5,13.66667,1],"texture":"#2"},"down":{"uv":[13.91667,3.66667,13.66667,4.16667],"texture":"#2"}}},{"from":[7.6285,-3.79899,9.34462],"to":[8.3715,-2.54899,10.09462],"rotation":{"angle":22.5,"axis":"x","origin":[7.6285,-2.79899,10.09462]},"faces":{"north":{"uv":[13.66667,7.33333,13.91667,7.75],"texture":"#2"},"east":{"uv":[8,13.66667,8.25,14.08333],"texture":"#2"},"south":{"uv":[11,13.66667,11.25,14.08333],"texture":"#2"},"west":{"uv":[2,14,2.25,14.41667],"texture":"#2"},"up":{"uv":[15.25,9.58333,15,9.33333],"texture":"#2"}}},{"from":[8.25,21.3716,3.44903],"to":[11.75,24.8716,6.19903],"rotation":{"angle":45,"axis":"z","origin":[8,21.1216,3.19903]},"faces":{"east":{"uv":[5,4,5.91667,5.16667],"texture":"#2"},"south":{"uv":[3.33333,3.33333,4.5,4.5],"texture":"#2"},"west":{"uv":[0,5.66667,0.91667,6.83333],"texture":"#2"},"up":{"uv":[2.5,6.58333,1.33333,5.66667],"texture":"#2"},"down":{"uv":[6.16667,5.66667,5,6.58333],"texture":"#2"}}},{"from":[8,21.1216,1.44903],"to":[12,25.1216,3.44903],"rotation":{"angle":45,"axis":"z","origin":[8,21.1216,0.44903]},"faces":{"north":{"uv":[0,2.33333,1.33333,3.66667],"texture":"#2"},"east":{"uv":[6.66667,5.66667,7.33333,7],"texture":"#2"},"south":{"uv":[1.66667,2.33333,3,3.66667],"texture":"#2"},"west":{"uv":[1.33333,7,2,8.33333],"texture":"#2"},"up":{"uv":[8,3.33333,6.66667,2.66667],"texture":"#2"},"down":{"uv":[5.66667,7,4.33333,7.66667],"texture":"#2"}}},{"from":[7.5,25.70003,1.19903],"to":[8.5,26.45003,4.44903],"rotation":{"angle":45,"axis":"z","origin":[8,23.95003,2.82403]},"faces":{"north":{"uv":[5,14,5.33333,14.25],"texture":"#2"},"east":{"uv":[10.66667,8.66667,11.75,8.91667],"texture":"#2"},"south":{"uv":[5.66667,14,6,14.25],"texture":"#2"},"west":{"uv":[11,7,12.08333,7.25],"texture":"#2"},"up":{"uv":[2,9.75,1.66667,8.66667],"texture":"#2"},"down":{"uv":[10.33333,1.33333,10,2.41667],"texture":"#2"}}},{"from":[7.5,25.70003,1.19903],"to":[8.5,26.45003,4.44903],"rotation":{"angle":-45,"axis":"z","origin":[8,23.95003,2.82403]},"faces":{"north":{"uv":[5.33333,14,5,14.25],"texture":"#2"},"east":{"uv":[12.08333,7,11,7.25],"texture":"#2"},"south":{"uv":[6,14,5.66667,14.25],"texture":"#2"},"west":{"uv":[11.75,8.66667,10.66667,8.91667],"texture":"#2"},"up":{"uv":[1.66667,9.75,2,8.66667],"texture":"#2"},"down":{"uv":[10,1.33333,10.33333,2.41667],"texture":"#2"}}},{"from":[7.5,21.44997,1.19903],"to":[8.5,22.19997,4.44903],"rotation":{"angle":45,"axis":"z","origin":[8,23.94997,2.82403]},"faces":{"north":{"uv":[5.33333,14.25,5,14],"texture":"#2"},"east":{"uv":[12.08333,7.25,11,7],"texture":"#2"},"south":{"uv":[6,14.25,5.66667,14],"texture":"#2"},"west":{"uv":[11.75,8.91667,10.66667,8.66667],"texture":"#2"},"up":{"uv":[10,2.41667,10.33333,1.33333],"texture":"#2"},"down":{"uv":[1.66667,8.66667,2,9.75],"texture":"#2"}}},{"from":[7.5,21.44997,1.19903],"to":[8.5,22.19997,4.44903],"rotation":{"angle":-45,"axis":"z","origin":[8,23.94997,2.82403]},"faces":{"north":{"uv":[5,14.25,5.33333,14],"texture":"#2"},"east":{"uv":[10.66667,8.91667,11.75,8.66667],"texture":"#2"},"south":{"uv":[5.66667,14.25,6,14],"texture":"#2"},"west":{"uv":[11,7.25,12.08333,7],"texture":"#2"},"up":{"uv":[10.33333,2.41667,10,1.33333],"texture":"#2"},"down":{"uv":[2,8.66667,1.66667,9.75],"texture":"#2"}}},{"from":[8.25,21.3716,9.80097],"to":[11.75,24.8716,12.55097],"rotation":{"angle":45,"axis":"z","origin":[8,21.1216,12.80097]},"faces":{"north":{"uv":[0,4,1.16667,5.16667],"texture":"#2"},"east":{"uv":[3,6.33333,3.91667,7.5],"texture":"#2"},"south":{"uv":[1.66667,4,2.83333,5.16667],"texture":"#2"},"west":{"uv":[6.33333,4,7.25,5.16667],"texture":"#2"},"up":{"uv":[7.83333,0.91667,6.66667,0],"texture":"#2"},"down":{"uv":[7.83333,1.33333,6.66667,2.25],"texture":"#2"}}},{"from":[6.75,22.70003,12.55097],"to":[9.25,25.20003,14.55097],"rotation":{"angle":45,"axis":"z","origin":[8,23.95003,13.55097]},"faces":{"east":{"uv":[4.66667,8,5.33333,8.83333],"texture":"#2"},"south":{"uv":[0,7.33333,0.83333,8.16667],"texture":"#2"},"west":{"uv":[4.66667,9.33333,5.33333,10.16667],"texture":"#2"},"up":{"uv":[10.5,6.66667,9.66667,6],"texture":"#2"},"down":{"uv":[10.5,7,9.66667,7.66667],"texture":"#2"}}},{"from":[7.25,23.20003,14.55097],"to":[8.75,24.70003,16.55097],"rotation":{"angle":45,"axis":"z","origin":[8,23.95003,15.55097]},"faces":{"east":{"uv":[11,0,11.66667,0.5],"texture":"#2"},"south":{"uv":[2,12,2.5,12.5],"texture":"#2"},"west":{"uv":[1.33333,11,2,11.5],"texture":"#2"},"up":{"uv":[2.83333,11.66667,2.33333,11],"texture":"#2"},"down":{"uv":[11.5,2.66667,11,3.33333],"texture":"#2"}}},{"from":[7.985,19.42153,15.43897],"to":[8.015,23.42153,21.43897],"rotation":{"angle":22.5,"axis":"x","origin":[8,21.42153,18.43897]},"faces":{"east":{"uv":[8,0,0,12],"rotation":90,"texture":"#1"},"west":{"uv":[0,0,8,12],"rotation":270,"texture":"#1"}}}],"gui_light":"front","display":{"thirdperson_righthand":{"translation":[0,-2.75,1]},"thirdperson_lefthand":{"translation":[0,-2.75,1]},"firstperson_righthand":{"rotation":[5,0,0],"translation":[2,-2,1],"scale":[0.7,0.7,0.7]},"firstperson_lefthand":{"rotation":[5,0,0],"translation":[2,-2,1],"scale":[0.7,0.7,0.7]},"ground":{"rotation":[-45,0,0],"translation":[0,3,0],"scale":[0.7,0.7,0.7]},"gui":{"rotation":[-90,45,90],"translation":[2.25,-2.25,0],"scale":[0.6,0.6,0.6]},"head":{"rotation":[0,-90,0]},"fixed":{"rotation":[0,-90,0],"translation":[0,0,-1],"scale":[2,2,2]}},"mcmodels":"85721e714bf9e86004e2a432cd3be28a"}