{"credit":"Pologony Creation Co.,Ltd.","textures":{"1":"spartan_set:animations/animation_1","2":"spartan_set:hoe","particle":"spartan_set:hoe"},"elements":[{"from":[7.6285,0.11522,9.34462],"to":[8.3715,1.36522,10.09462],"rotation":{"angle":22.5,"axis":"x","origin":[7.6285,1.11522,10.09462]},"faces":{"north":{"uv":[10.4,13.2,10.7,13.7],"texture":"#2"},"east":{"uv":[11.2,13.2,11.5,13.7],"texture":"#2"},"south":{"uv":[13.2,12.8,13.5,13.3],"texture":"#2"},"west":{"uv":[0,13.6,0.3,14.1],"texture":"#2"},"up":{"uv":[14.7,14.7,14.4,14.4],"texture":"#2"}}},{"from":[7.625,0,8.25],"to":[8.375,1,9.75],"rotation":{"angle":-22.5,"axis":"x","origin":[7.625,0,9.25]},"faces":{"north":{"uv":[13.6,10.4,13.9,10.8],"texture":"#2"},"east":{"uv":[12.4,4,13,4.4],"texture":"#2"},"south":{"uv":[13.6,11.2,13.9,11.6],"texture":"#2"},"west":{"uv":[12.4,4.8,13,5.2],"texture":"#2"},"up":{"uv":[6.7,13.4,6.4,12.8],"texture":"#2"},"down":{"uv":[13.1,10.8,12.8,11.4],"texture":"#2"}}},{"from":[7.6285,0.11522,5.90538],"to":[8.3715,1.36522,6.65538],"rotation":{"angle":-22.5,"axis":"x","origin":[7.6285,1.11522,5.90538]},"faces":{"north":{"uv":[13.2,8,13.5,8.5],"texture":"#2"},"east":{"uv":[8.8,13.2,9.1,13.7],"texture":"#2"},"south":{"uv":[13.2,9.2,13.5,9.7],"texture":"#2"},"west":{"uv":[9.6,13.2,9.9,13.7],"texture":"#2"},"up":{"uv":[1.1,14.7,0.8,14.4],"texture":"#2"}}},{"from":[7.625,0,6.25],"to":[8.375,1,7.75],"rotation":{"angle":22.5,"axis":"x","origin":[7.625,0,6.75]},"faces":{"north":{"uv":[13.6,0,13.9,0.4],"texture":"#2"},"east":{"uv":[12.4,2.4,13,2.8],"texture":"#2"},"south":{"uv":[13.6,6,13.9,6.4],"texture":"#2"},"west":{"uv":[12.4,3.2,13,3.6],"texture":"#2"},"up":{"uv":[5.9,13.4,5.6,12.8],"texture":"#2"},"down":{"uv":[13.1,5.6,12.8,6.2],"texture":"#2"}}},{"from":[8,7.41421,7.11612],"to":[9.25,7.91421,8.36612],"rotation":{"angle":-45,"axis":"y","origin":[8,7.41421,7.11612]},"faces":{"north":{"uv":[14.4,2.4,14.9,2.6],"texture":"#2"},"east":{"uv":[14.4,3.2,14.9,3.4],"texture":"#2"},"south":{"uv":[14.4,4,14.9,4.2],"texture":"#2"},"west":{"uv":[14.4,4.8,14.9,5],"texture":"#2"},"up":{"uv":[1.7,11.7,1.2,11.2],"texture":"#2"},"down":{"uv":[11.7,2.4,11.2,2.9],"texture":"#2"}}},{"from":[8,10.81421,7.11612],"to":[9.25,11.31421,8.36612],"rotation":{"angle":-45,"axis":"y","origin":[8,10.81421,7.11612]},"faces":{"north":{"uv":[14.4,10,14.9,10.2],"texture":"#2"},"east":{"uv":[10.4,14.4,10.9,14.6],"texture":"#2"},"south":{"uv":[14.4,10.8,14.9,11],"texture":"#2"},"west":{"uv":[14.4,13.6,14.9,13.8],"texture":"#2"},"up":{"uv":[6.5,12.1,6,11.6],"texture":"#2"},"down":{"uv":[12.1,6,11.6,6.5],"texture":"#2"}}},{"from":[8,16.58421,7.11612],"to":[9.25,17.08421,8.36612],"rotation":{"angle":-45,"axis":"y","origin":[8,16.58421,7.11612]},"faces":{"north":{"uv":[14.4,5.6,14.9,5.8],"texture":"#2"},"east":{"uv":[6.8,14.4,7.3,14.6],"texture":"#2"},"south":{"uv":[8,14.4,8.5,14.6],"texture":"#2"},"west":{"uv":[9.2,14.4,9.7,14.6],"texture":"#2"},"up":{"uv":[4.1,12.1,3.6,11.6],"texture":"#2"},"down":{"uv":[5.3,11.6,4.8,12.1],"texture":"#2"}}},{"from":[8.15,6.91421,7.26612],"to":[9.1,7.41421,8.21612],"rotation":{"angle":-45,"axis":"y","origin":[8,6.91421,7.11612]},"faces":{"north":{"uv":[14.8,11.6,15.2,11.8],"texture":"#2"},"east":{"uv":[12.4,14.8,12.8,15],"texture":"#2"},"south":{"uv":[13.2,14.8,13.6,15],"texture":"#2"},"west":{"uv":[0.8,15.2,1.2,15.4],"texture":"#2"}}},{"from":[8,6.41421,7.11612],"to":[9.25,6.91421,8.36612],"rotation":{"angle":-45,"axis":"y","origin":[8,6.41421,7.11612]},"faces":{"north":{"uv":[12,14,12.5,14.2],"texture":"#2"},"east":{"uv":[14,12.8,14.5,13],"texture":"#2"},"south":{"uv":[13.2,14,13.7,14.2],"texture":"#2"},"west":{"uv":[14.4,0,14.9,0.2],"texture":"#2"},"up":{"uv":[0.5,11.7,0,11.2],"texture":"#2"},"down":{"uv":[11.7,0,11.2,0.5],"texture":"#2"}}},{"from":[8.15,1.91421,7.26612],"to":[9.1,2.41421,8.21612],"rotation":{"angle":-45,"axis":"y","origin":[8,1.91421,7.11612]},"faces":{"north":{"uv":[4,14.8,4.4,15],"texture":"#2"},"east":{"uv":[4.8,14.8,5.2,15],"texture":"#2"},"south":{"uv":[5.6,14.8,6,15],"texture":"#2"},"west":{"uv":[11.6,14.8,12,15],"texture":"#2"}}},{"from":[8.25,2.91421,7.36612],"to":[9,6.41421,8.11612],"rotation":{"angle":-45,"axis":"y","origin":[8,2.91421,7.11612]},"faces":{"north":{"uv":[2.4,8.4,2.7,9.8],"texture":"#2"},"east":{"uv":[3.2,8.4,3.5,9.8],"texture":"#2"},"south":{"uv":[4,8.4,4.3,9.8],"texture":"#2"},"west":{"uv":[8.4,6.4,8.7,7.8],"texture":"#2"}}},{"from":[8.25,17.08421,7.36612],"to":[9,18.58421,8.11612],"rotation":{"angle":-45,"axis":"y","origin":[8,17.08421,7.11612]},"faces":{"north":{"uv":[12.4,12.8,12.7,13.4],"texture":"#2"},"east":{"uv":[0.8,13.2,1.1,13.8],"texture":"#2"},"south":{"uv":[13.2,6.8,13.5,7.4],"texture":"#2"},"west":{"uv":[7.2,13.2,7.5,13.8],"texture":"#2"}}},{"from":[8,2.41421,7.11612],"to":[9.25,2.91421,8.36612],"rotation":{"angle":-45,"axis":"y","origin":[8,2.41421,7.11612]},"faces":{"north":{"uv":[14,6.8,14.5,7],"texture":"#2"},"east":{"uv":[14,7.6,14.5,7.8],"texture":"#2"},"south":{"uv":[14,8.4,14.5,8.6],"texture":"#2"},"west":{"uv":[14,9.2,14.5,9.4],"texture":"#2"},"up":{"uv":[11.3,10.1,10.8,9.6],"texture":"#2"},"down":{"uv":[11.3,10.8,10.8,11.3],"texture":"#2"}}},{"from":[8,1.41421,7.11612],"to":[9.25,1.91421,8.36612],"rotation":{"angle":-45,"axis":"y","origin":[8,1.41421,7.11612]},"faces":{"north":{"uv":[13.6,12,14.1,12.2],"texture":"#2"},"east":{"uv":[14,0.8,14.5,1],"texture":"#2"},"south":{"uv":[14,1.6,14.5,1.8],"texture":"#2"},"west":{"uv":[5.6,14,6.1,14.2],"texture":"#2"},"up":{"uv":[8.9,11.3,8.4,10.8],"texture":"#2"},"down":{"uv":[11.3,8.4,10.8,8.9],"texture":"#2"}}},{"from":[7.25,0.6,7.04289],"to":[8.75,1.6,8.04289],"rotation":{"angle":45,"axis":"x","origin":[7.5,0.35,7.29289]},"faces":{"north":{"uv":[6,3.2,6.6,3.6],"texture":"#2"},"east":{"uv":[4,2,4.4,2.4],"texture":"#2"},"south":{"uv":[6.4,1.2,7,1.6],"texture":"#2"},"west":{"uv":[7.6,1.2,8,1.6],"texture":"#2"},"up":{"uv":[13,0.4,12.4,0],"texture":"#2"},"down":{"uv":[1.4,12.4,0.8,12.8],"texture":"#2"}}},{"from":[7.5,0.35,6.79289],"to":[8.5,1.85,8.29289],"rotation":{"angle":45,"axis":"x","origin":[7.5,0.35,7.29289]},"faces":{"north":{"uv":[10.8,12,11.2,12.6],"texture":"#2"},"east":{"uv":[8.4,8.4,9,9],"texture":"#2"},"south":{"uv":[12,10.8,12.4,11.4],"texture":"#2"},"west":{"uv":[8.8,0,9.4,0.6],"texture":"#2"},"up":{"uv":[12,12.6,11.6,12],"texture":"#2"},"down":{"uv":[0.4,12.4,0,13],"texture":"#2"}}},{"from":[7.2535,11.88824,5.66418],"to":[8.7465,13.36324,7.23918],"rotation":{"angle":22.5,"axis":"x","origin":[7.2535,11.88824,5.73918]},"faces":{"north":{"uv":[8.8,2.8,9.4,3.4],"texture":"#2"},"east":{"uv":[8.8,4,9.4,4.6],"texture":"#2"},"south":{"uv":[8.8,5.2,9.4,5.8],"texture":"#2"},"west":{"uv":[7.2,8.8,7.8,9.4],"texture":"#2"},"down":{"uv":[9.8,1.2,9.2,1.8],"texture":"#2"}}},{"from":[7.2535,14.53682,5.66418],"to":[8.7465,16.01182,7.23918],"rotation":{"angle":-22.5,"axis":"x","origin":[7.2535,16.01182,5.73918]},"faces":{"north":{"uv":[8.4,9.6,9,10.2],"texture":"#2"},"east":{"uv":[9.6,8.8,10.2,9.4],"texture":"#2"},"south":{"uv":[0,10,0.6,10.6],"texture":"#2"},"west":{"uv":[10,0,10.6,0.6],"texture":"#2"},"up":{"uv":[1.8,10.6,1.2,10],"texture":"#2"}}},{"from":[7.2585,11.31421,6.125],"to":[8.7415,16.58421,9.875],"rotation":{"angle":0,"axis":"y","origin":[8.005,15.83921,7.875]},"faces":{"east":{"uv":[0,0,1.5,2.1],"texture":"#2"},"west":{"uv":[2,0,3.5,2.1],"texture":"#2"},"up":{"uv":[5.4,3.5,4.8,2],"texture":"#2"},"down":{"uv":[4.6,4.8,4,6.3],"texture":"#2"}}},{"from":[7.25,12.70003,6.19903],"to":[8.75,15.20003,7.69903],"rotation":{"angle":0,"axis":"y","origin":[7.25,10.70003,6.19903]},"faces":{"north":{"uv":[5.2,6.4,5.8,7.4],"texture":"#2"},"east":{"uv":[6.4,6.4,7,7.4],"texture":"#2"},"south":{"uv":[0,6.8,0.6,7.8],"texture":"#2"},"west":{"uv":[1.2,6.8,1.8,7.8],"texture":"#2"},"up":{"uv":[9.8,7,9.2,6.4],"texture":"#2"},"down":{"uv":[10.2,7.6,9.6,8.2],"texture":"#2"}}},{"from":[7.2535,11.88824,8.76082],"to":[8.7465,13.36324,10.33582],"rotation":{"angle":-22.5,"axis":"x","origin":[7.2535,11.88824,10.26082]},"faces":{"north":{"uv":[3.6,10.4,4.2,11],"texture":"#2"},"east":{"uv":[4.8,10.4,5.4,11],"texture":"#2"},"south":{"uv":[6,10.4,6.6,11],"texture":"#2"},"west":{"uv":[10.4,6,11,6.6],"texture":"#2"},"down":{"uv":[11.4,7.2,10.8,7.8],"texture":"#2"}}},{"from":[7.25,12.70003,8.30097],"to":[8.75,15.20003,9.80097],"rotation":{"angle":0,"axis":"y","origin":[7.25,10.70003,9.80097]},"faces":{"north":{"uv":[2.4,6.8,3,7.8],"texture":"#2"},"east":{"uv":[3.6,6.8,4.2,7.8],"texture":"#2"},"south":{"uv":[7.6,3.2,8.2,4.2],"texture":"#2"},"west":{"uv":[7.6,4.8,8.2,5.8],"texture":"#2"},"up":{"uv":[11,1.8,10.4,1.2],"texture":"#2"},"down":{"uv":[3,10.4,2.4,11],"texture":"#2"}}},{"from":[7.2535,14.53682,8.76082],"to":[8.7465,16.01182,10.33582],"rotation":{"angle":22.5,"axis":"x","origin":[7.2535,16.01182,10.26082]},"faces":{"north":{"uv":[10,2.4,10.6,3],"texture":"#2"},"east":{"uv":[10,3.6,10.6,4.2],"texture":"#2"},"south":{"uv":[10,4.8,10.6,5.4],"texture":"#2"},"west":{"uv":[7.2,10,7.8,10.6],"texture":"#2"},"up":{"uv":[10.2,10.6,9.6,10],"texture":"#2"}}},{"from":[7.125,13.36421,7.54289],"to":[8.875,14.11421,8.29289],"rotation":{"angle":45,"axis":"x","origin":[6.875,13.36421,7.29289]},"faces":{"north":{"uv":[7.2,12.4,7.9,12.7],"texture":"#2"},"east":{"uv":[0,14.8,0.3,15.1],"texture":"#2"},"south":{"uv":[9.6,12.4,10.3,12.7],"texture":"#2"},"west":{"uv":[1.6,14.8,1.9,15.1],"texture":"#2"},"up":{"uv":[13.1,12.3,12.4,12],"texture":"#2"},"down":{"uv":[13.5,0.8,12.8,1.1],"texture":"#2"}}},{"from":[7.125,14.86421,7.54289],"to":[8.875,15.61421,8.29289],"rotation":{"angle":45,"axis":"x","origin":[6.875,14.86421,7.29289]},"faces":{"north":{"uv":[12.8,1.6,13.5,1.9],"texture":"#2"},"east":{"uv":[2.4,14.8,2.7,15.1],"texture":"#2"},"south":{"uv":[2,12.8,2.7,13.1],"texture":"#2"},"west":{"uv":[3.2,14.8,3.5,15.1],"texture":"#2"},"up":{"uv":[3.9,13.1,3.2,12.8],"texture":"#2"},"down":{"uv":[5.1,12.8,4.4,13.1],"texture":"#2"}}},{"from":[7.375,17.92,8],"to":[8.625,19.17,9.25],"rotation":{"angle":-45,"axis":"x","origin":[7.375,17.92,8]},"faces":{"north":{"uv":[11.2,3.6,11.7,4.1],"texture":"#2"},"east":{"uv":[11.2,4.8,11.7,5.3],"texture":"#2"},"south":{"uv":[7.2,11.2,7.7,11.7],"texture":"#2"},"west":{"uv":[9.6,11.2,10.1,11.7],"texture":"#2"},"up":{"uv":[12.1,1.7,11.6,1.2],"texture":"#2"},"down":{"uv":[2.9,11.6,2.4,12.1],"texture":"#2"}}},{"from":[8,7.91421,7.29289],"to":[9,10.81421,8.29289],"rotation":{"angle":-45,"axis":"y","origin":[8,7.91421,7.29289]},"faces":{"north":{"uv":[0,8.4,0.4,9.6],"texture":"#2"},"east":{"uv":[0.8,8.4,1.2,9.6],"texture":"#2"},"south":{"uv":[8.4,1.2,8.8,2.4],"texture":"#2"},"west":{"uv":[1.6,8.4,2,9.6],"texture":"#2"},"up":{"uv":[8.4,13.6,8,13.2],"texture":"#2"}}},{"from":[7.625,13.27851,2.10706],"to":[8.375,14.52851,6.35706],"rotation":{"angle":-22.5,"axis":"x","origin":[7.625,13.52851,2.35706]},"faces":{"north":{"uv":[1.6,13.6,1.9,14.1],"texture":"#2"},"east":{"uv":[5.2,4,6.9,4.5],"texture":"#2"},"west":{"uv":[5.2,5.2,6.9,5.7],"texture":"#2"},"up":{"uv":[7.9,8.1,7.6,6.4],"texture":"#2"},"down":{"uv":[5.1,8,4.8,9.7],"texture":"#2"}}},{"from":[7.6285,13.67285,1.13082],"to":[8.3715,14.82785,2.38082],"rotation":{"angle":-45,"axis":"x","origin":[7.6285,13.82285,2.63082]},"faces":{"north":{"uv":[2.4,13.6,2.7,14.1],"texture":"#2"},"east":{"uv":[12,7.2,12.5,7.7],"texture":"#2"},"west":{"uv":[8.4,12,8.9,12.5],"texture":"#2"},"up":{"uv":[13.9,2.9,13.6,2.4],"texture":"#2"},"down":{"uv":[3.5,13.6,3.2,14.1],"texture":"#2"}}},{"from":[7.625,15.22332,9.00647],"to":[8.375,16.47332,13.25647],"rotation":{"angle":0,"axis":"x","origin":[8,15.77446,12.37218]},"faces":{"east":{"uv":[6,2,7.7,2.5],"texture":"#2"},"south":{"uv":[13.6,4.8,13.9,5.3],"texture":"#2"},"west":{"uv":[6.4,0,8.1,0.5],"texture":"#2"},"up":{"uv":[5.9,9.7,5.6,8],"texture":"#2"},"down":{"uv":[6.7,8,6.4,9.7],"texture":"#2"}}},{"from":[7.6285,15.00001,13.23289],"to":[8.3715,16.15501,14.48289],"rotation":{"angle":-22.5,"axis":"x","origin":[8,15.17094,12.68335]},"faces":{"east":{"uv":[12,8.4,12.5,8.9],"texture":"#2"},"south":{"uv":[13.6,3.6,13.9,4.1],"texture":"#2"},"west":{"uv":[12,9.6,12.5,10.1],"texture":"#2"},"up":{"uv":[4.3,14.1,4,13.6],"texture":"#2"},"down":{"uv":[5.1,13.6,4.8,14.1],"texture":"#2"}}},{"from":[7.985,9.22614,3.55959],"to":[8.015,13.22614,7.80959],"rotation":{"angle":-22.5,"axis":"x","origin":[7.985,9.22614,-0.19041]},"faces":{"east":{"uv":[1.7,2.8,0,4.4],"texture":"#2"},"west":{"uv":[0,2.8,1.7,4.4],"texture":"#2"}}},{"from":[7.985,13.22332,9.00647],"to":[8.015,17.22332,13.25647],"rotation":{"angle":0,"axis":"x","origin":[7.985,17.47332,11.13147]},"faces":{"east":{"uv":[4.1,2.8,2.4,4.4],"texture":"#2"},"west":{"uv":[2.4,2.8,4.1,4.4],"texture":"#2"}}},{"from":[7.99,11.79959,11.825],"to":[8.01,15.46959,16.075],"rotation":{"angle":-22.5,"axis":"x","origin":[7.99,16.04959,8.94891]},"faces":{"east":{"uv":[5.7,0,4,1.6],"texture":"#2"},"west":{"uv":[4,0,5.7,1.6],"texture":"#2"}}},{"from":[7.99,9.70697,2.20051],"to":[8.01,13.40697,5.45051],"rotation":{"angle":-45,"axis":"x","origin":[7.99,9.40697,2.45051]},"faces":{"east":{"uv":[1.3,4.8,0,6.4],"texture":"#2"},"west":{"uv":[0,4.8,1.3,6.4],"texture":"#2"}}},{"from":[7.995,7.27677,-0.47649],"to":[8.005,10.52677,2.94851],"rotation":{"angle":22.5,"axis":"x","origin":[7.995,11.45177,3.52351]},"faces":{"east":{"uv":[3.6,4.8,2,6.1],"texture":"#2"},"west":{"uv":[2,4.8,3.6,6.1],"texture":"#2"}}},{"from":[7.985,-3.75,3],"to":[8.015,2.25,7],"rotation":{"angle":45,"axis":"x","origin":[8,-0.75,5]},"faces":{"east":{"uv":[8,0,0,12],"texture":"#1"},"west":{"uv":[0,0,8,12],"texture":"#1"}}}],"gui_light":"front","display":{"thirdperson_righthand":{"translation":[0,1.25,1]},"thirdperson_lefthand":{"translation":[0,1.25,1]},"firstperson_righthand":{"rotation":[5.75,0,0],"translation":[2.75,1.75,1],"scale":[0.7,0.7,0.7]},"firstperson_lefthand":{"rotation":[5.75,0,0],"translation":[2.75,1.75,1],"scale":[0.7,0.7,0.7]},"ground":{"rotation":[-45,0,0],"translation":[0,3,0],"scale":[0.7,0.7,0.7]},"gui":{"rotation":[-90,45,90],"translation":[1.5,-1.5,0],"scale":[0.9,0.9,0.9]},"head":{"rotation":[0,-90,0]},"fixed":{"rotation":[0,-90,0],"translation":[0,0,-1],"scale":[2,2,2]}},"mcmodels":"85721e714bf9e86004e2a432cd3be28a"}