{"credit":"Pologony Creation Co.,Ltd.","texture_size":[24,24],"textures":{"2":"spartan_set:animations/animation_1","3":"spartan_set:key","particle":"spartan_set:animations/animation_1"},"elements":[{"from":[7.5,3.50708,3.50708],"to":[8.5,5.00708,5.00708],"rotation":{"angle":45,"axis":"x","origin":[8,8,8]},"faces":{"north":{"uv":[5.14286,8.57143,4.57143,9.42857],"rotation":180,"texture":"#3"},"east":{"uv":[0,3.42857,0.85714,4.28571],"rotation":270,"texture":"#3"},"south":{"uv":[4,9.42857,3.42857,8.57143],"texture":"#3"},"west":{"uv":[4,0,4.85714,0.85714],"rotation":90,"texture":"#3"},"up":{"uv":[8.57143,0,9.14286,0.85714],"rotation":180,"texture":"#3"},"down":{"uv":[8.57143,1.71429,9.14286,2.57143],"texture":"#3"}}},{"from":[7.25,3.75708,3.75708],"to":[8.75,4.75708,4.75708],"rotation":{"angle":45,"axis":"x","origin":[8,8,8]},"faces":{"north":{"uv":[2.57143,9.14286,1.71429,9.71429],"rotation":180,"texture":"#3"},"east":{"uv":[9.14286,10.28571,9.71429,10.85714],"rotation":270,"texture":"#3"},"south":{"uv":[0.85714,9.71429,0,9.14286],"texture":"#3"},"west":{"uv":[10.28571,9.71429,10.85714,10.28571],"rotation":90,"texture":"#3"},"up":{"uv":[5.71429,8.57143,6.57143,9.14286],"rotation":180,"texture":"#3"},"down":{"uv":[7.42857,8.57143,8.28571,9.14286],"texture":"#3"}}},{"from":[7.375,7.375,3.41737],"to":[8.625,8.625,3.91737],"rotation":{"angle":-45,"axis":"z","origin":[8,8,8]},"faces":{"north":{"uv":[4.71429,6.85714,4,7.57143],"rotation":180,"texture":"#3"},"east":{"uv":[11.42857,12,12.14286,12.28571],"rotation":270,"texture":"#3"},"south":{"uv":[7.57143,2.42857,6.85714,1.71429],"texture":"#3"},"west":{"uv":[3.42857,12.57143,4.14286,12.85714],"rotation":90,"texture":"#3"},"up":{"uv":[9.71429,12,10.42857,12.28571],"rotation":180,"texture":"#3"},"down":{"uv":[12.57143,1.14286,13.28571,1.42857],"texture":"#3"}}},{"from":[7.375,7.375,4.41737],"to":[8.625,8.625,4.91737],"rotation":{"angle":-45,"axis":"z","origin":[8,8,8]},"faces":{"north":{"uv":[0.71429,7.42857,0,8.14286],"rotation":180,"texture":"#3"},"east":{"uv":[13.14286,0,13.85714,0.28571],"rotation":270,"texture":"#3"},"south":{"uv":[6.42857,7.57143,5.71429,6.85714],"texture":"#3"},"west":{"uv":[13.14286,3.42857,13.85714,3.71429],"rotation":90,"texture":"#3"},"up":{"uv":[5.14286,12.57143,5.85714,12.85714],"rotation":180,"texture":"#3"},"down":{"uv":[13.14286,2.28571,13.85714,2.57143],"texture":"#3"}}},{"from":[7.625,7.625,4.91737],"to":[8.375,8.375,8.41737],"rotation":{"angle":-45,"axis":"z","origin":[8,8,8]},"faces":{"east":{"uv":[2.85714,0,3.28571,2],"rotation":270,"texture":"#3"},"west":{"uv":[2.85714,2.85714,3.28571,4.85714],"rotation":90,"texture":"#3"},"up":{"uv":[1.71429,0,2.14286,2],"rotation":180,"texture":"#3"},"down":{"uv":[1.71429,2.85714,2.14286,4.85714],"texture":"#3"}}},{"from":[7.525,7.525,3.91737],"to":[8.475,8.475,4.41737],"rotation":{"angle":-45,"axis":"z","origin":[8,8,8]},"faces":{"east":{"uv":[13.14286,12,13.71429,12.28571],"rotation":270,"texture":"#3"},"west":{"uv":[1.14286,13.71429,1.71429,14],"rotation":90,"texture":"#3"},"up":{"uv":[2.28571,13.14286,2.85714,13.42857],"rotation":180,"texture":"#3"},"down":{"uv":[0,13.71429,0.57143,14],"texture":"#3"}}},{"from":[7.375,7.375,8.41737],"to":[8.625,8.625,8.91737],"rotation":{"angle":-45,"axis":"z","origin":[8,8,8]},"faces":{"north":{"uv":[8.14286,3.42857,7.42857,4.14286],"rotation":180,"texture":"#3"},"east":{"uv":[13.14286,5.71429,13.85714,6],"rotation":270,"texture":"#3"},"south":{"uv":[2.42857,8.14286,1.71429,7.42857],"texture":"#3"},"west":{"uv":[8.57143,13.14286,9.28571,13.42857],"rotation":90,"texture":"#3"},"up":{"uv":[13.14286,4.57143,13.85714,4.85714],"rotation":180,"texture":"#3"},"down":{"uv":[6.85714,13.14286,7.57143,13.42857],"texture":"#3"}}},{"from":[7.525,7.525,8.91737],"to":[8.475,8.475,9.41737],"rotation":{"angle":-45,"axis":"z","origin":[8,8,8]},"faces":{"east":{"uv":[4.57143,13.71429,5.14286,14],"rotation":270,"texture":"#3"},"west":{"uv":[13.71429,6.85714,14.28571,7.14286],"rotation":90,"texture":"#3"},"up":{"uv":[3.42857,13.71429,4,14],"rotation":180,"texture":"#3"},"down":{"uv":[5.71429,13.71429,6.28571,14],"texture":"#3"}}},{"from":[7.375,7.375,9.41737],"to":[8.625,8.625,9.91737],"rotation":{"angle":-45,"axis":"z","origin":[8,8,8]},"faces":{"north":{"uv":[8.71429,5.14286,8,5.85714],"rotation":180,"texture":"#3"},"east":{"uv":[10.28571,13.14286,11,13.42857],"rotation":270,"texture":"#3"},"south":{"uv":[8.14286,7.57143,7.42857,6.85714],"texture":"#3"},"west":{"uv":[12,13.14286,12.71429,13.42857],"rotation":90,"texture":"#3"},"up":{"uv":[13.14286,9.71429,13.85714,10],"rotation":180,"texture":"#3"},"down":{"uv":[13.14286,10.85714,13.85714,11.14286],"texture":"#3"}}},{"from":[7.5,8.12953,10.74307],"to":[8.5,9.12953,12.24307],"rotation":{"angle":-22.5,"axis":"x","origin":[8,8,8]},"faces":{"north":{"uv":[10.85714,10.85714,10.28571,11.42857],"rotation":180,"texture":"#3"},"east":{"uv":[9.14286,6.85714,9.71429,7.71429],"rotation":270,"texture":"#3"},"south":{"uv":[11.42857,0.57143,10.85714,0],"texture":"#3"},"west":{"uv":[9.71429,0,10.28571,0.85714],"rotation":90,"texture":"#3"},"up":{"uv":[9.14286,3.42857,9.71429,4.28571],"rotation":180,"texture":"#3"},"down":{"uv":[9.14286,8.57143,9.71429,9.42857],"texture":"#3"}}},{"from":[7.75,10.799,8.95161],"to":[8.25,11.549,9.95161],"rotation":{"angle":22.5,"axis":"x","origin":[8,8,8]},"faces":{"north":{"uv":[11.71429,14.28571,11.42857,14.71429],"rotation":180,"texture":"#3"},"east":{"uv":[12,0,12.42857,0.57143],"rotation":270,"texture":"#3"},"west":{"uv":[2.28571,12,2.71429,12.57143],"rotation":90,"texture":"#3"},"up":{"uv":[13.71429,8,14,8.57143],"rotation":180,"texture":"#3"},"down":{"uv":[13.71429,13.14286,14,13.71429],"texture":"#3"}}},{"from":[7.5,6.61621,12.6507],"to":[8.5,8.61621,13.5007],"rotation":{"angle":-22.5,"axis":"x","origin":[8,8,8]},"faces":{"north":{"uv":[4.57143,5.14286,4,6.28571],"rotation":180,"texture":"#3"},"east":{"uv":[9.71429,1.71429,10.85714,2.14286],"rotation":270,"texture":"#3"},"south":{"uv":[0.57143,6.28571,0,5.14286],"texture":"#3"},"west":{"uv":[9.71429,5.14286,10.85714,5.57143],"rotation":90,"texture":"#3"},"up":{"uv":[12,2.28571,12.57143,2.71429],"rotation":180,"texture":"#3"},"down":{"uv":[12,3.42857,12.57143,3.85714],"texture":"#3"}}},{"from":[7.5,6.61621,13.5007],"to":[8.5,7.11621,14.0007],"rotation":{"angle":-22.5,"axis":"x","origin":[8,8,8]},"faces":{"east":{"uv":[14.28571,12,14.57143,12.28571],"rotation":270,"texture":"#3"},"south":{"uv":[7.42857,14.57143,6.85714,14.28571],"texture":"#3"},"west":{"uv":[12.57143,14.28571,12.85714,14.57143],"rotation":90,"texture":"#3"},"up":{"uv":[14.28571,1.14286,14.85714,1.42857],"rotation":180,"texture":"#3"},"down":{"uv":[2.28571,14.28571,2.85714,14.57143],"texture":"#3"}}},{"from":[7.5035,10.799,10.20161],"to":[8.4965,11.799,12.20161],"rotation":{"angle":22.5,"axis":"x","origin":[8,8,8]},"faces":{"east":{"uv":[5.71429,0,6.28571,1.14286],"rotation":270,"texture":"#3"},"south":{"uv":[12,1.71429,11.42857,1.14286],"texture":"#3"},"west":{"uv":[5.71429,1.71429,6.28571,2.85714],"rotation":90,"texture":"#3"},"up":{"uv":[5.14286,5.14286,5.71429,6.28571],"rotation":180,"texture":"#3"},"down":{"uv":[1.14286,5.71429,1.71429,6.85714],"texture":"#3"}}},{"from":[7.5035,9.23834,9.14095],"to":[8.4965,10.73834,9.89095],"rotation":{"angle":22.5,"axis":"x","origin":[8,8,8]},"faces":{"north":{"uv":[7.42857,9.71429,6.85714,10.57143],"rotation":180,"texture":"#3"},"east":{"uv":[10.28571,7.42857,11.14286,7.85714],"rotation":270,"texture":"#3"},"south":{"uv":[6.28571,10.57143,5.71429,9.71429],"texture":"#3"},"west":{"uv":[10.28571,8.57143,11.14286,9],"rotation":90,"texture":"#3"},"down":{"uv":[12,6.28571,12.57143,6.71429],"texture":"#3"}}},{"from":[7.5035,9.23834,9.89095],"to":[8.4965,9.73834,10.39095],"rotation":{"angle":22.5,"axis":"x","origin":[8,8,8]},"faces":{"east":{"uv":[13.71429,14.28571,14,14.57143],"rotation":270,"texture":"#3"},"south":{"uv":[10.85714,14.57143,10.28571,14.28571],"texture":"#3"},"west":{"uv":[0,14.85714,0.28571,15.14286],"rotation":90,"texture":"#3"},"up":{"uv":[8,14.28571,8.57143,14.57143],"rotation":180,"texture":"#3"},"down":{"uv":[9.14286,14.28571,9.71429,14.57143],"texture":"#3"}}},{"from":[7.65,9.12355,9.12356],"to":[8.35,11.12355,11.12356],"rotation":{"angle":45,"axis":"x","origin":[8,8,8]},"faces":{"north":{"uv":[2.71429,10.28571,2.28571,11.42857],"rotation":180,"texture":"#3"},"east":{"uv":[0,0,1.14286,1.14286],"rotation":270,"texture":"#3"},"south":{"uv":[1.57143,11.42857,1.14286,10.28571],"texture":"#3"},"west":{"uv":[0,1.71429,1.14286,2.85714],"rotation":90,"texture":"#3"},"up":{"uv":[8,9.71429,8.42857,10.85714],"rotation":180,"texture":"#3"},"down":{"uv":[0,10.28571,0.42857,11.42857],"texture":"#3"}}},{"from":[7.4,9.37355,9.37356],"to":[8.6,10.87355,10.87356],"rotation":{"angle":45,"axis":"x","origin":[8,8,8]},"faces":{"north":{"uv":[7.57143,0,6.85714,0.85714],"rotation":180,"texture":"#3"},"east":{"uv":[4,1.71429,4.85714,2.57143],"rotation":270,"texture":"#3"},"south":{"uv":[7,6,6.28571,5.14286],"texture":"#3"},"west":{"uv":[4,3.42857,4.85714,4.28571],"rotation":90,"texture":"#3"},"up":{"uv":[2.28571,5.71429,3,6.57143],"rotation":180,"texture":"#3"},"down":{"uv":[5.71429,3.42857,6.42857,4.28571],"texture":"#3"}}},{"from":[7.4,11.4584,8.47414],"to":[8.6,12.4584,9.47414],"rotation":{"angle":45,"axis":"x","origin":[8,8,8]},"faces":{"north":{"uv":[11,6.28571,10.28571,6.85714],"rotation":180,"texture":"#3"},"east":{"uv":[3.42857,11.42857,4,12],"rotation":270,"texture":"#3"},"south":{"uv":[11,4.57143,10.28571,4],"texture":"#3"},"west":{"uv":[4.57143,11.42857,5.14286,12],"rotation":90,"texture":"#3"},"up":{"uv":[10.28571,2.85714,11,3.42857],"rotation":180,"texture":"#3"},"down":{"uv":[3.42857,10.28571,4.14286,10.85714],"texture":"#3"}}},{"from":[7.5,6.87047,10.74307],"to":[8.5,7.87047,12.24307],"rotation":{"angle":22.5,"axis":"x","origin":[8,8,8]},"faces":{"north":{"uv":[10.85714,11.42857,10.28571,10.85714],"rotation":180,"texture":"#3"},"east":{"uv":[9.71429,6.85714,9.14286,7.71429],"rotation":270,"texture":"#3"},"south":{"uv":[11.42857,0,10.85714,0.57143],"texture":"#3"},"west":{"uv":[10.28571,0,9.71429,0.85714],"rotation":90,"texture":"#3"},"up":{"uv":[9.71429,8.57143,9.14286,9.42857],"rotation":180,"texture":"#3"},"down":{"uv":[9.71429,3.42857,9.14286,4.28571],"texture":"#3"}}},{"from":[7.75,4.451,8.95161],"to":[8.25,5.201,9.95161],"rotation":{"angle":-22.5,"axis":"x","origin":[8,8,8]},"faces":{"north":{"uv":[11.71429,14.71429,11.42857,14.28571],"rotation":180,"texture":"#3"},"east":{"uv":[12.42857,0,12,0.57143],"rotation":270,"texture":"#3"},"west":{"uv":[2.71429,12,2.28571,12.57143],"rotation":90,"texture":"#3"},"up":{"uv":[14,13.14286,13.71429,13.71429],"rotation":180,"texture":"#3"},"down":{"uv":[14,8,13.71429,8.57143],"texture":"#3"}}},{"from":[7.5,7.38379,12.6507],"to":[8.5,9.38379,13.5007],"rotation":{"angle":22.5,"axis":"x","origin":[8,8,8]},"faces":{"north":{"uv":[4.57143,6.28571,4,5.14286],"rotation":180,"texture":"#3"},"east":{"uv":[10.85714,1.71429,9.71429,2.14286],"rotation":270,"texture":"#3"},"south":{"uv":[0.57143,5.14286,0,6.28571],"texture":"#3"},"west":{"uv":[10.85714,5.14286,9.71429,5.57143],"rotation":90,"texture":"#3"},"up":{"uv":[12.57143,3.42857,12,3.85714],"rotation":180,"texture":"#3"},"down":{"uv":[12.57143,2.28571,12,2.71429],"texture":"#3"}}},{"from":[7.5035,4.201,10.20161],"to":[8.4965,5.201,12.20161],"rotation":{"angle":-22.5,"axis":"x","origin":[8,8,8]},"faces":{"east":{"uv":[6.28571,0,5.71429,1.14286],"rotation":270,"texture":"#3"},"south":{"uv":[12,1.14286,11.42857,1.71429],"texture":"#3"},"west":{"uv":[6.28571,1.71429,5.71429,2.85714],"rotation":90,"texture":"#3"},"up":{"uv":[1.71429,5.71429,1.14286,6.85714],"rotation":180,"texture":"#3"},"down":{"uv":[5.71429,5.14286,5.14286,6.28571],"texture":"#3"}}},{"from":[7.5035,5.26166,9.14095],"to":[8.4965,6.76166,9.89095],"rotation":{"angle":-22.5,"axis":"x","origin":[8,8,8]},"faces":{"north":{"uv":[7.42857,10.57143,6.85714,9.71429],"rotation":180,"texture":"#3"},"east":{"uv":[11.14286,7.42857,10.28571,7.85714],"rotation":270,"texture":"#3"},"south":{"uv":[6.28571,9.71429,5.71429,10.57143],"texture":"#3"},"west":{"uv":[11.14286,8.57143,10.28571,9],"rotation":90,"texture":"#3"},"up":{"uv":[12.57143,6.28571,12,6.71429],"rotation":180,"texture":"#3"}}},{"from":[7.4,3.5416,8.47414],"to":[8.6,4.5416,9.47414],"rotation":{"angle":-45,"axis":"x","origin":[8,8,8]},"faces":{"north":{"uv":[11,6.85714,10.28571,6.28571],"rotation":180,"texture":"#3"},"east":{"uv":[4,11.42857,3.42857,12],"rotation":270,"texture":"#3"},"south":{"uv":[11,4,10.28571,4.57143],"texture":"#3"},"west":{"uv":[5.14286,11.42857,4.57143,12],"rotation":90,"texture":"#3"},"up":{"uv":[4.14286,10.28571,3.42857,10.85714],"rotation":180,"texture":"#3"},"down":{"uv":[11,2.85714,10.28571,3.42857],"texture":"#3"}}},{"from":[7.5,8.88379,13.5007],"to":[8.5,9.38379,14.0007],"rotation":{"angle":22.5,"axis":"x","origin":[8,8,8]},"faces":{"east":{"uv":[14.57143,12,14.28571,12.28571],"rotation":270,"texture":"#3"},"south":{"uv":[7.42857,14.28571,6.85714,14.57143],"texture":"#3"},"west":{"uv":[12.85714,14.28571,12.57143,14.57143],"rotation":90,"texture":"#3"},"up":{"uv":[2.85714,14.28571,2.28571,14.57143],"rotation":180,"texture":"#3"},"down":{"uv":[14.85714,1.14286,14.28571,1.42857],"texture":"#3"}}},{"from":[7.5035,6.26166,9.89095],"to":[8.4965,6.76166,10.39095],"rotation":{"angle":-22.5,"axis":"x","origin":[8,8,8]},"faces":{"east":{"uv":[14,14.28571,13.71429,14.57143],"rotation":270,"texture":"#3"},"south":{"uv":[10.85714,14.28571,10.28571,14.57143],"texture":"#3"},"west":{"uv":[0.28571,14.85714,0,15.14286],"rotation":90,"texture":"#3"},"up":{"uv":[9.71429,14.28571,9.14286,14.57143],"rotation":180,"texture":"#3"},"down":{"uv":[8.57143,14.28571,8,14.57143],"texture":"#3"}}},{"from":[7.75,5.875,2.00316],"to":[8.25,7.875,2.50316],"rotation":{"angle":0,"axis":"y","origin":[8,8,8]},"faces":{"north":{"uv":[8.85714,11.42857,8.57143,12.57143],"rotation":180,"texture":"#3"},"east":{"uv":[11.42857,5.14286,12.57143,5.42857],"rotation":270,"texture":"#3"},"south":{"uv":[7.71429,12.57143,7.42857,11.42857],"texture":"#3"},"west":{"uv":[5.71429,11.42857,6.85714,11.71429],"rotation":90,"texture":"#3"},"down":{"uv":[14.85714,0,15.14286,0.28571],"texture":"#3"}}},{"from":[7.75,5.875,3.00316],"to":[8.25,7.875,3.50316],"rotation":{"angle":0,"axis":"y","origin":[8,8,8]},"faces":{"north":{"uv":[1.42857,12,1.14286,13.14286],"rotation":180,"texture":"#3"},"east":{"uv":[11.42857,9.71429,12.57143,10],"rotation":270,"texture":"#3"},"south":{"uv":[0.28571,13.14286,0,12],"texture":"#3"},"west":{"uv":[11.42857,10.85714,12.57143,11.14286],"rotation":90,"texture":"#3"},"down":{"uv":[14.85714,2.28571,15.14286,2.57143],"texture":"#3"}}},{"from":[7.75,6.375,2.50316],"to":[8.25,7.875,3.00316],"rotation":{"angle":0,"axis":"y","origin":[8,8,8]},"faces":{"east":{"uv":[12,7.42857,12.85714,7.71429],"rotation":270,"texture":"#3"},"west":{"uv":[12,8.57143,12.85714,8.85714],"rotation":90,"texture":"#3"},"down":{"uv":[1.14286,14.85714,1.42857,15.14286],"texture":"#3"}}},{"from":[7.985,4.65,11.5],"to":[8.015,8.65,17.5],"rotation":{"angle":0,"axis":"x","origin":[8,6.65,14.5]},"faces":{"east":{"uv":[8,0,0,12],"rotation":90,"texture":"#2"},"west":{"uv":[0,0,8,12],"rotation":270,"texture":"#2"}}}],"gui_light":"front","display":{"thirdperson_righthand":{"rotation":[90,0,0],"translation":[0,3.25,0.75]},"thirdperson_lefthand":{"rotation":[90,0,0],"translation":[0,3.25,0.75]},"firstperson_righthand":{"rotation":[70.25,0,-21],"translation":[2.25,4,1.5],"scale":[0.7,0.7,0.7]},"firstperson_lefthand":{"rotation":[70.25,0,-21],"translation":[2.25,4,1.5],"scale":[0.7,0.7,0.7]},"ground":{"rotation":[45,0,0],"translation":[0,3,0],"scale":[0.7,0.7,0.7]},"gui":{"rotation":[-90,135,90],"translation":[-0.25,0.25,0],"scale":[1.3,1.3,1.3]},"head":{"rotation":[0,-90,0]},"fixed":{"rotation":[0,-90,0],"translation":[0,0,-1],"scale":[2,2,2]}},"mcmodels":"85721e714bf9e86004e2a432cd3be28a"}