{"credit":"Pologony Creation Co.,Ltd.","textures":{"1":"spartan_set:staff","2":"spartan_set:animations/animation_1","3":"spartan_set:animations/staft_light","particle":"spartan_set:staff"},"elements":[{"from":[8,17.41421,7.11612],"to":[9.25,17.91421,8.36612],"rotation":{"angle":-45,"axis":"y","origin":[8,17.41421,7.11612]},"faces":{"north":{"uv":[13.6,8.8,14.1,9],"texture":"#1"},"east":{"uv":[8,14,8.5,14.2],"texture":"#1"},"south":{"uv":[9.2,14,9.7,14.2],"texture":"#1"},"west":{"uv":[14,9.6,14.5,9.8],"texture":"#1"},"up":{"uv":[11.7,1.7,11.2,1.2],"texture":"#1"},"down":{"uv":[11.7,3.6,11.2,4.1],"texture":"#1"}}},{"from":[8,23.18421,7.11612],"to":[9.25,23.68421,8.36612],"rotation":{"angle":-45,"axis":"y","origin":[8,23.18421,7.11612]},"faces":{"north":{"uv":[10.4,14,10.9,14.2],"texture":"#1"},"east":{"uv":[14,12,14.5,12.2],"texture":"#1"},"south":{"uv":[14,12.8,14.5,13],"texture":"#1"},"west":{"uv":[14,13.6,14.5,13.8],"texture":"#1"},"up":{"uv":[4.5,11.7,4,11.2],"texture":"#1"},"down":{"uv":[11.7,4.8,11.2,5.3],"texture":"#1"}}},{"from":[8.15,16.91421,7.26612],"to":[9.1,17.41421,8.21612],"rotation":{"angle":-45,"axis":"y","origin":[8,16.91421,7.11612]},"faces":{"north":{"uv":[15.2,13.6,15.6,13.8],"texture":"#1"},"east":{"uv":[14.4,15.2,14.8,15.4],"texture":"#1"},"south":{"uv":[15.2,14.4,15.6,14.6],"texture":"#1"},"west":{"uv":[15.2,15.2,15.6,15.4],"texture":"#1"}}},{"from":[8,16.41421,7.11612],"to":[9.25,16.91421,8.36612],"rotation":{"angle":-45,"axis":"y","origin":[8,16.41421,7.11612]},"faces":{"north":{"uv":[14.4,0,14.9,0.2],"texture":"#1"},"east":{"uv":[14.4,0.8,14.9,1],"texture":"#1"},"south":{"uv":[14.4,1.6,14.9,1.8],"texture":"#1"},"west":{"uv":[14.4,2.4,14.9,2.6],"texture":"#1"},"up":{"uv":[11.7,6.5,11.2,6],"texture":"#1"},"down":{"uv":[7.7,11.2,7.2,11.7],"texture":"#1"}}},{"from":[8.25,23.68421,7.36612],"to":[9,25.18421,8.11612],"rotation":{"angle":-45,"axis":"y","origin":[8,23.68421,7.11612]},"faces":{"north":{"uv":[6.4,13.2,6.7,13.8],"texture":"#1"},"east":{"uv":[11.6,13.2,11.9,13.8],"texture":"#1"},"south":{"uv":[13.2,12,13.5,12.6],"texture":"#1"},"west":{"uv":[12.4,13.2,12.7,13.8],"texture":"#1"}}},{"from":[7.2535,18.48824,5.66418],"to":[8.7465,19.96324,7.23918],"rotation":{"angle":22.5,"axis":"x","origin":[7.2535,18.48824,5.73918]},"faces":{"north":{"uv":[6.4,8,7,8.6],"texture":"#1"},"east":{"uv":[8,6.4,8.6,7],"texture":"#1"},"south":{"uv":[7.6,8,8.2,8.6],"texture":"#1"},"west":{"uv":[3.2,8.4,3.8,9],"texture":"#1"},"down":{"uv":[9.4,0,8.8,0.6],"texture":"#1"}}},{"from":[7.2535,21.13682,5.66418],"to":[8.7465,22.61182,7.23918],"rotation":{"angle":-22.5,"axis":"x","origin":[7.2535,22.61182,5.73918]},"faces":{"north":{"uv":[8.8,1.2,9.4,1.8],"texture":"#1"},"east":{"uv":[8.8,4.4,9.4,5],"texture":"#1"},"south":{"uv":[8.8,7.6,9.4,8.2],"texture":"#1"},"west":{"uv":[8.8,8.8,9.4,9.4],"texture":"#1"},"up":{"uv":[1.8,9.8,1.2,9.2],"texture":"#1"}}},{"from":[7.2585,17.91421,6.125],"to":[8.7415,23.18421,9.875],"rotation":{"angle":0,"axis":"y","origin":[8.005,22.43921,7.875]},"faces":{"east":{"uv":[0,0,1.5,2.1],"texture":"#1"},"west":{"uv":[2,0,3.5,2.1],"texture":"#1"},"up":{"uv":[1.8,7.5,1.2,6],"texture":"#1"},"down":{"uv":[5.4,6,4.8,7.5],"texture":"#1"}}},{"from":[7.25,19.30003,6.19903],"to":[8.75,21.80003,7.69903],"rotation":{"angle":0,"axis":"y","origin":[7.25,17.30003,6.19903]},"faces":{"north":{"uv":[6.4,0,7,1],"texture":"#1"},"east":{"uv":[6.4,1.6,7,2.6],"texture":"#1"},"south":{"uv":[6.8,3.2,7.4,4.2],"texture":"#1"},"west":{"uv":[6.8,4.8,7.4,5.8],"texture":"#1"},"up":{"uv":[9.8,3,9.2,2.4],"texture":"#1"},"down":{"uv":[9.8,5.6,9.2,6.2],"texture":"#1"}}},{"from":[7.2535,18.48824,8.76082],"to":[8.7465,19.96324,10.33582],"rotation":{"angle":-22.5,"axis":"x","origin":[7.2535,18.48824,10.26082]},"faces":{"north":{"uv":[6.4,9.2,7,9.8],"texture":"#1"},"east":{"uv":[7.6,9.2,8.2,9.8],"texture":"#1"},"south":{"uv":[0,9.6,0.6,10.2],"texture":"#1"},"west":{"uv":[3.2,9.6,3.8,10.2],"texture":"#1"},"down":{"uv":[10.6,0,10,0.6],"texture":"#1"}}},{"from":[7.25,19.30003,8.30097],"to":[8.75,21.80003,9.80097],"rotation":{"angle":0,"axis":"y","origin":[7.25,17.30003,9.80097]},"faces":{"north":{"uv":[6.8,6.4,7.4,7.4],"texture":"#1"},"east":{"uv":[7.6,0,8.2,1],"texture":"#1"},"south":{"uv":[7.6,1.6,8.2,2.6],"texture":"#1"},"west":{"uv":[0,8,0.6,9],"texture":"#1"},"up":{"uv":[10.6,1.8,10,1.2],"texture":"#1"},"down":{"uv":[10.6,3.6,10,4.2],"texture":"#1"}}},{"from":[7.2535,21.13682,8.76082],"to":[8.7465,22.61182,10.33582],"rotation":{"angle":22.5,"axis":"x","origin":[7.2535,22.61182,10.26082]},"faces":{"north":{"uv":[4.4,10,5,10.6],"texture":"#1"},"east":{"uv":[10,6.8,10.6,7.4],"texture":"#1"},"south":{"uv":[10,8,10.6,8.6],"texture":"#1"},"west":{"uv":[8.8,10,9.4,10.6],"texture":"#1"},"up":{"uv":[10.6,9.8,10,9.2],"texture":"#1"}}},{"from":[7.125,19.96421,7.54289],"to":[8.875,20.71421,8.29289],"rotation":{"angle":45,"axis":"x","origin":[6.875,19.96421,7.29289]},"faces":{"north":{"uv":[5.2,12.8,5.9,13.1],"texture":"#1"},"east":{"uv":[11.2,15.2,11.5,15.5],"texture":"#1"},"south":{"uv":[12.8,9.6,13.5,9.9],"texture":"#1"},"west":{"uv":[12,15.2,12.3,15.5],"texture":"#1"},"up":{"uv":[13.9,0.3,13.2,0],"texture":"#1"},"down":{"uv":[8.7,13.2,8,13.5],"texture":"#1"}}},{"from":[7.125,21.46421,7.54289],"to":[8.875,22.21421,8.29289],"rotation":{"angle":45,"axis":"x","origin":[6.875,21.46421,7.29289]},"faces":{"north":{"uv":[9.2,13.2,9.9,13.5],"texture":"#1"},"east":{"uv":[15.2,12,15.5,12.3],"texture":"#1"},"south":{"uv":[10.4,13.2,11.1,13.5],"texture":"#1"},"west":{"uv":[12.8,15.2,13.1,15.5],"texture":"#1"},"up":{"uv":[13.9,10.7,13.2,10.4],"texture":"#1"},"down":{"uv":[13.9,11.2,13.2,11.5],"texture":"#1"}}},{"from":[7.375,24.52,8],"to":[8.625,25.77,9.25],"rotation":{"angle":-45,"axis":"x","origin":[7.375,24.52,8]},"faces":{"north":{"uv":[11.2,7.2,11.7,7.7],"texture":"#1"},"east":{"uv":[8.4,11.2,8.9,11.7],"texture":"#1"},"south":{"uv":[11.2,8.4,11.7,8.9],"texture":"#1"},"west":{"uv":[9.6,11.2,10.1,11.7],"texture":"#1"},"up":{"uv":[11.3,11.7,10.8,11.2],"texture":"#1"},"down":{"uv":[1.3,11.6,0.8,12.1],"texture":"#1"}}},{"from":[7.5,-3.56421,6.79289],"to":[8.5,-2.06421,8.29289],"rotation":{"angle":45,"axis":"x","origin":[7.5,-3.56421,7.29289]},"faces":{"north":{"uv":[6.4,12,6.8,12.6],"texture":"#1"},"east":{"uv":[1.2,10.4,1.8,11],"texture":"#1"},"south":{"uv":[0,12.4,0.4,13],"texture":"#1"},"west":{"uv":[10.4,2.4,11,3],"texture":"#1"},"up":{"uv":[4.8,13,4.4,12.4],"texture":"#1"},"down":{"uv":[7.6,12.4,7.2,13],"texture":"#1"}}},{"from":[7.25,-3.31421,7.04289],"to":[8.75,-2.31421,8.04289],"rotation":{"angle":45,"axis":"x","origin":[7.5,-3.56421,7.29289]},"faces":{"north":{"uv":[12.4,7.2,13,7.6],"texture":"#1"},"east":{"uv":[9.2,3.6,9.6,4],"texture":"#1"},"south":{"uv":[8,12.4,8.6,12.8],"texture":"#1"},"west":{"uv":[9.2,6.8,9.6,7.2],"texture":"#1"},"up":{"uv":[13,8.4,12.4,8],"texture":"#1"},"down":{"uv":[13,8.8,12.4,9.2],"texture":"#1"}}},{"from":[8,-2.5,7.11612],"to":[9.25,-2,8.36612],"rotation":{"angle":-45,"axis":"y","origin":[8,-2.5,7.11612]},"faces":{"north":{"uv":[14.4,3.2,14.9,3.4],"texture":"#1"},"east":{"uv":[14.4,4,14.9,4.2],"texture":"#1"},"south":{"uv":[14.4,4.8,14.9,5],"texture":"#1"},"west":{"uv":[14.4,5.6,14.9,5.8],"texture":"#1"},"up":{"uv":[2.5,12.1,2,11.6],"texture":"#1"},"down":{"uv":[12.1,2.4,11.6,2.9],"texture":"#1"}}},{"from":[8,-1.5,7.11612],"to":[9.25,-1,8.36612],"rotation":{"angle":-45,"axis":"y","origin":[8,-1.5,7.11612]},"faces":{"north":{"uv":[6.4,14.4,6.9,14.6],"texture":"#1"},"east":{"uv":[14.4,6.4,14.9,6.6],"texture":"#1"},"south":{"uv":[14.4,7.2,14.9,7.4],"texture":"#1"},"west":{"uv":[14.4,8,14.9,8.2],"texture":"#1"},"up":{"uv":[5.7,12.1,5.2,11.6],"texture":"#1"},"down":{"uv":[12.1,9.6,11.6,10.1],"texture":"#1"}}},{"from":[8.15,-2,7.26612],"to":[9.1,-1.5,8.21612],"rotation":{"angle":-45,"axis":"y","origin":[8,-2,7.11612]},"faces":{"north":{"uv":[0,15.6,0.4,15.8],"texture":"#1"},"east":{"uv":[15.6,0,16,0.2],"texture":"#1"},"south":{"uv":[0.8,15.6,1.2,15.8],"texture":"#1"},"west":{"uv":[15.6,0.8,16,1],"texture":"#1"}}},{"from":[8,2.25,7.11612],"to":[9.25,2.75,8.36612],"rotation":{"angle":-45,"axis":"y","origin":[8,2.25,7.11612]},"faces":{"north":{"uv":[14.4,10.4,14.9,10.6],"texture":"#1"},"east":{"uv":[14.4,11.2,14.9,11.4],"texture":"#1"},"south":{"uv":[11.6,14.4,12.1,14.6],"texture":"#1"},"west":{"uv":[12.8,14.4,13.3,14.6],"texture":"#1"},"up":{"uv":[12.5,0.5,12,0],"texture":"#1"},"down":{"uv":[12.5,10.8,12,11.3],"texture":"#1"}}},{"from":[8,3.25,7.11612],"to":[9.25,3.75,8.36612],"rotation":{"angle":-45,"axis":"y","origin":[8,3.25,7.11612]},"faces":{"north":{"uv":[14,14.4,14.5,14.6],"texture":"#1"},"east":{"uv":[0,14.8,0.5,15],"texture":"#1"},"south":{"uv":[1.2,14.8,1.7,15],"texture":"#1"},"west":{"uv":[2.4,14.8,2.9,15],"texture":"#1"},"up":{"uv":[12.5,12.5,12,12],"texture":"#1"},"down":{"uv":[12.9,1.2,12.4,1.7],"texture":"#1"}}},{"from":[8.15,2.75,7.26612],"to":[9.1,3.25,8.21612],"rotation":{"angle":-45,"axis":"y","origin":[8,2.75,7.11612]},"faces":{"north":{"uv":[1.6,15.6,2,15.8],"texture":"#1"},"east":{"uv":[15.6,1.6,16,1.8],"texture":"#1"},"south":{"uv":[2.4,15.6,2.8,15.8],"texture":"#1"},"west":{"uv":[15.6,2.4,16,2.6],"texture":"#1"}}},{"from":[8.25,3.75,7.36612],"to":[9,12,8.11612],"rotation":{"angle":-45,"axis":"y","origin":[8,8.5,7.11612]},"faces":{"north":{"uv":[3.2,4.4,3.5,7.7],"texture":"#1"},"east":{"uv":[4,4.4,4.3,7.7],"texture":"#1"},"south":{"uv":[4.8,1.6,5.1,4.9],"texture":"#1"},"west":{"uv":[5.6,0,5.9,3.3],"texture":"#1"}}},{"from":[8.25,13.5,7.36612],"to":[9,16.425,8.11612],"rotation":{"angle":-45,"axis":"y","origin":[8,18.25,7.11612]},"faces":{"north":{"uv":[2.4,10,2.7,11.2],"texture":"#1"},"east":{"uv":[5.6,10,5.9,11.2],"texture":"#1"},"south":{"uv":[10.4,4.8,10.7,6],"texture":"#1"},"west":{"uv":[6.4,10.4,6.7,11.6],"texture":"#1"}}},{"from":[8.25,-1,7.36612],"to":[9,2.25,8.11612],"rotation":{"angle":-45,"axis":"y","origin":[8,-1.25,7.11612]},"faces":{"north":{"uv":[2.4,8,2.7,9.3],"texture":"#1"},"east":{"uv":[8,4.4,8.3,5.7],"texture":"#1"},"south":{"uv":[4.8,8,5.1,9.3],"texture":"#1"},"west":{"uv":[5.6,8,5.9,9.3],"texture":"#1"}}},{"from":[8,12,7.11612],"to":[9.25,12.5,8.36612],"rotation":{"angle":-45,"axis":"y","origin":[8,12,7.11612]},"faces":{"north":{"uv":[3.6,14.8,4.1,15],"texture":"#1"},"east":{"uv":[4.8,14.8,5.3,15],"texture":"#1"},"south":{"uv":[7.6,14.8,8.1,15],"texture":"#1"},"west":{"uv":[8.8,14.8,9.3,15],"texture":"#1"},"up":{"uv":[3.7,12.9,3.2,12.4],"texture":"#1"},"down":{"uv":[12.9,3.6,12.4,4.1],"texture":"#1"}}},{"from":[8,13,7.11612],"to":[9.25,13.5,8.36612],"rotation":{"angle":-45,"axis":"y","origin":[8,13,7.11612]},"faces":{"north":{"uv":[14.8,8.8,15.3,9],"texture":"#1"},"east":{"uv":[10,14.8,10.5,15],"texture":"#1"},"south":{"uv":[6,15.2,6.5,15.4],"texture":"#1"},"west":{"uv":[15.2,9.6,15.7,9.8],"texture":"#1"},"up":{"uv":[12.9,5.3,12.4,4.8],"texture":"#1"},"down":{"uv":[12.9,6,12.4,6.5],"texture":"#1"}}},{"from":[8.15,12.5,7.26612],"to":[9.1,13,8.21612],"rotation":{"angle":-45,"axis":"y","origin":[8,12.5,7.11612]},"faces":{"north":{"uv":[3.2,15.6,3.6,15.8],"texture":"#1"},"east":{"uv":[15.6,3.2,16,3.4],"texture":"#1"},"south":{"uv":[4,15.6,4.4,15.8],"texture":"#1"},"west":{"uv":[15.6,4,16,4.2],"texture":"#1"}}},{"from":[7.625,-3.91421,6.25],"to":[8.375,-2.91421,7.75],"rotation":{"angle":22.5,"axis":"x","origin":[7.625,-3.91421,6.75]},"faces":{"north":{"uv":[13.6,6.4,13.9,6.8],"texture":"#1"},"east":{"uv":[9.2,12.4,9.8,12.8],"texture":"#1"},"south":{"uv":[7.2,13.6,7.5,14],"texture":"#1"},"west":{"uv":[10.4,12.4,11,12.8],"texture":"#1"},"up":{"uv":[13.5,13.8,13.2,13.2],"texture":"#1"},"down":{"uv":[0.3,13.6,0,14.2],"texture":"#1"}}},{"from":[7.6285,-3.79899,5.90538],"to":[8.3715,-2.54899,6.65538],"rotation":{"angle":-22.5,"axis":"x","origin":[7.6285,-2.79899,5.90538]},"faces":{"north":{"uv":[2.4,13.6,2.7,14.1],"texture":"#1"},"east":{"uv":[13.6,2.8,13.9,3.3],"texture":"#1"},"south":{"uv":[3.2,13.6,3.5,14.1],"texture":"#1"},"west":{"uv":[4,13.6,4.3,14.1],"texture":"#1"},"up":{"uv":[15.5,13.1,15.2,12.8],"texture":"#1"}}},{"from":[7.625,-3.91421,8.25],"to":[8.375,-2.91421,9.75],"rotation":{"angle":-22.5,"axis":"x","origin":[7.625,-3.91421,9.25]},"faces":{"north":{"uv":[13.6,7.2,13.9,7.6],"texture":"#1"},"east":{"uv":[0.8,12.8,1.4,13.2],"texture":"#1"},"south":{"uv":[13.6,8,13.9,8.4],"texture":"#1"},"west":{"uv":[2,12.8,2.6,13.2],"texture":"#1"},"up":{"uv":[1.1,14.2,0.8,13.6],"texture":"#1"},"down":{"uv":[13.9,0.8,13.6,1.4],"texture":"#1"}}},{"from":[7.6285,-3.79899,9.34462],"to":[8.3715,-2.54899,10.09462],"rotation":{"angle":22.5,"axis":"x","origin":[7.6285,-2.79899,10.09462]},"faces":{"north":{"uv":[13.6,4,13.9,4.5],"texture":"#1"},"east":{"uv":[4.8,13.6,5.1,14.1],"texture":"#1"},"south":{"uv":[13.6,5.2,13.9,5.7],"texture":"#1"},"west":{"uv":[5.6,13.6,5.9,14.1],"texture":"#1"},"up":{"uv":[13.9,15.5,13.6,15.2],"texture":"#1"}}},{"from":[7.5,22.75,5.25],"to":[8.5,24.5,7.25],"rotation":{"angle":22.5,"axis":"x","origin":[7.5,22.75,4.25]},"faces":{"east":{"uv":[1.2,8,2,8.7],"texture":"#1"},"west":{"uv":[8,3.2,8.8,3.9],"texture":"#1"},"up":{"uv":[4.4,2.4,4,1.6],"texture":"#1"},"down":{"uv":[11.6,0,11.2,0.8],"texture":"#1"}}},{"from":[7.5,22.99999,4.9932],"to":[8.5,26.99999,6.4932],"rotation":{"angle":22.5,"axis":"x","origin":[7.5,25.99999,4.2432]},"faces":{"north":{"uv":[2.4,6,2.8,7.6],"texture":"#1"},"east":{"uv":[5.6,4,6.2,5.6],"texture":"#1"},"south":{"uv":[6,6,6.4,7.6],"texture":"#1"},"west":{"uv":[0,6,0.6,7.6],"texture":"#1"},"down":{"uv":[13.2,2.4,12.8,3],"texture":"#1"}}},{"from":[7.5,26.69343,3.7844],"to":[8.5,27.69343,6.0344],"rotation":{"angle":22.5,"axis":"x","origin":[7.5,24.69343,4.7844]},"faces":{"north":{"uv":[1.6,13.6,2,14],"texture":"#1"},"east":{"uv":[7.2,10.4,8.1,10.8],"texture":"#1"},"south":{"uv":[13.6,2,14,2.4],"texture":"#1"},"west":{"uv":[10,10.4,10.9,10.8],"texture":"#1"},"up":{"uv":[0.4,11.7,0,10.8],"texture":"#1"},"down":{"uv":[3.6,10.8,3.2,11.7],"texture":"#1"}}},{"from":[7.5,22.75,8.75],"to":[8.5,24.5,10.75],"rotation":{"angle":-22.5,"axis":"x","origin":[7.5,22.75,11.75]},"faces":{"east":{"uv":[2,8,1.2,8.7],"texture":"#1"},"west":{"uv":[8.8,3.2,8,3.9],"texture":"#1"},"up":{"uv":[4.4,1.6,4,2.4],"texture":"#1"},"down":{"uv":[11.6,0.8,11.2,0],"texture":"#1"}}},{"from":[7.5,22.99999,9.5068],"to":[8.5,26.99999,11.0068],"rotation":{"angle":-22.5,"axis":"x","origin":[7.5,25.99999,11.7568]},"faces":{"north":{"uv":[6.4,6,6,7.6],"texture":"#1"},"east":{"uv":[6.2,4,5.6,5.6],"texture":"#1"},"south":{"uv":[2.8,6,2.4,7.6],"texture":"#1"},"west":{"uv":[0.6,6,0,7.6],"texture":"#1"},"down":{"uv":[13.2,3,12.8,2.4],"texture":"#1"}}},{"from":[7.5,26.69343,9.9656],"to":[8.5,27.69343,12.2156],"rotation":{"angle":-22.5,"axis":"x","origin":[7.5,24.69343,11.2156]},"faces":{"north":{"uv":[14,2,13.6,2.4],"texture":"#1"},"east":{"uv":[8.1,10.4,7.2,10.8],"texture":"#1"},"south":{"uv":[2,13.6,1.6,14],"texture":"#1"},"west":{"uv":[10.9,10.4,10,10.8],"texture":"#1"},"up":{"uv":[0.4,10.8,0,11.7],"texture":"#1"},"down":{"uv":[3.6,11.7,3.2,10.8],"texture":"#1"}}},{"from":[6.5,27.5,7],"to":[9.5,30.5,10],"rotation":{"angle":-45,"axis":"x","origin":[7.5,28.5,8]},"faces":{"north":{"uv":[0,2.8,1.2,4],"texture":"#1"},"east":{"uv":[1.6,2.8,2.8,4],"texture":"#1"},"south":{"uv":[3.2,2.8,4.4,4],"texture":"#1"},"west":{"uv":[4,0,5.2,1.2],"texture":"#1"},"up":{"uv":[1.2,5.6,0,4.4],"texture":"#1"},"down":{"uv":[2.8,4.4,1.6,5.6],"texture":"#1"}}},{"from":[7.985,17.5,1.25],"to":[8.015,23.5,5.25],"rotation":{"angle":0,"axis":"y","origin":[8,20.5,3.25]},"faces":{"east":{"uv":[8,0,0,12],"texture":"#2"},"west":{"uv":[0,0,8,12],"texture":"#2"}}},{"from":[7.985,17.5,10.75],"to":[8.015,23.5,14.75],"rotation":{"angle":0,"axis":"y","origin":[8,20.5,12.75]},"faces":{"east":{"uv":[0,0,8,12],"texture":"#2"},"west":{"uv":[8,0,0,12],"texture":"#2"}}},{"name":"cube_outline","from":[9.9,30.9,10.4],"to":[6.1,27.1,6.6],"rotation":{"angle":-45,"axis":"x","origin":[7.5,28.5,8]},"faces":{"north":{"uv":[0,0,3.75,3.75],"texture":"#3"},"east":{"uv":[0,5,3.75,8.75],"texture":"#3"},"south":{"uv":[5,0,8.75,3.75],"texture":"#3"},"west":{"uv":[5,5,8.75,8.75],"texture":"#3"},"up":{"uv":[3.75,13.75,0,10],"texture":"#3"},"down":{"uv":[13.75,0,10,3.75],"texture":"#3"}}}],"gui_light":"front","display":{"thirdperson_righthand":{"translation":[0,-2.75,1]},"thirdperson_lefthand":{"translation":[0,-2.75,1]},"firstperson_righthand":{"rotation":[-13,0,0],"translation":[2.75,-2.25,1.75],"scale":[0.7,0.7,0.7]},"firstperson_lefthand":{"rotation":[-13,0,0],"translation":[2.75,-2.25,1.75],"scale":[0.7,0.7,0.7]},"ground":{"rotation":[-45,0,0],"translation":[0,3,0],"scale":[0.7,0.7,0.7]},"gui":{"rotation":[-90,45,90],"translation":[2.25,-2.25,0],"scale":[0.6,0.6,0.6]},"head":{"rotation":[0,-90,0]},"fixed":{"rotation":[0,-90,0],"translation":[0,0,-1],"scale":[2,2,2]}},"mcmodels":"85721e714bf9e86004e2a432cd3be28a"}