{"credit":"Pologony Creation Co.,Ltd.","texture_size":[24,24],"textures":{"1":"spartan_set:sword","2":"spartan_set:animations/animation_1","particle":"spartan_set:animations/animation_1"},"elements":[{"from":[7.5,0.35,6.79289],"to":[8.5,1.85,8.29289],"rotation":{"angle":45,"axis":"x","origin":[7.5,0.35,7.29289]},"faces":{"north":{"uv":[3,11,3.5,11.75],"texture":"#1"},"east":{"uv":[4,8.5,4.75,9.25],"texture":"#1"},"south":{"uv":[4,11.5,4.5,12.25],"texture":"#1"},"west":{"uv":[5.5,8.5,6.25,9.25],"texture":"#1"},"up":{"uv":[5.5,12.25,5,11.5],"texture":"#1"},"down":{"uv":[6.5,11.5,6,12.25],"texture":"#1"}}},{"from":[7.25,0.6,7.04289],"to":[8.75,1.6,8.04289],"rotation":{"angle":45,"axis":"x","origin":[7.5,0.35,7.29289]},"faces":{"north":{"uv":[11,0,11.75,0.5],"texture":"#1"},"east":{"uv":[13,9,13.5,9.5],"texture":"#1"},"south":{"uv":[9,11.5,9.75,12],"texture":"#1"},"west":{"uv":[13,10,13.5,10.5],"texture":"#1"},"up":{"uv":[11.25,12,10.5,11.5],"texture":"#1"},"down":{"uv":[12.75,1,12,1.5],"texture":"#1"}}},{"from":[8,1.41421,7.11612],"to":[9.25,1.91421,8.36612],"rotation":{"angle":-45,"axis":"y","origin":[8,1.41421,7.11612]},"faces":{"north":{"uv":[9.5,14,10.125,14.25],"texture":"#1"},"east":{"uv":[14,10.5,14.625,10.75],"texture":"#1"},"south":{"uv":[14,11.5,14.625,11.75],"texture":"#1"},"west":{"uv":[14,12.5,14.625,12.75],"texture":"#1"},"up":{"uv":[11.125,4.625,10.5,4],"texture":"#1"},"down":{"uv":[11.125,5.5,10.5,6.125],"texture":"#1"}}},{"from":[8,2.41421,7.11612],"to":[9.25,2.91421,8.36612],"rotation":{"angle":-45,"axis":"y","origin":[8,2.41421,7.11612]},"faces":{"north":{"uv":[13,14,13.625,14.25],"texture":"#1"},"east":{"uv":[14.5,1,15.125,1.25],"texture":"#1"},"south":{"uv":[14.5,2,15.125,2.25],"texture":"#1"},"west":{"uv":[14.5,3,15.125,3.25],"texture":"#1"},"up":{"uv":[11.125,7.625,10.5,7],"texture":"#1"},"down":{"uv":[8.125,10.5,7.5,11.125],"texture":"#1"}}},{"from":[8.25,2.91421,7.36612],"to":[9,6.41421,8.11612],"rotation":{"angle":-45,"axis":"y","origin":[8,2.91421,7.11612]},"faces":{"north":{"uv":[8,3,8.375,4.75],"texture":"#1"},"east":{"uv":[8,5.5,8.375,7.25],"texture":"#1"},"south":{"uv":[8,8,8.375,9.75],"texture":"#1"},"west":{"uv":[3,8.5,3.375,10.25],"texture":"#1"}}},{"from":[8.15,1.91421,7.26612],"to":[9.1,2.41421,8.21612],"rotation":{"angle":-45,"axis":"y","origin":[8,1.91421,7.11612]},"faces":{"north":{"uv":[2.5,15,3,15.25],"texture":"#1"},"east":{"uv":[3.5,15,4,15.25],"texture":"#1"},"south":{"uv":[15,6,15.5,6.25],"texture":"#1"},"west":{"uv":[6.5,15,7,15.25],"texture":"#1"}}},{"from":[8,6.41421,7.11612],"to":[9.25,6.91421,8.36612],"rotation":{"angle":-45,"axis":"y","origin":[8,6.41421,7.11612]},"faces":{"north":{"uv":[14.5,13.5,15.125,13.75],"texture":"#1"},"east":{"uv":[14.5,14.5,15.125,14.75],"texture":"#1"},"south":{"uv":[0,15,0.625,15.25],"texture":"#1"},"west":{"uv":[15,0,15.625,0.25],"texture":"#1"},"up":{"uv":[0.625,12.125,0,11.5],"texture":"#1"},"down":{"uv":[2.125,11.5,1.5,12.125],"texture":"#1"}}},{"from":[8.15,6.91421,7.26612],"to":[9.1,7.41421,8.21612],"rotation":{"angle":-45,"axis":"y","origin":[8,6.91421,7.11612]},"faces":{"north":{"uv":[15,7,15.5,7.25],"texture":"#1"},"east":{"uv":[7.5,15,8,15.25],"texture":"#1"},"south":{"uv":[15,8,15.5,8.25],"texture":"#1"},"west":{"uv":[15,9,15.5,9.25],"texture":"#1"}}},{"from":[8,7.41421,7.11612],"to":[9.25,7.91421,8.36612],"rotation":{"angle":-45,"axis":"y","origin":[8,7.41421,7.11612]},"faces":{"north":{"uv":[14.5,4,15.125,4.25],"texture":"#1"},"east":{"uv":[5,14.5,5.625,14.75],"texture":"#1"},"south":{"uv":[14.5,5,15.125,5.25],"texture":"#1"},"west":{"uv":[11,14.5,11.625,14.75],"texture":"#1"},"up":{"uv":[11.125,9.125,10.5,8.5],"texture":"#1"},"down":{"uv":[11.125,10,10.5,10.625],"texture":"#1"}}},{"from":[7.625,0,6.25],"to":[8.375,1,7.75],"rotation":{"angle":22.5,"axis":"x","origin":[7.625,0,6.75]},"faces":{"north":{"uv":[12,13.5,12.375,14],"texture":"#1"},"east":{"uv":[12,2,12.75,2.5],"texture":"#1"},"south":{"uv":[0,14,0.375,14.5],"texture":"#1"},"west":{"uv":[12,3,12.75,3.5],"texture":"#1"},"up":{"uv":[11.375,13.25,11,12.5],"texture":"#1"},"down":{"uv":[5.875,13,5.5,13.75],"texture":"#1"}}},{"from":[7.6285,0.11522,5.90538],"to":[8.3715,1.36522,6.65538],"rotation":{"angle":-22.5,"axis":"x","origin":[7.6285,1.11522,5.90538]},"faces":{"north":{"uv":[13.5,3,13.875,3.625],"texture":"#1"},"east":{"uv":[13.5,4.5,13.875,5.125],"texture":"#1"},"south":{"uv":[6.5,13.5,6.875,14.125],"texture":"#1"},"west":{"uv":[7.5,13.5,7.875,14.125],"texture":"#1"},"up":{"uv":[1.875,15.375,1.5,15],"texture":"#1"}}},{"from":[7.625,0,8.25],"to":[8.375,1,9.75],"rotation":{"angle":-22.5,"axis":"x","origin":[7.625,0,9.25]},"faces":{"north":{"uv":[0.375,14,0,14.5],"texture":"#1"},"east":{"uv":[12.75,2,12,2.5],"texture":"#1"},"south":{"uv":[12.375,13.5,12,14],"texture":"#1"},"west":{"uv":[12.75,3,12,3.5],"texture":"#1"},"up":{"uv":[11.375,12.5,11,13.25],"texture":"#1"},"down":{"uv":[5.875,13.75,5.5,13],"texture":"#1"}}},{"from":[7.6285,0.11522,9.34462],"to":[8.3715,1.36522,10.09462],"rotation":{"angle":22.5,"axis":"x","origin":[7.6285,1.11522,10.09462]},"faces":{"north":{"uv":[6.875,13.5,6.5,14.125],"texture":"#1"},"east":{"uv":[13.875,4.5,13.5,5.125],"texture":"#1"},"south":{"uv":[13.875,3,13.5,3.625],"texture":"#1"},"west":{"uv":[7.875,13.5,7.5,14.125],"texture":"#1"},"up":{"uv":[1.875,15,1.5,15.375],"texture":"#1"}}},{"from":[7.5,8,5.75],"to":[8.5,9,7.25],"rotation":{"angle":-22.5,"axis":"x","origin":[7.5,8,5.75]},"faces":{"north":{"uv":[13,11,13.5,11.5],"texture":"#1"},"east":{"uv":[12,4,12.75,4.5],"texture":"#1"},"south":{"uv":[13,12,13.5,12.5],"texture":"#1"},"west":{"uv":[12,5,12.75,5.5],"texture":"#1"},"up":{"uv":[12.5,6.75,12,6],"texture":"#1"},"down":{"uv":[7.5,12,7,12.75],"texture":"#1"}}},{"from":[7.75,8.19291,6.28701],"to":[8.25,8.94291,7.28701],"rotation":{"angle":22.5,"axis":"x","origin":[7.5,8.69291,6.03701]},"faces":{"east":{"uv":[3,14,3.5,14.375],"texture":"#1"},"south":{"uv":[10.5,15.5,10.75,15.875],"texture":"#1"},"west":{"uv":[4,14,4.5,14.375],"texture":"#1"},"down":{"uv":[15.75,10,15.5,10.5],"texture":"#1"}}},{"from":[7.5,7.58088,3.31994],"to":[8.5,9.58088,4.16994],"rotation":{"angle":-22.5,"axis":"x","origin":[7.5,10.48088,2.81994]},"faces":{"north":{"uv":[4,10,4.5,11],"texture":"#1"},"east":{"uv":[12,9,12.375,10],"texture":"#1"},"south":{"uv":[5,10,5.5,11],"texture":"#1"},"west":{"uv":[12,10.5,12.375,11.5],"texture":"#1"},"up":{"uv":[1.5,14.375,1,14],"texture":"#1"},"down":{"uv":[2.5,14,2,14.375],"texture":"#1"}}},{"from":[7.5,9.08088,2.81994],"to":[8.5,9.58088,3.31994],"rotation":{"angle":-22.5,"axis":"x","origin":[7.5,10.48088,2.81994]},"faces":{"north":{"uv":[4.5,15.5,5,15.75],"texture":"#1"},"east":{"uv":[15.5,12,15.75,12.25],"texture":"#1"},"west":{"uv":[14.5,15.5,14.75,15.75],"texture":"#1"},"up":{"uv":[6,15.75,5.5,15.5],"texture":"#1"},"down":{"uv":[9,15.5,8.5,15.75],"texture":"#1"}}},{"from":[7.5035,8.24895,3.99843],"to":[8.4965,9.24895,5.99843],"rotation":{"angle":22.5,"axis":"x","origin":[8.0035,8.74895,5.24843]},"faces":{"north":{"uv":[13,13,13.5,13.5],"texture":"#1"},"east":{"uv":[9,9,10,9.5],"texture":"#1"},"west":{"uv":[9.5,0,10.5,0.5],"texture":"#1"},"up":{"uv":[7.5,9.5,7,8.5],"texture":"#1"},"down":{"uv":[10,1,9.5,2],"texture":"#1"}}},{"from":[7.5035,8.57403,6.38582],"to":[8.4965,10.07403,7.13582],"rotation":{"angle":22.5,"axis":"x","origin":[7.5035,8.57403,7.13582]},"faces":{"north":{"uv":[12,7.5,12.5,8.25],"texture":"#1"},"east":{"uv":[13,6,13.375,6.75],"texture":"#1"},"south":{"uv":[8,12,8.5,12.75],"texture":"#1"},"west":{"uv":[13,7.5,13.375,8.25],"texture":"#1"},"up":{"uv":[14.5,0.375,14,0],"texture":"#1"}}},{"from":[7.5035,9.57403,5.88582],"to":[8.4965,10.07403,6.38582],"rotation":{"angle":22.5,"axis":"x","origin":[7.5035,8.57403,7.13582]},"faces":{"north":{"uv":[9.5,15,10,15.25],"texture":"#1"},"east":{"uv":[15.5,11,15.75,11.25],"texture":"#1"},"west":{"uv":[11.5,15.5,11.75,15.75],"texture":"#1"},"up":{"uv":[13,15.25,12.5,15],"texture":"#1"},"down":{"uv":[14,15,13.5,15.25],"texture":"#1"}}},{"from":[7.65,9,6.58579],"to":[8.35,11,8.58579],"rotation":{"angle":45,"axis":"x","origin":[7.5,9,6.58579]},"faces":{"north":{"uv":[12,12,12.375,13],"texture":"#1"},"east":{"uv":[8,0,9,1],"texture":"#1"},"south":{"uv":[3,12.5,3.375,13.5],"texture":"#1"},"west":{"uv":[8,1.5,9,2.5],"texture":"#1"},"up":{"uv":[9.375,13.5,9,12.5],"texture":"#1"},"down":{"uv":[10.375,12.5,10,13.5],"texture":"#1"}}},{"from":[7.4,9.25,6.83579],"to":[8.6,10.75,8.33579],"rotation":{"angle":45,"axis":"x","origin":[7.5,9,6.58579]},"faces":{"north":{"uv":[6,10,6.625,10.75],"texture":"#1"},"east":{"uv":[9,3,9.75,3.75],"texture":"#1"},"south":{"uv":[9,10,9.625,10.75],"texture":"#1"},"west":{"uv":[9,4.5,9.75,5.25],"texture":"#1"},"up":{"uv":[11.125,1.75,10.5,1],"texture":"#1"},"down":{"uv":[11.125,2.5,10.5,3.25],"texture":"#1"}}},{"from":[7.75,9.95984,7],"to":[8.25,25.95984,9],"rotation":{"angle":0,"axis":"y","origin":[7.75,9.95984,7]},"faces":{"north":{"uv":[6,0,6.25,8],"texture":"#1"},"east":{"uv":[3,0,4,8],"texture":"#1"},"south":{"uv":[7,0,7.25,8],"texture":"#1"},"west":{"uv":[4.5,0,5.5,8],"texture":"#1"}}},{"from":[7.7475,24.70858,8],"to":[8.2525,26.12458,9.416],"rotation":{"angle":-45,"axis":"x","origin":[7.7475,24.70858,8]},"faces":{"north":{"uv":[14,6,14.25,6.75],"texture":"#1"},"east":{"uv":[9,6,9.75,6.75],"texture":"#1"},"south":{"uv":[14,7.5,14.25,8.25],"texture":"#1"},"west":{"uv":[9,7.5,9.75,8.25],"texture":"#1"},"up":{"uv":[8.75,14.75,8.5,14],"texture":"#1"},"down":{"uv":[14.25,9,14,9.75],"texture":"#1"}}},{"from":[7.985,9.96,5.625],"to":[8.015,31.96,10.375],"rotation":{"angle":0,"axis":"y","origin":[7.985,6.95,6.375]},"faces":{"east":{"uv":[2.375,0,0,11],"texture":"#1"},"west":{"uv":[0,0,2.375,11],"texture":"#1"}}},{"from":[7.4,7.85,5.75],"to":[8.6,8.85,6.75],"rotation":{"angle":-45,"axis":"x","origin":[7.5,7.85,5.75]},"faces":{"north":{"uv":[12.5,0,13.125,0.5],"texture":"#1"},"east":{"uv":[13.5,1,14,1.5],"texture":"#1"},"south":{"uv":[0,13,0.625,13.5],"texture":"#1"},"west":{"uv":[13.5,2,14,2.5],"texture":"#1"},"up":{"uv":[2.125,13.5,1.5,13],"texture":"#1"},"down":{"uv":[4.625,13,4,13.5],"texture":"#1"}}},{"from":[7.5,8,8.75],"to":[8.5,9,10.25],"rotation":{"angle":22.5,"axis":"x","origin":[7.5,8,10.25]},"faces":{"north":{"uv":[13.5,12,13,12.5],"texture":"#1"},"east":{"uv":[12.75,4,12,4.5],"texture":"#1"},"south":{"uv":[13.5,11,13,11.5],"texture":"#1"},"west":{"uv":[12.75,5,12,5.5],"texture":"#1"},"up":{"uv":[12.5,6,12,6.75],"texture":"#1"},"down":{"uv":[7.5,12.75,7,12],"texture":"#1"}}},{"from":[7.5035,8.57403,8.86418],"to":[8.4965,10.07403,9.61418],"rotation":{"angle":-22.5,"axis":"x","origin":[7.5035,8.57403,8.86418]},"faces":{"north":{"uv":[8.5,12,8,12.75],"texture":"#1"},"east":{"uv":[13.375,6,13,6.75],"texture":"#1"},"south":{"uv":[12.5,7.5,12,8.25],"texture":"#1"},"west":{"uv":[13.375,7.5,13,8.25],"texture":"#1"},"up":{"uv":[14.5,0,14,0.375],"texture":"#1"}}},{"from":[7.5035,8.24895,10.00157],"to":[8.4965,9.24895,12.00157],"rotation":{"angle":-22.5,"axis":"x","origin":[8.0035,8.74895,10.75157]},"faces":{"east":{"uv":[10,9,9,9.5],"texture":"#1"},"south":{"uv":[13.5,13,13,13.5],"texture":"#1"},"west":{"uv":[10.5,0,9.5,0.5],"texture":"#1"},"up":{"uv":[7.5,8.5,7,9.5],"texture":"#1"},"down":{"uv":[10,2,9.5,1],"texture":"#1"}}},{"from":[7.5,7.58088,11.83006],"to":[8.5,9.58088,12.68006],"rotation":{"angle":22.5,"axis":"x","origin":[7.5,10.48088,13.18006]},"faces":{"north":{"uv":[5.5,10,5,11],"texture":"#1"},"east":{"uv":[12.375,9,12,10],"texture":"#1"},"south":{"uv":[4.5,10,4,11],"texture":"#1"},"west":{"uv":[12.375,10.5,12,11.5],"texture":"#1"},"up":{"uv":[1.5,14,1,14.375],"texture":"#1"},"down":{"uv":[2.5,14.375,2,14],"texture":"#1"}}},{"from":[7.5,9.08088,12.68006],"to":[8.5,9.58088,13.18006],"rotation":{"angle":22.5,"axis":"x","origin":[7.5,10.48088,13.18006]},"faces":{"east":{"uv":[15.75,12,15.5,12.25],"texture":"#1"},"south":{"uv":[5,15.5,4.5,15.75],"texture":"#1"},"west":{"uv":[14.75,15.5,14.5,15.75],"texture":"#1"},"up":{"uv":[6,15.5,5.5,15.75],"texture":"#1"},"down":{"uv":[9,15.75,8.5,15.5],"texture":"#1"}}},{"from":[7.75,8.19291,8.71299],"to":[8.25,8.94291,9.71299],"rotation":{"angle":-22.5,"axis":"x","origin":[7.5,8.69291,9.96299]},"faces":{"north":{"uv":[10.75,15.5,10.5,15.875],"texture":"#1"},"east":{"uv":[3.5,14,3,14.375],"texture":"#1"},"west":{"uv":[4.5,14,4,14.375],"texture":"#1"},"down":{"uv":[15.75,10.5,15.5,10],"texture":"#1"}}},{"from":[7.4,7.85,9.25],"to":[8.6,8.85,10.25],"rotation":{"angle":45,"axis":"x","origin":[7.5,7.85,10.25]},"faces":{"north":{"uv":[0.625,13,0,13.5],"texture":"#1"},"east":{"uv":[14,1,13.5,1.5],"texture":"#1"},"south":{"uv":[13.125,0,12.5,0.5],"texture":"#1"},"west":{"uv":[14,2,13.5,2.5],"texture":"#1"},"up":{"uv":[2.125,13,1.5,13.5],"texture":"#1"},"down":{"uv":[4.625,13.5,4,13],"texture":"#1"}}},{"from":[7.5035,9.57403,9.61418],"to":[8.4965,10.07403,10.11418],"rotation":{"angle":-22.5,"axis":"x","origin":[7.5035,8.57403,8.86418]},"faces":{"east":{"uv":[15.75,11,15.5,11.25],"texture":"#1"},"south":{"uv":[10,15,9.5,15.25],"texture":"#1"},"west":{"uv":[11.75,15.5,11.5,15.75],"texture":"#1"},"up":{"uv":[13,15,12.5,15.25],"texture":"#1"},"down":{"uv":[14,15.25,13.5,15],"texture":"#1"}}},{"from":[7.985,-3.75,3],"to":[8.015,2.25,7],"rotation":{"angle":45,"axis":"x","origin":[8,-0.75,5]},"faces":{"east":{"uv":[8,0,0,12],"texture":"#2"},"west":{"uv":[0,0,8,12],"texture":"#2"}}}],"gui_light":"front","display":{"thirdperson_righthand":{"translation":[0,1.25,1]},"thirdperson_lefthand":{"translation":[0,1.25,1]},"firstperson_righthand":{"rotation":[5.75,0,0],"translation":[2.75,0.5,0],"scale":[0.7,0.7,0.7]},"firstperson_lefthand":{"rotation":[5.75,0,0],"translation":[2.75,0.5,0],"scale":[0.7,0.7,0.7]},"ground":{"rotation":[-45,0,0],"translation":[0,3,0],"scale":[0.7,0.7,0.7]},"gui":{"rotation":[-90,45,90],"translation":[3.5,-3.5,0],"scale":[0.7,0.7,0.7]},"head":{"rotation":[0,-90,0]},"fixed":{"rotation":[0,-90,0],"translation":[0,0,-1],"scale":[2,2,2]}},"mcmodels":"85721e714bf9e86004e2a432cd3be28a"}