{"credit":"Pologony Creation Co.,Ltd.","textures":{"1":"spartan_set:trident","2":"spartan_set:animations/animation_1","particle":"spartan_set:animations/animation_1"},"elements":[{"from":[7.5,-6.56421,6.79289],"to":[8.5,-5.06421,8.29289],"rotation":{"angle":45,"axis":"x","origin":[7.5,-6.56421,7.29289]},"faces":{"north":{"uv":[3.11111,7.55556,3.55556,8.22222],"texture":"#1"},"east":{"uv":[1.77778,7.55556,2.44444,8.22222],"texture":"#1"},"south":{"uv":[10.22222,0,10.66667,0.66667],"texture":"#1"},"west":{"uv":[7.55556,2.66667,8.22222,3.33333],"texture":"#1"},"up":{"uv":[1.77778,10.88889,1.33333,10.22222],"texture":"#1"},"down":{"uv":[10.66667,1.33333,10.22222,2],"texture":"#1"}}},{"from":[7.25,-6.31421,7.04289],"to":[8.75,-5.31421,8.04289],"rotation":{"angle":45,"axis":"x","origin":[7.5,-6.56421,7.29289]},"faces":{"north":{"uv":[2.22222,10.22222,2.88889,10.66667],"texture":"#1"},"east":{"uv":[11.55556,5.33333,12,5.77778],"texture":"#1"},"south":{"uv":[10.22222,2.66667,10.88889,3.11111],"texture":"#1"},"west":{"uv":[9.77778,11.55556,10.22222,12],"texture":"#1"},"up":{"uv":[4.22222,10.66667,3.55556,10.22222],"texture":"#1"},"down":{"uv":[10.88889,3.55556,10.22222,4],"texture":"#1"}}},{"from":[8,-5.5,7.11612],"to":[9.25,-5,8.36612],"rotation":{"angle":-45,"axis":"y","origin":[8,-5.5,7.11612]},"faces":{"north":{"uv":[12.88889,0,13.44444,0.22222],"texture":"#1"},"east":{"uv":[12.88889,0.88889,13.44444,1.11111],"texture":"#1"},"south":{"uv":[12.88889,5.77778,13.44444,6],"texture":"#1"},"west":{"uv":[12.88889,6.66667,13.44444,6.88889],"texture":"#1"},"up":{"uv":[9,8.55556,8.44444,8],"texture":"#1"},"down":{"uv":[9.44444,0,8.88889,0.55556],"texture":"#1"}}},{"from":[8,-4.5,7.11612],"to":[9.25,-4,8.36612],"rotation":{"angle":-45,"axis":"y","origin":[8,-4.5,7.11612]},"faces":{"north":{"uv":[7.55556,12.88889,8.11111,13.11111],"texture":"#1"},"east":{"uv":[12.88889,9.77778,13.44444,10],"texture":"#1"},"south":{"uv":[12.88889,10.66667,13.44444,10.88889],"texture":"#1"},"west":{"uv":[13.33333,1.77778,13.88889,2],"texture":"#1"},"up":{"uv":[1.88889,9.44444,1.33333,8.88889],"texture":"#1"},"down":{"uv":[9.44444,1.33333,8.88889,1.88889],"texture":"#1"}}},{"from":[8.15,-5,7.26612],"to":[9.1,-4.5,8.21612],"rotation":{"angle":-45,"axis":"y","origin":[8,-5,7.11612]},"faces":{"north":{"uv":[10.22222,14.22222,10.66667,14.44444],"texture":"#1"},"east":{"uv":[14.22222,10.22222,14.66667,10.44444],"texture":"#1"},"south":{"uv":[11.11111,14.22222,11.55556,14.44444],"texture":"#1"},"west":{"uv":[12,14.22222,12.44444,14.44444],"texture":"#1"}}},{"from":[8,2.25,7.11612],"to":[9.25,2.75,8.36612],"rotation":{"angle":-45,"axis":"y","origin":[8,2.25,7.11612]},"faces":{"north":{"uv":[0,13.77778,0.55556,14],"texture":"#1"},"east":{"uv":[1.33333,13.77778,1.88889,14],"texture":"#1"},"south":{"uv":[2.66667,13.77778,3.22222,14],"texture":"#1"},"west":{"uv":[4,13.77778,4.55556,14],"texture":"#1"},"up":{"uv":[9,9.88889,8.44444,9.33333],"texture":"#1"},"down":{"uv":[5.88889,9.77778,5.33333,10.33333],"texture":"#1"}}},{"from":[8,3.25,7.11612],"to":[9.25,3.75,8.36612],"rotation":{"angle":-45,"axis":"y","origin":[8,3.25,7.11612]},"faces":{"north":{"uv":[11.55556,13.33333,12.11111,13.55556],"texture":"#1"},"east":{"uv":[13.33333,11.55556,13.88889,11.77778],"texture":"#1"},"south":{"uv":[13.33333,12.44444,13.88889,12.66667],"texture":"#1"},"west":{"uv":[12.88889,13.33333,13.44444,13.55556],"texture":"#1"},"up":{"uv":[9.44444,5.88889,8.88889,5.33333],"texture":"#1"},"down":{"uv":[0.55556,9.33333,0,9.88889],"texture":"#1"}}},{"from":[8.15,2.75,7.26612],"to":[9.1,3.25,8.21612],"rotation":{"angle":-45,"axis":"y","origin":[8,2.75,7.11612]},"faces":{"north":{"uv":[14.66667,2.66667,15.11111,2.88889],"texture":"#1"},"east":{"uv":[3.55556,14.66667,4,14.88889],"texture":"#1"},"south":{"uv":[14.66667,3.55556,15.11111,3.77778],"texture":"#1"},"west":{"uv":[4.44444,14.66667,4.88889,14.88889],"texture":"#1"}}},{"from":[8.25,3.75,7.36612],"to":[9,12,8.11612],"rotation":{"angle":-45,"axis":"y","origin":[8,8.5,7.11612]},"faces":{"north":{"uv":[2.22222,3.11111,2.55556,6.77778],"texture":"#1"},"east":{"uv":[3.11111,3.11111,3.44444,6.77778],"texture":"#1"},"south":{"uv":[0,3.55556,0.33333,7.22222],"texture":"#1"},"west":{"uv":[0.88889,3.55556,1.22222,7.22222],"texture":"#1"}}},{"from":[8.25,13.5,7.36612],"to":[9,21.75,8.11612],"rotation":{"angle":-45,"axis":"y","origin":[8,18.25,7.11612]},"faces":{"north":{"uv":[4,0,4.33333,3.66667],"texture":"#1"},"east":{"uv":[4,4.44444,4.33333,8.11111],"texture":"#1"},"south":{"uv":[4.88889,0,5.22222,3.66667],"texture":"#1"},"west":{"uv":[4.88889,4.44444,5.22222,8.11111],"texture":"#1"}}},{"from":[8.25,-4,7.36612],"to":[9,2.25,8.11612],"rotation":{"angle":-45,"axis":"y","origin":[8,-1.25,7.11612]},"faces":{"north":{"uv":[5.77778,0,6.11111,2.77778],"texture":"#1"},"east":{"uv":[5.77778,3.55556,6.11111,6.33333],"texture":"#1"},"south":{"uv":[6.66667,0,7,2.77778],"texture":"#1"},"west":{"uv":[6.66667,3.55556,7,6.33333],"texture":"#1"}}},{"from":[8,12,7.11612],"to":[9.25,12.5,8.36612],"rotation":{"angle":-45,"axis":"y","origin":[8,12,7.11612]},"faces":{"north":{"uv":[14.22222,5.33333,14.77778,5.55556],"texture":"#1"},"east":{"uv":[14.22222,6.22222,14.77778,6.44444],"texture":"#1"},"south":{"uv":[8.88889,14.22222,9.44444,14.44444],"texture":"#1"},"west":{"uv":[14.22222,9.33333,14.77778,9.55556],"texture":"#1"},"up":{"uv":[10.33333,8.55556,9.77778,8],"texture":"#1"},"down":{"uv":[10.33333,9.33333,9.77778,9.88889],"texture":"#1"}}},{"from":[8,13,7.11612],"to":[9.25,13.5,8.36612],"rotation":{"angle":-45,"axis":"y","origin":[8,13,7.11612]},"faces":{"north":{"uv":[7.55556,13.77778,8.11111,14],"texture":"#1"},"east":{"uv":[14.22222,0,14.77778,0.22222],"texture":"#1"},"south":{"uv":[14.22222,0.88889,14.77778,1.11111],"texture":"#1"},"west":{"uv":[5.33333,14.22222,5.88889,14.44444],"texture":"#1"},"up":{"uv":[7.22222,10.33333,6.66667,9.77778],"texture":"#1"},"down":{"uv":[10.33333,6.66667,9.77778,7.22222],"texture":"#1"}}},{"from":[8.15,12.5,7.26612],"to":[9.1,13,8.21612],"rotation":{"angle":-45,"axis":"y","origin":[8,12.5,7.11612]},"faces":{"north":{"uv":[14.66667,4.44444,15.11111,4.66667],"texture":"#1"},"east":{"uv":[14.66667,7.11111,15.11111,7.33333],"texture":"#1"},"south":{"uv":[7.55556,14.66667,8,14.88889],"texture":"#1"},"west":{"uv":[14.66667,8,15.11111,8.22222],"texture":"#1"}}},{"from":[8,21.75,7.11612],"to":[9.25,22.25,8.36612],"rotation":{"angle":-45,"axis":"y","origin":[8,21.75,7.11612]},"faces":{"north":{"uv":[13.33333,2.66667,13.88889,2.88889],"texture":"#1"},"east":{"uv":[13.33333,3.55556,13.88889,3.77778],"texture":"#1"},"south":{"uv":[13.33333,4.44444,13.88889,4.66667],"texture":"#1"},"west":{"uv":[6.22222,13.33333,6.77778,13.55556],"texture":"#1"},"up":{"uv":[3.22222,9.44444,2.66667,8.88889],"texture":"#1"},"down":{"uv":[9.44444,2.66667,8.88889,3.22222],"texture":"#1"}}},{"from":[8.15,22.25,7.26612],"to":[9.1,22.75,8.21612],"rotation":{"angle":-45,"axis":"y","origin":[8,22.25,7.11612]},"faces":{"north":{"uv":[12.88889,14.22222,13.33333,14.44444],"texture":"#1"},"east":{"uv":[14.22222,13.33333,14.66667,13.55556],"texture":"#1"},"south":{"uv":[13.77778,14.22222,14.22222,14.44444],"texture":"#1"},"west":{"uv":[0,14.66667,0.44444,14.88889],"texture":"#1"}}},{"from":[8,22.75,7.11612],"to":[9.25,23.25,8.36612],"rotation":{"angle":-45,"axis":"y","origin":[8,22.75,7.11612]},"faces":{"north":{"uv":[13.33333,7.55556,13.88889,7.77778],"texture":"#1"},"east":{"uv":[13.33333,8.44444,13.88889,8.66667],"texture":"#1"},"south":{"uv":[8.88889,13.33333,9.44444,13.55556],"texture":"#1"},"west":{"uv":[10.22222,13.33333,10.77778,13.55556],"texture":"#1"},"up":{"uv":[4.55556,9.44444,4,8.88889],"texture":"#1"},"down":{"uv":[9.44444,4,8.88889,4.55556],"texture":"#1"}}},{"from":[7.625,-6.91421,6.25],"to":[8.375,-5.91421,7.75],"rotation":{"angle":22.5,"axis":"x","origin":[7.625,-6.91421,6.75]},"faces":{"north":{"uv":[12.44444,8.88889,12.77778,9.33333],"texture":"#1"},"east":{"uv":[10.22222,4.44444,10.88889,4.88889],"texture":"#1"},"south":{"uv":[9.77778,12.44444,10.11111,12.88889],"texture":"#1"},"west":{"uv":[10.22222,5.33333,10.88889,5.77778],"texture":"#1"},"up":{"uv":[0.33333,12.22222,0,11.55556],"texture":"#1"},"down":{"uv":[1.22222,11.55556,0.88889,12.22222],"texture":"#1"}}},{"from":[7.6285,-6.79899,5.90538],"to":[8.3715,-5.54899,6.65538],"rotation":{"angle":-22.5,"axis":"x","origin":[7.6285,-5.79899,5.90538]},"faces":{"north":{"uv":[12,6.22222,12.33333,6.77778],"texture":"#1"},"east":{"uv":[6.66667,12,7,12.55556],"texture":"#1"},"south":{"uv":[12,10.22222,12.33333,10.77778],"texture":"#1"},"west":{"uv":[1.77778,12.44444,2.11111,13],"texture":"#1"},"up":{"uv":[1.22222,13.22222,0.88889,12.88889],"texture":"#1"}}},{"from":[7.625,-6.91421,8.25],"to":[8.375,-5.91421,9.75],"rotation":{"angle":-22.5,"axis":"x","origin":[7.625,-6.91421,9.25]},"faces":{"north":{"uv":[10.66667,12.44444,11,12.88889],"texture":"#1"},"east":{"uv":[0,10.66667,0.66667,11.11111],"texture":"#1"},"south":{"uv":[11.55556,12.44444,11.88889,12.88889],"texture":"#1"},"west":{"uv":[8,10.66667,8.66667,11.11111],"texture":"#1"},"up":{"uv":[11.88889,3.33333,11.55556,2.66667],"texture":"#1"},"down":{"uv":[11.88889,4,11.55556,4.66667],"texture":"#1"}}},{"from":[7.6285,-6.79899,9.34462],"to":[8.3715,-5.54899,10.09462],"rotation":{"angle":22.5,"axis":"x","origin":[7.6285,-5.79899,10.09462]},"faces":{"north":{"uv":[12.44444,1.77778,12.77778,2.33333],"texture":"#1"},"east":{"uv":[2.66667,12.44444,3,13],"texture":"#1"},"south":{"uv":[12.44444,3.11111,12.77778,3.66667],"texture":"#1"},"west":{"uv":[3.55556,12.44444,3.88889,13],"texture":"#1"},"up":{"uv":[7,14.55556,6.66667,14.22222],"texture":"#1"}}},{"from":[7.5,23.33579,5.75],"to":[8.5,24.33579,7.25],"rotation":{"angle":-22.5,"axis":"x","origin":[7.5,23.33579,5.75]},"faces":{"north":{"uv":[10.66667,11.55556,11.11111,12],"texture":"#1"},"east":{"uv":[9.33333,10.66667,10,11.11111],"texture":"#1"},"south":{"uv":[11.55556,11.55556,12,12],"texture":"#1"},"west":{"uv":[10.66667,10.66667,11.33333,11.11111],"texture":"#1"},"up":{"uv":[11.55556,0.66667,11.11111,0],"texture":"#1"},"down":{"uv":[11.55556,1.33333,11.11111,2],"texture":"#1"}}},{"from":[7.75,23.5287,6.28701],"to":[8.25,24.2787,7.28701],"rotation":{"angle":22.5,"axis":"x","origin":[7.5,24.0287,6.03701]},"faces":{"east":{"uv":[12.44444,11.55556,12.88889,11.88889],"texture":"#1"},"south":{"uv":[14.66667,11.11111,14.88889,11.44444],"texture":"#1"},"west":{"uv":[12.44444,12.44444,12.88889,12.77778],"texture":"#1"},"down":{"uv":[1.11111,14.66667,0.88889,15.11111],"texture":"#1"}}},{"from":[7.5035,23.90982,6.38582],"to":[8.4965,25.40982,7.13582],"rotation":{"angle":22.5,"axis":"x","origin":[7.5035,23.90982,7.13582]},"faces":{"north":{"uv":[2.22222,11.11111,2.66667,11.77778],"texture":"#1"},"east":{"uv":[8,11.55556,8.33333,12.22222],"texture":"#1"},"south":{"uv":[3.11111,11.11111,3.55556,11.77778],"texture":"#1"},"west":{"uv":[8.88889,11.55556,9.22222,12.22222],"texture":"#1"},"up":{"uv":[0.44444,13.22222,0,12.88889],"texture":"#1"}}},{"from":[7.5035,24.90982,5.88582],"to":[8.4965,25.40982,6.38582],"rotation":{"angle":22.5,"axis":"x","origin":[7.5035,23.90982,7.13582]},"faces":{"north":{"uv":[1.77778,14.66667,2.22222,14.88889],"texture":"#1"},"east":{"uv":[14.66667,12,14.88889,12.22222],"texture":"#1"},"west":{"uv":[14.66667,14.22222,14.88889,14.44444],"texture":"#1"},"up":{"uv":[15.11111,2,14.66667,1.77778],"texture":"#1"},"down":{"uv":[3.11111,14.66667,2.66667,14.88889],"texture":"#1"}}},{"from":[7.65,24.33579,6.58579],"to":[8.35,26.33579,8.58579],"rotation":{"angle":45,"axis":"x","origin":[7.5,24.33579,6.58579]},"faces":{"north":{"uv":[4,11.11111,4.33333,12],"texture":"#1"},"east":{"uv":[5.77778,7.11111,6.66667,8],"texture":"#1"},"south":{"uv":[4.88889,11.11111,5.22222,12],"texture":"#1"},"west":{"uv":[7.11111,7.11111,8,8],"texture":"#1"},"up":{"uv":[6.11111,12,5.77778,11.11111],"texture":"#1"},"down":{"uv":[11.44444,6.22222,11.11111,7.11111],"texture":"#1"}}},{"from":[7.4,24.58579,6.83579],"to":[8.6,26.08579,8.33579],"rotation":{"angle":45,"axis":"x","origin":[7.5,24.33579,6.58579]},"faces":{"north":{"uv":[0,8,0.55556,8.66667],"texture":"#1"},"east":{"uv":[7.55556,4,8.22222,4.66667],"texture":"#1"},"south":{"uv":[5.77778,8.44444,6.33333,9.11111],"texture":"#1"},"west":{"uv":[7.55556,5.33333,8.22222,6],"texture":"#1"},"up":{"uv":[9,7.33333,8.44444,6.66667],"texture":"#1"},"down":{"uv":[7.66667,8.44444,7.11111,9.11111],"texture":"#1"}}},{"from":[7.4,23.18579,5.75],"to":[8.6,24.18579,6.75],"rotation":{"angle":-45,"axis":"x","origin":[7.5,23.18579,5.75]},"faces":{"north":{"uv":[6.66667,11.11111,7.22222,11.55556],"texture":"#1"},"east":{"uv":[12,0,12.44444,0.44444],"texture":"#1"},"south":{"uv":[11.11111,7.55556,11.66667,8],"texture":"#1"},"west":{"uv":[12,0.88889,12.44444,1.33333],"texture":"#1"},"up":{"uv":[11.66667,8.88889,11.11111,8.44444],"texture":"#1"},"down":{"uv":[11.66667,9.33333,11.11111,9.77778],"texture":"#1"}}},{"from":[7.5035,24.90982,9.61418],"to":[8.4965,25.40982,10.11418],"rotation":{"angle":-22.5,"axis":"x","origin":[7.5035,23.90982,8.86418]},"faces":{"east":{"uv":[14.88889,12,14.66667,12.22222],"texture":"#1"},"south":{"uv":[2.22222,14.66667,1.77778,14.88889],"texture":"#1"},"west":{"uv":[14.88889,14.22222,14.66667,14.44444],"texture":"#1"},"up":{"uv":[15.11111,1.77778,14.66667,2],"texture":"#1"},"down":{"uv":[3.11111,14.88889,2.66667,14.66667],"texture":"#1"}}},{"from":[7.5035,23.90982,8.86418],"to":[8.4965,25.40982,9.61418],"rotation":{"angle":-22.5,"axis":"x","origin":[7.5035,23.90982,8.86418]},"faces":{"north":{"uv":[3.55556,11.11111,3.11111,11.77778],"texture":"#1"},"east":{"uv":[8.33333,11.55556,8,12.22222],"texture":"#1"},"south":{"uv":[2.66667,11.11111,2.22222,11.77778],"texture":"#1"},"west":{"uv":[9.22222,11.55556,8.88889,12.22222],"texture":"#1"},"up":{"uv":[0.44444,12.88889,0,13.22222],"texture":"#1"}}},{"from":[7.5,23.33579,8.75],"to":[8.5,24.33579,10.25],"rotation":{"angle":22.5,"axis":"x","origin":[7.5,23.33579,10.25]},"faces":{"north":{"uv":[12,11.55556,11.55556,12],"texture":"#1"},"east":{"uv":[10,10.66667,9.33333,11.11111],"texture":"#1"},"south":{"uv":[11.11111,11.55556,10.66667,12],"texture":"#1"},"west":{"uv":[11.33333,10.66667,10.66667,11.11111],"texture":"#1"},"up":{"uv":[11.55556,0,11.11111,0.66667],"texture":"#1"},"down":{"uv":[11.55556,2,11.11111,1.33333],"texture":"#1"}}},{"from":[7.75,23.5287,8.71299],"to":[8.25,24.2787,9.71299],"rotation":{"angle":-22.5,"axis":"x","origin":[7.5,24.0287,9.96299]},"faces":{"north":{"uv":[14.88889,11.11111,14.66667,11.44444],"texture":"#1"},"east":{"uv":[12.88889,11.55556,12.44444,11.88889],"texture":"#1"},"west":{"uv":[12.88889,12.44444,12.44444,12.77778],"texture":"#1"},"down":{"uv":[1.11111,15.11111,0.88889,14.66667],"texture":"#1"}}},{"from":[7.4,23.18579,9.25],"to":[8.6,24.18579,10.25],"rotation":{"angle":45,"axis":"x","origin":[7.5,23.18579,10.25]},"faces":{"north":{"uv":[11.66667,7.55556,11.11111,8],"texture":"#1"},"east":{"uv":[12.44444,0,12,0.44444],"texture":"#1"},"south":{"uv":[7.22222,11.11111,6.66667,11.55556],"texture":"#1"},"west":{"uv":[12.44444,0.88889,12,1.33333],"texture":"#1"},"up":{"uv":[11.66667,8.44444,11.11111,8.88889],"texture":"#1"},"down":{"uv":[11.66667,9.77778,11.11111,9.33333],"texture":"#1"}}},{"from":[7.75,24.43833,8],"to":[8.25,26.18833,9.75],"rotation":{"angle":-45,"axis":"x","origin":[7.75,24.43833,8]},"faces":{"north":{"uv":[4.44444,12.44444,4.66667,13.22222],"texture":"#1"},"east":{"uv":[7.55556,0,8.33333,0.77778],"texture":"#1"},"south":{"uv":[12.44444,4.44444,12.66667,5.22222],"texture":"#1"},"west":{"uv":[7.55556,1.33333,8.33333,2.11111],"texture":"#1"},"up":{"uv":[5.55556,13.22222,5.33333,12.44444],"texture":"#1"},"down":{"uv":[12.66667,7.55556,12.44444,8.33333],"texture":"#1"}}},{"from":[7.985,24.725,6.375],"to":[8.015,31.725,9.625],"rotation":{"angle":0,"axis":"y","origin":[7.985,25.42577,6.375]},"faces":{"east":{"uv":[1.44444,0,0,3.11111],"texture":"#1"},"west":{"uv":[0,0,1.44444,3.11111],"texture":"#1"}}},{"from":[7.985,23,3.25],"to":[8.015,29,6.25],"rotation":{"angle":0,"axis":"y","origin":[7.985,23,3.25]},"faces":{"east":{"uv":[3.55556,0,2.22222,2.66667],"texture":"#1"},"west":{"uv":[2.22222,0,3.55556,2.66667],"texture":"#1"}}},{"from":[7.985,23,9.75],"to":[8.015,29,12.75],"rotation":{"angle":0,"axis":"y","origin":[7.985,23,12.75]},"faces":{"east":{"uv":[2.22222,0,3.55556,2.66667],"texture":"#1"},"west":{"uv":[3.55556,0,2.22222,2.66667],"texture":"#1"}}},{"from":[7.995,18,2],"to":[8.005,24,6],"rotation":{"angle":0,"axis":"y","origin":[8.01,21,4]},"faces":{"east":{"uv":[8,0,0,12],"texture":"#2"},"west":{"uv":[0,0,8,12],"texture":"#2"}}},{"from":[7.995,18,10],"to":[8.005,24,14],"rotation":{"angle":0,"axis":"y","origin":[8.01,21,12]},"faces":{"east":{"uv":[0,0,8,12],"texture":"#2"},"west":{"uv":[8,0,0,12],"texture":"#2"}}}],"gui_light":"front","display":{"thirdperson_righthand":{"translation":[0,-2.75,1]},"thirdperson_lefthand":{"translation":[0,-2.75,1]},"firstperson_righthand":{"rotation":[-28.5,0,0],"translation":[2.75,1,3.75],"scale":[0.7,0.7,0.7]},"firstperson_lefthand":{"rotation":[-28.5,0,0],"translation":[2.75,1,3.75],"scale":[0.7,0.7,0.7]},"ground":{"rotation":[-45,0,0],"translation":[0,3,0],"scale":[0.7,0.7,0.7]},"gui":{"rotation":[-90,45,90],"translation":[1.5,-1.5,0],"scale":[0.6,0.6,0.6]},"head":{"rotation":[0,-90,0]},"fixed":{"rotation":[0,-90,0],"translation":[0,0,-1],"scale":[2,2,2]}},"mcmodels":"85721e714bf9e86004e2a432cd3be28a"}