{"textures":{"0":"modelengine:entity/hv_grimleaf_projectile","particle":"#0"},"elements":[{"from":[5.5,5.5,5.9],"to":[5.5,10.5,11.9],"faces":{"east":{"uv":[0.0,0.0,4.0,3.3333335],"tintindex":0,"rotation":0,"texture":"#0"},"west":{"uv":[0.0,3.3333335,4.0,6.666667],"tintindex":0,"rotation":0,"texture":"#0"}}},{"from":[5.5,10.5,5.9],"to":[10.5,10.5,11.9],"faces":{"up":{"uv":[7.3333335,4.0,4.0,0.0],"tintindex":0,"rotation":0,"texture":"#0"},"down":{"uv":[7.3333335,4.0,4.0,8.0],"tintindex":0,"rotation":0,"texture":"#0"}}},{"from":[5.5,5.5,2.9],"to":[10.5,10.5,5.9],"faces":{"east":{"uv":[10.666667,0.0,12.666667,3.3333335],"tintindex":0,"rotation":0,"texture":"#0"},"south":{"uv":[0.0,10.666667,3.3333335,14.0],"tintindex":0,"rotation":0,"texture":"#0"},"north":{"uv":[3.3333335,8.0,6.666667,11.333334],"tintindex":0,"rotation":0,"texture":"#0"},"west":{"uv":[6.666667,10.666667,8.666667,14.0],"tintindex":0,"rotation":0,"texture":"#0"},"up":{"uv":[12.0,12.666667,8.666667,10.666667],"tintindex":0,"rotation":0,"texture":"#0"},"down":{"uv":[6.666667,11.333334,3.3333335,13.333334],"tintindex":0,"rotation":0,"texture":"#0"}}},{"from":[10.5,5.5,5.9],"to":[10.5,10.5,11.9],"faces":{"east":{"uv":[7.3333335,4.0,11.333334,7.3333335],"tintindex":0,"rotation":0,"texture":"#0"},"west":{"uv":[7.3333335,7.3333335,11.333334,10.666667],"tintindex":0,"rotation":0,"texture":"#0"}}},{"from":[5.5,5.5,5.9],"to":[10.5,5.5,11.9],"faces":{"up":{"uv":[3.3333335,10.666667,0.0,6.666667],"tintindex":0,"rotation":0,"texture":"#0"},"down":{"uv":[10.666667,0.0,7.3333335,4.0],"tintindex":0,"rotation":0,"texture":"#0"}}}],"display":{"head":{"rotation":[0.0,0.0,0.0]},"firstperson_righthand":{"rotation":[0.0,0.0,0.0]},"thirdperson_lefthand":{"rotation":[0.0,-0.0,-0.0]},"firstperson_lefthand":{"rotation":[0.0,-0.0,-0.0]},"fixed":{"rotation":[0.0,0.0,0.0]},"ground":{"rotation":[0.0,0.0,0.0]},"thirdperson_righthand":{"rotation":[0.0,0.0,0.0]},"gui":{"rotation":[-150.0,-45.0,180.0]}}}