{"credit":"Pologony Creation Co.,Ltd.","texture_size":[40,40],"textures":{"2":"plny_beeset:animated/honey_1","3":"plny_beeset:bow","4":"plny_beeset:animated/bee_animated","7":"plny_beeset:tool","particle":"plny_beeset:animated/bee_animated"},"elements":[{"from":[7.375,3,7],"to":[8.625,5,9],"rotation":{"angle":-45,"axis":"x","origin":[8.125,4,8]},"faces":{"north":{"uv":[6,8,6.5,8.8],"texture":"#7"},"east":{"uv":[4.8,0,5.6,0.8],"texture":"#7"},"south":{"uv":[8,6.8,8.5,7.6],"texture":"#7"},"west":{"uv":[4.8,1.2,5.6,2],"texture":"#7"},"up":{"uv":[8.5,8.8,8,8],"texture":"#7"},"down":{"uv":[8.9,0,8.4,0.8],"texture":"#7"}}},{"from":[7.125,3.25,7.25],"to":[8.875,4.75,8.75],"rotation":{"angle":-45,"axis":"x","origin":[8.125,4,8]},"faces":{"north":{"uv":[1.6,8,2.3,8.6],"texture":"#7"},"east":{"uv":[6,9.2,6.6,9.8],"texture":"#7"},"south":{"uv":[8,4.4,8.7,5],"texture":"#7"},"west":{"uv":[9.2,6.4,9.8,7],"texture":"#7"},"up":{"uv":[5.5,8.6,4.8,8],"texture":"#7"},"down":{"uv":[8.7,5.6,8,6.2],"texture":"#7"}}},{"from":[7,4.875,7],"to":[9,5.625,9],"rotation":{"angle":45,"axis":"y","origin":[8,5.25,8]},"faces":{"north":{"uv":[12.8,10,13.6,10.3],"texture":"#7"},"east":{"uv":[13.2,4.4,14,4.7],"texture":"#7"},"south":{"uv":[13.2,5.2,14,5.5],"texture":"#7"},"west":{"uv":[5.6,13.2,6.4,13.5],"texture":"#7"},"up":{"uv":[5.6,4.8,4.8,4],"texture":"#7"},"down":{"uv":[6,2.4,5.2,3.2],"texture":"#7"}}},{"from":[7.42678,5.625,7.17678],"to":[8.92678,6.875,8.67678],"rotation":{"angle":45,"axis":"y","origin":[8.17678,6,8.17678]},"faces":{"north":{"uv":[10.8,10,11.4,10.5],"texture":"#7"},"east":{"uv":[0.8,11.2,1.4,11.7],"texture":"#7"},"south":{"uv":[11.2,1.2,11.8,1.7],"texture":"#7"},"west":{"uv":[11.2,5.2,11.8,5.7],"texture":"#7"},"up":{"uv":[7.8,9.8,7.2,9.2],"texture":"#7"}}},{"from":[7.42678,6.875,7.32322],"to":[8.42678,9.125,8.32322],"rotation":{"angle":45,"axis":"y","origin":[8.17678,7.25,7.82322]},"faces":{"north":{"uv":[9.2,7.6,9.6,8.5],"texture":"#7"},"east":{"uv":[8.4,9.2,8.8,10.1],"texture":"#7"},"south":{"uv":[9.2,9.2,9.6,10.1],"texture":"#7"},"west":{"uv":[0,10,0.4,10.9],"texture":"#7"}}},{"from":[7.42678,9.125,7.17678],"to":[8.92678,10.375,8.67678],"rotation":{"angle":45,"axis":"y","origin":[8.17678,9.5,8.17678]},"faces":{"north":{"uv":[10.4,11.2,11,11.7],"texture":"#7"},"east":{"uv":[2,11.6,2.6,12.1],"texture":"#7"},"south":{"uv":[11.6,2.4,12.2,2.9],"texture":"#7"},"west":{"uv":[3.2,11.6,3.8,12.1],"texture":"#7"},"down":{"uv":[10.2,0,9.6,0.6],"texture":"#7"}}},{"from":[7.2475,11.06201,5.78649],"to":[8.7525,12.06201,8.28649],"rotation":{"angle":22.5,"axis":"x","origin":[7.9975,11.56201,7.03649]},"faces":{"north":{"uv":[3.6,13.6,4.2,14],"texture":"#3"},"east":{"uv":[6.4,12.4,7.4,12.8],"texture":"#3"},"south":{"uv":[14,5.2,14.6,5.6],"texture":"#3"},"west":{"uv":[12.4,7.6,13.4,8],"texture":"#3"},"up":{"uv":[9,11.8,8.4,10.8],"texture":"#3"},"down":{"uv":[11.4,10.4,10.8,11.4],"texture":"#3"}}},{"from":[7.25,11.57843,5.6903],"to":[8.75,14.82843,6.6903],"rotation":{"angle":0,"axis":"y","origin":[8,14.84803,7.18846]},"faces":{"north":{"uv":[1.2,10.8,1.8,12.1],"texture":"#3"},"east":{"uv":[5.6,12.4,6,13.7],"texture":"#3"},"south":{"uv":[2.4,10.8,3,12.1],"texture":"#3"},"west":{"uv":[12.4,5.6,12.8,6.9],"texture":"#3"}}},{"from":[7.2475,14.3672,5.89889],"to":[8.7525,15.3672,8.39889],"rotation":{"angle":-22.5,"axis":"x","origin":[7.9975,14.57348,7.14889]},"faces":{"north":{"uv":[14,8.4,14.6,8.8],"texture":"#3"},"east":{"uv":[13.2,3.6,14.2,4],"texture":"#3"},"south":{"uv":[9.2,14,9.8,14.4],"texture":"#3"},"west":{"uv":[13.2,4.4,14.2,4.8],"texture":"#3"},"up":{"uv":[11.8,7.4,11.2,6.4],"texture":"#3"},"down":{"uv":[11.8,8,11.2,9],"texture":"#3"}}},{"from":[7.2485,14.37291,7.57241],"to":[8.7515,15.37291,10.07241],"rotation":{"angle":22.5,"axis":"x","origin":[7.9985,14.50419,8.82241]},"faces":{"east":{"uv":[0,12.8,1,13.2],"texture":"#3"},"south":{"uv":[14,7.6,14.6,8],"texture":"#3"},"west":{"uv":[1.6,12.8,2.6,13.2],"texture":"#3"},"up":{"uv":[11.8,4.2,11.2,3.2],"texture":"#3"},"down":{"uv":[11.8,4.8,11.2,5.8],"texture":"#3"}}},{"from":[7.25,11.57843,9.3097],"to":[8.75,14.82843,10.3097],"rotation":{"angle":0,"axis":"y","origin":[8,14.84803,8.81154]},"faces":{"north":{"uv":[9.6,10.4,10.2,11.7],"texture":"#3"},"east":{"uv":[12.4,3.6,12.8,4.9],"texture":"#3"},"south":{"uv":[0,10.8,0.6,12.1],"texture":"#3"},"west":{"uv":[4.8,12.4,5.2,13.7],"texture":"#3"}}},{"from":[7.2485,11.06201,7.71351],"to":[8.7515,12.06201,10.21351],"rotation":{"angle":-22.5,"axis":"x","origin":[7.9985,11.56201,8.96351]},"faces":{"east":{"uv":[8,12.4,9,12.8],"texture":"#3"},"south":{"uv":[14,6,14.6,6.4],"texture":"#3"},"west":{"uv":[12.4,8.4,13.4,8.8],"texture":"#3"},"up":{"uv":[11.8,1,11.2,0],"texture":"#3"},"down":{"uv":[11.8,1.6,11.2,2.6],"texture":"#3"}}},{"from":[7.5,11.6,6.5],"to":[8.5,14.85,9.5],"rotation":{"angle":0,"axis":"y","origin":[7.5,11.6,6.5]},"faces":{"east":{"uv":[9.6,6.4,10.8,7.7],"texture":"#3"},"west":{"uv":[9.6,8.4,10.8,9.7],"texture":"#3"}}},{"from":[7.25,19.5,5.175],"to":[8.75,21,6.675],"rotation":{"angle":0,"axis":"y","origin":[7.5,19.25,4.925]},"faces":{"east":{"uv":[8,13.2,8.6,13.8],"texture":"#3"},"west":{"uv":[13.2,9.2,13.8,9.8],"texture":"#3"}}},{"from":[7,19.125,4.30821],"to":[9,21.375,5.30821],"rotation":{"angle":0,"axis":"y","origin":[8,22.39461,5.80637]},"faces":{"north":{"uv":[6,10.8,6.8,11.7],"texture":"#3"},"east":{"uv":[6.4,13.2,6.8,14.1],"texture":"#3"},"south":{"uv":[7.2,10.8,8,11.7],"texture":"#3"},"west":{"uv":[7.2,13.2,7.6,14.1],"texture":"#3"}}},{"from":[7,19.125,6.54179],"to":[9,21.375,7.54179],"rotation":{"angle":0,"axis":"y","origin":[8,22.39461,6.04363]},"faces":{"north":{"uv":[3.6,10.8,4.4,11.7],"texture":"#3"},"east":{"uv":[9.6,12.4,10,13.3],"texture":"#3"},"south":{"uv":[4.8,10.8,5.6,11.7],"texture":"#3"},"west":{"uv":[13.2,5.2,13.6,6.1],"texture":"#3"}}},{"from":[6.9985,18.60859,5.6956],"to":[9.0015,19.60859,7.4456],"rotation":{"angle":-22.5,"axis":"x","origin":[7.9985,19.10859,6.1956]},"faces":{"east":{"uv":[2.4,13.6,3.1,14],"texture":"#3"},"south":{"uv":[13.2,12,14,12.4],"texture":"#3"},"west":{"uv":[13.6,2.4,14.3,2.8],"texture":"#3"},"up":{"uv":[13.2,3.1,12.4,2.4],"texture":"#3"},"down":{"uv":[4.4,12.4,3.6,13.1],"texture":"#3"}}},{"from":[6.9975,18.60859,4.4044],"to":[9.0025,19.60859,6.1544],"rotation":{"angle":22.5,"axis":"x","origin":[7.9975,19.10859,5.6544]},"faces":{"north":{"uv":[13.2,11.2,14,11.6],"texture":"#3"},"east":{"uv":[1.2,13.6,1.9,14],"texture":"#3"},"south":{"uv":[11.6,13.2,12.4,13.6],"texture":"#3"},"west":{"uv":[13.6,1.6,14.3,2],"texture":"#3"},"up":{"uv":[13.2,0.7,12.4,0],"texture":"#3"},"down":{"uv":[13.2,1.2,12.4,1.9],"texture":"#3"}}},{"from":[6.9985,20.89141,5.6956],"to":[9.0015,21.89141,7.4456],"rotation":{"angle":22.5,"axis":"x","origin":[7.9985,21.39141,6.1956]},"faces":{"east":{"uv":[12.8,13.2,13.5,13.6],"texture":"#3"},"south":{"uv":[13.2,6.8,14,7.2],"texture":"#3"},"west":{"uv":[0,13.6,0.7,14],"texture":"#3"},"up":{"uv":[12.8,10.3,12,9.6],"texture":"#3"},"down":{"uv":[11.6,12,10.8,12.7],"texture":"#3"}}},{"from":[6.9975,20.89141,4.4044],"to":[9.0025,21.89141,6.1544],"rotation":{"angle":-22.5,"axis":"x","origin":[7.9975,21.39141,5.6544]},"faces":{"north":{"uv":[10.4,13.2,11.2,13.6],"texture":"#3"},"east":{"uv":[13.6,0,14.3,0.4],"texture":"#3"},"south":{"uv":[13.2,10.4,14,10.8],"texture":"#3"},"west":{"uv":[13.6,0.8,14.3,1.2],"texture":"#3"},"up":{"uv":[12.8,11.5,12,10.8],"texture":"#3"},"down":{"uv":[12.8,12,12,12.7],"texture":"#3"}}},{"from":[6.9985,2.64141,7.7706],"to":[9.0015,3.64141,9.5206],"rotation":{"angle":22.5,"axis":"x","origin":[7.9985,3.14141,8.2706]},"faces":{"east":{"uv":[12.8,13.2,13.5,13.6],"texture":"#3"},"south":{"uv":[13.2,6.8,14,7.2],"texture":"#3"},"west":{"uv":[0,13.6,0.7,14],"texture":"#3"},"up":{"uv":[12.8,10.3,12,9.6],"texture":"#3"},"down":{"uv":[11.6,12,10.8,12.7],"texture":"#3"}}},{"from":[6.9975,2.64141,6.4794],"to":[9.0025,3.64141,8.2294],"rotation":{"angle":-22.5,"axis":"x","origin":[7.9975,3.14141,7.7294]},"faces":{"north":{"uv":[10.4,13.2,11.2,13.6],"texture":"#3"},"east":{"uv":[13.6,0,14.3,0.4],"texture":"#3"},"south":{"uv":[13.2,10.4,14,10.8],"texture":"#3"},"west":{"uv":[13.6,0.8,14.3,1.2],"texture":"#3"},"up":{"uv":[12.8,11.5,12,10.8],"texture":"#3"},"down":{"uv":[12.8,12,12,12.7],"texture":"#3"}}},{"from":[7,0.875,6.38321],"to":[9,3.125,7.38321],"rotation":{"angle":0,"axis":"y","origin":[8,4.14461,7.88137]},"faces":{"north":{"uv":[6,10.8,6.8,11.7],"texture":"#3"},"east":{"uv":[6.4,13.2,6.8,14.1],"texture":"#3"},"south":{"uv":[7.2,10.8,8,11.7],"texture":"#3"},"west":{"uv":[7.2,13.2,7.6,14.1],"texture":"#3"}}},{"from":[6.9985,0.35859,7.7706],"to":[9.0015,1.35859,9.5206],"rotation":{"angle":-22.5,"axis":"x","origin":[7.9985,0.85859,8.2706]},"faces":{"east":{"uv":[2.4,13.6,3.1,14],"texture":"#3"},"south":{"uv":[13.2,12,14,12.4],"texture":"#3"},"west":{"uv":[13.6,2.4,14.3,2.8],"texture":"#3"},"up":{"uv":[13.2,3.1,12.4,2.4],"texture":"#3"},"down":{"uv":[4.4,12.4,3.6,13.1],"texture":"#3"}}},{"from":[7,0.875,8.61679],"to":[9,3.125,9.61679],"rotation":{"angle":0,"axis":"y","origin":[8,4.14461,8.11863]},"faces":{"north":{"uv":[3.6,10.8,4.4,11.7],"texture":"#3"},"east":{"uv":[9.6,12.4,10,13.3],"texture":"#3"},"south":{"uv":[4.8,10.8,5.6,11.7],"texture":"#3"},"west":{"uv":[13.2,5.2,13.6,6.1],"texture":"#3"}}},{"from":[6.9975,0.35859,6.4794],"to":[9.0025,1.35859,8.2294],"rotation":{"angle":22.5,"axis":"x","origin":[7.9975,0.85859,7.7294]},"faces":{"north":{"uv":[13.2,11.2,14,11.6],"texture":"#3"},"east":{"uv":[1.2,13.6,1.9,14],"texture":"#3"},"south":{"uv":[11.6,13.2,12.4,13.6],"texture":"#3"},"west":{"uv":[13.6,1.6,14.3,2],"texture":"#3"},"up":{"uv":[13.2,0.7,12.4,0],"texture":"#3"},"down":{"uv":[13.2,1.2,12.4,1.9],"texture":"#3"}}},{"from":[7.25,1.25,7.25],"to":[8.75,2.75,8.75],"rotation":{"angle":0,"axis":"y","origin":[7.5,1,7]},"faces":{"east":{"uv":[8,13.2,8.6,13.8],"texture":"#3"},"west":{"uv":[13.2,9.2,13.8,9.8],"texture":"#3"}}},{"from":[6.9975,-5.89141,4.4044],"to":[9.0025,-4.89141,6.1544],"rotation":{"angle":22.5,"axis":"x","origin":[7.9975,-5.39141,5.6544]},"faces":{"north":{"uv":[10.4,13.6,11.2,13.2],"texture":"#3"},"east":{"uv":[13.6,0.4,14.3,0],"texture":"#3"},"south":{"uv":[13.2,10.8,14,10.4],"texture":"#3"},"west":{"uv":[13.6,1.2,14.3,0.8],"texture":"#3"},"up":{"uv":[12.8,12.7,12,12],"texture":"#3"},"down":{"uv":[12.8,10.8,12,11.5],"texture":"#3"}}},{"from":[6.9985,-5.89141,5.6956],"to":[9.0015,-4.89141,7.4456],"rotation":{"angle":-22.5,"axis":"x","origin":[7.9985,-5.39141,6.1956]},"faces":{"east":{"uv":[12.8,13.6,13.5,13.2],"texture":"#3"},"south":{"uv":[13.2,7.2,14,6.8],"texture":"#3"},"west":{"uv":[0,14,0.7,13.6],"texture":"#3"},"up":{"uv":[11.6,12.7,10.8,12],"texture":"#3"},"down":{"uv":[12.8,9.6,12,10.3],"texture":"#3"}}},{"from":[7,-5.375,6.54179],"to":[9,-3.125,7.54179],"rotation":{"angle":0,"axis":"y","origin":[8,-6.39461,6.04363]},"faces":{"north":{"uv":[3.6,11.7,4.4,10.8],"texture":"#3"},"east":{"uv":[9.6,13.3,10,12.4],"texture":"#3"},"south":{"uv":[4.8,11.7,5.6,10.8],"texture":"#3"},"west":{"uv":[13.2,6.1,13.6,5.2],"texture":"#3"}}},{"from":[7.25,-5,5.175],"to":[8.75,-3.5,6.675],"rotation":{"angle":0,"axis":"y","origin":[7.5,-3.25,4.925]},"faces":{"east":{"uv":[8,13.8,8.6,13.2],"texture":"#3"},"west":{"uv":[13.2,9.8,13.8,9.2],"texture":"#3"}}},{"from":[7,-5.375,4.30821],"to":[9,-3.125,5.30821],"rotation":{"angle":0,"axis":"y","origin":[8,-6.39461,5.80637]},"faces":{"north":{"uv":[6,11.7,6.8,10.8],"texture":"#3"},"east":{"uv":[6.4,14.1,6.8,13.2],"texture":"#3"},"south":{"uv":[7.2,11.7,8,10.8],"texture":"#3"},"west":{"uv":[7.2,14.1,7.6,13.2],"texture":"#3"}}},{"from":[6.9975,-3.60859,4.4044],"to":[9.0025,-2.60859,6.1544],"rotation":{"angle":-22.5,"axis":"x","origin":[7.9975,-3.10859,5.6544]},"faces":{"north":{"uv":[13.2,11.6,14,11.2],"texture":"#3"},"east":{"uv":[1.2,14,1.9,13.6],"texture":"#3"},"south":{"uv":[11.6,13.6,12.4,13.2],"texture":"#3"},"west":{"uv":[13.6,2,14.3,1.6],"texture":"#3"},"up":{"uv":[13.2,1.9,12.4,1.2],"texture":"#3"},"down":{"uv":[13.2,0,12.4,0.7],"texture":"#3"}}},{"from":[6.9985,-3.60859,5.6956],"to":[9.0015,-2.60859,7.4456],"rotation":{"angle":22.5,"axis":"x","origin":[7.9985,-3.10859,6.1956]},"faces":{"east":{"uv":[2.4,14,3.1,13.6],"texture":"#3"},"south":{"uv":[13.2,12.4,14,12],"texture":"#3"},"west":{"uv":[13.6,2.8,14.3,2.4],"texture":"#3"},"up":{"uv":[4.4,13.1,3.6,12.4],"texture":"#3"},"down":{"uv":[13.2,2.4,12.4,3.1],"texture":"#3"}}},{"from":[7.5,10.02843,3.48172],"to":[8.5,12.27843,4.48172],"rotation":{"angle":0,"axis":"y","origin":[8,13.29804,4.97988]},"faces":{"north":{"uv":[10.4,5.2,10.8,6.1],"texture":"#7"},"east":{"uv":[6,10.4,6.4,11.3],"texture":"#7"},"south":{"uv":[6.8,10.4,7.2,11.3],"texture":"#7"},"west":{"uv":[7.6,10.4,8,11.3],"texture":"#7"}}},{"from":[7.4975,11.79484,3.57791],"to":[8.5025,12.79484,5.32791],"rotation":{"angle":-22.5,"axis":"x","origin":[7.9975,12.29484,4.82791]},"faces":{"north":{"uv":[7.2,14,7.6,14.4],"texture":"#7"},"east":{"uv":[0.8,12.4,1.5,12.8],"texture":"#7"},"south":{"uv":[14,7.6,14.4,8],"texture":"#7"},"west":{"uv":[12.4,1.2,13.1,1.6],"texture":"#7"},"up":{"uv":[12.8,5.9,12.4,5.2],"texture":"#7"},"down":{"uv":[8.8,12.4,8.4,13.1],"texture":"#7"}}},{"from":[7.4985,11.79484,4.86911],"to":[8.5015,12.79484,6.61911],"rotation":{"angle":22.5,"axis":"x","origin":[7.9985,12.29484,5.36911]},"faces":{"east":{"uv":[10,12.4,10.7,12.8],"texture":"#7"},"south":{"uv":[14,8.4,14.4,8.8],"texture":"#7"},"west":{"uv":[12.4,10.8,13.1,11.2],"texture":"#7"},"up":{"uv":[11.6,13.1,11.2,12.4],"texture":"#7"},"down":{"uv":[12.8,11.6,12.4,12.3],"texture":"#7"}}},{"from":[7.5,10.02843,5.7153],"to":[8.5,12.27843,6.7153],"rotation":{"angle":0,"axis":"y","origin":[8,13.29804,5.21714]},"faces":{"north":{"uv":[10.8,2.4,11.2,3.3],"texture":"#7"},"east":{"uv":[10.8,6.8,11.2,7.7],"texture":"#7"},"south":{"uv":[8.4,10.8,8.8,11.7],"texture":"#7"},"west":{"uv":[10.8,8.4,11.2,9.3],"texture":"#7"}}},{"from":[7.4985,9.51202,4.86911],"to":[8.5015,10.51202,6.61911],"rotation":{"angle":-22.5,"axis":"x","origin":[7.9985,10.01202,5.36911]},"faces":{"east":{"uv":[12.8,0,13.5,0.4],"texture":"#7"},"south":{"uv":[9.2,14,9.6,14.4],"texture":"#7"},"west":{"uv":[2,12.8,2.7,13.2],"texture":"#7"},"up":{"uv":[0.4,13.5,0,12.8],"texture":"#7"},"down":{"uv":[13.2,2,12.8,2.7],"texture":"#7"}}},{"from":[7.4975,9.51202,3.57791],"to":[8.5025,10.51202,5.32791],"rotation":{"angle":22.5,"axis":"x","origin":[7.9975,10.01202,4.82791]},"faces":{"north":{"uv":[14,9.2,14.4,9.6],"texture":"#7"},"east":{"uv":[3.2,12.8,3.9,13.2],"texture":"#7"},"south":{"uv":[14,10,14.4,10.4],"texture":"#7"},"west":{"uv":[4.4,12.8,5.1,13.2],"texture":"#7"},"up":{"uv":[13.2,7.1,12.8,6.4],"texture":"#7"},"down":{"uv":[7.6,12.8,7.2,13.5],"texture":"#7"}}},{"from":[7.75,10.40343,4.34851],"to":[8.25,11.90343,5.84851],"rotation":{"angle":0,"axis":"y","origin":[7.5,10.15343,4.09851]},"faces":{"east":{"uv":[10.8,0,11.4,0.6],"texture":"#7"},"west":{"uv":[10.8,4,11.4,4.6],"texture":"#7"}}},{"from":[7.985,11.35,-0.4],"to":[8.015,13.85,2.1],"rotation":{"angle":22.5,"axis":"x","origin":[7.985,13.85,2.1]},"faces":{"east":{"uv":[4.6,2.4,3.6,3.4],"rotation":270,"texture":"#7"},"west":{"uv":[3.6,2.4,4.6,3.4],"rotation":90,"texture":"#7"}}},{"from":[7,10.375,7],"to":[9,11.125,9],"rotation":{"angle":45,"axis":"y","origin":[8,10.75,8]},"faces":{"north":{"uv":[2,13.6,2.8,13.9],"texture":"#7"},"east":{"uv":[13.6,2.4,14.4,2.7],"texture":"#7"},"south":{"uv":[3.2,13.6,4,13.9],"texture":"#7"},"west":{"uv":[4.4,13.6,5.2,13.9],"texture":"#7"},"up":{"uv":[6.8,0.8,6,0],"texture":"#7"},"down":{"uv":[6.8,1.2,6,2],"texture":"#7"}}},{"from":[7,15.06066,5.5],"to":[9,15.81066,7.5],"rotation":{"angle":-22.5,"axis":"x","origin":[8,18.31066,6.5]},"faces":{"north":{"uv":[2,13.6,2.8,13.9],"texture":"#7"},"east":{"uv":[13.6,2.4,14.4,2.7],"texture":"#7"},"south":{"uv":[3.2,13.6,4,13.9],"texture":"#7"},"west":{"uv":[4.4,13.6,5.2,13.9],"texture":"#7"},"up":{"uv":[6.8,0.8,6,0],"texture":"#7"},"down":{"uv":[6.8,1.2,6,2],"texture":"#7"}}},{"from":[7,18.31066,5.5],"to":[9,19.06066,7.5],"rotation":{"angle":-22.5,"axis":"x","origin":[8,18.31066,6.5]},"faces":{"north":{"uv":[13.6,6,14.4,6.3],"texture":"#7"},"east":{"uv":[13.6,6.8,14.4,7.1],"texture":"#7"},"south":{"uv":[8,13.6,8.8,13.9],"texture":"#7"},"west":{"uv":[10.4,13.6,11.2,13.9],"texture":"#7"},"up":{"uv":[4.4,6.8,3.6,6],"texture":"#7"},"down":{"uv":[6.8,3.6,6,4.4],"texture":"#7"}}},{"from":[7.3725,11.96981,3.6784],"to":[8.6275,13.71981,5.6784],"rotation":{"angle":-22.5,"axis":"x","origin":[8,14.34815,3.46139]},"faces":{"north":{"uv":[9.2,10.8,9.7,11.5],"texture":"#7"},"east":{"uv":[7.2,3.2,8,3.9],"texture":"#7"},"west":{"uv":[3.6,7.2,4.4,7.9],"texture":"#7"},"up":{"uv":[5.3,10,4.8,9.2],"texture":"#7"},"down":{"uv":[9.7,5.2,9.2,6],"texture":"#7"}}},{"from":[7.5,13.71191,2.89397],"to":[8.5,14.71191,3.89397],"rotation":{"angle":0,"axis":"y","origin":[8,14.34815,3.46139]},"faces":{"north":{"uv":[11.6,14,12,14.4],"texture":"#7"},"east":{"uv":[12.4,14,12.8,14.4],"texture":"#7"},"west":{"uv":[13.2,14,13.6,14.4],"texture":"#7"},"up":{"uv":[14.4,14.4,14,14],"texture":"#7"},"down":{"uv":[1.2,14.4,0.8,14.8],"texture":"#7"}}},{"from":[7.625,14.05207,1.81998],"to":[8.375,14.80207,3.06998],"rotation":{"angle":-22.5,"axis":"x","origin":[8,14.34815,3.46139]},"faces":{"north":{"uv":[10,14.4,10.3,14.7],"texture":"#7"},"east":{"uv":[1.6,14.4,2.1,14.7],"texture":"#7"},"west":{"uv":[2.8,14.4,3.3,14.7],"texture":"#7"},"up":{"uv":[14.7,3.7,14.4,3.2],"texture":"#7"},"down":{"uv":[4.3,14.4,4,14.9],"texture":"#7"}}},{"from":[7.625,14.80207,1.81998],"to":[8.375,15.80207,2.56998],"rotation":{"angle":-22.5,"axis":"x","origin":[8,14.34815,3.46139]},"faces":{"north":{"uv":[14.4,4.4,14.7,4.8],"texture":"#7"},"east":{"uv":[4.8,14.4,5.1,14.8],"texture":"#7"},"south":{"uv":[14.4,5.2,14.7,5.6],"texture":"#7"},"west":{"uv":[8,14.4,8.3,14.8],"texture":"#7"},"up":{"uv":[11.1,14.7,10.8,14.4],"texture":"#7"}}},{"from":[7.625,15.30207,2.56998],"to":[8.375,15.80207,3.06998],"rotation":{"angle":-22.5,"axis":"x","origin":[8,14.34815,3.46139]},"faces":{"east":{"uv":[14.4,13.2,14.6,13.4],"texture":"#7"},"south":{"uv":[14.4,10.8,14.7,11],"texture":"#7"},"west":{"uv":[0,14.8,0.2,15],"texture":"#7"},"up":{"uv":[14.7,11.8,14.4,11.6],"texture":"#7"},"down":{"uv":[14.7,12.4,14.4,12.6],"texture":"#7"}}},{"from":[7.375,13.69118,3.69302],"to":[8.625,14.94118,4.94302],"rotation":{"angle":22.5,"axis":"x","origin":[8,14.34815,3.46139]},"faces":{"north":{"uv":[12.8,7.6,13.3,8.1],"texture":"#7"},"east":{"uv":[12.8,8.8,13.3,9.3],"texture":"#7"},"west":{"uv":[12,12.8,12.5,13.3],"texture":"#7"},"up":{"uv":[1.3,13.7,0.8,13.2],"texture":"#7"},"down":{"uv":[13.7,3.2,13.2,3.7],"texture":"#7"}}},{"from":[7.625,15.05207,2.81998],"to":[8.375,15.30207,3.06998],"rotation":{"angle":-22.5,"axis":"x","origin":[8,14.34815,3.46139]},"faces":{"north":{"uv":[14.8,0,15.1,0.1],"texture":"#7"},"east":{"uv":[14.8,2.4,14.9,2.5],"texture":"#7"},"south":{"uv":[14.8,0.8,15.1,0.9],"texture":"#7"},"west":{"uv":[5.6,14.8,5.7,14.9],"texture":"#7"},"down":{"uv":[15.1,1.6,14.8,1.7],"texture":"#7"}}},{"from":[7.985,21.25,11.5],"to":[8.015,23.25,13.5],"rotation":{"angle":0,"axis":"x","origin":[8,21.08749,10.29447]},"faces":{"east":{"uv":[4.8,5.2,5.6,6],"texture":"#7"},"west":{"uv":[5.6,5.2,4.8,6],"texture":"#7"}}},{"from":[7.625,21.6267,10.31012],"to":[8.375,22.1267,10.81012],"rotation":{"angle":22.5,"axis":"x","origin":[8,21.08749,10.29447]},"faces":{"north":{"uv":[14.7,10.8,14.4,11],"texture":"#7"},"east":{"uv":[14.6,13.2,14.4,13.4],"texture":"#7"},"west":{"uv":[0.2,14.8,0,15],"texture":"#7"},"up":{"uv":[14.7,11.6,14.4,11.8],"texture":"#7"},"down":{"uv":[14.7,12.6,14.4,12.4],"texture":"#7"}}},{"from":[7.625,21.1267,10.81012],"to":[8.375,22.1267,11.56012],"rotation":{"angle":22.5,"axis":"x","origin":[8,21.08749,10.29447]},"faces":{"north":{"uv":[14.7,5.2,14.4,5.6],"texture":"#7"},"east":{"uv":[5.1,14.4,4.8,14.8],"texture":"#7"},"south":{"uv":[14.7,4.4,14.4,4.8],"texture":"#7"},"west":{"uv":[8.3,14.4,8,14.8],"texture":"#7"},"up":{"uv":[11.1,14.4,10.8,14.7],"texture":"#7"}}},{"from":[7.625,21.3767,10.31012],"to":[8.375,21.6267,10.56012],"rotation":{"angle":22.5,"axis":"x","origin":[8,21.08749,10.29447]},"faces":{"north":{"uv":[15.1,0.8,14.8,0.9],"texture":"#7"},"east":{"uv":[14.9,2.4,14.8,2.5],"texture":"#7"},"south":{"uv":[15.1,0,14.8,0.1],"texture":"#7"},"west":{"uv":[5.7,14.8,5.6,14.9],"texture":"#7"},"down":{"uv":[15.1,1.7,14.8,1.6],"texture":"#7"}}},{"from":[7.625,20.3767,10.31012],"to":[8.375,21.1267,11.56012],"rotation":{"angle":22.5,"axis":"x","origin":[8,21.08749,10.29447]},"faces":{"east":{"uv":[2.1,14.4,1.6,14.7],"texture":"#7"},"south":{"uv":[10.3,14.4,10,14.7],"texture":"#7"},"west":{"uv":[3.3,14.4,2.8,14.7],"texture":"#7"},"up":{"uv":[14.7,3.2,14.4,3.7],"texture":"#7"},"down":{"uv":[4.3,14.9,4,14.4],"texture":"#7"}}},{"from":[7.5,20.21191,9.35603],"to":[8.5,21.21191,10.35603],"rotation":{"angle":0,"axis":"x","origin":[8,21.08749,10.29447]},"faces":{"east":{"uv":[12.8,14,12.4,14.4],"texture":"#7"},"south":{"uv":[12,14,11.6,14.4],"texture":"#7"},"west":{"uv":[13.6,14,13.2,14.4],"texture":"#7"},"up":{"uv":[14.4,14,14,14.4],"texture":"#7"},"down":{"uv":[1.2,14.8,0.8,14.4],"texture":"#7"}}},{"from":[7.375,20.40298,8.2539],"to":[8.625,21.65298,9.5039],"rotation":{"angle":-22.5,"axis":"x","origin":[8,21.08749,10.29447]},"faces":{"east":{"uv":[13.3,8.8,12.8,9.3],"texture":"#7"},"south":{"uv":[13.3,7.6,12.8,8.1],"texture":"#7"},"west":{"uv":[12.5,12.8,12,13.3],"texture":"#7"},"up":{"uv":[1.3,13.2,0.8,13.7],"texture":"#7"},"down":{"uv":[13.7,3.7,13.2,3.2],"texture":"#7"}}},{"from":[7.3725,18.29444,7.7017],"to":[8.6275,20.04444,9.7017],"rotation":{"angle":22.5,"axis":"x","origin":[8,21.08749,10.29447]},"faces":{"east":{"uv":[8,3.2,7.2,3.9],"texture":"#7"},"south":{"uv":[9.7,10.8,9.2,11.5],"texture":"#7"},"west":{"uv":[4.4,7.2,3.6,7.9],"texture":"#7"},"up":{"uv":[5.3,9.2,4.8,10],"texture":"#7"},"down":{"uv":[9.7,6,9.2,5.2],"texture":"#7"}}},{"from":[7.25,15.81066,5.75],"to":[8.75,18.31066,7.25],"rotation":{"angle":-22.5,"axis":"x","origin":[8,18.31066,6.5]},"faces":{"north":{"uv":[3.6,0,4.2,1],"texture":"#7"},"east":{"uv":[0,2,0.6,3],"texture":"#7"},"south":{"uv":[1.2,2,1.8,3],"texture":"#7"},"west":{"uv":[2.4,2,3,3],"texture":"#7"}}},{"from":[7,-3.06066,5.5],"to":[9,-2.31066,7.5],"rotation":{"angle":22.5,"axis":"x","origin":[8,-2.31066,6.5]},"faces":{"north":{"uv":[13.6,6.3,14.4,6],"texture":"#7"},"east":{"uv":[13.6,7.1,14.4,6.8],"texture":"#7"},"south":{"uv":[8,13.9,8.8,13.6],"texture":"#7"},"west":{"uv":[10.4,13.9,11.2,13.6],"texture":"#7"},"up":{"uv":[6.8,4.4,6,3.6],"texture":"#7"},"down":{"uv":[4.4,6,3.6,6.8],"texture":"#7"}}},{"from":[7.985,-7.25,11.5],"to":[8.015,-5.25,13.5],"rotation":{"angle":0,"axis":"x","origin":[8,-5.08749,10.29447]},"faces":{"east":{"uv":[4.8,6,5.6,5.2],"texture":"#7"},"west":{"uv":[5.6,6,4.8,5.2],"texture":"#7"}}},{"from":[7.625,-6.1267,10.31012],"to":[8.375,-5.6267,10.81012],"rotation":{"angle":-22.5,"axis":"x","origin":[8,-5.08749,10.29447]},"faces":{"north":{"uv":[14.7,11,14.4,10.8],"texture":"#7"},"east":{"uv":[14.6,13.4,14.4,13.2],"texture":"#7"},"west":{"uv":[0.2,15,0,14.8],"texture":"#7"},"up":{"uv":[14.7,12.4,14.4,12.6],"texture":"#7"},"down":{"uv":[14.7,11.8,14.4,11.6],"texture":"#7"}}},{"from":[7.625,-6.1267,10.81012],"to":[8.375,-5.1267,11.56012],"rotation":{"angle":-22.5,"axis":"x","origin":[8,-5.08749,10.29447]},"faces":{"north":{"uv":[14.7,5.6,14.4,5.2],"texture":"#7"},"east":{"uv":[5.1,14.8,4.8,14.4],"texture":"#7"},"south":{"uv":[14.7,4.8,14.4,4.4],"texture":"#7"},"west":{"uv":[8.3,14.8,8,14.4],"texture":"#7"},"down":{"uv":[11.1,14.7,10.8,14.4],"texture":"#7"}}},{"from":[7.625,-5.6267,10.31012],"to":[8.375,-5.3767,10.56012],"rotation":{"angle":-22.5,"axis":"x","origin":[8,-5.08749,10.29447]},"faces":{"north":{"uv":[15.1,0.9,14.8,0.8],"texture":"#7"},"east":{"uv":[14.9,2.5,14.8,2.4],"texture":"#7"},"south":{"uv":[15.1,0.1,14.8,0],"texture":"#7"},"west":{"uv":[5.7,14.9,5.6,14.8],"texture":"#7"},"up":{"uv":[15.1,1.6,14.8,1.7],"texture":"#7"}}},{"from":[7.625,-5.1267,10.31012],"to":[8.375,-4.3767,11.56012],"rotation":{"angle":-22.5,"axis":"x","origin":[8,-5.08749,10.29447]},"faces":{"east":{"uv":[2.1,14.7,1.6,14.4],"texture":"#7"},"south":{"uv":[10.3,14.7,10,14.4],"texture":"#7"},"west":{"uv":[3.3,14.7,2.8,14.4],"texture":"#7"},"up":{"uv":[4.3,14.4,4,14.9],"texture":"#7"},"down":{"uv":[14.7,3.7,14.4,3.2],"texture":"#7"}}},{"from":[7.5,-5.21191,9.35603],"to":[8.5,-4.21191,10.35603],"rotation":{"angle":0,"axis":"x","origin":[8,-5.08749,10.29447]},"faces":{"east":{"uv":[12.8,14.4,12.4,14],"texture":"#7"},"south":{"uv":[12,14.4,11.6,14],"texture":"#7"},"west":{"uv":[13.6,14.4,13.2,14],"texture":"#7"},"up":{"uv":[1.2,14.4,0.8,14.8],"texture":"#7"},"down":{"uv":[14.4,14.4,14,14],"texture":"#7"}}},{"from":[7.375,-5.65298,8.2539],"to":[8.625,-4.40298,9.5039],"rotation":{"angle":22.5,"axis":"x","origin":[8,-5.08749,10.29447]},"faces":{"east":{"uv":[13.3,9.3,12.8,8.8],"texture":"#7"},"south":{"uv":[13.3,8.1,12.8,7.6],"texture":"#7"},"west":{"uv":[12.5,13.3,12,12.8],"texture":"#7"},"up":{"uv":[13.7,3.2,13.2,3.7],"texture":"#7"},"down":{"uv":[1.3,13.7,0.8,13.2],"texture":"#7"}}},{"from":[7.3725,-4.04444,7.7017],"to":[8.6275,-2.29444,9.7017],"rotation":{"angle":-22.5,"axis":"x","origin":[8,-5.08749,10.29447]},"faces":{"east":{"uv":[8,3.9,7.2,3.2],"texture":"#7"},"south":{"uv":[9.7,11.5,9.2,10.8],"texture":"#7"},"west":{"uv":[4.4,7.9,3.6,7.2],"texture":"#7"},"up":{"uv":[9.7,5.2,9.2,6],"texture":"#7"},"down":{"uv":[5.3,10,4.8,9.2],"texture":"#7"}}},{"from":[7.25,-2.31066,5.75],"to":[8.75,0.18934,7.25],"rotation":{"angle":22.5,"axis":"x","origin":[8,-2.31066,6.5]},"faces":{"north":{"uv":[3.6,1,4.2,0],"texture":"#7"},"east":{"uv":[0,3,0.6,2],"texture":"#7"},"south":{"uv":[1.2,3,1.8,2],"texture":"#7"},"west":{"uv":[2.4,3,3,2],"texture":"#7"}}},{"from":[7,0.18934,5.5],"to":[9,0.93934,7.5],"rotation":{"angle":22.5,"axis":"x","origin":[8,-2.31066,6.5]},"faces":{"north":{"uv":[2,13.9,2.8,13.6],"texture":"#7"},"east":{"uv":[13.6,2.7,14.4,2.4],"texture":"#7"},"south":{"uv":[3.2,13.9,4,13.6],"texture":"#7"},"west":{"uv":[4.4,13.9,5.2,13.6],"texture":"#7"},"up":{"uv":[6.8,2,6,1.2],"texture":"#7"},"down":{"uv":[6.8,0,6,0.8],"texture":"#7"}}},{"from":[7.1725,12.16574,6.50312],"to":[7.6725,12.16574,7.75312],"rotation":{"angle":22.5,"axis":"x","origin":[8.3475,12.16574,7.12812]},"faces":{"up":{"uv":[0,4,5,6],"rotation":90,"texture":"#2"},"down":{"uv":[5,4,0,6],"rotation":90,"texture":"#2"}}},{"from":[7.1725,11.7523,6.07298],"to":[7.1725,12.2523,7.32298],"rotation":{"angle":22.5,"axis":"x","origin":[7.2225,11.1273,6.69798]},"faces":{"east":{"uv":[5,6,0,8],"texture":"#2"},"west":{"uv":[0,6,5,8],"texture":"#2"}}},{"from":[7.175,9.848,6.35973],"to":[7.175,11.848,7.51473],"rotation":{"angle":0,"axis":"y","origin":[7.2225,11.81891,6.98473]},"faces":{"east":{"uv":[5,8,0,16],"texture":"#2"},"west":{"uv":[0,8,5,16],"texture":"#2"}}},{"from":[8.66375,19.76574,5.54688],"to":[9.16375,19.76574,6.79688],"rotation":{"angle":-22.5,"axis":"x","origin":[7.98875,19.76574,6.17188]},"faces":{"up":{"uv":[5,6,0,4],"rotation":90,"texture":"#2"},"down":{"uv":[0,6,5,4],"rotation":90,"texture":"#2"}}},{"from":[9.16375,19.3523,5.97702],"to":[9.16375,19.8523,7.22702],"rotation":{"angle":-22.5,"axis":"x","origin":[9.11375,18.7273,6.60202]},"faces":{"east":{"uv":[0,6,5,8],"texture":"#2"},"west":{"uv":[5,6,0,8],"texture":"#2"}}},{"from":[9.16125,17.448,5.78527],"to":[9.16125,19.448,6.94027],"rotation":{"angle":0,"axis":"y","origin":[9.11375,19.41891,6.31527]},"faces":{"east":{"uv":[0,8,5,16],"texture":"#2"},"west":{"uv":[5,8,0,16],"texture":"#2"}}},{"from":[8.66375,1.51574,7.62188],"to":[9.16375,1.51574,8.87188],"rotation":{"angle":-22.5,"axis":"x","origin":[7.98875,1.51574,8.24688]},"faces":{"up":{"uv":[5,6,0,4],"rotation":90,"texture":"#2"},"down":{"uv":[0,6,5,4],"rotation":90,"texture":"#2"}}},{"from":[9.16375,1.1023,8.05202],"to":[9.16375,1.6023,9.30202],"rotation":{"angle":-22.5,"axis":"x","origin":[9.11375,0.4773,8.67702]},"faces":{"east":{"uv":[0,6,5,8],"texture":"#2"},"west":{"uv":[5,6,0,8],"texture":"#2"}}},{"from":[9.16125,-0.802,7.86027],"to":[9.16125,1.198,9.01527],"rotation":{"angle":0,"axis":"y","origin":[9.11375,1.16891,8.39027]},"faces":{"east":{"uv":[0,8,5,16],"texture":"#2"},"west":{"uv":[5,8,0,16],"texture":"#2"}}},{"from":[7.125,15.6,2.775],"to":[8.875,17.35,5.275],"rotation":{"angle":22.5,"axis":"x","origin":[6.875,15.35,2.775]},"faces":{"north":{"uv":[0,5.33333,2.33333,7.66667],"texture":"#4"},"east":{"uv":[0,0,3.33333,2.33333],"texture":"#4"},"south":{"uv":[6.66667,0,9,2.33333],"texture":"#4"},"west":{"uv":[0,2.66667,3.33333,5],"texture":"#4"},"up":{"uv":[6.33333,3.33333,4,0],"texture":"#4"},"down":{"uv":[6.33333,4,4,7.33333],"texture":"#4"}}},{"from":[8.375,16.89402,4.19713],"to":[10.125,16.90402,5.69713],"rotation":{"angle":0,"axis":"y","origin":[8.625,16.89902,4.69713]},"faces":{"up":{"uv":[2.33333,13.66667,0,11.66667],"texture":"#4"},"down":{"uv":[2.33333,11.66667,0,13.66667],"texture":"#4"}}},{"from":[8.375,16.89402,4.19713],"to":[10.125,16.90402,5.69713],"rotation":{"angle":22.5,"axis":"z","origin":[8.625,16.89902,4.69713]},"faces":{"up":{"uv":[5,13.66667,2.66667,11.66667],"texture":"#4"},"down":{"uv":[5,11.66667,2.66667,13.66667],"texture":"#4"}}},{"from":[8.375,16.89402,4.19713],"to":[10.125,16.90402,5.69713],"rotation":{"angle":45,"axis":"z","origin":[8.625,16.89902,4.69713]},"faces":{"up":{"uv":[7.66667,13.66667,5.33333,11.66667],"texture":"#4"},"down":{"uv":[7.66667,11.66667,5.33333,13.66667],"texture":"#4"}}},{"from":[8.62,16.64902,4.19713],"to":[8.63,18.39902,5.69713],"rotation":{"angle":-22.5,"axis":"z","origin":[8.625,16.89902,4.69713]},"faces":{"east":{"uv":[10,11.33333,8,13.66667],"texture":"#4"},"west":{"uv":[8,11.33333,10,13.66667],"texture":"#4"}}},{"from":[5.875,16.89402,4.19713],"to":[7.625,16.90402,5.69713],"rotation":{"angle":0,"axis":"y","origin":[7.375,16.89902,4.69713]},"faces":{"up":{"uv":[0,13.66667,2.33333,11.66667],"texture":"#4"},"down":{"uv":[0,11.66667,2.33333,13.66667],"texture":"#4"}}},{"from":[5.875,16.89402,4.19713],"to":[7.625,16.90402,5.69713],"rotation":{"angle":-22.5,"axis":"z","origin":[7.375,16.89902,4.69713]},"faces":{"up":{"uv":[2.66667,13.66667,5,11.66667],"texture":"#4"},"down":{"uv":[2.66667,11.66667,5,13.66667],"texture":"#4"}}},{"from":[5.875,16.89402,4.19713],"to":[7.625,16.90402,5.69713],"rotation":{"angle":-45,"axis":"z","origin":[7.375,16.89902,4.69713]},"faces":{"up":{"uv":[5.33333,13.66667,7.66667,11.66667],"texture":"#4"},"down":{"uv":[5.33333,11.66667,7.66667,13.66667],"texture":"#4"}}},{"from":[7.37,16.64902,4.19713],"to":[7.38,18.39902,5.69713],"rotation":{"angle":22.5,"axis":"z","origin":[7.375,16.89902,4.69713]},"faces":{"east":{"uv":[10,11.33333,8,13.66667],"texture":"#4"},"west":{"uv":[8,11.33333,10,13.66667],"texture":"#4"}}},{"from":[8.375,16.85,2.025],"to":[8.385,17.35,2.775],"rotation":{"angle":22.5,"axis":"x","origin":[7,15.35,2.775]},"faces":{"east":{"uv":[2.66667,5.33333,3.66667,6],"texture":"#4"},"west":{"uv":[2.66667,6.66667,3.66667,7.33333],"texture":"#4"}}},{"from":[7.985,16.35,5.275],"to":[8.015,16.6,5.775],"rotation":{"angle":22.5,"axis":"x","origin":[9.36,15.35,2.775]},"faces":{"east":{"uv":[6.66667,9.33333,7.33333,9.66667],"texture":"#4"},"west":{"uv":[9.33333,6.66667,10,7],"texture":"#4"}}},{"from":[7.625,14.79396,3.56358],"to":[8.375,15.29396,3.57358],"rotation":{"angle":45,"axis":"x","origin":[8,15.29396,3.56358]},"faces":{"north":{"uv":[5.33333,9.33333,6.33333,10],"texture":"#4"},"south":{"uv":[9.33333,5.33333,10.33333,6],"texture":"#4"}}},{"from":[7.615,16.85,2.025],"to":[7.625,17.35,2.775],"rotation":{"angle":22.5,"axis":"x","origin":[9,15.35,2.775]},"faces":{"east":{"uv":[9.33333,2.66667,10.33333,3.33333],"texture":"#4"},"west":{"uv":[9.33333,4,10.33333,4.66667],"texture":"#4"}}},{"from":[7.375,14.60262,4.02552],"to":[8.625,15.10262,4.03552],"rotation":{"angle":22.5,"axis":"x","origin":[8,15.10262,4.02552]},"faces":{"north":{"uv":[5.33333,8,7,8.66667],"texture":"#4"},"south":{"uv":[8,8,9.66667,8.66667],"texture":"#4"}}},{"from":[7.375,14.41127,4.48746],"to":[8.625,14.91127,4.49746],"rotation":{"angle":-22.5,"axis":"x","origin":[8,14.91127,4.48746]},"faces":{"north":{"uv":[9.33333,0,11,0.66667],"texture":"#4"},"south":{"uv":[9.33333,1.33333,11,2],"texture":"#4"}}},{"from":[7.995,-5,11],"to":[8.005,21,18],"rotation":{"angle":0,"axis":"y","origin":[7.995,-3,11]},"faces":{"east":{"uv":[2.8,0,0,10.4],"texture":"#3"},"west":{"uv":[0,0,2.8,10.4],"texture":"#3"}}}],"gui_light":"front","display":{"thirdperson_righthand":{"translation":[0,-2,1]},"thirdperson_lefthand":{"translation":[0,-2,1]},"firstperson_righthand":{"translation":[2.25,3.75,-0.5],"scale":[0.7,0.7,0.7]},"firstperson_lefthand":{"translation":[2.25,3.75,-0.5],"scale":[0.7,0.7,0.7]},"ground":{"rotation":[45,0,0],"translation":[0,5,0],"scale":[0.7,0.7,0.7]},"gui":{"rotation":[-90,135,90],"translation":[-0.25,0,0],"scale":[0.8,0.8,0.8]},"head":{"rotation":[0,-90,0]},"fixed":{"rotation":[0,-90,0],"translation":[0,0,-2.5],"scale":[2,2,2]}},"USER":"42698","NONCE":"bcbef68987faf2ba0a6ecab7518e6b93","TIMESTAMP":"1756572760","RESOURCE":"13656","MCMODELS":"1","mcmodels":"bcbef68987faf2ba0a6ecab7518e6b93"}