{"credit":"Pologony Creation Co.,Ltd.","texture_size":[24,24],"textures":{"2":"plny_beeset:animated/honey_1","3":"plny_beeset:fishing_rod","4":"plny_beeset:animated/bee_animated","7":"plny_beeset:tool","particle":"plny_beeset:animated/bee_animated"},"elements":[{"from":[7.375,0,7],"to":[8.625,2,9],"rotation":{"angle":-45,"axis":"x","origin":[8.125,1,8]},"faces":{"north":{"uv":[6,8,6.5,8.8],"texture":"#7"},"east":{"uv":[4.8,0,5.6,0.8],"texture":"#7"},"south":{"uv":[8,6.8,8.5,7.6],"texture":"#7"},"west":{"uv":[4.8,1.2,5.6,2],"texture":"#7"},"up":{"uv":[8.5,8.8,8,8],"texture":"#7"},"down":{"uv":[8.9,0,8.4,0.8],"texture":"#7"}}},{"from":[7.125,0.25,7.25],"to":[8.875,1.75,8.75],"rotation":{"angle":-45,"axis":"x","origin":[8.125,1,8]},"faces":{"north":{"uv":[1.6,8,2.3,8.6],"texture":"#7"},"east":{"uv":[6,9.2,6.6,9.8],"texture":"#7"},"south":{"uv":[8,4.4,8.7,5],"texture":"#7"},"west":{"uv":[9.2,6.4,9.8,7],"texture":"#7"},"up":{"uv":[5.5,8.6,4.8,8],"texture":"#7"},"down":{"uv":[8.7,5.6,8,6.2],"texture":"#7"}}},{"from":[7,1.56066,7],"to":[9,2.31066,9],"rotation":{"angle":45,"axis":"y","origin":[8,1.93566,8]},"faces":{"north":{"uv":[12.8,10,13.6,10.3],"texture":"#7"},"east":{"uv":[13.2,4.4,14,4.7],"texture":"#7"},"south":{"uv":[13.2,5.2,14,5.5],"texture":"#7"},"west":{"uv":[5.6,13.2,6.4,13.5],"texture":"#7"},"up":{"uv":[5.6,4.8,4.8,4],"texture":"#7"},"down":{"uv":[6,2.4,5.2,3.2],"texture":"#7"}}},{"from":[7.42678,2.31066,7.17678],"to":[8.92678,3.56066,8.67678],"rotation":{"angle":45,"axis":"y","origin":[8.17678,2.68566,8.17678]},"faces":{"north":{"uv":[10.8,10,11.4,10.5],"texture":"#7"},"east":{"uv":[0.8,11.2,1.4,11.7],"texture":"#7"},"south":{"uv":[11.2,1.2,11.8,1.7],"texture":"#7"},"west":{"uv":[11.2,5.2,11.8,5.7],"texture":"#7"},"up":{"uv":[7.8,9.8,7.2,9.2],"texture":"#7"}}},{"from":[7.42678,3.56066,7.32322],"to":[8.42678,5.81066,8.32322],"rotation":{"angle":45,"axis":"y","origin":[8.17678,3.93566,7.82322]},"faces":{"north":{"uv":[9.2,7.6,9.6,8.5],"texture":"#7"},"east":{"uv":[8.4,9.2,8.8,10.1],"texture":"#7"},"south":{"uv":[9.2,9.2,9.6,10.1],"texture":"#7"},"west":{"uv":[0,10,0.4,10.9],"texture":"#7"}}},{"from":[7.42678,5.81066,7.17678],"to":[8.92678,7.06066,8.67678],"rotation":{"angle":45,"axis":"y","origin":[8.17678,6.18566,8.17678]},"faces":{"north":{"uv":[10.4,11.2,11,11.7],"texture":"#7"},"east":{"uv":[2,11.6,2.6,12.1],"texture":"#7"},"south":{"uv":[11.6,2.4,12.2,2.9],"texture":"#7"},"west":{"uv":[3.2,11.6,3.8,12.1],"texture":"#7"},"down":{"uv":[10.2,0,9.6,0.6],"texture":"#7"}}},{"from":[7.2475,8.06201,5.78649],"to":[8.7525,9.06201,8.28649],"rotation":{"angle":22.5,"axis":"x","origin":[7.9975,8.56201,7.03649]},"faces":{"north":{"uv":[9.2,13.2,9.8,13.6],"texture":"#7"},"east":{"uv":[8.4,1.2,9.4,1.6],"texture":"#7"},"south":{"uv":[13.2,11.6,13.8,12],"texture":"#7"},"west":{"uv":[8.4,2,9.4,2.4],"texture":"#7"},"up":{"uv":[6.6,5.8,6,4.8],"texture":"#7"},"down":{"uv":[0.6,6.4,0,7.4],"texture":"#7"}}},{"from":[7.25,8.57843,5.6903],"to":[8.75,11.82843,6.6903],"rotation":{"angle":0,"axis":"y","origin":[8,11.84803,7.18846]},"faces":{"north":{"uv":[3.6,4,4.2,5.3],"texture":"#7"},"east":{"uv":[7.2,4.4,7.6,5.7],"texture":"#7"},"south":{"uv":[0,4.4,0.6,5.7],"texture":"#7"},"west":{"uv":[7.2,6.4,7.6,7.7],"texture":"#7"}}},{"from":[7.2475,11.3672,5.89889],"to":[8.7525,12.3672,8.39889],"rotation":{"angle":-22.5,"axis":"x","origin":[7.9975,11.57348,7.14889]},"faces":{"north":{"uv":[13.2,12.4,13.8,12.8],"texture":"#7"},"east":{"uv":[2.8,8.4,3.8,8.8],"texture":"#7"},"south":{"uv":[13.2,13.2,13.8,13.6],"texture":"#7"},"west":{"uv":[8.4,2.8,9.4,3.2],"texture":"#7"},"up":{"uv":[1.8,7.4,1.2,6.4],"texture":"#7"},"down":{"uv":[3,6.4,2.4,7.4],"texture":"#7"}}},{"from":[7.2485,11.37291,7.57241],"to":[8.7515,12.37291,10.07241],"rotation":{"angle":22.5,"axis":"x","origin":[7.9985,11.50419,8.82241]},"faces":{"east":{"uv":[8.4,3.6,9.4,4],"texture":"#7"},"south":{"uv":[13.6,0.8,14.2,1.2],"texture":"#7"},"west":{"uv":[1.6,9.2,2.6,9.6],"texture":"#7"},"up":{"uv":[5.4,7.4,4.8,6.4],"texture":"#7"},"down":{"uv":[6.6,6.4,6,7.4],"texture":"#7"}}},{"from":[7.25,8.57843,9.3097],"to":[8.75,11.82843,10.3097],"rotation":{"angle":0,"axis":"y","origin":[8,11.84803,8.81154]},"faces":{"north":{"uv":[1.2,4.4,1.8,5.7],"texture":"#7"},"east":{"uv":[0,8,0.4,9.3],"texture":"#7"},"south":{"uv":[2.4,4.4,3,5.7],"texture":"#7"},"west":{"uv":[0.8,8,1.2,9.3],"texture":"#7"}}},{"from":[7.2485,8.06201,7.71351],"to":[8.7515,9.06201,10.21351],"rotation":{"angle":-22.5,"axis":"x","origin":[7.9985,8.56201,8.96351]},"faces":{"east":{"uv":[3.2,9.2,4.2,9.6],"texture":"#7"},"south":{"uv":[13.6,1.6,14.2,2],"texture":"#7"},"west":{"uv":[9.2,4.4,10.2,4.8],"texture":"#7"},"up":{"uv":[7.8,1,7.2,0],"texture":"#7"},"down":{"uv":[7.8,1.6,7.2,2.6],"texture":"#7"}}},{"from":[7.5,8.6,6.5],"to":[8.5,11.85,9.5],"rotation":{"angle":0,"axis":"y","origin":[7.5,8.6,6.5]},"faces":{"east":{"uv":[0,0,1.2,1.3],"texture":"#7"},"west":{"uv":[1.6,0,2.8,1.3],"texture":"#7"}}},{"from":[7.75,11.5,10.125],"to":[8.25,13,11.625],"rotation":{"angle":0,"axis":"y","origin":[7.5,11.25,9.875]},"faces":{"east":{"uv":[0.8,10,1.4,10.6],"texture":"#7"},"west":{"uv":[10,1.2,10.6,1.8],"texture":"#7"}}},{"from":[7.5,11.125,9.25821],"to":[8.5,13.375,10.25821],"rotation":{"angle":0,"axis":"y","origin":[8,14.39461,10.75637]},"faces":{"north":{"uv":[2,10,2.4,10.9],"texture":"#7"},"east":{"uv":[10,2.4,10.4,3.3],"texture":"#7"},"south":{"uv":[2.8,10,3.2,10.9],"texture":"#7"},"west":{"uv":[3.6,10,4,10.9],"texture":"#7"}}},{"from":[7.5,11.125,11.49179],"to":[8.5,13.375,12.49179],"rotation":{"angle":0,"axis":"y","origin":[8,14.39461,10.99363]},"faces":{"north":{"uv":[10,7.6,10.4,8.5],"texture":"#7"},"east":{"uv":[10,9.2,10.4,10.1],"texture":"#7"},"south":{"uv":[4.4,10.4,4.8,11.3],"texture":"#7"},"west":{"uv":[5.2,10.4,5.6,11.3],"texture":"#7"}}},{"from":[7.4985,10.60859,10.6456],"to":[8.5015,11.60859,12.3956],"rotation":{"angle":-22.5,"axis":"x","origin":[7.9985,11.10859,11.1456]},"faces":{"east":{"uv":[11.6,6.4,12.3,6.8],"texture":"#7"},"south":{"uv":[7.2,8.4,7.6,8.8],"texture":"#7"},"west":{"uv":[11.6,7.2,12.3,7.6],"texture":"#7"},"up":{"uv":[6.8,3.1,6.4,2.4],"texture":"#7"},"down":{"uv":[0.4,11.6,0,12.3],"texture":"#7"}}},{"from":[7.4975,10.60859,9.3544],"to":[8.5025,11.60859,11.1044],"rotation":{"angle":22.5,"axis":"x","origin":[7.9975,11.10859,10.6044]},"faces":{"north":{"uv":[13.6,10.8,14,11.2],"texture":"#7"},"east":{"uv":[11.6,8,12.3,8.4],"texture":"#7"},"south":{"uv":[0,14,0.4,14.4],"texture":"#7"},"west":{"uv":[11.6,8.8,12.3,9.2],"texture":"#7"},"up":{"uv":[12,11.9,11.6,11.2],"texture":"#7"},"down":{"uv":[12.4,0,12,0.7],"texture":"#7"}}},{"from":[7.4985,12.89141,10.6456],"to":[8.5015,13.89141,12.3956],"rotation":{"angle":22.5,"axis":"x","origin":[7.9985,13.39141,11.1456]},"faces":{"east":{"uv":[12,3.6,12.7,4],"texture":"#7"},"south":{"uv":[14,0,14.4,0.4],"texture":"#7"},"west":{"uv":[4.4,12,5.1,12.4],"texture":"#7"},"up":{"uv":[6,12.7,5.6,12],"texture":"#7"},"down":{"uv":[6.8,12,6.4,12.7],"texture":"#7"}}},{"from":[7.4975,12.89141,9.3544],"to":[8.5025,13.89141,11.1044],"rotation":{"angle":-22.5,"axis":"x","origin":[7.9975,13.39141,10.6044]},"faces":{"north":{"uv":[5.6,14,6,14.4],"texture":"#7"},"east":{"uv":[12,4.4,12.7,4.8],"texture":"#7"},"south":{"uv":[6.4,14,6.8,14.4],"texture":"#7"},"west":{"uv":[7.2,12,7.9,12.4],"texture":"#7"},"up":{"uv":[9.6,12.7,9.2,12],"texture":"#7"},"down":{"uv":[12.4,9.6,12,10.3],"texture":"#7"}}},{"from":[7.5,7.02843,3.48172],"to":[8.5,9.27843,4.48172],"rotation":{"angle":0,"axis":"y","origin":[8,10.29804,4.97988]},"faces":{"north":{"uv":[10.4,5.2,10.8,6.1],"texture":"#7"},"east":{"uv":[6,10.4,6.4,11.3],"texture":"#7"},"south":{"uv":[6.8,10.4,7.2,11.3],"texture":"#7"},"west":{"uv":[7.6,10.4,8,11.3],"texture":"#7"}}},{"from":[7.4975,8.79484,3.57791],"to":[8.5025,9.79484,5.32791],"rotation":{"angle":-22.5,"axis":"x","origin":[7.9975,9.29484,4.82791]},"faces":{"north":{"uv":[7.2,14,7.6,14.4],"texture":"#7"},"east":{"uv":[0.8,12.4,1.5,12.8],"texture":"#7"},"south":{"uv":[14,7.6,14.4,8],"texture":"#7"},"west":{"uv":[12.4,1.2,13.1,1.6],"texture":"#7"},"up":{"uv":[12.8,5.9,12.4,5.2],"texture":"#7"},"down":{"uv":[8.8,12.4,8.4,13.1],"texture":"#7"}}},{"from":[7.4985,8.79484,4.86911],"to":[8.5015,9.79484,6.61911],"rotation":{"angle":22.5,"axis":"x","origin":[7.9985,9.29484,5.36911]},"faces":{"east":{"uv":[10,12.4,10.7,12.8],"texture":"#7"},"south":{"uv":[14,8.4,14.4,8.8],"texture":"#7"},"west":{"uv":[12.4,10.8,13.1,11.2],"texture":"#7"},"up":{"uv":[11.6,13.1,11.2,12.4],"texture":"#7"},"down":{"uv":[12.8,11.6,12.4,12.3],"texture":"#7"}}},{"from":[7.5,7.02843,5.7153],"to":[8.5,9.27843,6.7153],"rotation":{"angle":0,"axis":"y","origin":[8,10.29804,5.21714]},"faces":{"north":{"uv":[10.8,2.4,11.2,3.3],"texture":"#7"},"east":{"uv":[10.8,6.8,11.2,7.7],"texture":"#7"},"south":{"uv":[8.4,10.8,8.8,11.7],"texture":"#7"},"west":{"uv":[10.8,8.4,11.2,9.3],"texture":"#7"}}},{"from":[7.4985,6.51202,4.86911],"to":[8.5015,7.51202,6.61911],"rotation":{"angle":-22.5,"axis":"x","origin":[7.9985,7.01202,5.36911]},"faces":{"east":{"uv":[12.8,0,13.5,0.4],"texture":"#7"},"south":{"uv":[9.2,14,9.6,14.4],"texture":"#7"},"west":{"uv":[2,12.8,2.7,13.2],"texture":"#7"},"up":{"uv":[0.4,13.5,0,12.8],"texture":"#7"},"down":{"uv":[13.2,2,12.8,2.7],"texture":"#7"}}},{"from":[7.4975,6.51202,3.57791],"to":[8.5025,7.51202,5.32791],"rotation":{"angle":22.5,"axis":"x","origin":[7.9975,7.01202,4.82791]},"faces":{"north":{"uv":[14,9.2,14.4,9.6],"texture":"#7"},"east":{"uv":[3.2,12.8,3.9,13.2],"texture":"#7"},"south":{"uv":[14,10,14.4,10.4],"texture":"#7"},"west":{"uv":[4.4,12.8,5.1,13.2],"texture":"#7"},"up":{"uv":[13.2,7.1,12.8,6.4],"texture":"#7"},"down":{"uv":[7.6,12.8,7.2,13.5],"texture":"#7"}}},{"from":[7.75,7.40343,4.34851],"to":[8.25,8.90343,5.84851],"rotation":{"angle":0,"axis":"y","origin":[7.5,7.15343,4.09851]},"faces":{"east":{"uv":[10.8,0,11.4,0.6],"texture":"#7"},"west":{"uv":[10.8,4,11.4,4.6],"texture":"#7"}}},{"from":[7.985,-1.9,8.6],"to":[8.015,0.6,11.1],"rotation":{"angle":22.5,"axis":"x","origin":[7.985,0.6,8.6]},"faces":{"east":{"uv":[4.6,2.4,3.6,3.4],"texture":"#7"},"west":{"uv":[3.6,2.4,4.6,3.4],"texture":"#7"}}},{"from":[7,7.06066,7],"to":[9,7.81066,9],"rotation":{"angle":45,"axis":"y","origin":[8,7.43566,8]},"faces":{"north":{"uv":[2,13.6,2.8,13.9],"texture":"#7"},"east":{"uv":[13.6,2.4,14.4,2.7],"texture":"#7"},"south":{"uv":[3.2,13.6,4,13.9],"texture":"#7"},"west":{"uv":[4.4,13.6,5.2,13.9],"texture":"#7"},"up":{"uv":[6.8,0.8,6,0],"texture":"#7"},"down":{"uv":[6.8,1.2,6,2],"texture":"#7"}}},{"from":[7,12.56066,7],"to":[9,13.31066,9],"rotation":{"angle":0,"axis":"y","origin":[8,17.24816,8]},"faces":{"north":{"uv":[2,13.6,2.8,13.9],"texture":"#7"},"east":{"uv":[13.6,2.4,14.4,2.7],"texture":"#7"},"south":{"uv":[3.2,13.6,4,13.9],"texture":"#7"},"west":{"uv":[4.4,13.6,5.2,13.9],"texture":"#7"},"up":{"uv":[6.8,0.8,6,0],"texture":"#7"},"down":{"uv":[6.8,1.2,6,2],"texture":"#7"}}},{"from":[7,18.31066,7],"to":[9,19.06066,9],"rotation":{"angle":0,"axis":"y","origin":[8,17.24816,8]},"faces":{"north":{"uv":[13.6,6,14.4,6.3],"texture":"#7"},"east":{"uv":[13.6,6.8,14.4,7.1],"texture":"#7"},"south":{"uv":[8,13.6,8.8,13.9],"texture":"#7"},"west":{"uv":[10.4,13.6,11.2,13.9],"texture":"#7"},"up":{"uv":[4.4,6.8,3.6,6],"texture":"#7"},"down":{"uv":[6.8,3.6,6,4.4],"texture":"#7"}}},{"from":[7.985,10.5,14.25],"to":[8.015,12.5,16.25],"rotation":{"angle":0,"axis":"y","origin":[7.985,9.75,13.75]},"faces":{"east":{"uv":[4.8,5.2,5.6,6],"texture":"#7"},"west":{"uv":[5.6,5.2,4.8,6],"texture":"#7"}}},{"from":[7.625,11.05207,12.93002],"to":[8.375,11.55207,13.43002],"rotation":{"angle":22.5,"axis":"x","origin":[8,10.09815,12.53861]},"faces":{"north":{"uv":[14.7,10.8,14.4,11],"texture":"#7"},"east":{"uv":[14.6,13.2,14.4,13.4],"texture":"#7"},"west":{"uv":[0.2,14.8,0,15],"texture":"#7"},"up":{"uv":[14.7,11.6,14.4,11.8],"texture":"#7"},"down":{"uv":[14.7,12.6,14.4,12.4],"texture":"#7"}}},{"from":[7.625,10.55207,13.43002],"to":[8.375,11.55207,14.18002],"rotation":{"angle":22.5,"axis":"x","origin":[8,10.09815,12.53861]},"faces":{"north":{"uv":[14.7,5.2,14.4,5.6],"texture":"#7"},"east":{"uv":[5.1,14.4,4.8,14.8],"texture":"#7"},"south":{"uv":[14.7,4.4,14.4,4.8],"texture":"#7"},"west":{"uv":[8.3,14.4,8,14.8],"texture":"#7"},"up":{"uv":[11.1,14.4,10.8,14.7],"texture":"#7"}}},{"from":[7.625,10.80207,12.93002],"to":[8.375,11.05207,13.18002],"rotation":{"angle":22.5,"axis":"x","origin":[8,10.09815,12.53861]},"faces":{"north":{"uv":[15.1,0.8,14.8,0.9],"texture":"#7"},"east":{"uv":[14.9,2.4,14.8,2.5],"texture":"#7"},"south":{"uv":[15.1,0,14.8,0.1],"texture":"#7"},"west":{"uv":[5.7,14.8,5.6,14.9],"texture":"#7"},"down":{"uv":[15.1,1.7,14.8,1.6],"texture":"#7"}}},{"from":[7.625,9.80207,12.93002],"to":[8.375,10.55207,14.18002],"rotation":{"angle":22.5,"axis":"x","origin":[8,10.09815,12.53861]},"faces":{"east":{"uv":[2.1,14.4,1.6,14.7],"texture":"#7"},"south":{"uv":[10.3,14.4,10,14.7],"texture":"#7"},"west":{"uv":[3.3,14.4,2.8,14.7],"texture":"#7"},"up":{"uv":[14.7,3.2,14.4,3.7],"texture":"#7"},"down":{"uv":[4.3,14.9,4,14.4],"texture":"#7"}}},{"from":[7.5,9.46191,12.10603],"to":[8.5,10.46191,13.10603],"rotation":{"angle":0,"axis":"y","origin":[8,10.09815,12.53861]},"faces":{"east":{"uv":[12.8,14,12.4,14.4],"texture":"#7"},"south":{"uv":[12,14,11.6,14.4],"texture":"#7"},"west":{"uv":[13.6,14,13.2,14.4],"texture":"#7"},"up":{"uv":[14.4,14,14,14.4],"texture":"#7"},"down":{"uv":[1.2,14.8,0.8,14.4],"texture":"#7"}}},{"from":[7.375,9.44118,11.05698],"to":[8.625,10.69118,12.30698],"rotation":{"angle":-22.5,"axis":"x","origin":[8,10.09815,12.53861]},"faces":{"east":{"uv":[13.3,8.8,12.8,9.3],"texture":"#7"},"south":{"uv":[13.3,7.6,12.8,8.1],"texture":"#7"},"west":{"uv":[12.5,12.8,12,13.3],"texture":"#7"},"up":{"uv":[1.3,13.2,0.8,13.7],"texture":"#7"},"down":{"uv":[13.7,3.7,13.2,3.2],"texture":"#7"}}},{"from":[7.3725,7.71981,10.3216],"to":[8.6275,9.46981,12.3216],"rotation":{"angle":22.5,"axis":"x","origin":[8,10.09815,12.53861]},"faces":{"east":{"uv":[8,3.2,7.2,3.9],"texture":"#7"},"south":{"uv":[9.7,10.8,9.2,11.5],"texture":"#7"},"west":{"uv":[4.4,7.2,3.6,7.9],"texture":"#7"},"up":{"uv":[5.3,9.2,4.8,10],"texture":"#7"},"down":{"uv":[9.7,6,9.2,5.2],"texture":"#7"}}},{"from":[7.25,13.31066,7.25],"to":[8.75,18.31066,8.75],"rotation":{"angle":0,"axis":"y","origin":[8,17.24816,8]},"faces":{"north":{"uv":[3.6,0,4.2,2],"texture":"#7"},"east":{"uv":[0,2,0.6,4],"texture":"#7"},"south":{"uv":[1.2,2,1.8,4],"texture":"#7"},"west":{"uv":[2.4,2,3,4],"texture":"#7"}}},{"from":[8.75,15,5.75],"to":[9.25,15.5,7.75],"rotation":{"angle":-22.5,"axis":"x","origin":[8,15.25,6.5]},"faces":{"north":{"uv":[13.33333,9.33333,13.66667,9.66667],"texture":"#3"},"east":{"uv":[0,10.66667,1.33333,11],"texture":"#3"},"south":{"uv":[14,0,14.33333,0.33333],"texture":"#3"},"west":{"uv":[10.66667,5.33333,12,5.66667],"texture":"#3"},"up":{"uv":[2.33333,12.66667,2,11.33333],"texture":"#3"},"down":{"uv":[3.66667,11.33333,3.33333,12.66667],"texture":"#3"}}},{"from":[7.25,15,5.75],"to":[8.75,15.5,6.25],"rotation":{"angle":-22.5,"axis":"x","origin":[8,15.25,6.5]},"faces":{"north":{"uv":[11.33333,10,12.33333,10.33333],"texture":"#3"},"east":{"uv":[2,13.33333,2.33333,13.66667],"texture":"#3"},"south":{"uv":[0,12,1,12.33333],"texture":"#3"},"west":{"uv":[3.33333,13.33333,3.66667,13.66667],"texture":"#3"},"up":{"uv":[13,0.33333,12,0],"texture":"#3"},"down":{"uv":[13,1.33333,12,1.66667],"texture":"#3"}}},{"from":[6.75,15,5.75],"to":[7.25,15.5,7.75],"rotation":{"angle":-22.5,"axis":"x","origin":[8,15.25,6.5]},"faces":{"north":{"uv":[14,1.33333,14.33333,1.66667],"texture":"#3"},"east":{"uv":[4.66667,11.33333,6,11.66667],"texture":"#3"},"south":{"uv":[14,2.66667,14.33333,3],"texture":"#3"},"west":{"uv":[6.66667,11.33333,8,11.66667],"texture":"#3"},"up":{"uv":[11.66667,8,11.33333,6.66667],"texture":"#3"},"down":{"uv":[9,11.33333,8.66667,12.66667],"texture":"#3"}}},{"from":[7.25,15,7.25],"to":[8.75,15.5,7.75],"rotation":{"angle":-22.5,"axis":"x","origin":[8,15.25,6.5]},"faces":{"north":{"uv":[12,2.66667,13,3],"texture":"#3"},"east":{"uv":[8,13.33333,8.33333,13.66667],"texture":"#3"},"south":{"uv":[12,4,13,4.33333],"texture":"#3"},"west":{"uv":[13.33333,8,13.66667,8.33333],"texture":"#3"},"up":{"uv":[13,11.66667,12,11.33333],"texture":"#3"},"down":{"uv":[5.66667,12.66667,4.66667,13],"texture":"#3"}}},{"from":[7.25,20,5.75],"to":[8.75,20.5,6.25],"rotation":{"angle":-22.5,"axis":"x","origin":[8,20.25,6.5]},"faces":{"north":{"uv":[11.33333,10,12.33333,10.33333],"texture":"#3"},"east":{"uv":[2,13.33333,2.33333,13.66667],"texture":"#3"},"south":{"uv":[0,12,1,12.33333],"texture":"#3"},"west":{"uv":[3.33333,13.33333,3.66667,13.66667],"texture":"#3"},"up":{"uv":[13,0.33333,12,0],"texture":"#3"},"down":{"uv":[13,1.33333,12,1.66667],"texture":"#3"}}},{"from":[7.25,20,7.25],"to":[8.75,20.5,7.75],"rotation":{"angle":-22.5,"axis":"x","origin":[8,20.25,6.5]},"faces":{"north":{"uv":[12,2.66667,13,3],"texture":"#3"},"east":{"uv":[8,13.33333,8.33333,13.66667],"texture":"#3"},"south":{"uv":[12,4,13,4.33333],"texture":"#3"},"west":{"uv":[13.33333,8,13.66667,8.33333],"texture":"#3"},"up":{"uv":[13,11.66667,12,11.33333],"texture":"#3"},"down":{"uv":[5.66667,12.66667,4.66667,13],"texture":"#3"}}},{"from":[8.75,20,5.75],"to":[9.25,20.5,7.75],"rotation":{"angle":-22.5,"axis":"x","origin":[8,20.25,6.5]},"faces":{"north":{"uv":[13.33333,9.33333,13.66667,9.66667],"texture":"#3"},"east":{"uv":[0,10.66667,1.33333,11],"texture":"#3"},"south":{"uv":[14,0,14.33333,0.33333],"texture":"#3"},"west":{"uv":[10.66667,5.33333,12,5.66667],"texture":"#3"},"up":{"uv":[2.33333,12.66667,2,11.33333],"texture":"#3"},"down":{"uv":[3.66667,11.33333,3.33333,12.66667],"texture":"#3"}}},{"from":[6.75,20,5.75],"to":[7.25,20.5,7.75],"rotation":{"angle":-22.5,"axis":"x","origin":[8,20.25,6.5]},"faces":{"north":{"uv":[14,1.33333,14.33333,1.66667],"texture":"#3"},"east":{"uv":[4.66667,11.33333,6,11.66667],"texture":"#3"},"south":{"uv":[14,2.66667,14.33333,3],"texture":"#3"},"west":{"uv":[6.66667,11.33333,8,11.66667],"texture":"#3"},"up":{"uv":[11.66667,8,11.33333,6.66667],"texture":"#3"},"down":{"uv":[9,11.33333,8.66667,12.66667],"texture":"#3"}}},{"from":[7.5,21.09068,0.96441],"to":[8.5,22.09068,1.96441],"rotation":{"angle":-22.5,"axis":"x","origin":[7.5,20.84068,0.96441]},"faces":{"north":{"uv":[6,10,6.66667,10.66667],"texture":"#3"},"east":{"uv":[7.33333,10,8,10.66667],"texture":"#3"},"south":{"uv":[10,7.33333,10.66667,8],"texture":"#3"},"west":{"uv":[8.66667,10,9.33333,10.66667],"texture":"#3"},"up":{"uv":[10.66667,9.33333,10,8.66667],"texture":"#3"},"down":{"uv":[10.66667,10,10,10.66667],"texture":"#3"}}},{"from":[7.995,21.43164,-1.05097],"to":[8.005,22.93164,0.44903],"rotation":{"angle":-22.5,"axis":"x","origin":[7.995,22.68164,3.44903]},"faces":{"east":{"uv":[9,1.33333,8,2.33333],"texture":"#3"},"west":{"uv":[8,1.33333,9,2.33333],"texture":"#3"}}},{"from":[7.99,22.43164,1.44903],"to":[8.01,22.93164,6.44903],"rotation":{"angle":-22.5,"axis":"x","origin":[7.99,22.68164,3.44903]},"faces":{"east":{"uv":[11.33333,0,8,0.33333],"texture":"#3"},"west":{"uv":[8,0,11.33333,0.33333],"texture":"#3"}}},{"from":[7.985,11.06066,5.375],"to":[8.015,24.06066,7.375],"rotation":{"angle":0,"axis":"y","origin":[7.985,9.06066,2.375]},"faces":{"east":{"uv":[1.33333,0,0,8.66667],"texture":"#3"},"west":{"uv":[0,0,1.33333,8.66667],"texture":"#3"}}},{"from":[7.375,23.31066,6.625],"to":[8.625,23.56066,6.875],"rotation":{"angle":0,"axis":"y","origin":[7.375,23.06066,7.125]},"faces":{"east":{"uv":[14,4,14.16667,4.16667],"texture":"#3"},"south":{"uv":[10,12.66667,10.83333,12.83333],"texture":"#3"},"west":{"uv":[4.66667,14,4.83333,14.16667],"texture":"#3"},"up":{"uv":[12.83333,12.83333,12,12.66667],"texture":"#3"},"down":{"uv":[0.83333,13.33333,0,13.5],"texture":"#3"}}},{"from":[7.375,23.31066,6.125],"to":[8.625,24.06066,6.625],"rotation":{"angle":0,"axis":"y","origin":[7.375,23.06066,6.625]},"faces":{"north":{"uv":[11.33333,8.66667,12.16667,9.16667],"texture":"#3"},"east":{"uv":[6.66667,12.66667,7,13.16667],"texture":"#3"},"south":{"uv":[10,11.33333,10.83333,11.83333],"texture":"#3"},"west":{"uv":[12.66667,6.66667,13,7.16667],"texture":"#3"},"down":{"uv":[13.5,5.33333,12.66667,5.66667],"texture":"#3"}}},{"from":[7.375,24.06066,6.125],"to":[8.625,25.06066,8.625],"rotation":{"angle":0,"axis":"y","origin":[7.375,24.06066,6.625]},"faces":{"north":{"uv":[4,10,4.83333,10.66667],"texture":"#3"},"east":{"uv":[6,5.33333,7.66667,6],"texture":"#3"},"south":{"uv":[10,4,10.83333,4.66667],"texture":"#3"},"west":{"uv":[6,6.66667,7.66667,7.33333],"texture":"#3"},"up":{"uv":[6.83333,1.66667,6,0],"texture":"#3"},"down":{"uv":[6.83333,2.66667,6,4.33333],"texture":"#3"}}},{"from":[7.375,19.06066,7.375],"to":[8.625,24.06066,8.625],"rotation":{"angle":0,"axis":"y","origin":[8,17.24816,8]},"faces":{"north":{"uv":[2,0,2.83333,3.33333],"texture":"#3"},"east":{"uv":[4,0,4.83333,3.33333],"texture":"#3"},"south":{"uv":[2,4,2.83333,7.33333],"texture":"#3"},"west":{"uv":[4,4,4.83333,7.33333],"texture":"#3"}}},{"from":[4.375,10.69265,6.625],"to":[5.875,11.94265,7.875],"rotation":{"angle":-22.5,"axis":"z","origin":[6,11.31765,7.25]},"faces":{"north":{"uv":[2,8,3,8.83333],"texture":"#3"},"east":{"uv":[8,8,8.83333,8.83333],"texture":"#3"},"south":{"uv":[8,3.33333,9,4.16667],"texture":"#3"},"west":{"uv":[8.66667,5.33333,9.5,6.16667],"texture":"#3"},"up":{"uv":[5,8.83333,4,8],"texture":"#3"},"down":{"uv":[7,8,6,8.83333],"texture":"#3"}}},{"from":[5.875,10.94265,6.875],"to":[7.875,11.69265,7.625],"rotation":{"angle":-22.5,"axis":"z","origin":[6,11.31765,7.25]},"faces":{"north":{"uv":[0,9.33333,1.33333,9.83333],"texture":"#3"},"south":{"uv":[10,1.33333,11.33333,1.83333],"texture":"#3"},"up":{"uv":[3.33333,10.5,2,10],"texture":"#3"},"down":{"uv":[11.33333,2.66667,10,3.16667],"texture":"#3"}}},{"from":[7.1725,9.16574,6.50312],"to":[7.6725,9.16574,7.75312],"rotation":{"angle":22.5,"axis":"x","origin":[8.3475,9.16574,7.12812]},"faces":{"up":{"uv":[0,4,5,6],"rotation":90,"texture":"#2"},"down":{"uv":[5,4,0,6],"rotation":90,"texture":"#2"}}},{"from":[7.1725,8.7523,6.07298],"to":[7.1725,9.2523,7.32298],"rotation":{"angle":22.5,"axis":"x","origin":[7.2225,8.1273,6.69798]},"faces":{"east":{"uv":[5,6,0,8],"texture":"#2"},"west":{"uv":[0,6,5,8],"texture":"#2"}}},{"from":[7.175,6.848,6.35973],"to":[7.175,8.848,7.51473],"rotation":{"angle":0,"axis":"y","origin":[7.2225,8.81891,6.98473]},"faces":{"east":{"uv":[5,8,0,16],"texture":"#2"},"west":{"uv":[0,8,5,16],"texture":"#2"}}},{"from":[4.40854,12.30211,7.40768],"to":[5.65854,12.30211,7.90768],"rotation":{"angle":-22.5,"axis":"z","origin":[5.1975,11.65687,7.78268]},"faces":{"up":{"uv":[0,4,5,6],"texture":"#2"},"down":{"uv":[5,4,0,6],"rotation":180,"texture":"#2"}}},{"from":[4.40854,11.80311,7.90768],"to":[5.65854,12.30311,7.90768],"rotation":{"angle":-22.5,"axis":"z","origin":[5.1975,11.65687,7.78268]},"faces":{"north":{"uv":[5,6,0,8],"texture":"#2"},"south":{"uv":[0,6,5,8],"texture":"#2"}}},{"from":[4.52456,9.998,7.90518],"to":[5.67956,11.998,7.90518],"rotation":{"angle":0,"axis":"y","origin":[5.1975,11.65687,7.78268]},"faces":{"north":{"uv":[5,8,0,16],"texture":"#2"},"south":{"uv":[0,8,5,16],"texture":"#2"}}},{"from":[7.9475,13.03081,5.25577],"to":[7.9475,14.28081,5.75577],"rotation":{"angle":0,"axis":"x","origin":[7.94875,13.49185,4.98503]},"faces":{"east":{"uv":[5,6,0,8],"rotation":270,"texture":"#2"},"west":{"uv":[0,6,5,8],"rotation":90,"texture":"#2"}}},{"from":[7.95,12.96215,3.44118],"to":[7.95,14.11715,5.44118],"rotation":{"angle":-22.5,"axis":"x","origin":[7.94875,13.49185,4.98503]},"faces":{"east":{"uv":[5,8,0,16],"rotation":270,"texture":"#2"},"west":{"uv":[0,8,5,16],"rotation":90,"texture":"#2"}}},{"from":[8.0225,21.80581,5.88077],"to":[8.0225,23.05581,6.38077],"rotation":{"angle":0,"axis":"x","origin":[8.02375,22.26685,5.61003]},"faces":{"east":{"uv":[5,6,0,8],"rotation":270,"texture":"#2"},"west":{"uv":[0,6,5,8],"rotation":90,"texture":"#2"}}},{"from":[8.025,21.73715,4.06618],"to":[8.025,22.89215,6.06618],"rotation":{"angle":-22.5,"axis":"x","origin":[8.02375,22.26685,5.61003]},"faces":{"east":{"uv":[5,8,0,16],"rotation":270,"texture":"#2"},"west":{"uv":[0,8,5,16],"rotation":90,"texture":"#2"}}},{"from":[8.16375,11.96574,10.57188],"to":[8.66375,11.96574,11.82188],"rotation":{"angle":-22.5,"axis":"x","origin":[7.48875,11.96574,11.19688]},"faces":{"up":{"uv":[5,6,0,4],"rotation":90,"texture":"#2"},"down":{"uv":[0,6,5,4],"rotation":90,"texture":"#2"}}},{"from":[8.66375,11.5523,11.00202],"to":[8.66375,12.0523,12.25202],"rotation":{"angle":-22.5,"axis":"x","origin":[8.61375,10.9273,11.62702]},"faces":{"east":{"uv":[0,6,5,8],"texture":"#2"},"west":{"uv":[5,6,0,8],"texture":"#2"}}},{"from":[8.66125,9.648,10.81027],"to":[8.66125,11.648,11.96527],"rotation":{"angle":0,"axis":"y","origin":[8.61375,11.61891,11.34027]},"faces":{"east":{"uv":[0,8,5,16],"texture":"#2"},"west":{"uv":[5,8,0,16],"texture":"#2"}}},{"from":[7.125,14.6,10.275],"to":[8.875,16.35,12.775],"rotation":{"angle":22.5,"axis":"x","origin":[6.875,14.35,10.275]},"faces":{"north":{"uv":[0,5.33333,2.33333,7.66667],"texture":"#4"},"east":{"uv":[0,0,3.33333,2.33333],"texture":"#4"},"south":{"uv":[6.66667,0,9,2.33333],"texture":"#4"},"west":{"uv":[0,2.66667,3.33333,5],"texture":"#4"},"up":{"uv":[6.33333,3.33333,4,0],"texture":"#4"},"down":{"uv":[6.33333,4,4,7.33333],"texture":"#4"}}},{"from":[8.375,15.89402,11.69713],"to":[10.125,15.90402,13.19713],"rotation":{"angle":0,"axis":"y","origin":[8.625,15.89902,12.19713]},"faces":{"up":{"uv":[2.33333,13.66667,0,11.66667],"texture":"#4"},"down":{"uv":[2.33333,11.66667,0,13.66667],"texture":"#4"}}},{"from":[8.375,15.89402,11.69713],"to":[10.125,15.90402,13.19713],"rotation":{"angle":22.5,"axis":"z","origin":[8.625,15.89902,12.19713]},"faces":{"up":{"uv":[5,13.66667,2.66667,11.66667],"texture":"#4"},"down":{"uv":[5,11.66667,2.66667,13.66667],"texture":"#4"}}},{"from":[8.375,15.89402,11.69713],"to":[10.125,15.90402,13.19713],"rotation":{"angle":45,"axis":"z","origin":[8.625,15.89902,12.19713]},"faces":{"up":{"uv":[7.66667,13.66667,5.33333,11.66667],"texture":"#4"},"down":{"uv":[7.66667,11.66667,5.33333,13.66667],"texture":"#4"}}},{"from":[8.62,15.64902,11.69713],"to":[8.63,17.39902,13.19713],"rotation":{"angle":-22.5,"axis":"z","origin":[8.625,15.89902,12.19713]},"faces":{"east":{"uv":[10,11.33333,8,13.66667],"texture":"#4"},"west":{"uv":[8,11.33333,10,13.66667],"texture":"#4"}}},{"from":[5.875,15.89402,11.69713],"to":[7.625,15.90402,13.19713],"rotation":{"angle":0,"axis":"y","origin":[7.375,15.89902,12.19713]},"faces":{"up":{"uv":[0,13.66667,2.33333,11.66667],"texture":"#4"},"down":{"uv":[0,11.66667,2.33333,13.66667],"texture":"#4"}}},{"from":[5.875,15.89402,11.69713],"to":[7.625,15.90402,13.19713],"rotation":{"angle":-22.5,"axis":"z","origin":[7.375,15.89902,12.19713]},"faces":{"up":{"uv":[2.66667,13.66667,5,11.66667],"texture":"#4"},"down":{"uv":[2.66667,11.66667,5,13.66667],"texture":"#4"}}},{"from":[5.875,15.89402,11.69713],"to":[7.625,15.90402,13.19713],"rotation":{"angle":-45,"axis":"z","origin":[7.375,15.89902,12.19713]},"faces":{"up":{"uv":[5.33333,13.66667,7.66667,11.66667],"texture":"#4"},"down":{"uv":[5.33333,11.66667,7.66667,13.66667],"texture":"#4"}}},{"from":[7.37,15.64902,11.69713],"to":[7.38,17.39902,13.19713],"rotation":{"angle":22.5,"axis":"z","origin":[7.375,15.89902,12.19713]},"faces":{"east":{"uv":[10,11.33333,8,13.66667],"texture":"#4"},"west":{"uv":[8,11.33333,10,13.66667],"texture":"#4"}}},{"from":[8.375,15.85,9.525],"to":[8.385,16.35,10.275],"rotation":{"angle":22.5,"axis":"x","origin":[7,14.35,10.275]},"faces":{"east":{"uv":[2.66667,5.33333,3.66667,6],"texture":"#4"},"west":{"uv":[2.66667,6.66667,3.66667,7.33333],"texture":"#4"}}},{"from":[7.985,15.35,12.775],"to":[8.015,15.6,13.275],"rotation":{"angle":22.5,"axis":"x","origin":[9.36,14.35,10.275]},"faces":{"east":{"uv":[6.66667,9.33333,7.33333,9.66667],"texture":"#4"},"west":{"uv":[9.33333,6.66667,10,7],"texture":"#4"}}},{"from":[7.625,13.79396,11.06358],"to":[8.375,14.29396,11.07358],"rotation":{"angle":45,"axis":"x","origin":[8,14.29396,11.06358]},"faces":{"north":{"uv":[5.33333,9.33333,6.33333,10],"texture":"#4"},"south":{"uv":[9.33333,5.33333,10.33333,6],"texture":"#4"}}},{"from":[7.615,15.85,9.525],"to":[7.625,16.35,10.275],"rotation":{"angle":22.5,"axis":"x","origin":[9,14.35,10.275]},"faces":{"east":{"uv":[9.33333,2.66667,10.33333,3.33333],"texture":"#4"},"west":{"uv":[9.33333,4,10.33333,4.66667],"texture":"#4"}}},{"from":[7.375,13.60262,11.52552],"to":[8.625,14.10262,11.53552],"rotation":{"angle":22.5,"axis":"x","origin":[8,14.10262,11.52552]},"faces":{"north":{"uv":[5.33333,8,7,8.66667],"texture":"#4"},"south":{"uv":[8,8,9.66667,8.66667],"texture":"#4"}}},{"from":[7.375,13.41127,11.98746],"to":[8.625,13.91127,11.99746],"rotation":{"angle":-22.5,"axis":"x","origin":[8,13.91127,11.98746]},"faces":{"north":{"uv":[9.33333,0,11,0.66667],"texture":"#4"},"south":{"uv":[9.33333,1.33333,11,2],"texture":"#4"}}}],"gui_light":"front","display":{"thirdperson_righthand":{"translation":[0,1,1]},"thirdperson_lefthand":{"translation":[0,1,1]},"firstperson_righthand":{"rotation":[5,0,0],"translation":[2.25,1,0],"scale":[0.7,0.7,0.7]},"firstperson_lefthand":{"rotation":[5,0,0],"translation":[2.25,1,0],"scale":[0.7,0.7,0.7]},"ground":{"rotation":[-45,0,0],"translation":[0,5,0],"scale":[0.7,0.7,0.7]},"gui":{"rotation":[-90,45,90],"translation":[2.5,-2.25,0],"scale":[0.8,0.8,0.8]},"head":{"rotation":[0,-90,0]},"fixed":{"rotation":[0,-90,0],"translation":[0,0,-2.5],"scale":[2,2,2]}},"mcmodels":"bcbef68987faf2ba0a6ecab7518e6b93"}