{"credit":"Pologony Creation Co.,Ltd.","texture_size":[48,48],"textures":{"1":"plny_beeset:helmet","particle":"plny_beeset:helmet"},"elements":[{"from":[12.5,0,3],"to":[13.5,2,10.5],"rotation":{"angle":0,"axis":"y","origin":[12.5,0,3]},"faces":{"north":{"uv":[8.66667,6,9,6.66667],"texture":"#1","tintindex":0},"east":{"uv":[10.33333,1.66667,12.83333,2.33333],"texture":"#1","tintindex":0},"west":{"uv":[10.33333,2.66667,12.83333,3.33333],"texture":"#1","tintindex":0},"up":{"uv":[10.66667,14.16667,10.33333,11.66667],"texture":"#1","tintindex":0},"down":{"uv":[11.33333,11.66667,11,14.16667],"texture":"#1","tintindex":0}}},{"from":[12,2,5],"to":[13,6,13],"rotation":{"angle":0,"axis":"y","origin":[12,2,3]},"faces":{"north":{"uv":[1,12,1.33333,13.33333],"texture":"#1","tintindex":0},"east":{"uv":[5.66667,5.33333,8.33333,6.66667],"texture":"#1","tintindex":0},"south":{"uv":[6.33333,12,6.66667,13.33333],"texture":"#1","tintindex":0},"west":{"uv":[6.66667,0,9.33333,1.33333],"texture":"#1","tintindex":0},"down":{"uv":[10,11.66667,9.66667,14.33333],"texture":"#1","tintindex":0}}},{"from":[12,6,3],"to":[13,9,13],"rotation":{"angle":0,"axis":"y","origin":[12,6,3]},"faces":{"north":{"uv":[13,7.66667,13.33333,8.66667],"texture":"#1","tintindex":0},"east":{"uv":[6.66667,1.66667,10,2.66667],"texture":"#1","tintindex":0},"south":{"uv":[13,12.66667,13.33333,13.66667],"texture":"#1","tintindex":0},"west":{"uv":[6.66667,3,10,4],"texture":"#1","tintindex":0},"down":{"uv":[2,10.33333,1.66667,13.66667],"texture":"#1","tintindex":0}}},{"from":[4,6,3],"to":[12,9,4],"rotation":{"angle":0,"axis":"y","origin":[11,6,3]},"faces":{"north":{"uv":[3.66667,8.33333,6.33333,9.33333],"texture":"#1","tintindex":0},"south":{"uv":[6.66667,8.33333,9.33333,9.33333],"texture":"#1","tintindex":0},"down":{"uv":[14.33333,9.66667,11.66667,10],"texture":"#1","tintindex":0}}},{"from":[7,3.5,3],"to":[9,6,4],"rotation":{"angle":0,"axis":"y","origin":[11,6,3]},"faces":{"north":{"uv":[0,12,0.66667,12.83333],"texture":"#1","tintindex":0},"east":{"uv":[2.33333,13.33333,2.66667,14.16667],"texture":"#1","tintindex":0},"south":{"uv":[12,0,12.66667,0.83333],"texture":"#1","tintindex":0},"west":{"uv":[3,13.33333,3.33333,14.16667],"texture":"#1","tintindex":0}}},{"from":[7.575,2.90659,2.9975],"to":[9,4.33159,4.0025],"rotation":{"angle":-45,"axis":"z","origin":[8,3.90659,3.4975]},"faces":{"north":{"uv":[0.66667,13.66667,1.16667,14.16667],"texture":"#1","tintindex":0},"east":{"uv":[4.33333,14,4.66667,14.5],"texture":"#1","tintindex":0},"south":{"uv":[13.66667,13,14.16667,13.5],"texture":"#1","tintindex":0},"west":{"uv":[5,14,5.33333,14.5],"texture":"#1","tintindex":0},"up":{"uv":[14.5,4,14,3.66667],"texture":"#1","tintindex":0},"down":{"uv":[13.5,14,13,14.33333],"texture":"#1","tintindex":0}}},{"from":[6.25,5.425,3.0035],"to":[8.25,7.925,3.9965],"rotation":{"angle":-45,"axis":"z","origin":[7.25,4.425,3.5035]},"faces":{"north":{"uv":[2.33333,12,3,12.83333],"texture":"#1","tintindex":0},"east":{"uv":[13.33333,3,13.66667,3.83333],"texture":"#1","tintindex":0},"south":{"uv":[3.33333,12,4,12.83333],"texture":"#1","tintindex":0}}},{"from":[7.75,5.425,3.0035],"to":[9.75,7.925,3.9965],"rotation":{"angle":45,"axis":"z","origin":[8.75,4.425,3.5035]},"faces":{"north":{"uv":[4.33333,12,5,12.83333],"texture":"#1","tintindex":0},"south":{"uv":[5.33333,12,6,12.83333],"texture":"#1","tintindex":0},"west":{"uv":[3.66667,13.33333,4,14.16667],"texture":"#1","tintindex":0}}},{"from":[3,9,3],"to":[13,10,13],"rotation":{"angle":0,"axis":"y","origin":[12,9,3]},"faces":{"north":{"uv":[11,5.33333,14.33333,5.66667],"texture":"#1","tintindex":0},"east":{"uv":[10,11,13.33333,11.33333],"texture":"#1","tintindex":0},"south":{"uv":[2.33333,11.33333,5.66667,11.66667],"texture":"#1","tintindex":0},"west":{"uv":[6,11.33333,9.33333,11.66667],"texture":"#1","tintindex":0},"up":{"uv":[3.33333,3.33333,0,0],"texture":"#1","tintindex":0},"down":{"uv":[3.33333,3.66667,0,7],"texture":"#1","tintindex":0}}},{"from":[3,6,3],"to":[4,9,13],"rotation":{"angle":0,"axis":"y","origin":[4,6,3]},"faces":{"north":{"uv":[0,13.33333,0.33333,14.33333],"texture":"#1","tintindex":0},"east":{"uv":[5.66667,7,9,8],"texture":"#1","tintindex":0},"south":{"uv":[13.33333,1.66667,13.66667,2.66667],"texture":"#1","tintindex":0},"west":{"uv":[0,7.33333,3.33333,8.33333],"texture":"#1","tintindex":0},"down":{"uv":[12,6,11.66667,9.33333],"texture":"#1","tintindex":0}}},{"from":[4,2,12],"to":[12,9,13],"rotation":{"angle":0,"axis":"y","origin":[5,2,3]},"faces":{"north":{"uv":[3.66667,0,6.33333,2.33333],"texture":"#1","tintindex":0},"south":{"uv":[3.66667,2.66667,6.33333,5],"texture":"#1","tintindex":0}}},{"from":[10.5,0,3],"to":[12.5,2,4],"rotation":{"angle":0,"axis":"y","origin":[11.5,0,3]},"faces":{"north":{"uv":[2.33333,8.66667,3,9.33333],"texture":"#1","tintindex":0},"south":{"uv":[7,12,7.66667,12.66667],"texture":"#1","tintindex":0},"west":{"uv":[9,13.66667,9.33333,14.33333],"texture":"#1","tintindex":0},"up":{"uv":[14.66667,1.66667,14,1.33333],"texture":"#1","tintindex":0},"down":{"uv":[14.66667,2,14,2.33333],"texture":"#1","tintindex":0}}},{"from":[10.5,-1,3],"to":[11.5,0,4],"rotation":{"angle":0,"axis":"y","origin":[11.5,-2,3]},"faces":{"north":{"uv":[10.33333,3.66667,10.66667,4],"texture":"#1","tintindex":0},"east":{"uv":[14,14,14.33333,14.33333],"texture":"#1","tintindex":0},"south":{"uv":[5.66667,14.33333,6,14.66667],"texture":"#1","tintindex":0},"west":{"uv":[6.33333,14.33333,6.66667,14.66667],"texture":"#1","tintindex":0},"down":{"uv":[8,14.33333,7.66667,14.66667],"texture":"#1","tintindex":0}}},{"from":[11.5,-1,3],"to":[12,-0.5,4],"rotation":{"angle":0,"axis":"y","origin":[12.5,-2,3]},"faces":{"north":{"uv":[4.33333,15,4.5,15.16667],"texture":"#1","tintindex":0},"east":{"uv":[13.66667,14.66667,14,14.83333],"texture":"#1","tintindex":0},"south":{"uv":[5,15,5.16667,15.16667],"texture":"#1","tintindex":0},"up":{"uv":[14.83333,14,14.66667,13.66667],"texture":"#1","tintindex":0},"down":{"uv":[14.5,14.66667,14.33333,15],"texture":"#1","tintindex":0}}},{"from":[12.875,5,6.625],"to":[13.875,7,10.125],"rotation":{"angle":-22.5,"axis":"x","origin":[13.375,6,9.125]},"faces":{"north":{"uv":[1.66667,14,2,14.66667],"texture":"#1","tintindex":0},"east":{"uv":[6.66667,4.33333,7.83333,5],"texture":"#1","tintindex":0},"south":{"uv":[14,2.66667,14.33333,3.33333],"texture":"#1","tintindex":0},"west":{"uv":[11.66667,11.66667,12.83333,12.33333],"texture":"#1","tintindex":0},"up":{"uv":[8.33333,13.16667,8,12],"texture":"#1","tintindex":0},"down":{"uv":[9,12,8.66667,13.16667],"texture":"#1","tintindex":0}}},{"from":[12.875,4,6.625],"to":[13.875,5,7.625],"rotation":{"angle":-22.5,"axis":"x","origin":[13.375,6,9.125]},"faces":{"north":{"uv":[8.33333,14.33333,8.66667,14.66667],"texture":"#1","tintindex":0},"east":{"uv":[14.33333,8.66667,14.66667,9],"texture":"#1","tintindex":0},"south":{"uv":[14.33333,10.33333,14.66667,10.66667],"texture":"#1","tintindex":0},"west":{"uv":[11.66667,14.33333,12,14.66667],"texture":"#1","tintindex":0},"down":{"uv":[12.66667,14.33333,12.33333,14.66667],"texture":"#1","tintindex":0}}},{"from":[12.875,4,7.625],"to":[13.875,4.5,8.125],"rotation":{"angle":-22.5,"axis":"x","origin":[13.375,6,9.125]},"faces":{"east":{"uv":[5.66667,15,5.83333,15.16667],"texture":"#1","tintindex":0},"south":{"uv":[15,0,15.33333,0.16667],"texture":"#1","tintindex":0},"west":{"uv":[15,5.66667,15.16667,5.83333],"texture":"#1","tintindex":0},"up":{"uv":[15.33333,0.83333,15,0.66667],"texture":"#1","tintindex":0},"down":{"uv":[1.66667,15,1.33333,15.16667],"texture":"#1","tintindex":0}}},{"from":[12.875,6.42597,9.23918],"to":[13.875,7.42597,10.23918],"rotation":{"angle":-22.5,"axis":"x","origin":[13.375,5.42597,7.73918]},"faces":{"north":{"uv":[0,14.66667,0.33333,15],"texture":"#1","tintindex":0},"east":{"uv":[0.66667,14.66667,1,15],"texture":"#1","tintindex":0},"south":{"uv":[2.33333,14.66667,2.66667,15],"texture":"#1","tintindex":0},"west":{"uv":[14.66667,2.66667,15,3],"texture":"#1","tintindex":0},"up":{"uv":[3.33333,15,3,14.66667],"texture":"#1","tintindex":0}}},{"from":[12.875,6.92597,8.73918],"to":[13.875,7.42597,9.23918],"rotation":{"angle":-22.5,"axis":"x","origin":[13.375,5.42597,7.73918]},"faces":{"north":{"uv":[15,1.33333,15.33333,1.5],"texture":"#1","tintindex":0},"east":{"uv":[6.33333,15,6.5,15.16667],"texture":"#1","tintindex":0},"west":{"uv":[15,6.33333,15.16667,6.5],"texture":"#1","tintindex":0},"up":{"uv":[15.33333,2.16667,15,2],"texture":"#1","tintindex":0},"down":{"uv":[15.33333,3.33333,15,3.5],"texture":"#1","tintindex":0}}},{"from":[7.3132,6.24535,2.5],"to":[9.8132,7.24535,3.5],"rotation":{"angle":22.5,"axis":"z","origin":[8,7.90343,3.0025]},"faces":{"north":{"uv":[11.66667,10.33333,12.5,10.66667],"texture":"#1","tintindex":0},"east":{"uv":[3.66667,14.66667,4,15],"texture":"#1","tintindex":0},"south":{"uv":[13,9,13.83333,9.33333],"texture":"#1","tintindex":0},"west":{"uv":[14.66667,4.33333,15,4.66667],"texture":"#1","tintindex":0},"up":{"uv":[13.83333,10.66667,13,10.33333],"texture":"#1","tintindex":0},"down":{"uv":[5.16667,13.33333,4.33333,13.66667],"texture":"#1","tintindex":0}}},{"from":[7.3132,10.38554,2.4975],"to":[9.8132,11.38554,3.5025],"rotation":{"angle":-22.5,"axis":"z","origin":[8,9.72746,3]},"faces":{"north":{"uv":[13.33333,4.33333,14.16667,4.66667],"texture":"#1","tintindex":0},"east":{"uv":[14.66667,5,15,5.33333],"texture":"#1","tintindex":0},"south":{"uv":[13.33333,11.66667,14.16667,12],"texture":"#1","tintindex":0},"west":{"uv":[7,14.66667,7.33333,15],"texture":"#1","tintindex":0},"up":{"uv":[14.5,0.33333,13.66667,0],"texture":"#1","tintindex":0},"down":{"uv":[14.5,0.66667,13.66667,1],"texture":"#1","tintindex":0}}},{"from":[9.3097,7.06545,2.495],"to":[10.3097,10.56545,3.505],"rotation":{"angle":0,"axis":"y","origin":[9.8097,8.31545,2.9975]},"faces":{"north":{"uv":[12.33333,6,12.66667,7.16667],"texture":"#1","tintindex":0},"east":{"uv":[12.33333,7.66667,12.66667,8.83333],"texture":"#1","tintindex":0},"south":{"uv":[12.66667,3.66667,13,4.83333],"texture":"#1","tintindex":0},"west":{"uv":[11.66667,12.66667,12,13.83333],"texture":"#1","tintindex":0},"up":{"uv":[9.33333,15,9,14.66667],"texture":"#1","tintindex":0},"down":{"uv":[15,9.33333,14.66667,9.66667],"texture":"#1","tintindex":0}}},{"from":[5.6903,7.06545,2.495],"to":[6.6903,10.56545,3.505],"rotation":{"angle":0,"axis":"y","origin":[6.1903,8.31545,2.9975]},"faces":{"north":{"uv":[12.33333,12.66667,12.66667,13.83333],"texture":"#1","tintindex":0},"east":{"uv":[13,0,13.33333,1.16667],"texture":"#1","tintindex":0},"south":{"uv":[13,6,13.33333,7.16667],"texture":"#1","tintindex":0},"west":{"uv":[7,13,7.33333,14.16667],"texture":"#1","tintindex":0},"up":{"uv":[10,15,9.66667,14.66667],"texture":"#1","tintindex":0},"down":{"uv":[10.66667,14.66667,10.33333,15],"texture":"#1","tintindex":0}}},{"from":[6.1868,10.38554,2.5],"to":[8.6868,11.38554,3.5],"rotation":{"angle":22.5,"axis":"z","origin":[8,9.72746,3.0025]},"faces":{"north":{"uv":[5.66667,13.66667,6.5,14],"texture":"#1","tintindex":0},"east":{"uv":[11,14.66667,11.33333,15],"texture":"#1","tintindex":0},"south":{"uv":[13.66667,6,14.5,6.33333],"texture":"#1","tintindex":0},"west":{"uv":[14.66667,11.66667,15,12],"texture":"#1","tintindex":0},"up":{"uv":[14.5,7,13.66667,6.66667],"texture":"#1","tintindex":0},"down":{"uv":[14.5,7.33333,13.66667,7.66667],"texture":"#1","tintindex":0}}},{"from":[6.1868,6.24535,2.4975],"to":[8.6868,7.24535,3.5025],"rotation":{"angle":-22.5,"axis":"z","origin":[8,7.90343,3]},"faces":{"north":{"uv":[7.66667,13.66667,8.5,14],"texture":"#1","tintindex":0},"east":{"uv":[13,14.66667,13.33333,15],"texture":"#1","tintindex":0},"south":{"uv":[13.66667,8,14.5,8.33333],"texture":"#1","tintindex":0},"west":{"uv":[14.66667,13,15,13.33333],"texture":"#1","tintindex":0},"up":{"uv":[14.5,11.33333,13.66667,11],"texture":"#1","tintindex":0},"down":{"uv":[14.5,12.33333,13.66667,12.66667],"texture":"#1","tintindex":0}}},{"from":[11.48423,9,0.99517],"to":[11.51423,16,5.99517],"rotation":{"angle":-45,"axis":"y","origin":[11.48423,12.5,3.49517]},"faces":{"east":{"uv":[5.33333,5.33333,3.66667,7.66667],"texture":"#1","tintindex":0},"west":{"uv":[3.66667,5.33333,5.33333,7.66667],"texture":"#1","tintindex":0}}},{"from":[5,-1,10.5],"to":[11,3,14],"rotation":{"angle":0,"axis":"y","origin":[0,-1,10.5]},"faces":{"north":{"uv":[0,8.66667,2,10],"texture":"#1","tintindex":0},"south":{"uv":[8.66667,4.33333,10.66667,5.66667],"texture":"#1","tintindex":0},"up":{"uv":[11.33333,7.16667,9.33333,6],"texture":"#1","tintindex":0},"down":{"uv":[11.66667,0,9.66667,1.16667],"texture":"#1","tintindex":0}}},{"from":[10.10194,-1.0025,9.18516],"to":[14.60194,3.0025,12.98516],"rotation":{"angle":22.5,"axis":"y","origin":[13.10194,0.9975,11.23516]},"faces":{"north":{"uv":[2.33333,9.66667,3.83333,11],"texture":"#1","tintindex":0},"east":{"uv":[8.33333,9.66667,9.66667,11],"texture":"#1","tintindex":0},"south":{"uv":[4.33333,9.66667,5.83333,11],"texture":"#1","tintindex":0},"west":{"uv":[10,9.33333,11.33333,10.66667],"texture":"#1","tintindex":0},"up":{"uv":[7.83333,11,6.33333,9.66667],"texture":"#1","tintindex":0},"down":{"uv":[11.16667,7.66667,9.66667,9],"texture":"#1","tintindex":0}}},{"from":[6,7,2.51],"to":[10,10.5,3.49],"rotation":{"angle":0,"axis":"y","origin":[6,7,2.485]},"faces":{"north":{"uv":[0,10.33333,1.33333,11.5],"texture":"#1","tintindex":0},"south":{"uv":[11,3.66667,12.33333,4.83333],"texture":"#1","tintindex":0}}},{"from":[1.39806,-1.0025,9.18516],"to":[5.89806,3.0025,12.98516],"rotation":{"angle":-22.5,"axis":"y","origin":[2.89806,0.9975,11.23516]},"faces":{"north":{"uv":[3.83333,9.66667,2.33333,11],"texture":"#1","tintindex":0},"east":{"uv":[11.33333,9.33333,10,10.66667],"texture":"#1","tintindex":0},"south":{"uv":[5.83333,9.66667,4.33333,11],"texture":"#1","tintindex":0},"west":{"uv":[9.66667,9.66667,8.33333,11],"texture":"#1","tintindex":0},"up":{"uv":[6.33333,11,7.83333,9.66667],"texture":"#1","tintindex":0},"down":{"uv":[9.66667,7.66667,11.16667,9],"texture":"#1","tintindex":0}}},{"from":[3,2,5],"to":[4,6,13],"rotation":{"angle":0,"axis":"y","origin":[4,2,3]},"faces":{"north":{"uv":[1.33333,12,1,13.33333],"texture":"#1","tintindex":0},"east":{"uv":[9.33333,0,6.66667,1.33333],"texture":"#1","tintindex":0},"south":{"uv":[6.66667,12,6.33333,13.33333],"texture":"#1","tintindex":0},"west":{"uv":[8.33333,5.33333,5.66667,6.66667],"texture":"#1","tintindex":0},"down":{"uv":[9.66667,11.66667,10,14.33333],"texture":"#1","tintindex":0}}},{"from":[1.39806,-1.0025,9.18516],"to":[5.89806,3.0025,12.98516],"rotation":{"angle":-22.5,"axis":"y","origin":[2.89806,0.9975,11.23516]},"faces":{"north":{"uv":[3.83333,9.66667,2.33333,11],"texture":"#1","tintindex":0},"east":{"uv":[11.33333,9.33333,10,10.66667],"texture":"#1","tintindex":0},"south":{"uv":[5.83333,9.66667,4.33333,11],"texture":"#1","tintindex":0},"west":{"uv":[9.66667,9.66667,8.33333,11],"texture":"#1","tintindex":0},"up":{"uv":[6.33333,11,7.83333,9.66667],"texture":"#1","tintindex":0},"down":{"uv":[9.66667,7.66667,11.16667,9],"texture":"#1","tintindex":0}}},{"from":[4,-1,3],"to":[4.5,-0.5,4],"rotation":{"angle":0,"axis":"y","origin":[3.5,-2,3]},"faces":{"north":{"uv":[4.5,15,4.33333,15.16667],"texture":"#1","tintindex":0},"south":{"uv":[5.16667,15,5,15.16667],"texture":"#1","tintindex":0},"west":{"uv":[14,14.66667,13.66667,14.83333],"texture":"#1","tintindex":0},"up":{"uv":[14.66667,14,14.83333,13.66667],"texture":"#1","tintindex":0},"down":{"uv":[14.33333,14.66667,14.5,15],"texture":"#1","tintindex":0}}},{"from":[4.5,-1,3],"to":[5.5,0,4],"rotation":{"angle":0,"axis":"y","origin":[4.5,-2,3]},"faces":{"north":{"uv":[10.66667,3.66667,10.33333,4],"texture":"#1","tintindex":0},"east":{"uv":[6.66667,14.33333,6.33333,14.66667],"texture":"#1","tintindex":0},"south":{"uv":[6,14.33333,5.66667,14.66667],"texture":"#1","tintindex":0},"west":{"uv":[14.33333,14,14,14.33333],"texture":"#1","tintindex":0},"down":{"uv":[7.66667,14.33333,8,14.66667],"texture":"#1","tintindex":0}}},{"from":[3.5,0,3],"to":[5.5,2,4],"rotation":{"angle":0,"axis":"y","origin":[4.5,0,3]},"faces":{"north":{"uv":[3,8.66667,2.33333,9.33333],"texture":"#1","tintindex":0},"east":{"uv":[9.33333,13.66667,9,14.33333],"texture":"#1","tintindex":0},"south":{"uv":[7.66667,12,7,12.66667],"texture":"#1","tintindex":0},"up":{"uv":[14,1.66667,14.66667,1.33333],"texture":"#1","tintindex":0},"down":{"uv":[14,2,14.66667,2.33333],"texture":"#1","tintindex":0}}},{"from":[2.5,0,3],"to":[3.5,2,10.5],"rotation":{"angle":0,"axis":"y","origin":[3.5,0,3]},"faces":{"north":{"uv":[9,6,8.66667,6.66667],"texture":"#1","tintindex":0},"east":{"uv":[12.83333,2.66667,10.33333,3.33333],"texture":"#1","tintindex":0},"west":{"uv":[12.83333,1.66667,10.33333,2.33333],"texture":"#1","tintindex":0},"up":{"uv":[10.33333,14.16667,10.66667,11.66667],"texture":"#1","tintindex":0},"down":{"uv":[11,11.66667,11.33333,14.16667],"texture":"#1","tintindex":0}}},{"from":[2.125,4,7.625],"to":[3.125,4.5,8.125],"rotation":{"angle":-22.5,"axis":"x","origin":[2.625,6,9.125]},"faces":{"east":{"uv":[15.16667,5.66667,15,5.83333],"texture":"#1","tintindex":0},"south":{"uv":[15.33333,0,15,0.16667],"texture":"#1","tintindex":0},"west":{"uv":[5.83333,15,5.66667,15.16667],"texture":"#1","tintindex":0},"up":{"uv":[15,0.83333,15.33333,0.66667],"texture":"#1","tintindex":0},"down":{"uv":[1.33333,15,1.66667,15.16667],"texture":"#1","tintindex":0}}},{"from":[2.125,4,6.625],"to":[3.125,5,7.625],"rotation":{"angle":-22.5,"axis":"x","origin":[2.625,6,9.125]},"faces":{"north":{"uv":[8.66667,14.33333,8.33333,14.66667],"texture":"#1","tintindex":0},"east":{"uv":[12,14.33333,11.66667,14.66667],"texture":"#1","tintindex":0},"south":{"uv":[14.66667,10.33333,14.33333,10.66667],"texture":"#1","tintindex":0},"west":{"uv":[14.66667,8.66667,14.33333,9],"texture":"#1","tintindex":0},"down":{"uv":[12.33333,14.33333,12.66667,14.66667],"texture":"#1","tintindex":0}}},{"from":[2.125,5,6.625],"to":[3.125,7,10.125],"rotation":{"angle":-22.5,"axis":"x","origin":[2.625,6,9.125]},"faces":{"north":{"uv":[2,14,1.66667,14.66667],"texture":"#1","tintindex":0},"east":{"uv":[12.83333,11.66667,11.66667,12.33333],"texture":"#1","tintindex":0},"south":{"uv":[14.33333,2.66667,14,3.33333],"texture":"#1","tintindex":0},"west":{"uv":[7.83333,4.33333,6.66667,5],"texture":"#1","tintindex":0},"up":{"uv":[8,13.16667,8.33333,12],"texture":"#1","tintindex":0},"down":{"uv":[8.66667,12,9,13.16667],"texture":"#1","tintindex":0}}},{"from":[2.125,6.92597,8.73918],"to":[3.125,7.42597,9.23918],"rotation":{"angle":-22.5,"axis":"x","origin":[2.625,5.42597,7.73918]},"faces":{"north":{"uv":[15.33333,1.33333,15,1.5],"texture":"#1","tintindex":0},"east":{"uv":[15.16667,6.33333,15,6.5],"texture":"#1","tintindex":0},"west":{"uv":[6.5,15,6.33333,15.16667],"texture":"#1","tintindex":0},"up":{"uv":[15,2.16667,15.33333,2],"texture":"#1","tintindex":0},"down":{"uv":[15,3.33333,15.33333,3.5],"texture":"#1","tintindex":0}}},{"from":[2.125,6.42597,9.23918],"to":[3.125,7.42597,10.23918],"rotation":{"angle":-22.5,"axis":"x","origin":[2.625,5.42597,7.73918]},"faces":{"north":{"uv":[0.33333,14.66667,0,15],"texture":"#1","tintindex":0},"east":{"uv":[15,2.66667,14.66667,3],"texture":"#1","tintindex":0},"south":{"uv":[2.66667,14.66667,2.33333,15],"texture":"#1","tintindex":0},"west":{"uv":[1,14.66667,0.66667,15],"texture":"#1","tintindex":0},"up":{"uv":[3,15,3.33333,14.66667],"texture":"#1","tintindex":0}}},{"from":[4.48577,9,0.99517],"to":[4.51577,16,5.99517],"rotation":{"angle":45,"axis":"y","origin":[4.51577,12.5,3.49517]},"faces":{"east":{"uv":[5.33333,5.33333,3.66667,7.66667],"texture":"#1","tintindex":0},"west":{"uv":[3.66667,5.33333,5.33333,7.66667],"texture":"#1","tintindex":0}}}],"gui_light":"front","display":{"thirdperson_righthand":{"rotation":[60,0,0],"translation":[0,4.5,3.75],"scale":[0.6,0.6,0.6]},"thirdperson_lefthand":{"rotation":[60,0,0],"translation":[0,4.5,3.75],"scale":[0.6,0.6,0.6]},"firstperson_righthand":{"rotation":[165,0,-180],"translation":[1.5,6,-1],"scale":[0.72,0.72,0.72]},"firstperson_lefthand":{"rotation":[165,0,-180],"translation":[1.5,6,-1],"scale":[0.72,0.72,0.72]},"ground":{"translation":[0,5,0],"scale":[0.7,0.7,0.7]},"gui":{"rotation":[0,180,0],"translation":[0,0.75,0]},"head":{"translation":[0,4.75,0],"scale":[1.6,1.6,1.6]},"fixed":{"rotation":[-90,0,0],"translation":[0,0,-18],"scale":[2,2,2]}},"mcmodels":"bcbef68987faf2ba0a6ecab7518e6b93"}