{"credit":"Pologony Creation Co.,Ltd.","texture_size":[44,44],"textures":{"2":"plny_beeset:animated/honey_1","3":"plny_beeset:weapon","4":"plny_beeset:animated/bee_animated","particle":"plny_beeset:animated/bee_animated"},"elements":[{"from":[7.2475,8.74556,9.79994],"to":[8.7525,11.24556,10.79994],"rotation":{"angle":22.5,"axis":"x","origin":[8,8,8]},"faces":{"north":{"uv":[8.54545,1.09091,8,2],"rotation":180,"texture":"#3"},"east":{"uv":[9.09091,6.54545,10,6.90909],"rotation":270,"texture":"#3"},"south":{"uv":[7.45455,8.54545,6.90909,7.63636],"texture":"#3"},"west":{"uv":[9.09091,7.27273,10,7.63636],"rotation":90,"texture":"#3"},"up":{"uv":[13.09091,5.09091,13.63636,5.45455],"rotation":180,"texture":"#3"},"down":{"uv":[13.09091,7.63636,13.63636,8],"texture":"#3"}}},{"from":[7.25,9.3097,10.90496],"to":[8.75,10.3097,14.15496],"rotation":{"angle":0,"axis":"y","origin":[8,8,8]},"faces":{"east":{"uv":[2.18182,8.36364,2.54545,9.54545],"rotation":270,"texture":"#3"},"west":{"uv":[2.90909,8.36364,3.27273,9.54545],"rotation":90,"texture":"#3"},"up":{"uv":[5.81818,4.36364,6.36364,5.54545],"rotation":180,"texture":"#3"},"down":{"uv":[4.72727,6.18182,5.27273,7.36364],"texture":"#3"}}},{"from":[7.2475,5.27849,13.57032],"to":[8.7525,7.77849,14.57032],"rotation":{"angle":-22.5,"axis":"x","origin":[8,8,8]},"faces":{"north":{"uv":[8.54545,4,8,4.90909],"rotation":180,"texture":"#3"},"east":{"uv":[0,9.45455,0.90909,9.81818],"rotation":270,"texture":"#3"},"south":{"uv":[8.54545,3.45455,8,2.54545],"texture":"#3"},"west":{"uv":[4.36364,9.45455,5.27273,9.81818],"rotation":90,"texture":"#3"},"up":{"uv":[8,13.09091,8.54545,13.45455],"rotation":180,"texture":"#3"},"down":{"uv":[13.09091,9.45455,13.63636,9.81818],"texture":"#3"}}},{"from":[7.2485,8.22151,13.57033],"to":[8.7515,10.72151,14.57033],"rotation":{"angle":22.5,"axis":"x","origin":[8,8,8]},"faces":{"north":{"uv":[6,8,5.45455,8.90909],"rotation":180,"texture":"#3"},"east":{"uv":[8.72727,9.45455,9.63636,9.81818],"rotation":270,"texture":"#3"},"south":{"uv":[4.90909,8.90909,4.36364,8],"texture":"#3"},"west":{"uv":[9.81818,0,10.72727,0.36364],"rotation":90,"texture":"#3"},"down":{"uv":[10.90909,13.09091,11.45455,13.45455],"texture":"#3"}}},{"from":[7.25,5.6903,10.90496],"to":[8.75,6.6903,14.15496],"rotation":{"angle":0,"axis":"y","origin":[8,8,8]},"faces":{"east":{"uv":[3.63636,8.36364,4,9.54545],"rotation":270,"texture":"#3"},"west":{"uv":[8,8.36364,8.36364,9.54545],"rotation":90,"texture":"#3"},"up":{"uv":[5.81818,6.18182,6.36364,7.36364],"rotation":180,"texture":"#3"},"down":{"uv":[0,6.54545,0.54545,7.72727],"texture":"#3"}}},{"from":[7.2485,4.75444,9.79994],"to":[8.7515,7.25444,10.79994],"rotation":{"angle":-22.5,"axis":"x","origin":[8,8,8]},"faces":{"north":{"uv":[8.54545,6.90909,8,7.81818],"rotation":180,"texture":"#3"},"east":{"uv":[9.81818,8,10.72727,8.36364],"rotation":270,"texture":"#3"},"south":{"uv":[8.54545,6.36364,8,5.45455],"texture":"#3"},"west":{"uv":[9.81818,8.72727,10.72727,9.09091],"rotation":90,"texture":"#3"},"down":{"uv":[12,13.09091,12.54545,13.45455],"texture":"#3"}}},{"from":[7.5,6.5,10.92653],"to":[8.5,9.5,14.17653],"rotation":{"angle":0,"axis":"y","origin":[8,8,8]},"faces":{"east":{"uv":[3.27273,0,4.36364,1.18182],"rotation":270,"texture":"#3"},"west":{"uv":[1.09091,3.27273,2.18182,4.45455],"rotation":90,"texture":"#3"}}},{"from":[7.75,7.25,2.07653],"to":[8.25,8.75,3.57653],"rotation":{"angle":0,"axis":"x","origin":[8,8,8]},"faces":{"east":{"uv":[3.27273,10.18182,3.81818,10.72727],"rotation":90,"texture":"#3"},"west":{"uv":[10.18182,4,10.72727,4.54545],"rotation":270,"texture":"#3"}}},{"from":[7.5,6.38321,1.70153],"to":[8.5,7.38321,3.95153],"rotation":{"angle":0,"axis":"x","origin":[8,8,8]},"faces":{"east":{"uv":[4.36364,10.18182,4.72727,11],"rotation":90,"texture":"#3"},"west":{"uv":[10.18182,5.09091,10.54545,5.90909],"rotation":270,"texture":"#3"},"up":{"uv":[5.09091,10.18182,5.45455,11],"texture":"#3"},"down":{"uv":[5.81818,9.45455,6.18182,10.27273],"rotation":180,"texture":"#3"}}},{"from":[7.5,8.61679,1.70153],"to":[8.5,9.61679,3.95153],"rotation":{"angle":0,"axis":"x","origin":[8,8,8]},"faces":{"east":{"uv":[7.27273,10.18182,7.63636,11],"rotation":90,"texture":"#3"},"west":{"uv":[8.72727,10.18182,9.09091,11],"rotation":270,"texture":"#3"},"up":{"uv":[8,10.18182,8.36364,11],"texture":"#3"},"down":{"uv":[6.54545,10.18182,6.90909,11],"rotation":180,"texture":"#3"}}},{"from":[7.4985,9.293,3.87842],"to":[8.5015,11.043,4.87842],"rotation":{"angle":-22.5,"axis":"x","origin":[8,8,8]},"faces":{"north":{"uv":[12,5.72727,11.63636,5.09091],"rotation":180,"texture":"#3"},"east":{"uv":[11.27273,4.36364,11.90909,4.72727],"rotation":90,"texture":"#3"},"south":{"uv":[6.90909,11.63636,6.54545,12.27273],"texture":"#3"},"west":{"uv":[11.27273,8.72727,11.90909,9.09091],"rotation":270,"texture":"#3"},"up":{"uv":[1.45455,9.45455,1.81818,9.81818],"texture":"#3"}}},{"from":[7.4975,4.957,3.87842],"to":[8.5025,6.707,4.87842],"rotation":{"angle":22.5,"axis":"x","origin":[8,8,8]},"faces":{"north":{"uv":[9.81818,12.27273,9.45455,11.63636],"rotation":180,"texture":"#3"},"east":{"uv":[7.27273,11.63636,7.90909,12],"rotation":90,"texture":"#3"},"south":{"uv":[12,9.45455,11.63636,10.09091],"texture":"#3"},"west":{"uv":[8.36364,11.63636,9,12],"rotation":270,"texture":"#3"},"up":{"uv":[3.63636,13.45455,4,13.81818],"texture":"#3"},"down":{"uv":[10.90909,12.36364,11.27273,12.72727],"rotation":180,"texture":"#3"}}},{"from":[7.4985,5.3334,1.56226],"to":[8.5015,7.0834,2.56226],"rotation":{"angle":22.5,"axis":"x","origin":[8,8,8]},"faces":{"north":{"uv":[12,12.63636,11.63636,12],"rotation":180,"texture":"#3"},"east":{"uv":[11.63636,10.54545,12.27273,10.90909],"rotation":90,"texture":"#3"},"south":{"uv":[0.36364,12.36364,0,13],"texture":"#3"},"west":{"uv":[11.63636,11.27273,12.27273,11.63636],"rotation":270,"texture":"#3"},"up":{"uv":[5.45455,13.45455,5.81818,13.81818],"texture":"#3"}}},{"from":[7.4975,8.9166,1.56226],"to":[8.5025,10.6666,2.56226],"rotation":{"angle":-22.5,"axis":"x","origin":[8,8,8]},"faces":{"north":{"uv":[12.72727,1.36364,12.36364,0.72727],"rotation":180,"texture":"#3"},"east":{"uv":[12.36364,0,13,0.36364],"rotation":90,"texture":"#3"},"south":{"uv":[2.18182,12.36364,1.81818,13],"texture":"#3"},"west":{"uv":[0.72727,12.36364,1.36364,12.72727],"rotation":270,"texture":"#3"},"up":{"uv":[10.18182,13.45455,10.54545,13.81818],"texture":"#3"},"down":{"uv":[7.27273,13.45455,7.63636,13.81818],"rotation":180,"texture":"#3"}}},{"from":[7,7,4.45153],"to":[9,9,5.20153],"rotation":{"angle":45,"axis":"z","origin":[8,8,8]},"faces":{"north":{"uv":[7.63636,5.45455,6.90909,6.18182],"rotation":180,"texture":"#3"},"east":{"uv":[13.45455,0,14.18182,0.27273],"rotation":270,"texture":"#3"},"south":{"uv":[7.63636,5.09091,6.90909,4.36364],"texture":"#3"},"west":{"uv":[13.45455,3.27273,14.18182,3.54545],"rotation":90,"texture":"#3"},"up":{"uv":[13.09091,13.09091,13.81818,13.36364],"rotation":180,"texture":"#3"},"down":{"uv":[13.45455,1.45455,14.18182,1.72727],"texture":"#3"}}},{"from":[7,7,9.63719],"to":[9,9,10.38719],"rotation":{"angle":45,"axis":"z","origin":[8,8,8]},"faces":{"north":{"uv":[1.81818,7.27273,1.09091,8],"rotation":180,"texture":"#3"},"east":{"uv":[13.45455,5.81818,14.18182,6.09091],"rotation":270,"texture":"#3"},"south":{"uv":[7.63636,7.27273,6.90909,6.54545],"texture":"#3"},"west":{"uv":[13.45455,8.36364,14.18182,8.63636],"rotation":90,"texture":"#3"},"up":{"uv":[13.45455,4,14.18182,4.27273],"rotation":180,"texture":"#3"},"down":{"uv":[13.45455,6.54545,14.18182,6.81818],"texture":"#3"}}},{"from":[7.985,8.9,4.7],"to":[8.015,10.9,6.7],"rotation":{"angle":0,"axis":"x","origin":[8,9.9,5.7]},"faces":{"east":{"uv":[2.18182,7.27273,2.90909,8],"rotation":270,"texture":"#3"},"west":{"uv":[2.90909,7.27273,2.18182,8],"rotation":90,"texture":"#3"}}},{"from":[7.25,7.25,5.13719],"to":[8.75,8.75,9.63719],"rotation":{"angle":-45,"axis":"z","origin":[8,8,8]},"faces":{"east":{"uv":[1.09091,0.09091,1.63636,1.72727],"rotation":270,"texture":"#3"},"west":{"uv":[0,3.36364,0.54545,5],"rotation":90,"texture":"#3"},"up":{"uv":[0,0.09091,0.54545,1.72727],"rotation":180,"texture":"#3"},"down":{"uv":[2.18182,0.09091,2.72727,1.72727],"texture":"#3"}}},{"from":[7.4,7.447,2.10973],"to":[7.9,7.447,3.35973],"rotation":{"angle":0,"axis":"x","origin":[7.525,7.3225,2.73473]},"faces":{"up":{"uv":[0,4,5,6],"rotation":90,"texture":"#2"},"down":{"uv":[5,4,0,6],"rotation":90,"texture":"#2"}}},{"from":[7.4,6.948,2.10973],"to":[7.4,7.448,3.35973],"rotation":{"angle":0,"axis":"x","origin":[7.525,7.3225,2.73473]},"faces":{"east":{"uv":[5,6,0,8],"texture":"#2"},"west":{"uv":[0,6,5,8],"texture":"#2"}}},{"from":[7.4,4.948,2.10973],"to":[7.4,6.948,3.36473],"rotation":{"angle":0,"axis":"y","origin":[7.4475,6.91891,2.73473]},"faces":{"east":{"uv":[5,8,0,16],"texture":"#2"},"west":{"uv":[0,8,5,16],"texture":"#2"}}},{"from":[8.3,6.722,12.14027],"to":[8.8,6.722,13.39027],"rotation":{"angle":0,"axis":"x","origin":[8.675,6.5975,12.76527]},"faces":{"up":{"uv":[5,6,0,4],"rotation":90,"texture":"#2"},"down":{"uv":[0,6,5,4],"rotation":90,"texture":"#2"}}},{"from":[8.8,6.223,12.14027],"to":[8.8,6.723,13.39027],"rotation":{"angle":0,"axis":"x","origin":[8.675,6.5975,12.76527]},"faces":{"east":{"uv":[0,6,5,8],"texture":"#2"},"west":{"uv":[5,6,0,8],"texture":"#2"}}},{"from":[8.8,4.223,12.13527],"to":[8.8,6.223,13.39027],"rotation":{"angle":0,"axis":"y","origin":[8.7525,6.19391,12.76527]},"faces":{"east":{"uv":[0,8,5,16],"texture":"#2"},"west":{"uv":[5,8,0,16],"texture":"#2"}}},{"from":[7.125,10.44861,12.7116],"to":[8.875,12.19861,15.2116],"rotation":{"angle":22.5,"axis":"x","origin":[8,11.50279,13.95433]},"faces":{"north":{"uv":[0,5.33333,2.33333,7.66667],"texture":"#4"},"east":{"uv":[0,0,3.33333,2.33333],"texture":"#4"},"south":{"uv":[6.66667,0,9,2.33333],"texture":"#4"},"west":{"uv":[0,2.66667,3.33333,5],"texture":"#4"},"up":{"uv":[6.33333,3.33333,4,0],"texture":"#4"},"down":{"uv":[6.33333,4,4,7.33333],"texture":"#4"}}},{"from":[8.375,12.31748,13.72924],"to":[10.125,12.32748,15.22924],"rotation":{"angle":0,"axis":"y","origin":[8,11.50279,13.95433]},"faces":{"up":{"uv":[2.33333,13.66667,0,11.66667],"texture":"#4"},"down":{"uv":[2.33333,11.66667,0,13.66667],"texture":"#4"}}},{"from":[8.64111,12.0159,13.72924],"to":[10.39111,12.0259,15.22924],"rotation":{"angle":22.5,"axis":"z","origin":[8,11.50279,13.95433]},"faces":{"up":{"uv":[5,13.66667,2.66667,11.66667],"texture":"#4"},"down":{"uv":[5,11.66667,2.66667,13.66667],"texture":"#4"}}},{"from":[8.77155,11.63545,13.72924],"to":[10.52155,11.64545,15.22924],"rotation":{"angle":45,"axis":"z","origin":[8,11.50279,13.95433]},"faces":{"up":{"uv":[7.66667,13.66667,5.33333,11.66667],"texture":"#4"},"down":{"uv":[7.66667,11.66667,5.33333,13.66667],"texture":"#4"}}},{"from":[8.25874,12.24926,13.72924],"to":[8.26874,13.99926,15.22924],"rotation":{"angle":-22.5,"axis":"z","origin":[8,11.50279,13.95433]},"faces":{"east":{"uv":[10,11.33333,8,13.66667],"texture":"#4"},"west":{"uv":[8,11.33333,10,13.66667],"texture":"#4"}}},{"from":[5.875,12.31748,13.72924],"to":[7.625,12.32748,15.22924],"rotation":{"angle":0,"axis":"y","origin":[8,11.50279,13.95433]},"faces":{"up":{"uv":[0,13.66667,2.33333,11.66667],"texture":"#4"},"down":{"uv":[0,11.66667,2.33333,13.66667],"texture":"#4"}}},{"from":[5.60889,12.0159,13.72924],"to":[7.35889,12.0259,15.22924],"rotation":{"angle":-22.5,"axis":"z","origin":[8,11.50279,13.95433]},"faces":{"up":{"uv":[2.66667,13.66667,5,11.66667],"texture":"#4"},"down":{"uv":[2.66667,11.66667,5,13.66667],"texture":"#4"}}},{"from":[5.47845,11.63545,13.72924],"to":[7.22845,11.64545,15.22924],"rotation":{"angle":-45,"axis":"z","origin":[8,11.50279,13.95433]},"faces":{"up":{"uv":[5.33333,13.66667,7.66667,11.66667],"texture":"#4"},"down":{"uv":[5.33333,11.66667,7.66667,13.66667],"texture":"#4"}}},{"from":[7.73126,12.24926,13.72924],"to":[7.74126,13.99926,15.22924],"rotation":{"angle":22.5,"axis":"z","origin":[8,11.50279,13.95433]},"faces":{"east":{"uv":[10,11.33333,8,13.66667],"texture":"#4"},"west":{"uv":[8,11.33333,10,13.66667],"texture":"#4"}}},{"from":[8.375,11.69861,11.9616],"to":[8.385,12.19861,12.7116],"rotation":{"angle":22.5,"axis":"x","origin":[8,11.50279,13.95433]},"faces":{"east":{"uv":[2.66667,5.33333,3.66667,6],"texture":"#4"},"west":{"uv":[2.66667,6.66667,3.66667,7.33333],"texture":"#4"}}},{"from":[7.985,11.19861,15.2116],"to":[8.015,11.44861,15.7116],"rotation":{"angle":22.5,"axis":"x","origin":[8,11.50279,13.95433]},"faces":{"east":{"uv":[6.66667,9.33333,7.33333,9.66667],"texture":"#4"},"west":{"uv":[9.33333,6.66667,10,7],"texture":"#4"}}},{"from":[7.625,9.8403,13.90252],"to":[8.375,10.3403,13.91252],"rotation":{"angle":45,"axis":"x","origin":[8,11.50279,13.95433]},"faces":{"north":{"uv":[5.33333,9.33333,6.33333,10],"texture":"#4"},"south":{"uv":[9.33333,5.33333,10.33333,6],"texture":"#4"}}},{"from":[7.615,11.69861,11.9616],"to":[7.625,12.19861,12.7116],"rotation":{"angle":22.5,"axis":"x","origin":[8,11.50279,13.95433]},"faces":{"east":{"uv":[9.33333,2.66667,10.33333,3.33333],"texture":"#4"},"west":{"uv":[9.33333,4,10.33333,4.66667],"texture":"#4"}}},{"from":[7.375,9.94862,13.9616],"to":[8.625,10.44862,13.9716],"rotation":{"angle":22.5,"axis":"x","origin":[8,11.50279,13.95433]},"faces":{"north":{"uv":[5.33333,8,7,8.66667],"texture":"#4"},"south":{"uv":[8,8,9.66667,8.66667],"texture":"#4"}}},{"from":[7.375,9.89867,13.56761],"to":[8.625,10.39867,13.57761],"rotation":{"angle":-22.5,"axis":"x","origin":[8,11.50279,13.95433]},"faces":{"north":{"uv":[9.33333,0,11,0.66667],"texture":"#4"},"south":{"uv":[9.33333,1.33333,11,2],"texture":"#4"}}}],"gui_light":"front","display":{"thirdperson_righthand":{"rotation":[90,0,0],"translation":[0,6.75,1]},"thirdperson_lefthand":{"rotation":[90,0,0],"translation":[0,6.75,1]},"firstperson_righthand":{"rotation":[74,0,-16],"translation":[1.5,5,1.5],"scale":[0.7,0.7,0.7]},"firstperson_lefthand":{"rotation":[74,0,-16],"translation":[1.5,5,1.5],"scale":[0.7,0.7,0.7]},"ground":{"rotation":[45,0,0],"translation":[0,5,0],"scale":[0.7,0.7,0.7]},"gui":{"rotation":[-90,133,90],"translation":[-0.25,0.5,0],"scale":[1.29,1.29,1.29]},"head":{"rotation":[0,-90,0]},"fixed":{"rotation":[0,-90,0],"translation":[0,0,-2.5],"scale":[2,2,2]}},"mcmodels":"bcbef68987faf2ba0a6ecab7518e6b93"}