{"credit":"Pologony Creation Co.,Ltd.","texture_size":[20,20],"textures":{"2":"plny_beeset:animated/honey_1","3":"plny_beeset:mace","4":"plny_beeset:animated/bee_animated","7":"plny_beeset:tool","particle":"plny_beeset:animated/bee_animated"},"elements":[{"from":[7.375,0,7],"to":[8.625,2,9],"rotation":{"angle":-45,"axis":"x","origin":[8.125,1,8]},"faces":{"north":{"uv":[6,8,6.5,8.8],"texture":"#7"},"east":{"uv":[4.8,0,5.6,0.8],"texture":"#7"},"south":{"uv":[8,6.8,8.5,7.6],"texture":"#7"},"west":{"uv":[4.8,1.2,5.6,2],"texture":"#7"},"up":{"uv":[8.5,8.8,8,8],"texture":"#7"},"down":{"uv":[8.9,0,8.4,0.8],"texture":"#7"}}},{"from":[7.125,0.25,7.25],"to":[8.875,1.75,8.75],"rotation":{"angle":-45,"axis":"x","origin":[8.125,1,8]},"faces":{"north":{"uv":[1.6,8,2.3,8.6],"texture":"#7"},"east":{"uv":[6,9.2,6.6,9.8],"texture":"#7"},"south":{"uv":[8,4.4,8.7,5],"texture":"#7"},"west":{"uv":[9.2,6.4,9.8,7],"texture":"#7"},"up":{"uv":[5.5,8.6,4.8,8],"texture":"#7"},"down":{"uv":[8.7,5.6,8,6.2],"texture":"#7"}}},{"from":[7,1.56066,7],"to":[9,2.31066,9],"rotation":{"angle":45,"axis":"y","origin":[8,1.93566,8]},"faces":{"north":{"uv":[12.8,10,13.6,10.3],"texture":"#7"},"east":{"uv":[13.2,4.4,14,4.7],"texture":"#7"},"south":{"uv":[13.2,5.2,14,5.5],"texture":"#7"},"west":{"uv":[5.6,13.2,6.4,13.5],"texture":"#7"},"up":{"uv":[5.6,4.8,4.8,4],"texture":"#7"},"down":{"uv":[6,2.4,5.2,3.2],"texture":"#7"}}},{"from":[7.42678,2.31066,7.17678],"to":[8.92678,3.56066,8.67678],"rotation":{"angle":45,"axis":"y","origin":[8.17678,2.68566,8.17678]},"faces":{"north":{"uv":[10.8,10,11.4,10.5],"texture":"#7"},"east":{"uv":[0.8,11.2,1.4,11.7],"texture":"#7"},"south":{"uv":[11.2,1.2,11.8,1.7],"texture":"#7"},"west":{"uv":[11.2,5.2,11.8,5.7],"texture":"#7"},"up":{"uv":[7.8,9.8,7.2,9.2],"texture":"#7"}}},{"from":[7.42678,3.56066,7.32322],"to":[8.42678,5.81066,8.32322],"rotation":{"angle":45,"axis":"y","origin":[8.17678,3.93566,7.82322]},"faces":{"north":{"uv":[9.2,7.6,9.6,8.5],"texture":"#7"},"east":{"uv":[8.4,9.2,8.8,10.1],"texture":"#7"},"south":{"uv":[9.2,9.2,9.6,10.1],"texture":"#7"},"west":{"uv":[0,10,0.4,10.9],"texture":"#7"}}},{"from":[7.42678,5.81066,7.17678],"to":[8.92678,7.06066,8.67678],"rotation":{"angle":45,"axis":"y","origin":[8.17678,6.18566,8.17678]},"faces":{"north":{"uv":[10.4,11.2,11,11.7],"texture":"#7"},"east":{"uv":[2,11.6,2.6,12.1],"texture":"#7"},"south":{"uv":[11.6,2.4,12.2,2.9],"texture":"#7"},"west":{"uv":[3.2,11.6,3.8,12.1],"texture":"#7"},"down":{"uv":[10.2,0,9.6,0.6],"texture":"#7"}}},{"from":[4.9975,12.31201,5.78649],"to":[6.5025,13.31201,8.28649],"rotation":{"angle":22.5,"axis":"x","origin":[5.7475,12.81201,7.03649]},"faces":{"north":{"uv":[9.2,13.2,9.8,13.6],"texture":"#7"},"east":{"uv":[8.4,1.2,9.4,1.6],"texture":"#7"},"south":{"uv":[13.2,11.6,13.8,12],"texture":"#7"},"west":{"uv":[8.4,2,9.4,2.4],"texture":"#7"},"up":{"uv":[6.6,5.8,6,4.8],"texture":"#7"},"down":{"uv":[0.6,6.4,0,7.4],"texture":"#7"}}},{"from":[5,12.82843,5.6903],"to":[6.5,16.07843,6.6903],"rotation":{"angle":0,"axis":"y","origin":[5.75,16.09803,7.18846]},"faces":{"north":{"uv":[3.6,4,4.2,5.3],"texture":"#7"},"east":{"uv":[7.2,4.4,7.6,5.7],"texture":"#7"},"south":{"uv":[0,4.4,0.6,5.7],"texture":"#7"},"west":{"uv":[7.2,6.4,7.6,7.7],"texture":"#7"}}},{"from":[4.9975,15.6172,5.89889],"to":[6.5025,16.6172,8.39889],"rotation":{"angle":-22.5,"axis":"x","origin":[5.7475,15.82348,7.14889]},"faces":{"north":{"uv":[13.2,12.4,13.8,12.8],"texture":"#7"},"east":{"uv":[2.8,8.4,3.8,8.8],"texture":"#7"},"south":{"uv":[13.2,13.2,13.8,13.6],"texture":"#7"},"west":{"uv":[8.4,2.8,9.4,3.2],"texture":"#7"},"up":{"uv":[1.8,7.4,1.2,6.4],"texture":"#7"},"down":{"uv":[3,6.4,2.4,7.4],"texture":"#7"}}},{"from":[4.9985,15.62291,7.57241],"to":[6.5015,16.62291,10.07241],"rotation":{"angle":22.5,"axis":"x","origin":[5.7485,15.75419,8.82241]},"faces":{"east":{"uv":[8.4,3.6,9.4,4],"texture":"#7"},"south":{"uv":[13.6,0.8,14.2,1.2],"texture":"#7"},"west":{"uv":[1.6,9.2,2.6,9.6],"texture":"#7"},"up":{"uv":[5.4,7.4,4.8,6.4],"texture":"#7"},"down":{"uv":[6.6,6.4,6,7.4],"texture":"#7"}}},{"from":[5,12.82843,9.3097],"to":[6.5,16.07843,10.3097],"rotation":{"angle":0,"axis":"y","origin":[5.75,16.09803,8.81154]},"faces":{"north":{"uv":[1.2,4.4,1.8,5.7],"texture":"#7"},"east":{"uv":[0,8,0.4,9.3],"texture":"#7"},"south":{"uv":[2.4,4.4,3,5.7],"texture":"#7"},"west":{"uv":[0.8,8,1.2,9.3],"texture":"#7"}}},{"from":[4.9985,12.31201,7.71351],"to":[6.5015,13.31201,10.21351],"rotation":{"angle":-22.5,"axis":"x","origin":[5.7485,12.81201,8.96351]},"faces":{"east":{"uv":[3.2,9.2,4.2,9.6],"texture":"#7"},"south":{"uv":[13.6,1.6,14.2,2],"texture":"#7"},"west":{"uv":[9.2,4.4,10.2,4.8],"texture":"#7"},"up":{"uv":[7.8,1,7.2,0],"texture":"#7"},"down":{"uv":[7.8,1.6,7.2,2.6],"texture":"#7"}}},{"from":[5.25,12.85,6.5],"to":[6.25,16.1,9.5],"rotation":{"angle":0,"axis":"y","origin":[5.25,12.85,6.5]},"faces":{"east":{"uv":[0,0,1.2,1.3],"texture":"#7"},"west":{"uv":[1.6,0,2.8,1.3],"texture":"#7"}}},{"from":[10.25,14.25,6.875],"to":[10.75,15.75,8.375],"rotation":{"angle":0,"axis":"y","origin":[10,14,6.625]},"faces":{"east":{"uv":[0.8,10,1.4,10.6],"texture":"#7"},"west":{"uv":[10,1.2,10.6,1.8],"texture":"#7"}}},{"from":[10,13.875,6.00821],"to":[11,16.125,7.00821],"rotation":{"angle":0,"axis":"y","origin":[10.5,17.14461,7.50637]},"faces":{"north":{"uv":[2,10,2.4,10.9],"texture":"#7"},"east":{"uv":[10,2.4,10.4,3.3],"texture":"#7"},"south":{"uv":[2.8,10,3.2,10.9],"texture":"#7"},"west":{"uv":[3.6,10,4,10.9],"texture":"#7"}}},{"from":[10,13.875,8.24179],"to":[11,16.125,9.24179],"rotation":{"angle":0,"axis":"y","origin":[10.5,17.14461,7.74363]},"faces":{"north":{"uv":[10,7.6,10.4,8.5],"texture":"#7"},"east":{"uv":[10,9.2,10.4,10.1],"texture":"#7"},"south":{"uv":[4.4,10.4,4.8,11.3],"texture":"#7"},"west":{"uv":[5.2,10.4,5.6,11.3],"texture":"#7"}}},{"from":[9.9985,13.35859,7.3956],"to":[11.0015,14.35859,9.1456],"rotation":{"angle":-22.5,"axis":"x","origin":[10.4985,13.85859,7.8956]},"faces":{"east":{"uv":[11.6,6.4,12.3,6.8],"texture":"#7"},"south":{"uv":[7.2,8.4,7.6,8.8],"texture":"#7"},"west":{"uv":[11.6,7.2,12.3,7.6],"texture":"#7"},"up":{"uv":[6.8,3.1,6.4,2.4],"texture":"#7"},"down":{"uv":[0.4,11.6,0,12.3],"texture":"#7"}}},{"from":[9.9975,13.35859,6.1044],"to":[11.0025,14.35859,7.8544],"rotation":{"angle":22.5,"axis":"x","origin":[10.4975,13.85859,7.3544]},"faces":{"north":{"uv":[13.6,10.8,14,11.2],"texture":"#7"},"east":{"uv":[11.6,8,12.3,8.4],"texture":"#7"},"south":{"uv":[0,14,0.4,14.4],"texture":"#7"},"west":{"uv":[11.6,8.8,12.3,9.2],"texture":"#7"},"up":{"uv":[12,11.9,11.6,11.2],"texture":"#7"},"down":{"uv":[12.4,0,12,0.7],"texture":"#7"}}},{"from":[9.9985,15.64141,7.3956],"to":[11.0015,16.64141,9.1456],"rotation":{"angle":22.5,"axis":"x","origin":[10.4985,16.14141,7.8956]},"faces":{"east":{"uv":[12,3.6,12.7,4],"texture":"#7"},"south":{"uv":[14,0,14.4,0.4],"texture":"#7"},"west":{"uv":[4.4,12,5.1,12.4],"texture":"#7"},"up":{"uv":[6,12.7,5.6,12],"texture":"#7"},"down":{"uv":[6.8,12,6.4,12.7],"texture":"#7"}}},{"from":[9.9975,15.64141,6.1044],"to":[11.0025,16.64141,7.8544],"rotation":{"angle":-22.5,"axis":"x","origin":[10.4975,16.14141,7.3544]},"faces":{"north":{"uv":[5.6,14,6,14.4],"texture":"#7"},"east":{"uv":[12,4.4,12.7,4.8],"texture":"#7"},"south":{"uv":[6.4,14,6.8,14.4],"texture":"#7"},"west":{"uv":[7.2,12,7.9,12.4],"texture":"#7"},"up":{"uv":[9.6,12.7,9.2,12],"texture":"#7"},"down":{"uv":[12.4,9.6,12,10.3],"texture":"#7"}}},{"from":[8.11679,12.77843,4.84851],"to":[9.11679,15.02843,5.84851],"rotation":{"angle":0,"axis":"y","origin":[7.5,13.90343,5.34851]},"faces":{"north":{"uv":[7.6,10.4,8,11.3],"texture":"#7"},"east":{"uv":[10.4,5.2,10.8,6.1],"texture":"#7"},"south":{"uv":[6,10.4,6.4,11.3],"texture":"#7"},"west":{"uv":[6.8,10.4,7.2,11.3],"texture":"#7"}}},{"from":[6.8132,14.56151,4.84601],"to":[8.5632,15.56151,5.85101],"rotation":{"angle":-22.5,"axis":"z","origin":[7.5,13.90343,5.34851]},"faces":{"north":{"uv":[12.4,1.2,13.1,1.6],"texture":"#7"},"east":{"uv":[7.2,14,7.6,14.4],"texture":"#7"},"south":{"uv":[0.8,12.4,1.5,12.8],"texture":"#7"},"west":{"uv":[14,7.6,14.4,8],"texture":"#7"},"up":{"uv":[12.8,5.9,12.4,5.2],"rotation":90,"texture":"#7"},"down":{"uv":[8.8,12.4,8.4,13.1],"rotation":270,"texture":"#7"}}},{"from":[6.4368,14.56151,4.84701],"to":[8.1868,15.56151,5.85001],"rotation":{"angle":22.5,"axis":"z","origin":[7.5,13.90343,5.34851]},"faces":{"north":{"uv":[12.4,10.8,13.1,11.2],"texture":"#7"},"south":{"uv":[10,12.4,10.7,12.8],"texture":"#7"},"west":{"uv":[14,8.4,14.4,8.8],"texture":"#7"},"up":{"uv":[11.6,13.1,11.2,12.4],"rotation":90,"texture":"#7"},"down":{"uv":[12.8,11.6,12.4,12.3],"rotation":270,"texture":"#7"}}},{"from":[5.88321,12.77843,4.84851],"to":[6.88321,15.02843,5.84851],"rotation":{"angle":0,"axis":"y","origin":[7.5,13.90343,5.34851]},"faces":{"north":{"uv":[10.8,8.4,11.2,9.3],"texture":"#7"},"east":{"uv":[10.8,2.4,11.2,3.3],"texture":"#7"},"south":{"uv":[10.8,6.8,11.2,7.7],"texture":"#7"},"west":{"uv":[8.4,10.8,8.8,11.7],"texture":"#7"}}},{"from":[6.4368,12.24535,4.84701],"to":[8.1868,13.24535,5.85001],"rotation":{"angle":-22.5,"axis":"z","origin":[7.5,13.90343,5.34851]},"faces":{"north":{"uv":[2,12.8,2.7,13.2],"texture":"#7"},"south":{"uv":[12.8,0,13.5,0.4],"texture":"#7"},"west":{"uv":[9.2,14,9.6,14.4],"texture":"#7"},"up":{"uv":[0.4,13.5,0,12.8],"rotation":90,"texture":"#7"},"down":{"uv":[13.2,2,12.8,2.7],"rotation":270,"texture":"#7"}}},{"from":[6.8132,12.24535,4.84601],"to":[8.5632,13.24535,5.85101],"rotation":{"angle":22.5,"axis":"z","origin":[7.5,13.90343,5.34851]},"faces":{"north":{"uv":[4.4,12.8,5.1,13.2],"texture":"#7"},"east":{"uv":[14,9.2,14.4,9.6],"texture":"#7"},"south":{"uv":[3.2,12.8,3.9,13.2],"texture":"#7"},"west":{"uv":[14,10,14.4,10.4],"texture":"#7"},"up":{"uv":[13.2,7.1,12.8,6.4],"rotation":90,"texture":"#7"},"down":{"uv":[7.6,12.8,7.2,13.5],"rotation":270,"texture":"#7"}}},{"from":[6.75,13.15343,5.09851],"to":[8.25,14.65343,5.59851],"rotation":{"angle":0,"axis":"y","origin":[7.5,13.90343,5.34851]},"faces":{"north":{"uv":[10.8,4,11.4,4.6],"texture":"#7"},"south":{"uv":[10.8,0,11.4,0.6],"texture":"#7"}}},{"from":[7.985,-1.9,8.6],"to":[8.015,0.6,11.1],"rotation":{"angle":22.5,"axis":"x","origin":[7.985,0.6,8.6]},"faces":{"east":{"uv":[4.6,2.4,3.6,3.4],"texture":"#7"},"west":{"uv":[3.6,2.4,4.6,3.4],"texture":"#7"}}},{"from":[7,7.06066,7],"to":[9,7.81066,9],"rotation":{"angle":45,"axis":"y","origin":[8,7.43566,8]},"faces":{"north":{"uv":[2,13.6,2.8,13.9],"texture":"#7"},"east":{"uv":[13.6,2.4,14.4,2.7],"texture":"#7"},"south":{"uv":[3.2,13.6,4,13.9],"texture":"#7"},"west":{"uv":[4.4,13.6,5.2,13.9],"texture":"#7"},"up":{"uv":[6.8,0.8,6,0],"texture":"#7"},"down":{"uv":[6.8,1.2,6,2],"texture":"#7"}}},{"from":[7,10.31066,7],"to":[9,11.06066,9],"rotation":{"angle":45,"axis":"y","origin":[8,4.68566,8]},"faces":{"north":{"uv":[13.6,6,14.4,6.3],"texture":"#7"},"east":{"uv":[13.6,6.8,14.4,7.1],"texture":"#7"},"south":{"uv":[8,13.6,8.8,13.9],"texture":"#7"},"west":{"uv":[10.4,13.6,11.2,13.9],"texture":"#7"},"up":{"uv":[4.4,6.8,3.6,6],"texture":"#7"},"down":{"uv":[6.8,3.6,6,4.4],"texture":"#7"}}},{"from":[7.3725,14.59916,10.22955],"to":[8.6275,16.34916,12.22955],"rotation":{"angle":45,"axis":"x","origin":[8,16.91997,12.3813]},"faces":{"east":{"uv":[8,3.2,7.2,3.9],"texture":"#7"},"south":{"uv":[9.7,10.8,9.2,11.5],"texture":"#7"},"west":{"uv":[4.4,7.2,3.6,7.9],"texture":"#7"},"up":{"uv":[5.3,9.2,4.8,10],"texture":"#7"},"down":{"uv":[9.7,6,9.2,5.2],"texture":"#7"}}},{"from":[7.5,16.31191,12.03103],"to":[8.5,17.31191,13.03103],"rotation":{"angle":22.5,"axis":"x","origin":[8,16.91997,12.3813]},"faces":{"east":{"uv":[12.8,14,12.4,14.4],"texture":"#7"},"south":{"uv":[12,14,11.6,14.4],"texture":"#7"},"west":{"uv":[13.6,14,13.2,14.4],"texture":"#7"},"up":{"uv":[14.4,14,14,14.4],"texture":"#7"},"down":{"uv":[1.2,14.8,0.8,14.4],"texture":"#7"}}},{"from":[7.625,16.68142,12.83797],"to":[8.375,17.43142,14.08797],"rotation":{"angle":45,"axis":"x","origin":[8,16.91997,12.3813]},"faces":{"east":{"uv":[2.1,14.4,1.6,14.7],"texture":"#7"},"south":{"uv":[10.3,14.4,10,14.7],"texture":"#7"},"west":{"uv":[3.3,14.4,2.8,14.7],"texture":"#7"},"up":{"uv":[14.7,3.2,14.4,3.7],"texture":"#7"},"down":{"uv":[4.3,14.9,4,14.4],"texture":"#7"}}},{"from":[7.625,17.43142,13.33797],"to":[8.375,18.43142,14.08797],"rotation":{"angle":45,"axis":"x","origin":[8,16.91997,12.3813]},"faces":{"north":{"uv":[14.7,5.2,14.4,5.6],"texture":"#7"},"east":{"uv":[5.1,14.4,4.8,14.8],"texture":"#7"},"south":{"uv":[14.7,4.4,14.4,4.8],"texture":"#7"},"west":{"uv":[8.3,14.4,8,14.8],"texture":"#7"},"up":{"uv":[11.1,14.4,10.8,14.7],"texture":"#7"}}},{"from":[7.625,17.93142,12.83797],"to":[8.375,18.43142,13.33797],"rotation":{"angle":45,"axis":"x","origin":[8,16.91997,12.3813]},"faces":{"north":{"uv":[14.7,10.8,14.4,11],"texture":"#7"},"east":{"uv":[14.6,13.2,14.4,13.4],"texture":"#7"},"west":{"uv":[0.2,14.8,0,15],"texture":"#7"},"up":{"uv":[14.7,11.6,14.4,11.8],"texture":"#7"},"down":{"uv":[14.7,12.6,14.4,12.4],"texture":"#7"}}},{"from":[7.375,16.25754,10.9865],"to":[8.625,17.50754,12.2365],"rotation":{"angle":0,"axis":"x","origin":[8,16.91997,12.3813]},"faces":{"east":{"uv":[13.3,8.8,12.8,9.3],"texture":"#7"},"south":{"uv":[13.3,7.6,12.8,8.1],"texture":"#7"},"west":{"uv":[12.5,12.8,12,13.3],"texture":"#7"},"up":{"uv":[1.3,13.2,0.8,13.7],"texture":"#7"},"down":{"uv":[13.7,3.7,13.2,3.2],"texture":"#7"}}},{"from":[7.625,17.68142,12.83797],"to":[8.375,17.93142,13.08797],"rotation":{"angle":45,"axis":"x","origin":[8,16.91997,12.3813]},"faces":{"north":{"uv":[15.1,0.8,14.8,0.9],"texture":"#7"},"east":{"uv":[14.9,2.4,14.8,2.5],"texture":"#7"},"south":{"uv":[15.1,0,14.8,0.1],"texture":"#7"},"west":{"uv":[5.7,14.8,5.6,14.9],"texture":"#7"},"down":{"uv":[15.1,1.7,14.8,1.6],"texture":"#7"}}},{"from":[7.985,13.8481,13.02322],"to":[8.015,15.8481,15.02322],"rotation":{"angle":22.5,"axis":"x","origin":[8,14.8481,14.02322]},"faces":{"east":{"uv":[4.8,5.2,5.6,6],"rotation":270,"texture":"#7"},"west":{"uv":[5.6,5.2,4.8,6],"rotation":90,"texture":"#7"}}},{"from":[7.75,7.81066,7.04289],"to":[9.25,10.31066,8.54289],"rotation":{"angle":-45,"axis":"y","origin":[8,8.06066,7.29289]},"faces":{"north":{"uv":[0,3,0.6,4],"texture":"#7"},"east":{"uv":[1.2,3,1.8,4],"texture":"#7"},"south":{"uv":[2.4,3,3,4],"texture":"#7"},"west":{"uv":[3.6,1,4.2,2],"texture":"#7"}}},{"from":[4.9225,13.41574,6.50312],"to":[5.4225,13.41574,7.75312],"rotation":{"angle":22.5,"axis":"x","origin":[6.0975,13.41574,7.12812]},"faces":{"up":{"uv":[0,4,5,6],"rotation":90,"texture":"#2"},"down":{"uv":[5,4,0,6],"rotation":90,"texture":"#2"}}},{"from":[4.9225,13.0023,6.07298],"to":[4.9225,13.5023,7.32298],"rotation":{"angle":22.5,"axis":"x","origin":[4.9725,12.3773,6.69798]},"faces":{"east":{"uv":[5,6,0,8],"texture":"#2"},"west":{"uv":[0,6,5,8],"texture":"#2"}}},{"from":[4.925,11.098,6.35973],"to":[4.925,13.098,7.51473],"rotation":{"angle":0,"axis":"y","origin":[4.9725,13.06891,6.98473]},"faces":{"east":{"uv":[5,8,0,16],"texture":"#2"},"west":{"uv":[0,8,5,16],"texture":"#2"}}},{"from":[10.5775,14.41574,7.24688],"to":[11.0775,14.41574,8.49688],"rotation":{"angle":-22.5,"axis":"x","origin":[9.9025,14.41574,7.87188]},"faces":{"up":{"uv":[5,6,0,4],"rotation":90,"texture":"#2"},"down":{"uv":[0,6,5,4],"rotation":90,"texture":"#2"}}},{"from":[11.0775,14.0023,7.67702],"to":[11.0775,14.5023,8.92702],"rotation":{"angle":-22.5,"axis":"x","origin":[11.0275,13.3773,8.30202]},"faces":{"east":{"uv":[0,6,5,8],"texture":"#2"},"west":{"uv":[5,6,0,8],"texture":"#2"}}},{"from":[11.075,12.098,7.48527],"to":[11.075,14.098,8.64027],"rotation":{"angle":0,"axis":"y","origin":[11.0275,14.06891,8.01527]},"faces":{"east":{"uv":[0,8,5,16],"texture":"#2"},"west":{"uv":[5,8,0,16],"texture":"#2"}}},{"from":[7.125,18.1,10.525],"to":[8.875,19.85,13.025],"rotation":{"angle":22.5,"axis":"x","origin":[6.875,17.85,10.525]},"faces":{"north":{"uv":[0,5.33333,2.33333,7.66667],"texture":"#4"},"east":{"uv":[0,0,3.33333,2.33333],"texture":"#4"},"south":{"uv":[6.66667,0,9,2.33333],"texture":"#4"},"west":{"uv":[0,2.66667,3.33333,5],"texture":"#4"},"up":{"uv":[6.33333,3.33333,4,0],"texture":"#4"},"down":{"uv":[6.33333,4,4,7.33333],"texture":"#4"}}},{"from":[8.375,19.39402,11.94713],"to":[10.125,19.40402,13.44713],"rotation":{"angle":0,"axis":"y","origin":[8.625,19.39902,12.44713]},"faces":{"up":{"uv":[2.33333,13.66667,0,11.66667],"texture":"#4"},"down":{"uv":[2.33333,11.66667,0,13.66667],"texture":"#4"}}},{"from":[8.375,19.39402,11.94713],"to":[10.125,19.40402,13.44713],"rotation":{"angle":22.5,"axis":"z","origin":[8.625,19.39902,12.44713]},"faces":{"up":{"uv":[5,13.66667,2.66667,11.66667],"texture":"#4"},"down":{"uv":[5,11.66667,2.66667,13.66667],"texture":"#4"}}},{"from":[8.375,19.39402,11.94713],"to":[10.125,19.40402,13.44713],"rotation":{"angle":45,"axis":"z","origin":[8.625,19.39902,12.44713]},"faces":{"up":{"uv":[7.66667,13.66667,5.33333,11.66667],"texture":"#4"},"down":{"uv":[7.66667,11.66667,5.33333,13.66667],"texture":"#4"}}},{"from":[8.62,19.14902,11.94713],"to":[8.63,20.89902,13.44713],"rotation":{"angle":-22.5,"axis":"z","origin":[8.625,19.39902,12.44713]},"faces":{"east":{"uv":[10,11.33333,8,13.66667],"texture":"#4"},"west":{"uv":[8,11.33333,10,13.66667],"texture":"#4"}}},{"from":[5.875,19.39402,11.94713],"to":[7.625,19.40402,13.44713],"rotation":{"angle":0,"axis":"y","origin":[7.375,19.39902,12.44713]},"faces":{"up":{"uv":[0,13.66667,2.33333,11.66667],"texture":"#4"},"down":{"uv":[0,11.66667,2.33333,13.66667],"texture":"#4"}}},{"from":[5.875,19.39402,11.94713],"to":[7.625,19.40402,13.44713],"rotation":{"angle":-22.5,"axis":"z","origin":[7.375,19.39902,12.44713]},"faces":{"up":{"uv":[2.66667,13.66667,5,11.66667],"texture":"#4"},"down":{"uv":[2.66667,11.66667,5,13.66667],"texture":"#4"}}},{"from":[5.875,19.39402,11.94713],"to":[7.625,19.40402,13.44713],"rotation":{"angle":-45,"axis":"z","origin":[7.375,19.39902,12.44713]},"faces":{"up":{"uv":[5.33333,13.66667,7.66667,11.66667],"texture":"#4"},"down":{"uv":[5.33333,11.66667,7.66667,13.66667],"texture":"#4"}}},{"from":[7.37,19.14902,11.94713],"to":[7.38,20.89902,13.44713],"rotation":{"angle":22.5,"axis":"z","origin":[7.375,19.39902,12.44713]},"faces":{"east":{"uv":[10,11.33333,8,13.66667],"texture":"#4"},"west":{"uv":[8,11.33333,10,13.66667],"texture":"#4"}}},{"from":[8.375,19.35,9.775],"to":[8.385,19.85,10.525],"rotation":{"angle":22.5,"axis":"x","origin":[7,17.85,10.525]},"faces":{"east":{"uv":[2.66667,5.33333,3.66667,6],"texture":"#4"},"west":{"uv":[2.66667,6.66667,3.66667,7.33333],"texture":"#4"}}},{"from":[7.985,18.85,13.025],"to":[8.015,19.1,13.525],"rotation":{"angle":22.5,"axis":"x","origin":[9.36,17.85,10.525]},"faces":{"east":{"uv":[6.66667,9.33333,7.33333,9.66667],"texture":"#4"},"west":{"uv":[9.33333,6.66667,10,7],"texture":"#4"}}},{"from":[7.625,17.29396,11.31358],"to":[8.375,17.79396,11.32358],"rotation":{"angle":45,"axis":"x","origin":[8,17.79396,11.31358]},"faces":{"north":{"uv":[5.33333,9.33333,6.33333,10],"texture":"#4"},"south":{"uv":[9.33333,5.33333,10.33333,6],"texture":"#4"}}},{"from":[7.615,19.35,9.775],"to":[7.625,19.85,10.525],"rotation":{"angle":22.5,"axis":"x","origin":[9,17.85,10.525]},"faces":{"east":{"uv":[9.33333,2.66667,10.33333,3.33333],"texture":"#4"},"west":{"uv":[9.33333,4,10.33333,4.66667],"texture":"#4"}}},{"from":[7.375,17.10262,11.77552],"to":[8.625,17.60262,11.78552],"rotation":{"angle":22.5,"axis":"x","origin":[8,17.60262,11.77552]},"faces":{"north":{"uv":[5.33333,8,7,8.66667],"texture":"#4"},"south":{"uv":[8,8,9.66667,8.66667],"texture":"#4"}}},{"from":[7.375,16.91127,12.23746],"to":[8.625,17.41127,12.24746],"rotation":{"angle":-22.5,"axis":"x","origin":[8,17.41127,12.23746]},"faces":{"north":{"uv":[9.33333,0,11,0.66667],"texture":"#4"},"south":{"uv":[9.33333,1.33333,11,2],"texture":"#4"}}},{"from":[8,18.06066,6.58579],"to":[10,19.06066,8.58579],"rotation":{"angle":-45,"axis":"y","origin":[8,18.06066,6.58579]},"faces":{"north":{"uv":[2.4,12.8,4,13.6],"texture":"#3"},"east":{"uv":[4.8,12.8,6.4,13.6],"texture":"#3"},"south":{"uv":[7.2,12.8,8.8,13.6],"texture":"#3"},"west":{"uv":[9.6,13.6,11.2,14.4],"texture":"#3"},"up":{"uv":[1.6,14.4,0,12.8],"texture":"#3"}}},{"from":[5.5,11.06066,5.5],"to":[10.5,18.06066,10.5],"rotation":{"angle":0,"axis":"y","origin":[5.5,11.06066,5.5]},"faces":{"north":{"uv":[0,0,4,5.6],"texture":"#3"},"east":{"uv":[4.8,0,8.8,5.6],"texture":"#3"},"south":{"uv":[0,6.4,4,12],"texture":"#3"},"west":{"uv":[4.8,6.4,8.8,12],"texture":"#3"},"up":{"uv":[13.6,4,9.6,0],"texture":"#3"},"down":{"uv":[13.6,4.8,9.6,8.8],"texture":"#3"}}},{"from":[6.375,18.06066,8],"to":[9.625,22.06066,8.01],"rotation":{"angle":0,"axis":"y","origin":[6.375,18.06066,8]},"faces":{"north":{"uv":[9.6,9.6,12.2,12.8],"texture":"#3"},"south":{"uv":[12.2,9.6,9.6,12.8],"texture":"#3"}}},{"from":[7.995,18.06066,6.38],"to":[8.005,22.06066,9.63],"rotation":{"angle":0,"axis":"y","origin":[8,20.06066,8.005]},"faces":{"east":{"uv":[12.2,9.6,9.6,12.8],"texture":"#3"},"west":{"uv":[9.6,9.6,12.2,12.8],"texture":"#3"}}}],"gui_light":"front","display":{"thirdperson_righthand":{"translation":[0,1,1]},"thirdperson_lefthand":{"translation":[0,1,1]},"firstperson_righthand":{"rotation":[5,0,0],"translation":[2.25,1,0],"scale":[0.7,0.7,0.7]},"firstperson_lefthand":{"rotation":[5,0,0],"translation":[2.25,1,0],"scale":[0.7,0.7,0.7]},"ground":{"rotation":[-45,0,0],"translation":[0,5,0],"scale":[0.7,0.7,0.7]},"gui":{"rotation":[-90,45,90],"translation":[0.75,-2.5,0],"scale":[0.9,0.9,0.9]},"head":{"rotation":[0,-90,0]},"fixed":{"rotation":[0,-90,0],"translation":[0,0,-2.5],"scale":[2,2,2]}},"mcmodels":"bcbef68987faf2ba0a6ecab7518e6b93"}