{"credit":"Pologony Creation Co.,Ltd.","parent":"40","texture_size":[36,36],"textures":{"2":"plny_beeset:animated/honey_1","3":"plny_beeset:animated/shield","4":"plny_beeset:animated/bee_animated","7":"plny_beeset:tool","particle":"plny_beeset:animated/bee_animated"},"elements":[{"from":[10.5222,3.4778,10.41375],"to":[12.5222,5.4778,11.66375],"rotation":{"angle":-45,"axis":"z","origin":[8,8,8]},"faces":{"north":{"uv":[4.8,1.2,5.6,2],"texture":"#7"},"east":{"uv":[6,8,6.5,8.8],"texture":"#7"},"south":{"uv":[4.8,0,5.6,0.8],"texture":"#7"},"west":{"uv":[8,6.8,8.5,7.6],"texture":"#7"},"up":{"uv":[8.5,8.8,8,8],"rotation":90,"texture":"#7"},"down":{"uv":[8.9,0,8.4,0.8],"rotation":270,"texture":"#7"}}},{"from":[10.7722,3.7278,10.16375],"to":[12.2722,5.2278,11.91375],"rotation":{"angle":-45,"axis":"z","origin":[8,8,8]},"faces":{"north":{"uv":[9.2,6.4,9.8,7],"texture":"#7"},"east":{"uv":[1.6,8,2.3,8.6],"texture":"#7"},"south":{"uv":[6,9.2,6.6,9.8],"texture":"#7"},"west":{"uv":[8,4.4,8.7,5],"texture":"#7"},"up":{"uv":[5.5,8.6,4.8,8],"rotation":90,"texture":"#7"},"down":{"uv":[8.7,5.6,8,6.2],"rotation":270,"texture":"#7"}}},{"from":[9.13465,9.13465,10.41375],"to":[11.13465,11.13465,11.66375],"rotation":{"angle":45,"axis":"z","origin":[8,8,8]},"faces":{"north":{"uv":[4.8,2,5.6,1.2],"texture":"#7"},"east":{"uv":[6,8.8,6.5,8],"texture":"#7"},"south":{"uv":[4.8,0.8,5.6,0],"texture":"#7"},"west":{"uv":[8,7.6,8.5,6.8],"texture":"#7"},"up":{"uv":[8.9,0.8,8.4,0],"rotation":90,"texture":"#7"},"down":{"uv":[8.5,8,8,8.8],"rotation":270,"texture":"#7"}}},{"from":[9.38465,9.38465,10.16375],"to":[10.88465,10.88465,11.91375],"rotation":{"angle":45,"axis":"z","origin":[8,8,8]},"faces":{"north":{"uv":[9.2,7,9.8,6.4],"texture":"#7"},"east":{"uv":[1.6,8.6,2.3,8],"texture":"#7"},"south":{"uv":[6,9.8,6.6,9.2],"texture":"#7"},"west":{"uv":[8,5,8.7,4.4],"texture":"#7"},"up":{"uv":[8.7,6.2,8,5.6],"rotation":90,"texture":"#7"},"down":{"uv":[5.5,8,4.8,8.6],"rotation":270,"texture":"#7"}}},{"from":[4.85128,3.89386,9.14872],"to":[6.85128,4.64386,11.14872],"rotation":{"angle":45,"axis":"y","origin":[8,8,8]},"faces":{"north":{"uv":[5.6,13.2,6.4,13.5],"texture":"#7"},"east":{"uv":[12.8,10,13.6,10.3],"texture":"#7"},"south":{"uv":[13.2,4.4,14,4.7],"texture":"#7"},"west":{"uv":[13.2,5.2,14,5.5],"texture":"#7"},"up":{"uv":[5.6,4.8,4.8,4],"rotation":90,"texture":"#7"},"down":{"uv":[6,2.4,5.2,3.2],"rotation":270,"texture":"#7"}}},{"from":[5.10128,4.64386,9.39872],"to":[6.60128,5.89386,10.89872],"rotation":{"angle":45,"axis":"y","origin":[8,8,8]},"faces":{"north":{"uv":[11.2,5.2,11.8,5.7],"texture":"#7"},"east":{"uv":[10.8,10,11.4,10.5],"texture":"#7"},"south":{"uv":[0.8,11.2,1.4,11.7],"texture":"#7"},"west":{"uv":[11.2,1.2,11.8,1.7],"texture":"#7"},"up":{"uv":[7.8,9.8,7.2,9.2],"rotation":90,"texture":"#7"}}},{"from":[5.35128,5.89386,9.64872],"to":[6.35128,8.14386,10.64872],"rotation":{"angle":45,"axis":"y","origin":[8,8,8]},"faces":{"north":{"uv":[0,10,0.4,10.9],"texture":"#7"},"east":{"uv":[9.2,7.6,9.6,8.5],"texture":"#7"},"south":{"uv":[8.4,9.2,8.8,10.1],"texture":"#7"},"west":{"uv":[9.2,9.2,9.6,10.1],"texture":"#7"}}},{"from":[5.10128,8.14386,9.39872],"to":[6.60128,9.39386,10.89872],"rotation":{"angle":45,"axis":"y","origin":[8,8,8]},"faces":{"north":{"uv":[3.2,11.6,3.8,12.1],"texture":"#7"},"east":{"uv":[10.4,11.2,11,11.7],"texture":"#7"},"south":{"uv":[2,11.6,2.6,12.1],"texture":"#7"},"west":{"uv":[11.6,2.4,12.2,2.9],"texture":"#7"},"down":{"uv":[10.2,0,9.6,0.6],"rotation":270,"texture":"#7"}}},{"from":[9.20185,10.90151,5.03625],"to":[11.70185,11.90151,6.54125],"rotation":{"angle":22.5,"axis":"z","origin":[8,8,8]},"faces":{"north":{"uv":[9.77778,2.66667,10.88889,3.11111],"texture":"#3"},"east":{"uv":[0.88889,13.77778,1.55556,14.22222],"texture":"#3"},"south":{"uv":[9.77778,1.77778,10.88889,2.22222],"texture":"#3"},"west":{"uv":[13.77778,0.88889,14.44444,1.33333],"texture":"#3"},"up":{"uv":[8.66667,9.11111,8,8],"rotation":90,"texture":"#3"},"down":{"uv":[9.11111,2.22222,8.44444,3.33333],"rotation":270,"texture":"#3"}}},{"from":[9.3097,12.09729,5.03875],"to":[10.3097,15.34729,6.53875],"rotation":{"angle":0,"axis":"y","origin":[8,8,8]},"faces":{"north":{"uv":[9.33333,6.22222,9.77778,7.66667],"texture":"#3"},"east":{"uv":[3.11111,7.11111,3.77778,8.55556],"texture":"#3"},"south":{"uv":[4.88889,9.33333,5.33333,10.77778],"texture":"#3"},"west":{"uv":[4.44444,7.11111,5.11111,8.55556],"texture":"#3"}}},{"from":[4.8222,14.67189,5.03625],"to":[7.3222,15.67189,6.54125],"rotation":{"angle":-22.5,"axis":"z","origin":[8,8,8]},"faces":{"north":{"uv":[10.22222,0.88889,11.33333,1.33333],"texture":"#3"},"east":{"uv":[13.77778,1.77778,14.44444,2.22222],"texture":"#3"},"south":{"uv":[10.22222,0,11.33333,0.44444],"texture":"#3"},"west":{"uv":[13.77778,2.66667,14.44444,3.11111],"texture":"#3"},"up":{"uv":[9.55556,1.11111,8.88889,0],"rotation":90,"texture":"#3"},"down":{"uv":[0.66667,9.33333,0,10.44444],"rotation":270,"texture":"#3"}}},{"from":[8.6778,14.67189,5.03725],"to":[11.1778,15.67189,6.54025],"rotation":{"angle":22.5,"axis":"z","origin":[8,8,8]},"faces":{"north":{"uv":[10.22222,4.44444,11.33333,4.88889],"texture":"#3"},"south":{"uv":[10.22222,3.55556,11.33333,4],"texture":"#3"},"west":{"uv":[13.77778,4.88889,14.44444,5.33333],"texture":"#3"},"up":{"uv":[2,10.44444,1.33333,9.33333],"rotation":90,"texture":"#3"},"down":{"uv":[3.33333,9.33333,2.66667,10.44444],"rotation":270,"texture":"#3"}}},{"from":[5.6903,12.09729,5.03875],"to":[6.6903,15.34729,6.53875],"rotation":{"angle":0,"axis":"y","origin":[8,8,8]},"faces":{"north":{"uv":[9.33333,4,9.77778,5.44444],"texture":"#3"},"east":{"uv":[1.77778,7.11111,2.44444,8.55556],"texture":"#3"},"south":{"uv":[4,9.33333,4.44444,10.77778],"texture":"#3"},"west":{"uv":[7.11111,2.22222,7.77778,3.66667],"texture":"#3"}}},{"from":[4.29815,10.90151,5.03725],"to":[6.79815,11.90151,6.54025],"rotation":{"angle":-22.5,"axis":"z","origin":[8,8,8]},"faces":{"north":{"uv":[9.33333,9.33333,10.44444,9.77778],"texture":"#3"},"south":{"uv":[9.33333,8.44444,10.44444,8.88889],"texture":"#3"},"west":{"uv":[13.77778,0,14.44444,0.44444],"texture":"#3"},"up":{"uv":[8.66667,5.55556,8,4.44444],"rotation":90,"texture":"#3"},"down":{"uv":[8.66667,6.22222,8,7.33333],"rotation":270,"texture":"#3"}}},{"from":[6.5,12.11886,5.28875],"to":[9.5,15.36886,6.28875],"rotation":{"angle":0,"axis":"y","origin":[8,8,8]},"faces":{"north":{"uv":[7.11111,0,8.44444,1.44444],"texture":"#3"},"south":{"uv":[0,7.11111,1.33333,8.55556],"texture":"#3"}}},{"from":[7.25,-2.4974,5.53975],"to":[8.75,-0.9974,6.03975],"rotation":{"angle":0,"axis":"y","origin":[8,8,8]},"faces":{"north":{"uv":[10.22222,5.33333,10.88889,6],"texture":"#3"},"south":{"uv":[8,9.77778,8.66667,10.44444],"texture":"#3"}}},{"from":[8.61679,-2.8724,5.28975],"to":[9.61679,-0.6224,6.28975],"rotation":{"angle":0,"axis":"y","origin":[8,8,8]},"faces":{"north":{"uv":[0,11.11111,0.44444,12.11111],"texture":"#3"},"east":{"uv":[10.22222,6.66667,10.66667,7.66667],"texture":"#3"},"south":{"uv":[9.33333,10.22222,9.77778,11.22222],"texture":"#3"},"west":{"uv":[10.22222,10.22222,10.66667,11.22222],"texture":"#3"}}},{"from":[6.38321,-2.8724,5.28975],"to":[7.38321,-0.6224,6.28975],"rotation":{"angle":0,"axis":"y","origin":[8,8,8]},"faces":{"north":{"uv":[11.11111,6.66667,11.55556,7.66667],"texture":"#3"},"east":{"uv":[0.88889,11.11111,1.33333,12.11111],"texture":"#3"},"south":{"uv":[1.77778,11.11111,2.22222,12.11111],"texture":"#3"},"west":{"uv":[2.66667,11.11111,3.11111,12.11111],"texture":"#3"}}},{"from":[10.66696,-2.6635,5.28825],"to":[12.41696,-1.6635,6.29125],"rotation":{"angle":-22.5,"axis":"z","origin":[8,8,8]},"faces":{"north":{"uv":[12,7.55556,12.77778,8],"texture":"#3"},"south":{"uv":[12,6.66667,12.77778,7.11111],"texture":"#3"},"west":{"uv":[7.55556,13.77778,8,14.22222],"texture":"#3"},"up":{"uv":[12.44444,9.22222,12,8.44444],"rotation":90,"texture":"#3"},"down":{"uv":[9.33333,12,8.88889,12.77778],"rotation":270,"texture":"#3"}}},{"from":[3.58304,-2.6635,5.28725],"to":[5.33304,-1.6635,6.29225],"rotation":{"angle":22.5,"axis":"z","origin":[8,8,8]},"faces":{"north":{"uv":[12,9.77778,12.77778,10.22222],"texture":"#3"},"east":{"uv":[13.77778,10.22222,14.22222,10.66667],"texture":"#3"},"south":{"uv":[9.77778,12,10.55556,12.44444],"texture":"#3"},"west":{"uv":[13.77778,11.11111,14.22222,11.55556],"texture":"#3"},"up":{"uv":[12.44444,11.44444,12,10.66667],"rotation":90,"texture":"#3"},"down":{"uv":[11.55556,12,11.11111,12.77778],"rotation":270,"texture":"#3"}}},{"from":[3.20663,-0.34734,5.28825],"to":[4.95663,0.65266,6.29125],"rotation":{"angle":22.5,"axis":"z","origin":[8,8,8]},"faces":{"north":{"uv":[12.44444,1.77778,13.22222,2.22222],"texture":"#3"},"south":{"uv":[12,12,12.77778,12.44444],"texture":"#3"},"west":{"uv":[12,13.77778,12.44444,14.22222],"texture":"#3"},"up":{"uv":[0.44444,13.66667,0,12.88889],"rotation":90,"texture":"#3"},"down":{"uv":[13.33333,0,12.88889,0.77778],"rotation":270,"texture":"#3"}}},{"from":[11.04337,-0.34734,5.28725],"to":[12.79337,0.65266,6.29225],"rotation":{"angle":-22.5,"axis":"z","origin":[8,8,8]},"faces":{"north":{"uv":[0.88889,12.88889,1.66667,13.33333],"texture":"#3"},"east":{"uv":[0,14.22222,0.44444,14.66667],"texture":"#3"},"south":{"uv":[12.44444,2.66667,13.22222,3.11111],"texture":"#3"},"west":{"uv":[2.22222,14.22222,2.66667,14.66667],"texture":"#3"},"up":{"uv":[2.66667,13.66667,2.22222,12.88889],"rotation":90,"texture":"#3"},"down":{"uv":[13.33333,4.88889,12.88889,5.66667],"rotation":270,"texture":"#3"}}},{"from":[5.44126,5.04754,5.28925],"to":[7.19126,6.04754,6.29225],"rotation":{"angle":22.5,"axis":"z","origin":[8,8,8]},"faces":{"north":{"uv":[12.44444,1.77778,13.22222,2.22222],"texture":"#3"},"south":{"uv":[12,12,12.77778,12.44444],"texture":"#3"},"west":{"uv":[12,13.77778,12.44444,14.22222],"texture":"#3"},"up":{"uv":[0.44444,13.66667,0,12.88889],"rotation":90,"texture":"#3"},"down":{"uv":[13.33333,0,12.88889,0.77778],"rotation":270,"texture":"#3"}}},{"from":[8.80874,5.04753,5.28825],"to":[10.55874,6.04753,6.29325],"rotation":{"angle":-22.5,"axis":"z","origin":[8,8,8]},"faces":{"north":{"uv":[0.88889,12.88889,1.66667,13.33333],"texture":"#3"},"east":{"uv":[0,14.22222,0.44444,14.66667],"texture":"#3"},"south":{"uv":[12.44444,2.66667,13.22222,3.11111],"texture":"#3"},"west":{"uv":[2.22222,14.22222,2.66667,14.66667],"texture":"#3"},"up":{"uv":[2.66667,13.66667,2.22222,12.88889],"rotation":90,"texture":"#3"},"down":{"uv":[13.33333,4.88889,12.88889,5.66667],"rotation":270,"texture":"#3"}}},{"from":[7.25,3.34197,5.54075],"to":[8.75,4.84197,6.04075],"rotation":{"angle":0,"axis":"y","origin":[8,8,8]},"faces":{"north":{"uv":[10.22222,5.33333,10.88889,6],"texture":"#3"},"south":{"uv":[8,9.77778,8.66667,10.44444],"texture":"#3"}}},{"from":[8.61679,2.96697,5.29075],"to":[9.61679,5.21697,6.29075],"rotation":{"angle":0,"axis":"y","origin":[8,8,8]},"faces":{"north":{"uv":[0,11.11111,0.44444,12.11111],"texture":"#3"},"east":{"uv":[10.22222,6.66667,10.66667,7.66667],"texture":"#3"},"south":{"uv":[9.33333,10.22222,9.77778,11.22222],"texture":"#3"},"west":{"uv":[10.22222,10.22222,10.66667,11.22222],"texture":"#3"}}},{"from":[6.38321,2.96697,5.29075],"to":[7.38321,5.21697,6.29075],"rotation":{"angle":0,"axis":"y","origin":[8,8,8]},"faces":{"north":{"uv":[11.11111,6.66667,11.55556,7.66667],"texture":"#3"},"east":{"uv":[0.88889,11.11111,1.33333,12.11111],"texture":"#3"},"south":{"uv":[1.77778,11.11111,2.22222,12.11111],"texture":"#3"},"west":{"uv":[2.66667,11.11111,3.11111,12.11111],"texture":"#3"}}},{"from":[8.43233,2.73137,5.28925],"to":[10.18233,3.73137,6.29225],"rotation":{"angle":-22.5,"axis":"z","origin":[8,8,8]},"faces":{"north":{"uv":[12,7.55556,12.77778,8],"texture":"#3"},"south":{"uv":[12,6.66667,12.77778,7.11111],"texture":"#3"},"west":{"uv":[7.55556,13.77778,8,14.22222],"texture":"#3"},"up":{"uv":[12.44444,9.22222,12,8.44444],"rotation":90,"texture":"#3"},"down":{"uv":[9.33333,12,8.88889,12.77778],"rotation":270,"texture":"#3"}}},{"from":[5.81766,2.73138,5.28825],"to":[7.56766,3.73138,6.29325],"rotation":{"angle":22.5,"axis":"z","origin":[8,8,8]},"faces":{"north":{"uv":[12,9.77778,12.77778,10.22222],"texture":"#3"},"east":{"uv":[13.77778,10.22222,14.22222,10.66667],"texture":"#3"},"south":{"uv":[9.77778,12,10.55556,12.44444],"texture":"#3"},"west":{"uv":[13.77778,11.11111,14.22222,11.55556],"texture":"#3"},"up":{"uv":[12.44444,11.44444,12,10.66667],"rotation":90,"texture":"#3"},"down":{"uv":[11.55556,12,11.11111,12.77778],"rotation":270,"texture":"#3"}}},{"from":[2.83022,2.96882,5.28925],"to":[4.58022,3.96882,6.29225],"rotation":{"angle":22.5,"axis":"z","origin":[8,8,8]},"faces":{"north":{"uv":[12.44444,1.77778,13.22222,2.22222],"texture":"#3"},"south":{"uv":[12,12,12.77778,12.44444],"texture":"#3"},"west":{"uv":[12,13.77778,12.44444,14.22222],"texture":"#3"},"up":{"uv":[0.44444,13.66667,0,12.88889],"rotation":90,"texture":"#3"},"down":{"uv":[13.33333,0,12.88889,0.77778],"rotation":270,"texture":"#3"}}},{"from":[8.43233,1.73138,5.28825],"to":[10.18233,2.73138,6.29325],"rotation":{"angle":-22.5,"axis":"z","origin":[8,8,8]},"faces":{"north":{"uv":[0.88889,12.88889,1.66667,13.33333],"texture":"#3"},"east":{"uv":[0,14.22222,0.44444,14.66667],"texture":"#3"},"south":{"uv":[12.44444,2.66667,13.22222,3.11111],"texture":"#3"},"west":{"uv":[2.22222,14.22222,2.66667,14.66667],"texture":"#3"},"up":{"uv":[2.66667,13.66667,2.22222,12.88889],"rotation":90,"texture":"#3"},"down":{"uv":[13.33333,4.88889,12.88889,5.66667],"rotation":270,"texture":"#3"}}},{"from":[4.76642,0.04729,5.29075],"to":[5.76642,2.29729,6.29075],"rotation":{"angle":0,"axis":"y","origin":[8,8,8]},"faces":{"north":{"uv":[11.11111,6.66667,11.55556,7.66667],"texture":"#3"},"east":{"uv":[0.88889,11.11111,1.33333,12.11111],"texture":"#3"},"south":{"uv":[1.77778,11.11111,2.22222,12.11111],"texture":"#3"},"west":{"uv":[2.66667,11.11111,3.11111,12.11111],"texture":"#3"}}},{"from":[8.05593,-0.58478,5.28925],"to":[9.80593,0.41522,6.29225],"rotation":{"angle":-22.5,"axis":"z","origin":[8,8,8]},"faces":{"north":{"uv":[12,7.55556,12.77778,8],"texture":"#3"},"south":{"uv":[12,6.66667,12.77778,7.11111],"texture":"#3"},"west":{"uv":[7.55556,13.77778,8,14.22222],"texture":"#3"},"up":{"uv":[12.44444,9.22222,12,8.44444],"rotation":90,"texture":"#3"},"down":{"uv":[9.33333,12,8.88889,12.77778],"rotation":270,"texture":"#3"}}},{"from":[3.20663,0.65266,5.28825],"to":[4.95663,1.65266,6.29325],"rotation":{"angle":22.5,"axis":"z","origin":[8,8,8]},"faces":{"north":{"uv":[12,9.77778,12.77778,10.22222],"texture":"#3"},"east":{"uv":[13.77778,10.22222,14.22222,10.66667],"texture":"#3"},"south":{"uv":[9.77778,12,10.55556,12.44444],"texture":"#3"},"west":{"uv":[13.77778,11.11111,14.22222,11.55556],"texture":"#3"},"up":{"uv":[12.44444,11.44444,12,10.66667],"rotation":90,"texture":"#3"},"down":{"uv":[11.55556,12,11.11111,12.77778],"rotation":270,"texture":"#3"}}},{"from":[7,0.04729,5.29075],"to":[8,2.29729,6.29075],"rotation":{"angle":0,"axis":"y","origin":[8,8,8]},"faces":{"north":{"uv":[0,11.11111,0.44444,12.11111],"texture":"#3"},"east":{"uv":[10.22222,6.66667,10.66667,7.66667],"texture":"#3"},"south":{"uv":[9.33333,10.22222,9.77778,11.22222],"texture":"#3"},"west":{"uv":[10.22222,10.22222,10.66667,11.22222],"texture":"#3"}}},{"from":[5.63321,0.42229,5.54075],"to":[7.13321,1.92229,6.04075],"rotation":{"angle":0,"axis":"y","origin":[8,8,8]},"faces":{"north":{"uv":[10.22222,5.33333,10.88889,6],"texture":"#3"},"south":{"uv":[8,9.77778,8.66667,10.44444],"texture":"#3"}}},{"from":[10.23358,0.04729,5.28975],"to":[11.23358,2.29729,6.28975],"rotation":{"angle":0,"axis":"y","origin":[8,8,8]},"faces":{"north":{"uv":[11.55556,1.77778,12,2.77778],"texture":"#3"},"east":{"uv":[8,11.11111,8.44444,12.11111],"texture":"#3"},"south":{"uv":[11.11111,8.44444,11.55556,9.44444],"texture":"#3"},"west":{"uv":[11.11111,10.22222,11.55556,11.22222],"texture":"#3"}}},{"from":[11.41977,2.96881,5.28725],"to":[13.16977,3.96881,6.29225],"rotation":{"angle":-22.5,"axis":"z","origin":[8,8,8]},"faces":{"north":{"uv":[12.88889,8.44444,13.66667,8.88889],"texture":"#3"},"east":{"uv":[3.11111,14.22222,3.55556,14.66667],"texture":"#3"},"south":{"uv":[7.55556,12.88889,8.33333,13.33333],"texture":"#3"},"west":{"uv":[14.22222,3.55556,14.66667,4],"texture":"#3"},"up":{"uv":[10.22222,13.66667,9.77778,12.88889],"rotation":90,"texture":"#3"},"down":{"uv":[13.33333,10.66667,12.88889,11.44444],"rotation":270,"texture":"#3"}}},{"from":[5.81766,1.73138,5.28825],"to":[7.56766,2.73138,6.29125],"rotation":{"angle":22.5,"axis":"z","origin":[8,8,8]},"faces":{"north":{"uv":[3.11111,13.33333,3.88889,13.77778],"texture":"#3"},"south":{"uv":[12,12.88889,12.77778,13.33333],"texture":"#3"},"west":{"uv":[5.33333,14.22222,5.77778,14.66667],"texture":"#3"},"up":{"uv":[13.77778,4.33333,13.33333,3.55556],"rotation":90,"texture":"#3"},"down":{"uv":[4.88889,13.33333,4.44444,14.11111],"rotation":270,"texture":"#3"}}},{"from":[8,0.04729,5.28975],"to":[9,2.29729,6.28975],"rotation":{"angle":0,"axis":"y","origin":[8,8,8]},"faces":{"north":{"uv":[12,0,12.44444,1],"texture":"#3"},"east":{"uv":[3.55556,11.55556,4,12.55556],"texture":"#3"},"south":{"uv":[4.44444,11.55556,4.88889,12.55556],"texture":"#3"},"west":{"uv":[6.66667,11.55556,7.11111,12.55556],"texture":"#3"}}},{"from":[11.04337,0.65266,5.28825],"to":[12.79337,1.65266,6.29125],"rotation":{"angle":-22.5,"axis":"z","origin":[8,8,8]},"faces":{"north":{"uv":[13.33333,7.11111,14.11111,7.55556],"texture":"#3"},"south":{"uv":[13.33333,6.22222,14.11111,6.66667],"texture":"#3"},"west":{"uv":[14.22222,8,14.66667,8.44444],"texture":"#3"},"up":{"uv":[7.11111,14.11111,6.66667,13.33333],"rotation":90,"texture":"#3"},"down":{"uv":[9.33333,13.33333,8.88889,14.11111],"rotation":270,"texture":"#3"}}},{"from":[6.19407,-0.58478,5.28725],"to":[7.94407,0.41522,6.29225],"rotation":{"angle":22.5,"axis":"z","origin":[8,8,8]},"faces":{"north":{"uv":[10.66667,13.33333,11.44444,13.77778],"texture":"#3"},"east":{"uv":[9.77778,14.22222,10.22222,14.66667],"texture":"#3"},"south":{"uv":[13.33333,9.33333,14.11111,9.77778],"texture":"#3"},"west":{"uv":[10.66667,14.22222,11.11111,14.66667],"texture":"#3"},"up":{"uv":[13.77778,12.77778,13.33333,12],"rotation":90,"texture":"#3"},"down":{"uv":[13.77778,13.33333,13.33333,14.11111],"rotation":270,"texture":"#3"}}},{"from":[8.86679,0.42229,5.53975],"to":[10.36679,1.92229,6.03975],"rotation":{"angle":0,"axis":"y","origin":[8,8,8]},"faces":{"north":{"uv":[12,3.55556,12.66667,4.22222],"texture":"#3"},"south":{"uv":[11.55556,5.33333,12.22222,6],"texture":"#3"}}},{"from":[2.8864,0.75808,11.02375],"to":[5.3864,3.25808,11.05375],"rotation":{"angle":22.5,"axis":"z","origin":[8,8,8]},"faces":{"north":{"uv":[3.6,2.4,4.6,3.4],"texture":"#7"},"south":{"uv":[4.6,2.4,3.6,3.4],"texture":"#7"}}},{"from":[4.85128,9.39386,9.14872],"to":[6.85128,10.14386,11.14872],"rotation":{"angle":45,"axis":"y","origin":[8,8,8]},"faces":{"north":{"uv":[4.4,13.6,5.2,13.9],"texture":"#7"},"east":{"uv":[2,13.6,2.8,13.9],"texture":"#7"},"south":{"uv":[13.6,2.4,14.4,2.7],"texture":"#7"},"west":{"uv":[3.2,13.6,4,13.9],"texture":"#7"},"up":{"uv":[6.8,0.8,6,0],"rotation":90,"texture":"#7"},"down":{"uv":[6.8,1.2,6,2],"rotation":270,"texture":"#7"}}},{"from":[9.13465,9.13466,5.91375],"to":[11.13465,11.13466,6.66375],"rotation":{"angle":45,"axis":"z","origin":[8,8,8]},"faces":{"north":{"uv":[4.4,6.8,3.6,6],"rotation":180,"texture":"#7"},"east":{"uv":[13.6,6.8,14.4,7.1],"rotation":90,"texture":"#7"},"south":{"uv":[6.8,3.6,6,4.4],"texture":"#7"},"west":{"uv":[10.4,13.6,11.2,13.9],"rotation":270,"texture":"#7"},"up":{"uv":[8,13.6,8.8,13.9],"texture":"#7"},"down":{"uv":[13.6,6,14.4,6.3],"rotation":180,"texture":"#7"}}},{"from":[9.13465,9.13466,9.66375],"to":[11.13465,11.13466,10.41375],"rotation":{"angle":45,"axis":"z","origin":[8,8,8]},"faces":{"north":{"uv":[6.8,3.6,6,4.4],"rotation":180,"texture":"#7"},"east":{"uv":[13.6,6.8,14.4,7.1],"rotation":270,"texture":"#7"},"south":{"uv":[4.4,6.8,3.6,6],"texture":"#7"},"west":{"uv":[10.4,13.6,11.2,13.9],"rotation":90,"texture":"#7"},"up":{"uv":[13.6,6,14.4,6.3],"rotation":180,"texture":"#7"},"down":{"uv":[8,13.6,8.8,13.9],"texture":"#7"}}},{"from":[-0.25,15.26886,5.77375],"to":[1.75,17.26886,5.80375],"rotation":{"angle":0,"axis":"y","origin":[8,8,8]},"faces":{"north":{"uv":[5.6,5.2,4.8,6],"texture":"#7"},"south":{"uv":[4.8,5.2,5.6,6],"texture":"#7"}}},{"from":[5.54335,17.03506,5.41375],"to":[6.04335,17.53506,6.16375],"rotation":{"angle":22.5,"axis":"z","origin":[8,8,8]},"faces":{"north":{"uv":[0.2,14.8,0,15],"texture":"#7"},"east":{"uv":[14.7,10.8,14.4,11],"texture":"#7"},"south":{"uv":[14.6,13.2,14.4,13.4],"texture":"#7"},"up":{"uv":[14.7,11.6,14.4,11.8],"rotation":90,"texture":"#7"},"down":{"uv":[14.7,12.6,14.4,12.4],"rotation":270,"texture":"#7"}}},{"from":[4.79335,16.53506,5.41375],"to":[5.54335,17.53506,6.16375],"rotation":{"angle":22.5,"axis":"z","origin":[8,8,8]},"faces":{"north":{"uv":[8.3,14.4,8,14.8],"texture":"#7"},"east":{"uv":[14.7,5.2,14.4,5.6],"texture":"#7"},"south":{"uv":[5.1,14.4,4.8,14.8],"texture":"#7"},"west":{"uv":[14.7,4.4,14.4,4.8],"texture":"#7"},"up":{"uv":[11.1,14.4,10.8,14.7],"rotation":90,"texture":"#7"}}},{"from":[5.79335,16.78506,5.41375],"to":[6.04335,17.03506,6.16375],"rotation":{"angle":22.5,"axis":"z","origin":[8,8,8]},"faces":{"north":{"uv":[5.7,14.8,5.6,14.9],"texture":"#7"},"east":{"uv":[15.1,0.8,14.8,0.9],"texture":"#7"},"south":{"uv":[14.9,2.4,14.8,2.5],"texture":"#7"},"west":{"uv":[15.1,0,14.8,0.1],"texture":"#7"},"down":{"uv":[15.1,1.7,14.8,1.6],"rotation":270,"texture":"#7"}}},{"from":[4.79335,15.78506,5.41375],"to":[6.04335,16.53506,6.16375],"rotation":{"angle":22.5,"axis":"z","origin":[8,8,8]},"faces":{"north":{"uv":[3.3,14.4,2.8,14.7],"texture":"#7"},"south":{"uv":[2.1,14.4,1.6,14.7],"texture":"#7"},"west":{"uv":[10.3,14.4,10,14.7],"texture":"#7"},"up":{"uv":[14.7,3.2,14.4,3.7],"rotation":90,"texture":"#7"},"down":{"uv":[4.3,14.9,4,14.4],"rotation":270,"texture":"#7"}}},{"from":[2.89397,14.23077,5.28875],"to":[3.89397,15.23077,6.28875],"rotation":{"angle":0,"axis":"y","origin":[8,8,8]},"faces":{"north":{"uv":[13.6,14,13.2,14.4],"texture":"#7"},"south":{"uv":[12.8,14,12.4,14.4],"texture":"#7"},"west":{"uv":[12,14,11.6,14.4],"texture":"#7"},"up":{"uv":[14.4,14,14,14.4],"rotation":90,"texture":"#7"},"down":{"uv":[1.2,14.8,0.8,14.4],"rotation":270,"texture":"#7"}}},{"from":[1.41061,11.95047,5.16375],"to":[2.66061,13.20047,6.41375],"rotation":{"angle":-22.5,"axis":"z","origin":[8,8,8]},"faces":{"north":{"uv":[12.5,12.8,12,13.3],"texture":"#7"},"south":{"uv":[13.3,8.8,12.8,9.3],"texture":"#7"},"west":{"uv":[13.3,7.6,12.8,8.1],"texture":"#7"},"up":{"uv":[1.3,13.2,0.8,13.7],"rotation":90,"texture":"#7"},"down":{"uv":[13.7,3.7,13.2,3.2],"rotation":270,"texture":"#7"}}},{"from":[6.65177,13.7028,5.16125],"to":[8.65177,15.4528,6.41625],"rotation":{"angle":22.5,"axis":"z","origin":[8,8,8]},"faces":{"north":{"uv":[4.4,7.2,3.6,7.9],"texture":"#7"},"south":{"uv":[8,3.2,7.2,3.9],"texture":"#7"},"west":{"uv":[9.7,10.8,9.2,11.5],"texture":"#7"},"up":{"uv":[5.3,9.2,4.8,10],"rotation":90,"texture":"#7"},"down":{"uv":[9.7,6,9.2,5.2],"rotation":270,"texture":"#7"}}},{"from":[14.25,15.26886,5.77375],"to":[16.25,17.26886,5.80375],"rotation":{"angle":0,"axis":"y","origin":[8,8,8]},"faces":{"north":{"uv":[4.8,5.2,5.6,6],"texture":"#7"},"south":{"uv":[5.6,5.2,4.8,6],"texture":"#7"}}},{"from":[9.95665,17.03506,5.41375],"to":[10.45665,17.53506,6.16375],"rotation":{"angle":-22.5,"axis":"z","origin":[8,8,8]},"faces":{"north":{"uv":[0,14.8,0.2,15],"texture":"#7"},"south":{"uv":[14.4,13.2,14.6,13.4],"texture":"#7"},"west":{"uv":[14.4,10.8,14.7,11],"texture":"#7"},"up":{"uv":[14.7,11.8,14.4,11.6],"rotation":90,"texture":"#7"},"down":{"uv":[14.7,12.4,14.4,12.6],"rotation":270,"texture":"#7"}}},{"from":[10.45665,16.53506,5.41375],"to":[11.20665,17.53506,6.16375],"rotation":{"angle":-22.5,"axis":"z","origin":[8,8,8]},"faces":{"north":{"uv":[8,14.4,8.3,14.8],"texture":"#7"},"east":{"uv":[14.4,4.4,14.7,4.8],"texture":"#7"},"south":{"uv":[4.8,14.4,5.1,14.8],"texture":"#7"},"west":{"uv":[14.4,5.2,14.7,5.6],"texture":"#7"},"up":{"uv":[11.1,14.7,10.8,14.4],"rotation":90,"texture":"#7"}}},{"from":[9.95665,16.78506,5.41375],"to":[10.20665,17.03506,6.16375],"rotation":{"angle":-22.5,"axis":"z","origin":[8,8,8]},"faces":{"north":{"uv":[5.6,14.8,5.7,14.9],"texture":"#7"},"east":{"uv":[14.8,0,15.1,0.1],"texture":"#7"},"south":{"uv":[14.8,2.4,14.9,2.5],"texture":"#7"},"west":{"uv":[14.8,0.8,15.1,0.9],"texture":"#7"},"down":{"uv":[15.1,1.6,14.8,1.7],"rotation":270,"texture":"#7"}}},{"from":[9.95665,15.78506,5.41375],"to":[11.20665,16.53506,6.16375],"rotation":{"angle":-22.5,"axis":"z","origin":[8,8,8]},"faces":{"north":{"uv":[2.8,14.4,3.3,14.7],"texture":"#7"},"east":{"uv":[10,14.4,10.3,14.7],"texture":"#7"},"south":{"uv":[1.6,14.4,2.1,14.7],"texture":"#7"},"up":{"uv":[14.7,3.7,14.4,3.2],"rotation":90,"texture":"#7"},"down":{"uv":[4.3,14.4,4,14.9],"rotation":270,"texture":"#7"}}},{"from":[12.10603,14.23077,5.28875],"to":[13.10603,15.23077,6.28875],"rotation":{"angle":0,"axis":"y","origin":[8,8,8]},"faces":{"north":{"uv":[13.2,14,13.6,14.4],"texture":"#7"},"east":{"uv":[11.6,14,12,14.4],"texture":"#7"},"south":{"uv":[12.4,14,12.8,14.4],"texture":"#7"},"up":{"uv":[14.4,14.4,14,14],"rotation":90,"texture":"#7"},"down":{"uv":[1.2,14.4,0.8,14.8],"rotation":270,"texture":"#7"}}},{"from":[13.33939,11.95047,5.16375],"to":[14.58939,13.20047,6.41375],"rotation":{"angle":22.5,"axis":"z","origin":[8,8,8]},"faces":{"north":{"uv":[12,12.8,12.5,13.3],"texture":"#7"},"east":{"uv":[12.8,7.6,13.3,8.1],"texture":"#7"},"south":{"uv":[12.8,8.8,13.3,9.3],"texture":"#7"},"up":{"uv":[1.3,13.7,0.8,13.2],"rotation":90,"texture":"#7"},"down":{"uv":[13.7,3.2,13.2,3.7],"rotation":270,"texture":"#7"}}},{"from":[7.34823,13.7028,5.16125],"to":[9.34823,15.4528,6.41625],"rotation":{"angle":-22.5,"axis":"z","origin":[8,8,8]},"faces":{"north":{"uv":[3.6,7.2,4.4,7.9],"texture":"#7"},"east":{"uv":[9.2,10.8,9.7,11.5],"texture":"#7"},"south":{"uv":[7.2,3.2,8,3.9],"texture":"#7"},"up":{"uv":[5.3,10,4.8,9.2],"rotation":90,"texture":"#7"},"down":{"uv":[9.7,5.2,9.2,6],"rotation":270,"texture":"#7"}}},{"from":[9.38466,9.38465,6.66375],"to":[10.88466,10.88465,9.66375],"rotation":{"angle":45,"axis":"z","origin":[8,8,8]},"faces":{"east":{"uv":[0,2,0.6,3.2],"rotation":90,"texture":"#7"},"west":{"uv":[2.4,2,3,3.2],"rotation":270,"texture":"#7"},"up":{"uv":[1.2,2,1.8,3.2],"texture":"#7"},"down":{"uv":[3.6,0,4.2,1.2],"rotation":180,"texture":"#7"}}},{"from":[10.5222,3.4778,5.91375],"to":[12.5222,5.4778,6.66375],"rotation":{"angle":-45,"axis":"z","origin":[8,8,8]},"faces":{"north":{"uv":[4.4,6,3.6,6.8],"rotation":180,"texture":"#7"},"east":{"uv":[14.4,6.8,13.6,7.1],"rotation":90,"texture":"#7"},"south":{"uv":[6.8,4.4,6,3.6],"texture":"#7"},"west":{"uv":[11.2,13.6,10.4,13.9],"rotation":270,"texture":"#7"},"up":{"uv":[14.4,6,13.6,6.3],"texture":"#7"},"down":{"uv":[8.8,13.6,8,13.9],"rotation":180,"texture":"#7"}}},{"from":[10.7722,3.7278,6.66375],"to":[12.2722,5.2278,9.66375],"rotation":{"angle":-45,"axis":"z","origin":[8,8,8]},"faces":{"east":{"uv":[0.6,2,0,3.2],"rotation":90,"texture":"#7"},"west":{"uv":[3,2,2.4,3.2],"rotation":270,"texture":"#7"},"up":{"uv":[4.2,0,3.6,1.2],"texture":"#7"},"down":{"uv":[1.8,2,1.2,3.2],"rotation":180,"texture":"#7"}}},{"from":[10.5222,3.4778,9.66375],"to":[12.5222,5.4778,10.41375],"rotation":{"angle":-45,"axis":"z","origin":[8,8,8]},"faces":{"north":{"uv":[6.8,4.4,6,3.6],"rotation":180,"texture":"#7"},"east":{"uv":[14.4,6.8,13.6,7.1],"rotation":270,"texture":"#7"},"south":{"uv":[4.4,6,3.6,6.8],"texture":"#7"},"west":{"uv":[11.2,13.6,10.4,13.9],"rotation":90,"texture":"#7"},"up":{"uv":[8.8,13.6,8,13.9],"rotation":180,"texture":"#7"},"down":{"uv":[14.4,6,13.6,6.3],"texture":"#7"}}},{"from":[9.86171,11.98642,4.96125],"to":[11.11171,11.98642,5.46125],"rotation":{"angle":22.5,"axis":"z","origin":[8,8,8]},"faces":{"up":{"uv":[0,4,5,6],"rotation":180,"texture":"#2"},"down":{"uv":[5,4,0,6],"texture":"#2"}}},{"from":[9.86171,11.48742,4.96125],"to":[11.11171,11.98742,4.96125],"rotation":{"angle":22.5,"axis":"z","origin":[8,8,8]},"faces":{"north":{"uv":[0,6,5,8],"texture":"#2"},"south":{"uv":[5,6,0,8],"texture":"#2"}}},{"from":[8.38527,10.31686,4.96375],"to":[9.54027,12.31686,4.96375],"rotation":{"angle":0,"axis":"y","origin":[8,8,8]},"faces":{"north":{"uv":[0,8,5,16],"texture":"#2"},"south":{"uv":[5,8,0,16],"texture":"#2"}}},{"from":[3.78829,0.01142,5.16125],"to":[5.03829,0.01142,5.66125],"rotation":{"angle":-22.5,"axis":"z","origin":[6.9,-3.975,8.2]},"faces":{"up":{"uv":[5,4,0,6],"rotation":180,"texture":"#2"},"down":{"uv":[0,4,5,6],"texture":"#2"}}},{"from":[3.78829,-0.48758,5.16125],"to":[5.03829,0.01242,5.16125],"rotation":{"angle":-22.5,"axis":"z","origin":[6.9,-3.975,8.2]},"faces":{"north":{"uv":[5,6,0,8],"texture":"#2"},"south":{"uv":[0,6,5,8],"texture":"#2"}}},{"from":[5.35973,-1.65814,5.16375],"to":[6.51473,0.34186,5.16375],"rotation":{"angle":0,"axis":"y","origin":[6.9,-3.975,8.2]},"faces":{"north":{"uv":[5,8,0,16],"texture":"#2"},"south":{"uv":[0,8,5,16],"texture":"#2"}}},{"from":[7.125,14.92756,1.59889],"to":[8.875,16.67756,4.09889],"rotation":{"angle":22.5,"axis":"x","origin":[8,8,8]},"faces":{"north":{"uv":[0,5.33333,2.33333,7.66667],"texture":"#4"},"east":{"uv":[0,0,3.33333,2.33333],"texture":"#4"},"south":{"uv":[6.66667,0,9,2.33333],"texture":"#4"},"west":{"uv":[0,2.66667,3.33333,5],"texture":"#4"},"up":{"uv":[6.33333,3.33333,4,0],"texture":"#4"},"down":{"uv":[6.33333,4,4,7.33333],"texture":"#4"}}},{"from":[8.375,18.16288,6.06366],"to":[10.125,18.17288,7.56366],"rotation":{"angle":0,"axis":"y","origin":[8,8,8]},"faces":{"up":{"uv":[2.33333,13.66667,0,11.66667],"texture":"#4"},"down":{"uv":[2.33333,11.66667,0,13.66667],"texture":"#4"}}},{"from":[12.2185,17.14972,6.06366],"to":[13.9685,17.15972,7.56366],"rotation":{"angle":22.5,"axis":"z","origin":[8,8,8]},"faces":{"up":{"uv":[5,13.66667,2.66667,11.66667],"texture":"#4"},"down":{"uv":[5,11.66667,2.66667,13.66667],"texture":"#4"}}},{"from":[15.38172,14.74283,6.06366],"to":[17.13172,14.75283,7.56366],"rotation":{"angle":45,"axis":"z","origin":[8,8,8]},"faces":{"up":{"uv":[7.66667,13.66667,5.33333,11.66667],"texture":"#4"},"down":{"uv":[7.66667,11.66667,5.33333,13.66667],"texture":"#4"}}},{"from":[4.68135,17.38307,6.06366],"to":[4.69135,19.13307,7.56366],"rotation":{"angle":-22.5,"axis":"z","origin":[8,8,8]},"faces":{"east":{"uv":[10,11.33333,8,13.66667],"texture":"#4"},"west":{"uv":[8,11.33333,10,13.66667],"texture":"#4"}}},{"from":[5.875,18.16288,6.06366],"to":[7.625,18.17288,7.56366],"rotation":{"angle":0,"axis":"y","origin":[8,8,8]},"faces":{"up":{"uv":[0,13.66667,2.33333,11.66667],"texture":"#4"},"down":{"uv":[0,11.66667,2.33333,13.66667],"texture":"#4"}}},{"from":[2.0315,17.14972,6.06366],"to":[3.7815,17.15972,7.56366],"rotation":{"angle":-22.5,"axis":"z","origin":[8,8,8]},"faces":{"up":{"uv":[2.66667,13.66667,5,11.66667],"texture":"#4"},"down":{"uv":[2.66667,11.66667,5,13.66667],"texture":"#4"}}},{"from":[-1.13172,14.74283,6.06366],"to":[0.61828,14.75283,7.56366],"rotation":{"angle":-45,"axis":"z","origin":[8,8,8]},"faces":{"up":{"uv":[5.33333,13.66667,7.66667,11.66667],"texture":"#4"},"down":{"uv":[5.33333,11.66667,7.66667,13.66667],"texture":"#4"}}},{"from":[11.30865,17.38307,6.06366],"to":[11.31865,19.13307,7.56366],"rotation":{"angle":22.5,"axis":"z","origin":[8,8,8]},"faces":{"east":{"uv":[10,11.33333,8,13.66667],"texture":"#4"},"west":{"uv":[8,11.33333,10,13.66667],"texture":"#4"}}},{"from":[8.375,16.17756,0.84889],"to":[8.385,16.67756,1.59889],"rotation":{"angle":22.5,"axis":"x","origin":[8,8,8]},"faces":{"east":{"uv":[2.66667,5.33333,3.66667,6],"texture":"#4"},"west":{"uv":[2.66667,6.66667,3.66667,7.33333],"texture":"#4"}}},{"from":[7.985,15.67756,4.09889],"to":[8.015,15.92756,4.59889],"rotation":{"angle":22.5,"axis":"x","origin":[8,8,8]},"faces":{"east":{"uv":[6.66667,9.33333,7.33333,9.66667],"texture":"#4"},"west":{"uv":[9.33333,6.66667,10,7],"texture":"#4"}}},{"from":[7.625,11.73764,0.12799],"to":[8.375,12.23764,0.13799],"rotation":{"angle":45,"axis":"x","origin":[8,8,8]},"faces":{"north":{"uv":[5.33333,9.33333,6.33333,10],"texture":"#4"},"south":{"uv":[9.33333,5.33333,10.33333,6],"texture":"#4"}}},{"from":[7.615,16.17756,0.84889],"to":[7.625,16.67756,1.59889],"rotation":{"angle":22.5,"axis":"x","origin":[8,8,8]},"faces":{"east":{"uv":[9.33333,2.66667,10.33333,3.33333],"texture":"#4"},"west":{"uv":[9.33333,4,10.33333,4.66667],"texture":"#4"}}},{"from":[7.375,14.42756,2.84889],"to":[8.625,14.92756,2.85889],"rotation":{"angle":22.5,"axis":"x","origin":[8,8,8]},"faces":{"north":{"uv":[5.33333,8,7,8.66667],"texture":"#4"},"south":{"uv":[8,8,9.66667,8.66667],"texture":"#4"}}},{"from":[7.375,15.68735,9.60969],"to":[8.625,16.18735,9.61969],"rotation":{"angle":-22.5,"axis":"x","origin":[8,8,8]},"faces":{"north":{"uv":[9.33333,0,11,0.66667],"texture":"#4"},"south":{"uv":[9.33333,1.33333,11,2],"texture":"#4"}}},{"from":[6,-1.23114,5.66375],"to":[10,13.76886,5.91375],"rotation":{"angle":0,"axis":"y","origin":[8,8,8]},"faces":{"north":{"uv":[1.88889,0,3.66667,6.66667],"texture":"#3"},"east":{"uv":[7.11111,4.44444,7.22222,11.11111],"texture":"#3"},"south":{"uv":[0,0,1.77778,6.66667],"texture":"#3"},"west":{"uv":[5.77778,7.11111,5.88889,13.77778],"texture":"#3"}}},{"from":[8.95371,-1.23114,5.07622],"to":[10.95371,13.76886,5.08622],"rotation":{"angle":-22.5,"axis":"y","origin":[8,8,8]},"faces":{"north":{"uv":[4.77778,0,5.66667,6.66667],"texture":"#3"},"south":{"uv":[5.66667,0,4.77778,6.66667],"texture":"#3"}}},{"from":[9.60999,-1.23114,4.16844],"to":[11.60999,13.76886,4.17844],"rotation":{"angle":-45,"axis":"y","origin":[8,8,8]},"faces":{"north":{"uv":[3.88889,0,4.77778,6.66667],"texture":"#3"},"south":{"uv":[4.77778,0,3.88889,6.66667],"texture":"#3"}}},{"from":[5.04629,-1.23114,5.07622],"to":[7.04629,13.76886,5.08622],"rotation":{"angle":22.5,"axis":"y","origin":[8,8,8]},"faces":{"north":{"uv":[5.66667,0,4.77778,6.66667],"texture":"#3"},"south":{"uv":[4.77778,0,5.66667,6.66667],"texture":"#3"}}},{"from":[4.39001,-1.23114,4.16844],"to":[6.39001,13.76886,4.17844],"rotation":{"angle":45,"axis":"y","origin":[8,8,8]},"faces":{"north":{"uv":[4.77778,0,3.88889,6.66667],"texture":"#3"},"south":{"uv":[3.88889,0,4.77778,6.66667],"texture":"#3"}}}],"gui_light":"front","display":{"thirdperson_righthand":{"rotation":[35,-35,0],"translation":[1.5,0.5,-1.25]},"thirdperson_lefthand":{"rotation":[35,-35,0],"translation":[1.5,0.5,-1.25]},"firstperson_righthand":{"rotation":[0,0,5],"translation":[-8.5,2.25,2.5],"scale":[0.7,0.7,0.7]},"firstperson_lefthand":{"rotation":[0,0,5],"translation":[-8.5,2.25,2.5],"scale":[0.7,0.7,0.7]},"ground":{"rotation":[45,0,0],"translation":[0,5,0],"scale":[0.7,0.7,0.7]},"gui":{"rotation":[0,180,-45],"translation":[0.5,-0.5,0],"scale":[0.9,0.9,0.9]},"fixed":{"translation":[0,0,-2.5],"scale":[2,2,2]}},"mcmodels":"bcbef68987faf2ba0a6ecab7518e6b93"}