{"credit":"Pologony Creation Co.,Ltd.","texture_size":[32,32],"textures":{"2":"plny_beeset:animated/honey_1","3":"plny_beeset:wings","7":"plny_beeset:tool","particle":"plny_beeset:animated/bee_animated"},"elements":[{"from":[6.87952,4.93792,7.2475],"to":[9.37952,5.93792,8.7525],"rotation":{"angle":22.5,"axis":"z","origin":[8,7.64299,8.41375]},"faces":{"north":{"uv":[8.4,2,9.4,2.4],"texture":"#7","tintindex":0},"east":{"uv":[9.2,13.2,9.8,13.6],"texture":"#7","tintindex":0},"south":{"uv":[8.4,1.2,9.4,1.6],"texture":"#7","tintindex":0},"west":{"uv":[13.2,11.6,13.8,12],"texture":"#7","tintindex":0},"up":{"uv":[6.6,5.8,6,4.8],"rotation":90,"texture":"#7","tintindex":0},"down":{"uv":[0.6,6.4,0,7.4],"rotation":270,"texture":"#7","tintindex":0}}},{"from":[9.3097,5.67176,7.25],"to":[10.3097,8.92176,8.75],"rotation":{"angle":0,"axis":"y","origin":[8,7.64299,8.41375]},"faces":{"north":{"uv":[7.2,6.4,7.6,7.7],"texture":"#7","tintindex":0},"east":{"uv":[3.6,4,4.2,5.3],"texture":"#7","tintindex":0},"south":{"uv":[7.2,4.4,7.6,5.7],"texture":"#7","tintindex":0},"west":{"uv":[0,4.4,0.6,5.7],"texture":"#7","tintindex":0}}},{"from":[7.14453,8.7083,7.2475],"to":[9.64453,9.7083,8.7525],"rotation":{"angle":-22.5,"axis":"z","origin":[8,7.64299,8.41375]},"faces":{"north":{"uv":[8.4,2.8,9.4,3.2],"texture":"#7","tintindex":0},"east":{"uv":[13.2,12.4,13.8,12.8],"texture":"#7","tintindex":0},"south":{"uv":[2.8,8.4,3.8,8.8],"texture":"#7","tintindex":0},"west":{"uv":[13.2,13.2,13.8,13.6],"texture":"#7","tintindex":0},"up":{"uv":[1.8,7.4,1.2,6.4],"rotation":90,"texture":"#7","tintindex":0},"down":{"uv":[3,6.4,2.4,7.4],"rotation":270,"texture":"#7","tintindex":0}}},{"from":[6.35547,8.7083,7.2485],"to":[8.85547,9.7083,8.7515],"rotation":{"angle":22.5,"axis":"z","origin":[8,7.64299,8.41375]},"faces":{"north":{"uv":[1.6,9.2,2.6,9.6],"texture":"#7","tintindex":0},"south":{"uv":[8.4,3.6,9.4,4],"texture":"#7","tintindex":0},"west":{"uv":[13.6,0.8,14.2,1.2],"texture":"#7","tintindex":0},"up":{"uv":[5.4,7.4,4.8,6.4],"rotation":90,"texture":"#7","tintindex":0},"down":{"uv":[6.6,6.4,6,7.4],"rotation":270,"texture":"#7","tintindex":0}}},{"from":[5.6903,5.67176,7.25],"to":[6.6903,8.92176,8.75],"rotation":{"angle":0,"axis":"y","origin":[8,7.64299,8.41375]},"faces":{"north":{"uv":[0.8,8,1.2,9.3],"texture":"#7","tintindex":0},"east":{"uv":[1.2,4.4,1.8,5.7],"texture":"#7","tintindex":0},"south":{"uv":[0,8,0.4,9.3],"texture":"#7","tintindex":0},"west":{"uv":[2.4,4.4,3,5.7],"texture":"#7","tintindex":0}}},{"from":[6.62048,4.93792,7.2485],"to":[9.12048,5.93792,8.7515],"rotation":{"angle":-22.5,"axis":"z","origin":[8,7.64299,8.41375]},"faces":{"north":{"uv":[9.2,4.4,10.2,4.8],"texture":"#7","tintindex":0},"south":{"uv":[3.2,9.2,4.2,9.6],"texture":"#7","tintindex":0},"west":{"uv":[13.6,1.6,14.2,2],"texture":"#7","tintindex":0},"up":{"uv":[7.8,1,7.2,0],"rotation":90,"texture":"#7","tintindex":0},"down":{"uv":[7.8,1.6,7.2,2.6],"rotation":270,"texture":"#7","tintindex":0}}},{"from":[6.5,5.69333,7.5],"to":[9.5,8.94333,8.5],"rotation":{"angle":0,"axis":"y","origin":[8,7.64299,8.41375]},"faces":{"north":{"uv":[1.6,0,2.8,1.3],"texture":"#7","tintindex":0},"south":{"uv":[0,0,1.2,1.3],"texture":"#7","tintindex":0}}},{"from":[4.375,8.59333,7.75],"to":[5.875,10.09333,8.25],"rotation":{"angle":0,"axis":"y","origin":[8,7.64299,8.41375]},"faces":{"north":{"uv":[10,1.2,10.6,1.8],"texture":"#7","tintindex":0},"south":{"uv":[0.8,10,1.4,10.6],"texture":"#7","tintindex":0}}},{"from":[5.74179,8.21833,7.5],"to":[6.74179,10.46833,8.5],"rotation":{"angle":0,"axis":"y","origin":[8,7.64299,8.41375]},"faces":{"north":{"uv":[3.6,10,4,10.9],"texture":"#7","tintindex":0},"east":{"uv":[2,10,2.4,10.9],"texture":"#7","tintindex":0},"south":{"uv":[10,2.4,10.4,3.3],"texture":"#7","tintindex":0},"west":{"uv":[2.8,10,3.2,10.9],"texture":"#7","tintindex":0}}},{"from":[3.50821,8.21833,7.5],"to":[4.50821,10.46833,8.5],"rotation":{"angle":0,"axis":"y","origin":[8,7.64299,8.41375]},"faces":{"north":{"uv":[5.2,10.4,5.6,11.3],"texture":"#7","tintindex":0},"east":{"uv":[10,7.6,10.4,8.5],"texture":"#7","tintindex":0},"south":{"uv":[10,9.2,10.4,10.1],"texture":"#7","tintindex":0},"west":{"uv":[4.4,10.4,4.8,11.3],"texture":"#7","tintindex":0}}},{"from":[3.62995,6.4556,7.4985],"to":[5.37995,7.4556,8.5015],"rotation":{"angle":-22.5,"axis":"z","origin":[8,7.64299,8.41375]},"faces":{"north":{"uv":[11.6,7.2,12.3,7.6],"texture":"#7","tintindex":0},"south":{"uv":[11.6,6.4,12.3,6.8],"texture":"#7","tintindex":0},"west":{"uv":[7.2,8.4,7.6,8.8],"texture":"#7","tintindex":0},"up":{"uv":[6.8,3.1,6.4,2.4],"rotation":90,"texture":"#7","tintindex":0},"down":{"uv":[0.4,11.6,0,12.3],"rotation":270,"texture":"#7","tintindex":0}}},{"from":[5.30774,8.65603,7.4975],"to":[7.05774,9.65603,8.5025],"rotation":{"angle":22.5,"axis":"z","origin":[8,7.64299,8.41375]},"faces":{"north":{"uv":[11.6,8.8,12.3,9.2],"texture":"#7","tintindex":0},"east":{"uv":[13.6,10.8,14,11.2],"texture":"#7","tintindex":0},"south":{"uv":[11.6,8,12.3,8.4],"texture":"#7","tintindex":0},"west":{"uv":[0,14,0.4,14.4],"texture":"#7","tintindex":0},"up":{"uv":[12,11.9,11.6,11.2],"rotation":90,"texture":"#7","tintindex":0},"down":{"uv":[12.4,0,12,0.7],"rotation":270,"texture":"#7","tintindex":0}}},{"from":[4.93133,10.97219,7.4985],"to":[6.68133,11.97219,8.5015],"rotation":{"angle":22.5,"axis":"z","origin":[8,7.64299,8.41375]},"faces":{"north":{"uv":[4.4,12,5.1,12.4],"texture":"#7","tintindex":0},"south":{"uv":[12,3.6,12.7,4],"texture":"#7","tintindex":0},"west":{"uv":[14,0,14.4,0.4],"texture":"#7","tintindex":0},"up":{"uv":[6,12.7,5.6,12],"rotation":90,"texture":"#7","tintindex":0},"down":{"uv":[6.8,12,6.4,12.7],"rotation":270,"texture":"#7","tintindex":0}}},{"from":[4.00636,8.77176,7.4975],"to":[5.75636,9.77176,8.5025],"rotation":{"angle":-22.5,"axis":"z","origin":[8,7.64299,8.41375]},"faces":{"north":{"uv":[7.2,12,7.9,12.4],"texture":"#7","tintindex":0},"east":{"uv":[5.6,14,6,14.4],"texture":"#7","tintindex":0},"south":{"uv":[12,4.4,12.7,4.8],"texture":"#7","tintindex":0},"west":{"uv":[6.4,14,6.8,14.4],"texture":"#7","tintindex":0},"up":{"uv":[9.6,12.7,9.2,12],"rotation":90,"texture":"#7","tintindex":0},"down":{"uv":[12.4,9.6,12,10.3],"rotation":270,"texture":"#7","tintindex":0}}},{"from":[11.51828,8.22176,7.5],"to":[12.51828,10.47176,8.5],"rotation":{"angle":0,"axis":"y","origin":[8,7.64299,8.41375]},"faces":{"north":{"uv":[7.6,10.4,8,11.3],"texture":"#7","tintindex":0},"east":{"uv":[10.4,5.2,10.8,6.1],"texture":"#7","tintindex":0},"south":{"uv":[6,10.4,6.4,11.3],"texture":"#7","tintindex":0},"west":{"uv":[6.8,10.4,7.2,11.3],"texture":"#7","tintindex":0}}},{"from":[9.34183,10.9855,7.4975],"to":[11.09183,11.9855,8.5025],"rotation":{"angle":-22.5,"axis":"z","origin":[8,7.64299,8.41375]},"faces":{"north":{"uv":[12.4,1.2,13.1,1.6],"texture":"#7","tintindex":0},"east":{"uv":[7.2,14,7.6,14.4],"texture":"#7","tintindex":0},"south":{"uv":[0.8,12.4,1.5,12.8],"texture":"#7","tintindex":0},"west":{"uv":[14,7.6,14.4,8],"texture":"#7","tintindex":0},"up":{"uv":[12.8,5.9,12.4,5.2],"rotation":90,"texture":"#7","tintindex":0},"down":{"uv":[8.8,12.4,8.4,13.1],"rotation":270,"texture":"#7","tintindex":0}}},{"from":[10.26943,8.76479,7.4985],"to":[12.01943,9.76479,8.5015],"rotation":{"angle":22.5,"axis":"z","origin":[8,7.64299,8.41375]},"faces":{"north":{"uv":[12.4,10.8,13.1,11.2],"texture":"#7","tintindex":0},"south":{"uv":[10,12.4,10.7,12.8],"texture":"#7","tintindex":0},"west":{"uv":[14,8.4,14.4,8.8],"texture":"#7","tintindex":0},"up":{"uv":[11.6,13.1,11.2,12.4],"rotation":90,"texture":"#7","tintindex":0},"down":{"uv":[12.8,11.6,12.4,12.3],"rotation":270,"texture":"#7","tintindex":0}}},{"from":[9.2847,8.22176,7.5],"to":[10.2847,10.47176,8.5],"rotation":{"angle":0,"axis":"y","origin":[8,7.64299,8.41375]},"faces":{"north":{"uv":[10.8,8.4,11.2,9.3],"texture":"#7","tintindex":0},"east":{"uv":[10.8,2.4,11.2,3.3],"texture":"#7","tintindex":0},"south":{"uv":[10.8,6.8,11.2,7.7],"texture":"#7","tintindex":0},"west":{"uv":[8.4,10.8,8.8,11.7],"texture":"#7","tintindex":0}}},{"from":[8.96542,8.66934,7.4985],"to":[10.71542,9.66934,8.5015],"rotation":{"angle":-22.5,"axis":"z","origin":[8,7.64299,8.41375]},"faces":{"north":{"uv":[2,12.8,2.7,13.2],"texture":"#7","tintindex":0},"south":{"uv":[12.8,0,13.5,0.4],"texture":"#7","tintindex":0},"west":{"uv":[9.2,14,9.6,14.4],"texture":"#7","tintindex":0},"up":{"uv":[0.4,13.5,0,12.8],"rotation":90,"texture":"#7","tintindex":0},"down":{"uv":[13.2,2,12.8,2.7],"rotation":270,"texture":"#7","tintindex":0}}},{"from":[10.64583,6.44864,7.4975],"to":[12.39583,7.44864,8.5025],"rotation":{"angle":22.5,"axis":"z","origin":[8,7.64299,8.41375]},"faces":{"north":{"uv":[4.4,12.8,5.1,13.2],"texture":"#7","tintindex":0},"east":{"uv":[14,9.2,14.4,9.6],"texture":"#7","tintindex":0},"south":{"uv":[3.2,12.8,3.9,13.2],"texture":"#7","tintindex":0},"west":{"uv":[14,10,14.4,10.4],"texture":"#7","tintindex":0},"up":{"uv":[13.2,7.1,12.8,6.4],"rotation":90,"texture":"#7","tintindex":0},"down":{"uv":[7.6,12.8,7.2,13.5],"rotation":270,"texture":"#7","tintindex":0}}},{"from":[10.15149,8.59676,7.75],"to":[11.65149,10.09676,8.25],"rotation":{"angle":0,"axis":"y","origin":[8,7.64299,8.41375]},"faces":{"north":{"uv":[10.8,4,11.4,4.6],"texture":"#7","tintindex":0},"south":{"uv":[10.8,0,11.4,0.6],"texture":"#7","tintindex":0}}},{"from":[-0.25,7.59333,7.985],"to":[1.75,9.59333,8.015],"rotation":{"angle":0,"axis":"y","origin":[8,7.64299,8.41375]},"faces":{"north":{"uv":[5.6,5.2,4.8,6],"texture":"#7","tintindex":0},"south":{"uv":[4.8,5.2,5.6,6],"texture":"#7","tintindex":0}}},{"from":[2.74267,9.91662,7.625],"to":[3.24267,10.41662,8.375],"rotation":{"angle":22.5,"axis":"z","origin":[8,7.64299,8.41375]},"faces":{"north":{"uv":[0.2,14.8,0,15],"texture":"#7","tintindex":0},"east":{"uv":[14.7,10.8,14.4,11],"texture":"#7","tintindex":0},"south":{"uv":[14.6,13.2,14.4,13.4],"texture":"#7","tintindex":0},"up":{"uv":[14.7,11.6,14.4,11.8],"rotation":90,"texture":"#7","tintindex":0},"down":{"uv":[14.7,12.6,14.4,12.4],"rotation":270,"texture":"#7","tintindex":0}}},{"from":[1.99267,9.41662,7.625],"to":[2.74267,10.41662,8.375],"rotation":{"angle":22.5,"axis":"z","origin":[8,7.64299,8.41375]},"faces":{"north":{"uv":[8.3,14.4,8,14.8],"texture":"#7","tintindex":0},"east":{"uv":[14.7,5.2,14.4,5.6],"texture":"#7","tintindex":0},"south":{"uv":[5.1,14.4,4.8,14.8],"texture":"#7","tintindex":0},"west":{"uv":[14.7,4.4,14.4,4.8],"texture":"#7","tintindex":0},"up":{"uv":[11.1,14.4,10.8,14.7],"rotation":90,"texture":"#7","tintindex":0}}},{"from":[2.99267,9.66662,7.625],"to":[3.24267,9.91662,8.375],"rotation":{"angle":22.5,"axis":"z","origin":[8,7.64299,8.41375]},"faces":{"north":{"uv":[5.7,14.8,5.6,14.9],"texture":"#7","tintindex":0},"east":{"uv":[15.1,0.8,14.8,0.9],"texture":"#7","tintindex":0},"south":{"uv":[14.9,2.4,14.8,2.5],"texture":"#7","tintindex":0},"west":{"uv":[15.1,0,14.8,0.1],"texture":"#7","tintindex":0},"down":{"uv":[15.1,1.7,14.8,1.6],"rotation":270,"texture":"#7","tintindex":0}}},{"from":[1.99267,8.66662,7.625],"to":[3.24267,9.41662,8.375],"rotation":{"angle":22.5,"axis":"z","origin":[8,7.64299,8.41375]},"faces":{"north":{"uv":[3.3,14.4,2.8,14.7],"texture":"#7","tintindex":0},"south":{"uv":[2.1,14.4,1.6,14.7],"texture":"#7","tintindex":0},"west":{"uv":[10.3,14.4,10,14.7],"texture":"#7","tintindex":0},"up":{"uv":[14.7,3.2,14.4,3.7],"rotation":90,"texture":"#7","tintindex":0},"down":{"uv":[4.3,14.9,4,14.4],"rotation":270,"texture":"#7","tintindex":0}}},{"from":[2.89397,6.55524,7.5],"to":[3.89397,7.55524,8.5],"rotation":{"angle":0,"axis":"y","origin":[8,7.64299,8.41375]},"faces":{"north":{"uv":[13.6,14,13.2,14.4],"texture":"#7","tintindex":0},"south":{"uv":[12.8,14,12.4,14.4],"texture":"#7","tintindex":0},"west":{"uv":[12,14,11.6,14.4],"texture":"#7","tintindex":0},"up":{"uv":[14.4,14,14,14.4],"rotation":90,"texture":"#7","tintindex":0},"down":{"uv":[1.2,14.8,0.8,14.4],"rotation":270,"texture":"#7","tintindex":0}}},{"from":[4.21129,4.83203,7.375],"to":[5.46129,6.08203,8.625],"rotation":{"angle":-22.5,"axis":"z","origin":[8,7.64299,8.41375]},"faces":{"north":{"uv":[12.5,12.8,12,13.3],"texture":"#7","tintindex":0},"south":{"uv":[13.3,8.8,12.8,9.3],"texture":"#7","tintindex":0},"west":{"uv":[13.3,7.6,12.8,8.1],"texture":"#7","tintindex":0},"up":{"uv":[1.3,13.2,0.8,13.7],"rotation":90,"texture":"#7","tintindex":0},"down":{"uv":[13.7,3.7,13.2,3.2],"rotation":270,"texture":"#7","tintindex":0}}},{"from":[3.85109,6.58436,7.3725],"to":[5.85109,8.33436,8.6275],"rotation":{"angle":22.5,"axis":"z","origin":[8,7.64299,8.41375]},"faces":{"north":{"uv":[4.4,7.2,3.6,7.9],"texture":"#7","tintindex":0},"south":{"uv":[8,3.2,7.2,3.9],"texture":"#7","tintindex":0},"west":{"uv":[9.7,10.8,9.2,11.5],"texture":"#7","tintindex":0},"up":{"uv":[5.3,9.2,4.8,10],"rotation":90,"texture":"#7","tintindex":0},"down":{"uv":[9.7,6,9.2,5.2],"rotation":270,"texture":"#7","tintindex":0}}},{"from":[14.25,7.59333,7.985],"to":[16.25,9.59333,8.015],"rotation":{"angle":0,"axis":"y","origin":[8,7.64299,8.41375]},"faces":{"north":{"uv":[4.8,5.2,5.6,6],"texture":"#7","tintindex":0},"south":{"uv":[5.6,5.2,4.8,6],"texture":"#7","tintindex":0}}},{"from":[13.25733,9.41662,7.625],"to":[14.00733,10.41662,8.375],"rotation":{"angle":-22.5,"axis":"z","origin":[8,7.64299,8.41375]},"faces":{"north":{"uv":[8,14.4,8.3,14.8],"texture":"#7","tintindex":0},"east":{"uv":[14.4,4.4,14.7,4.8],"texture":"#7","tintindex":0},"south":{"uv":[4.8,14.4,5.1,14.8],"texture":"#7","tintindex":0},"west":{"uv":[14.4,5.2,14.7,5.6],"texture":"#7","tintindex":0},"up":{"uv":[11.1,14.7,10.8,14.4],"rotation":90,"texture":"#7","tintindex":0}}},{"from":[12.75733,9.66662,7.625],"to":[13.00733,9.91662,8.375],"rotation":{"angle":-22.5,"axis":"z","origin":[8,7.64299,8.41375]},"faces":{"north":{"uv":[5.6,14.8,5.7,14.9],"texture":"#7","tintindex":0},"east":{"uv":[14.8,0,15.1,0.1],"texture":"#7","tintindex":0},"south":{"uv":[14.8,2.4,14.9,2.5],"texture":"#7","tintindex":0},"west":{"uv":[14.8,0.8,15.1,0.9],"texture":"#7","tintindex":0},"down":{"uv":[15.1,1.6,14.8,1.7],"rotation":270,"texture":"#7","tintindex":0}}},{"from":[12.75733,8.66662,7.625],"to":[14.00733,9.41662,8.375],"rotation":{"angle":-22.5,"axis":"z","origin":[8,7.64299,8.41375]},"faces":{"north":{"uv":[2.8,14.4,3.3,14.7],"texture":"#7","tintindex":0},"east":{"uv":[10,14.4,10.3,14.7],"texture":"#7","tintindex":0},"south":{"uv":[1.6,14.4,2.1,14.7],"texture":"#7","tintindex":0},"up":{"uv":[14.7,3.7,14.4,3.2],"rotation":90,"texture":"#7","tintindex":0},"down":{"uv":[4.3,14.4,4,14.9],"rotation":270,"texture":"#7","tintindex":0}}},{"from":[12.10603,6.55524,7.5],"to":[13.10603,7.55524,8.5],"rotation":{"angle":0,"axis":"y","origin":[8,7.64299,8.41375]},"faces":{"north":{"uv":[13.2,14,13.6,14.4],"texture":"#7","tintindex":0},"east":{"uv":[11.6,14,12,14.4],"texture":"#7","tintindex":0},"south":{"uv":[12.4,14,12.8,14.4],"texture":"#7","tintindex":0},"up":{"uv":[14.4,14.4,14,14],"rotation":90,"texture":"#7","tintindex":0},"down":{"uv":[1.2,14.4,0.8,14.8],"rotation":270,"texture":"#7","tintindex":0}}},{"from":[10.53871,4.83203,7.375],"to":[11.78871,6.08203,8.625],"rotation":{"angle":22.5,"axis":"z","origin":[8,7.64299,8.41375]},"faces":{"north":{"uv":[12,12.8,12.5,13.3],"texture":"#7","tintindex":0},"east":{"uv":[12.8,7.6,13.3,8.1],"texture":"#7","tintindex":0},"south":{"uv":[12.8,8.8,13.3,9.3],"texture":"#7","tintindex":0},"up":{"uv":[1.3,13.7,0.8,13.2],"rotation":90,"texture":"#7","tintindex":0},"down":{"uv":[13.7,3.2,13.2,3.7],"rotation":270,"texture":"#7","tintindex":0}}},{"from":[10.14891,6.58436,7.3725],"to":[12.14891,8.33436,8.6275],"rotation":{"angle":-22.5,"axis":"z","origin":[8,7.64299,8.41375]},"faces":{"north":{"uv":[3.6,7.2,4.4,7.9],"texture":"#7","tintindex":0},"east":{"uv":[9.2,10.8,9.7,11.5],"texture":"#7","tintindex":0},"south":{"uv":[7.2,3.2,8,3.9],"texture":"#7","tintindex":0},"up":{"uv":[5.3,10,4.8,9.2],"rotation":90,"texture":"#7","tintindex":0},"down":{"uv":[9.7,5.2,9.2,6],"rotation":270,"texture":"#7","tintindex":0}}},{"from":[7.56466,5.98743,8.33875],"to":[8.81466,5.98743,8.83875],"rotation":{"angle":22.5,"axis":"z","origin":[7.91375,7.59967,8.425]},"faces":{"up":{"uv":[0,6,5,4],"rotation":180,"texture":"#2","tintindex":0},"down":{"uv":[5,6,0,4],"texture":"#2","tintindex":0}}},{"from":[7.56466,5.48843,8.83875],"to":[8.81466,5.98843,8.83875],"rotation":{"angle":22.5,"axis":"z","origin":[7.91375,7.59967,8.425]},"faces":{"north":{"uv":[0,6,5,8],"texture":"#2","tintindex":0},"south":{"uv":[5,6,0,8],"texture":"#2","tintindex":0}}},{"from":[8.39902,3.898,8.83625],"to":[9.55402,5.898,8.83625],"rotation":{"angle":0,"axis":"y","origin":[7.91375,7.59967,8.425]},"faces":{"north":{"uv":[0,8,5,16],"texture":"#2","tintindex":0},"south":{"uv":[5,8,0,16],"texture":"#2","tintindex":0}}},{"from":[3.94331,7.48455,8.175],"to":[5.19331,7.48455,8.675],"rotation":{"angle":-22.5,"axis":"z","origin":[8.06375,7.39967,8.425]},"faces":{"up":{"uv":[5,6,0,4],"rotation":180,"texture":"#2","tintindex":0},"down":{"uv":[0,6,5,4],"texture":"#2","tintindex":0}}},{"from":[3.94331,6.98555,8.675],"to":[5.19331,7.48555,8.675],"rotation":{"angle":-22.5,"axis":"z","origin":[8.06375,7.39967,8.425]},"faces":{"north":{"uv":[5,6,0,8],"texture":"#2","tintindex":0},"south":{"uv":[0,6,5,8],"texture":"#2","tintindex":0}}},{"from":[4.09848,6.498,8.6725],"to":[5.25348,8.498,8.6725],"rotation":{"angle":0,"axis":"y","origin":[8.06375,7.39967,8.425]},"faces":{"north":{"uv":[5,8,0,16],"texture":"#2","tintindex":0},"south":{"uv":[0,8,5,16],"texture":"#2","tintindex":0}}},{"from":[-16,9,8.225],"to":[5.25,26,8.235],"rotation":{"angle":22.5,"axis":"y","origin":[5.25,9,8.225]},"faces":{"north":{"uv":[0,0,10.625,8.5],"texture":"#3","tintindex":0},"south":{"uv":[10.625,0,0,8.5],"texture":"#3","tintindex":0}}},{"from":[10.75,9,8.225],"to":[32,26,8.235],"rotation":{"angle":-22.5,"axis":"y","origin":[10.75,9,8.225]},"faces":{"north":{"uv":[10.625,0,0,8.5],"texture":"#3","tintindex":0},"south":{"uv":[0,0,10.625,8.5],"texture":"#3","tintindex":0}}},{"from":[7.5,-5.5,8.225],"to":[7.51,7.5,26],"rotation":{"angle":-45,"axis":"y","origin":[7.5,-5.5,8.225]},"faces":{"east":{"uv":[8.875,9,0,15.5],"texture":"#3","tintindex":0},"west":{"uv":[0,9,8.875,15.5],"texture":"#3","tintindex":0}}},{"from":[8.49,-5.5,8.225],"to":[8.5,7.5,26],"rotation":{"angle":45,"axis":"y","origin":[8.5,-5.5,8.225]},"faces":{"east":{"uv":[8.875,9,0,15.5],"texture":"#3","tintindex":0},"west":{"uv":[0,9,8.875,15.5],"texture":"#3","tintindex":0}}}],"gui_light":"front","display":{"thirdperson_righthand":{"rotation":[-119.25,0,-180],"translation":[0,1,1],"scale":[0.6,0.6,0.6]},"thirdperson_lefthand":{"rotation":[67,0,0],"translation":[-5.5,-6.5,9.25]},"firstperson_righthand":{"rotation":[165.25,0,180],"translation":[4,1.5,0],"scale":[0.5,0.5,0.5]},"firstperson_lefthand":{"rotation":[165.25,0,180],"translation":[4,1.5,0],"scale":[0.5,0.5,0.5]},"ground":{"rotation":[-45,0,0],"translation":[0,5,0],"scale":[0.7,0.7,0.7]},"gui":{"rotation":[0,180,0],"translation":[0,-1,0],"scale":[0.5,0.5,0.5]},"head":{"translation":[0,-61.25,5.75],"scale":[1.6,1.6,1.6]},"fixed":{"rotation":[0,180,0],"translation":[0,0,-2.25],"scale":[2,2,2]}},"mcmodels":"bcbef68987faf2ba0a6ecab7518e6b93"}