{"credit":"Pologony Creation Co.,Ltd.","texture_size":[32,32],"textures":{"2":"plny_beeset:animated/honey_1","3":"plny_beeset:wings","7":"plny_beeset:tool","particle":"plny_beeset:animated/bee_animated"},"elements":[{"from":[7.43976,-8.03104,7.62375],"to":[8.68976,-7.53104,8.37625],"rotation":{"angle":22.5,"axis":"z","origin":[8,-6.6785,8.20688]},"faces":{"north":{"uv":[8.4,2,9.4,2.4],"texture":"#7","tintindex":0},"east":{"uv":[9.2,13.2,9.8,13.6],"texture":"#7","tintindex":0},"south":{"uv":[8.4,1.2,9.4,1.6],"texture":"#7","tintindex":0},"west":{"uv":[13.2,11.6,13.8,12],"texture":"#7","tintindex":0},"up":{"uv":[6.6,5.8,6,4.8],"rotation":90,"texture":"#7","tintindex":0},"down":{"uv":[0.6,6.4,0,7.4],"rotation":270,"texture":"#7","tintindex":0}}},{"from":[8.65485,-7.66412,7.625],"to":[9.15485,-6.03912,8.375],"rotation":{"angle":0,"axis":"y","origin":[8,-6.6785,8.20688]},"faces":{"north":{"uv":[7.2,6.4,7.6,7.7],"texture":"#7","tintindex":0},"east":{"uv":[3.6,4,4.2,5.3],"texture":"#7","tintindex":0},"south":{"uv":[7.2,4.4,7.6,5.7],"texture":"#7","tintindex":0},"west":{"uv":[0,4.4,0.6,5.7],"texture":"#7","tintindex":0}}},{"from":[7.57227,-6.14585,7.62375],"to":[8.82227,-5.64585,8.37625],"rotation":{"angle":-22.5,"axis":"z","origin":[8,-6.6785,8.20688]},"faces":{"north":{"uv":[8.4,2.8,9.4,3.2],"texture":"#7","tintindex":0},"east":{"uv":[13.2,12.4,13.8,12.8],"texture":"#7","tintindex":0},"south":{"uv":[2.8,8.4,3.8,8.8],"texture":"#7","tintindex":0},"west":{"uv":[13.2,13.2,13.8,13.6],"texture":"#7","tintindex":0},"up":{"uv":[1.8,7.4,1.2,6.4],"rotation":90,"texture":"#7","tintindex":0},"down":{"uv":[3,6.4,2.4,7.4],"rotation":270,"texture":"#7","tintindex":0}}},{"from":[7.17774,-6.14585,7.62425],"to":[8.42774,-5.64585,8.37575],"rotation":{"angle":22.5,"axis":"z","origin":[8,-6.6785,8.20688]},"faces":{"north":{"uv":[1.6,9.2,2.6,9.6],"texture":"#7","tintindex":0},"south":{"uv":[8.4,3.6,9.4,4],"texture":"#7","tintindex":0},"west":{"uv":[13.6,0.8,14.2,1.2],"texture":"#7","tintindex":0},"up":{"uv":[5.4,7.4,4.8,6.4],"rotation":90,"texture":"#7","tintindex":0},"down":{"uv":[6.6,6.4,6,7.4],"rotation":270,"texture":"#7","tintindex":0}}},{"from":[6.84515,-7.66412,7.625],"to":[7.34515,-6.03912,8.375],"rotation":{"angle":0,"axis":"y","origin":[8,-6.6785,8.20688]},"faces":{"north":{"uv":[0.8,8,1.2,9.3],"texture":"#7","tintindex":0},"east":{"uv":[1.2,4.4,1.8,5.7],"texture":"#7","tintindex":0},"south":{"uv":[0,8,0.4,9.3],"texture":"#7","tintindex":0},"west":{"uv":[2.4,4.4,3,5.7],"texture":"#7","tintindex":0}}},{"from":[7.31024,-8.03104,7.62425],"to":[8.56024,-7.53104,8.37575],"rotation":{"angle":-22.5,"axis":"z","origin":[8,-6.6785,8.20688]},"faces":{"north":{"uv":[9.2,4.4,10.2,4.8],"texture":"#7","tintindex":0},"south":{"uv":[3.2,9.2,4.2,9.6],"texture":"#7","tintindex":0},"west":{"uv":[13.6,1.6,14.2,2],"texture":"#7","tintindex":0},"up":{"uv":[7.8,1,7.2,0],"rotation":90,"texture":"#7","tintindex":0},"down":{"uv":[7.8,1.6,7.2,2.6],"rotation":270,"texture":"#7","tintindex":0}}},{"from":[7.25,-7.65333,7.75],"to":[8.75,-6.02833,8.25],"rotation":{"angle":0,"axis":"y","origin":[8,-6.6785,8.20688]},"faces":{"north":{"uv":[1.6,0,2.8,1.3],"texture":"#7","tintindex":0},"south":{"uv":[0,0,1.2,1.3],"texture":"#7","tintindex":0}}},{"from":[6.1875,-6.20333,7.875],"to":[6.9375,-5.45333,8.125],"rotation":{"angle":0,"axis":"y","origin":[8,-6.6785,8.20688]},"faces":{"north":{"uv":[10,1.2,10.6,1.8],"texture":"#7","tintindex":0},"south":{"uv":[0.8,10,1.4,10.6],"texture":"#7","tintindex":0}}},{"from":[6.8709,-6.39083,7.75],"to":[7.3709,-5.26583,8.25],"rotation":{"angle":0,"axis":"y","origin":[8,-6.6785,8.20688]},"faces":{"north":{"uv":[3.6,10,4,10.9],"texture":"#7","tintindex":0},"east":{"uv":[2,10,2.4,10.9],"texture":"#7","tintindex":0},"south":{"uv":[10,2.4,10.4,3.3],"texture":"#7","tintindex":0},"west":{"uv":[2.8,10,3.2,10.9],"texture":"#7","tintindex":0}}},{"from":[5.75411,-6.39083,7.75],"to":[6.25411,-5.26583,8.25],"rotation":{"angle":0,"axis":"y","origin":[8,-6.6785,8.20688]},"faces":{"north":{"uv":[5.2,10.4,5.6,11.3],"texture":"#7","tintindex":0},"east":{"uv":[10,7.6,10.4,8.5],"texture":"#7","tintindex":0},"south":{"uv":[10,9.2,10.4,10.1],"texture":"#7","tintindex":0},"west":{"uv":[4.4,10.4,4.8,11.3],"texture":"#7","tintindex":0}}},{"from":[5.81498,-7.2722,7.74925],"to":[6.68998,-6.7722,8.25075],"rotation":{"angle":-22.5,"axis":"z","origin":[8,-6.6785,8.20688]},"faces":{"north":{"uv":[11.6,7.2,12.3,7.6],"texture":"#7","tintindex":0},"south":{"uv":[11.6,6.4,12.3,6.8],"texture":"#7","tintindex":0},"west":{"uv":[7.2,8.4,7.6,8.8],"texture":"#7","tintindex":0},"up":{"uv":[6.8,3.1,6.4,2.4],"rotation":90,"texture":"#7","tintindex":0},"down":{"uv":[0.4,11.6,0,12.3],"rotation":270,"texture":"#7","tintindex":0}}},{"from":[6.65387,-6.17198,7.74875],"to":[7.52887,-5.67198,8.25125],"rotation":{"angle":22.5,"axis":"z","origin":[8,-6.6785,8.20688]},"faces":{"north":{"uv":[11.6,8.8,12.3,9.2],"texture":"#7","tintindex":0},"east":{"uv":[13.6,10.8,14,11.2],"texture":"#7","tintindex":0},"south":{"uv":[11.6,8,12.3,8.4],"texture":"#7","tintindex":0},"west":{"uv":[0,14,0.4,14.4],"texture":"#7","tintindex":0},"up":{"uv":[12,11.9,11.6,11.2],"rotation":90,"texture":"#7","tintindex":0},"down":{"uv":[12.4,0,12,0.7],"rotation":270,"texture":"#7","tintindex":0}}},{"from":[6.46567,-5.0139,7.74925],"to":[7.34067,-4.5139,8.25075],"rotation":{"angle":22.5,"axis":"z","origin":[8,-6.6785,8.20688]},"faces":{"north":{"uv":[4.4,12,5.1,12.4],"texture":"#7","tintindex":0},"south":{"uv":[12,3.6,12.7,4],"texture":"#7","tintindex":0},"west":{"uv":[14,0,14.4,0.4],"texture":"#7","tintindex":0},"up":{"uv":[6,12.7,5.6,12],"rotation":90,"texture":"#7","tintindex":0},"down":{"uv":[6.8,12,6.4,12.7],"rotation":270,"texture":"#7","tintindex":0}}},{"from":[6.00318,-6.11412,7.74875],"to":[6.87818,-5.61412,8.25125],"rotation":{"angle":-22.5,"axis":"z","origin":[8,-6.6785,8.20688]},"faces":{"north":{"uv":[7.2,12,7.9,12.4],"texture":"#7","tintindex":0},"east":{"uv":[5.6,14,6,14.4],"texture":"#7","tintindex":0},"south":{"uv":[12,4.4,12.7,4.8],"texture":"#7","tintindex":0},"west":{"uv":[6.4,14,6.8,14.4],"texture":"#7","tintindex":0},"up":{"uv":[9.6,12.7,9.2,12],"rotation":90,"texture":"#7","tintindex":0},"down":{"uv":[12.4,9.6,12,10.3],"rotation":270,"texture":"#7","tintindex":0}}},{"from":[9.75914,-6.38912,7.75],"to":[10.25914,-5.26412,8.25],"rotation":{"angle":0,"axis":"y","origin":[8,-6.6785,8.20688]},"faces":{"north":{"uv":[7.6,10.4,8,11.3],"texture":"#7","tintindex":0},"east":{"uv":[10.4,5.2,10.8,6.1],"texture":"#7","tintindex":0},"south":{"uv":[6,10.4,6.4,11.3],"texture":"#7","tintindex":0},"west":{"uv":[6.8,10.4,7.2,11.3],"texture":"#7","tintindex":0}}},{"from":[8.67092,-5.00725,7.74875],"to":[9.54592,-4.50725,8.25125],"rotation":{"angle":-22.5,"axis":"z","origin":[8,-6.6785,8.20688]},"faces":{"north":{"uv":[12.4,1.2,13.1,1.6],"texture":"#7","tintindex":0},"east":{"uv":[7.2,14,7.6,14.4],"texture":"#7","tintindex":0},"south":{"uv":[0.8,12.4,1.5,12.8],"texture":"#7","tintindex":0},"west":{"uv":[14,7.6,14.4,8],"texture":"#7","tintindex":0},"up":{"uv":[12.8,5.9,12.4,5.2],"rotation":90,"texture":"#7","tintindex":0},"down":{"uv":[8.8,12.4,8.4,13.1],"rotation":270,"texture":"#7","tintindex":0}}},{"from":[9.13472,-6.1176,7.74925],"to":[10.00972,-5.6176,8.25075],"rotation":{"angle":22.5,"axis":"z","origin":[8,-6.6785,8.20688]},"faces":{"north":{"uv":[12.4,10.8,13.1,11.2],"texture":"#7","tintindex":0},"south":{"uv":[10,12.4,10.7,12.8],"texture":"#7","tintindex":0},"west":{"uv":[14,8.4,14.4,8.8],"texture":"#7","tintindex":0},"up":{"uv":[11.6,13.1,11.2,12.4],"rotation":90,"texture":"#7","tintindex":0},"down":{"uv":[12.8,11.6,12.4,12.3],"rotation":270,"texture":"#7","tintindex":0}}},{"from":[8.64235,-6.38912,7.75],"to":[9.14235,-5.26412,8.25],"rotation":{"angle":0,"axis":"y","origin":[8,-6.6785,8.20688]},"faces":{"north":{"uv":[10.8,8.4,11.2,9.3],"texture":"#7","tintindex":0},"east":{"uv":[10.8,2.4,11.2,3.3],"texture":"#7","tintindex":0},"south":{"uv":[10.8,6.8,11.2,7.7],"texture":"#7","tintindex":0},"west":{"uv":[8.4,10.8,8.8,11.7],"texture":"#7","tintindex":0}}},{"from":[8.48271,-6.16533,7.74925],"to":[9.35771,-5.66533,8.25075],"rotation":{"angle":-22.5,"axis":"z","origin":[8,-6.6785,8.20688]},"faces":{"north":{"uv":[2,12.8,2.7,13.2],"texture":"#7","tintindex":0},"south":{"uv":[12.8,0,13.5,0.4],"texture":"#7","tintindex":0},"west":{"uv":[9.2,14,9.6,14.4],"texture":"#7","tintindex":0},"up":{"uv":[0.4,13.5,0,12.8],"rotation":90,"texture":"#7","tintindex":0},"down":{"uv":[13.2,2,12.8,2.7],"rotation":270,"texture":"#7","tintindex":0}}},{"from":[9.32292,-7.27568,7.74875],"to":[10.19792,-6.77568,8.25125],"rotation":{"angle":22.5,"axis":"z","origin":[8,-6.6785,8.20688]},"faces":{"north":{"uv":[4.4,12.8,5.1,13.2],"texture":"#7","tintindex":0},"east":{"uv":[14,9.2,14.4,9.6],"texture":"#7","tintindex":0},"south":{"uv":[3.2,12.8,3.9,13.2],"texture":"#7","tintindex":0},"west":{"uv":[14,10,14.4,10.4],"texture":"#7","tintindex":0},"up":{"uv":[13.2,7.1,12.8,6.4],"rotation":90,"texture":"#7","tintindex":0},"down":{"uv":[7.6,12.8,7.2,13.5],"rotation":270,"texture":"#7","tintindex":0}}},{"from":[9.07575,-6.20162,7.875],"to":[9.82575,-5.45162,8.125],"rotation":{"angle":0,"axis":"y","origin":[8,-6.6785,8.20688]},"faces":{"north":{"uv":[10.8,4,11.4,4.6],"texture":"#7","tintindex":0},"south":{"uv":[10.8,0,11.4,0.6],"texture":"#7","tintindex":0}}},{"from":[3.875,-6.70333,7.9925],"to":[4.875,-5.70333,8.0075],"rotation":{"angle":0,"axis":"y","origin":[8,-6.6785,8.20688]},"faces":{"north":{"uv":[5.6,5.2,4.8,6],"texture":"#7","tintindex":0},"south":{"uv":[4.8,5.2,5.6,6],"texture":"#7","tintindex":0}}},{"from":[5.37134,-5.54169,7.8125],"to":[5.62134,-5.29169,8.1875],"rotation":{"angle":22.5,"axis":"z","origin":[8,-6.6785,8.20688]},"faces":{"north":{"uv":[0.2,14.8,0,15],"texture":"#7","tintindex":0},"east":{"uv":[14.7,10.8,14.4,11],"texture":"#7","tintindex":0},"south":{"uv":[14.6,13.2,14.4,13.4],"texture":"#7","tintindex":0},"up":{"uv":[14.7,11.6,14.4,11.8],"rotation":90,"texture":"#7","tintindex":0},"down":{"uv":[14.7,12.6,14.4,12.4],"rotation":270,"texture":"#7","tintindex":0}}},{"from":[4.99634,-5.79169,7.8125],"to":[5.37134,-5.29169,8.1875],"rotation":{"angle":22.5,"axis":"z","origin":[8,-6.6785,8.20688]},"faces":{"north":{"uv":[8.3,14.4,8,14.8],"texture":"#7","tintindex":0},"east":{"uv":[14.7,5.2,14.4,5.6],"texture":"#7","tintindex":0},"south":{"uv":[5.1,14.4,4.8,14.8],"texture":"#7","tintindex":0},"west":{"uv":[14.7,4.4,14.4,4.8],"texture":"#7","tintindex":0},"up":{"uv":[11.1,14.4,10.8,14.7],"rotation":90,"texture":"#7","tintindex":0}}},{"from":[5.49634,-5.66669,7.8125],"to":[5.62134,-5.54169,8.1875],"rotation":{"angle":22.5,"axis":"z","origin":[8,-6.6785,8.20688]},"faces":{"north":{"uv":[5.7,14.8,5.6,14.9],"texture":"#7","tintindex":0},"east":{"uv":[15.1,0.8,14.8,0.9],"texture":"#7","tintindex":0},"south":{"uv":[14.9,2.4,14.8,2.5],"texture":"#7","tintindex":0},"west":{"uv":[15.1,0,14.8,0.1],"texture":"#7","tintindex":0},"down":{"uv":[15.1,1.7,14.8,1.6],"rotation":270,"texture":"#7","tintindex":0}}},{"from":[4.99634,-6.16669,7.8125],"to":[5.62134,-5.79169,8.1875],"rotation":{"angle":22.5,"axis":"z","origin":[8,-6.6785,8.20688]},"faces":{"north":{"uv":[3.3,14.4,2.8,14.7],"texture":"#7","tintindex":0},"south":{"uv":[2.1,14.4,1.6,14.7],"texture":"#7","tintindex":0},"west":{"uv":[10.3,14.4,10,14.7],"texture":"#7","tintindex":0},"up":{"uv":[14.7,3.2,14.4,3.7],"rotation":90,"texture":"#7","tintindex":0},"down":{"uv":[4.3,14.9,4,14.4],"rotation":270,"texture":"#7","tintindex":0}}},{"from":[5.44699,-7.22238,7.75],"to":[5.94699,-6.72238,8.25],"rotation":{"angle":0,"axis":"y","origin":[8,-6.6785,8.20688]},"faces":{"north":{"uv":[13.6,14,13.2,14.4],"texture":"#7","tintindex":0},"south":{"uv":[12.8,14,12.4,14.4],"texture":"#7","tintindex":0},"west":{"uv":[12,14,11.6,14.4],"texture":"#7","tintindex":0},"up":{"uv":[14.4,14,14,14.4],"rotation":90,"texture":"#7","tintindex":0},"down":{"uv":[1.2,14.8,0.8,14.4],"rotation":270,"texture":"#7","tintindex":0}}},{"from":[6.10565,-8.08398,7.6875],"to":[6.73065,-7.45898,8.3125],"rotation":{"angle":-22.5,"axis":"z","origin":[8,-6.6785,8.20688]},"faces":{"north":{"uv":[12.5,12.8,12,13.3],"texture":"#7","tintindex":0},"south":{"uv":[13.3,8.8,12.8,9.3],"texture":"#7","tintindex":0},"west":{"uv":[13.3,7.6,12.8,8.1],"texture":"#7","tintindex":0},"up":{"uv":[1.3,13.2,0.8,13.7],"rotation":90,"texture":"#7","tintindex":0},"down":{"uv":[13.7,3.7,13.2,3.2],"rotation":270,"texture":"#7","tintindex":0}}},{"from":[5.92555,-7.20782,7.68625],"to":[6.92555,-6.33282,8.31375],"rotation":{"angle":22.5,"axis":"z","origin":[8,-6.6785,8.20688]},"faces":{"north":{"uv":[4.4,7.2,3.6,7.9],"texture":"#7","tintindex":0},"south":{"uv":[8,3.2,7.2,3.9],"texture":"#7","tintindex":0},"west":{"uv":[9.7,10.8,9.2,11.5],"texture":"#7","tintindex":0},"up":{"uv":[5.3,9.2,4.8,10],"rotation":90,"texture":"#7","tintindex":0},"down":{"uv":[9.7,6,9.2,5.2],"rotation":270,"texture":"#7","tintindex":0}}},{"from":[11.125,-6.70333,7.9925],"to":[12.125,-5.70333,8.0075],"rotation":{"angle":0,"axis":"y","origin":[8,-6.6785,8.20688]},"faces":{"north":{"uv":[4.8,5.2,5.6,6],"texture":"#7","tintindex":0},"south":{"uv":[5.6,5.2,4.8,6],"texture":"#7","tintindex":0}}},{"from":[10.62867,-5.79169,7.8125],"to":[11.00367,-5.29169,8.1875],"rotation":{"angle":-22.5,"axis":"z","origin":[8,-6.6785,8.20688]},"faces":{"north":{"uv":[8,14.4,8.3,14.8],"texture":"#7","tintindex":0},"east":{"uv":[14.4,4.4,14.7,4.8],"texture":"#7","tintindex":0},"south":{"uv":[4.8,14.4,5.1,14.8],"texture":"#7","tintindex":0},"west":{"uv":[14.4,5.2,14.7,5.6],"texture":"#7","tintindex":0},"up":{"uv":[11.1,14.7,10.8,14.4],"rotation":90,"texture":"#7","tintindex":0}}},{"from":[10.37867,-5.66669,7.8125],"to":[10.50367,-5.54169,8.1875],"rotation":{"angle":-22.5,"axis":"z","origin":[8,-6.6785,8.20688]},"faces":{"north":{"uv":[5.6,14.8,5.7,14.9],"texture":"#7","tintindex":0},"east":{"uv":[14.8,0,15.1,0.1],"texture":"#7","tintindex":0},"south":{"uv":[14.8,2.4,14.9,2.5],"texture":"#7","tintindex":0},"west":{"uv":[14.8,0.8,15.1,0.9],"texture":"#7","tintindex":0},"down":{"uv":[15.1,1.6,14.8,1.7],"rotation":270,"texture":"#7","tintindex":0}}},{"from":[10.37867,-6.16669,7.8125],"to":[11.00367,-5.79169,8.1875],"rotation":{"angle":-22.5,"axis":"z","origin":[8,-6.6785,8.20688]},"faces":{"north":{"uv":[2.8,14.4,3.3,14.7],"texture":"#7","tintindex":0},"east":{"uv":[10,14.4,10.3,14.7],"texture":"#7","tintindex":0},"south":{"uv":[1.6,14.4,2.1,14.7],"texture":"#7","tintindex":0},"up":{"uv":[14.7,3.7,14.4,3.2],"rotation":90,"texture":"#7","tintindex":0},"down":{"uv":[4.3,14.4,4,14.9],"rotation":270,"texture":"#7","tintindex":0}}},{"from":[10.05302,-7.22238,7.75],"to":[10.55302,-6.72238,8.25],"rotation":{"angle":0,"axis":"y","origin":[8,-6.6785,8.20688]},"faces":{"north":{"uv":[13.2,14,13.6,14.4],"texture":"#7","tintindex":0},"east":{"uv":[11.6,14,12,14.4],"texture":"#7","tintindex":0},"south":{"uv":[12.4,14,12.8,14.4],"texture":"#7","tintindex":0},"up":{"uv":[14.4,14.4,14,14],"rotation":90,"texture":"#7","tintindex":0},"down":{"uv":[1.2,14.4,0.8,14.8],"rotation":270,"texture":"#7","tintindex":0}}},{"from":[9.26936,-8.08398,7.6875],"to":[9.89436,-7.45898,8.3125],"rotation":{"angle":22.5,"axis":"z","origin":[8,-6.6785,8.20688]},"faces":{"north":{"uv":[12,12.8,12.5,13.3],"texture":"#7","tintindex":0},"east":{"uv":[12.8,7.6,13.3,8.1],"texture":"#7","tintindex":0},"south":{"uv":[12.8,8.8,13.3,9.3],"texture":"#7","tintindex":0},"up":{"uv":[1.3,13.7,0.8,13.2],"rotation":90,"texture":"#7","tintindex":0},"down":{"uv":[13.7,3.2,13.2,3.7],"rotation":270,"texture":"#7","tintindex":0}}},{"from":[9.07446,-7.20782,7.68625],"to":[10.07446,-6.33282,8.31375],"rotation":{"angle":-22.5,"axis":"z","origin":[8,-6.6785,8.20688]},"faces":{"north":{"uv":[3.6,7.2,4.4,7.9],"texture":"#7","tintindex":0},"east":{"uv":[9.2,10.8,9.7,11.5],"texture":"#7","tintindex":0},"south":{"uv":[7.2,3.2,8,3.9],"texture":"#7","tintindex":0},"up":{"uv":[5.3,10,4.8,9.2],"rotation":90,"texture":"#7","tintindex":0},"down":{"uv":[9.7,5.2,9.2,6],"rotation":270,"texture":"#7","tintindex":0}}},{"from":[7.78233,-7.50628,8.16937],"to":[8.40733,-7.50628,8.41937],"rotation":{"angle":22.5,"axis":"z","origin":[7.95688,-6.70016,8.2125]},"faces":{"up":{"uv":[0,6,5,4],"rotation":180,"texture":"#2","tintindex":0},"down":{"uv":[5,6,0,4],"texture":"#2","tintindex":0}}},{"from":[7.78233,-7.75578,8.41937],"to":[8.40733,-7.50578,8.41937],"rotation":{"angle":22.5,"axis":"z","origin":[7.95688,-6.70016,8.2125]},"faces":{"north":{"uv":[0,6,5,8],"texture":"#2","tintindex":0},"south":{"uv":[5,6,0,8],"texture":"#2","tintindex":0}}},{"from":[8.19951,-8.551,8.41813],"to":[8.77701,-7.551,8.41813],"rotation":{"angle":0,"axis":"y","origin":[7.95688,-6.70016,8.2125]},"faces":{"north":{"uv":[0,8,5,16],"texture":"#2","tintindex":0},"south":{"uv":[5,8,0,16],"texture":"#2","tintindex":0}}},{"from":[5.97166,-6.75773,8.0875],"to":[6.59666,-6.75773,8.3375],"rotation":{"angle":-22.5,"axis":"z","origin":[8.03188,-6.80016,8.2125]},"faces":{"up":{"uv":[5,6,0,4],"rotation":180,"texture":"#2","tintindex":0},"down":{"uv":[0,6,5,4],"texture":"#2","tintindex":0}}},{"from":[5.97166,-7.00722,8.3375],"to":[6.59666,-6.75722,8.3375],"rotation":{"angle":-22.5,"axis":"z","origin":[8.03188,-6.80016,8.2125]},"faces":{"north":{"uv":[5,6,0,8],"texture":"#2","tintindex":0},"south":{"uv":[0,6,5,8],"texture":"#2","tintindex":0}}},{"from":[6.04924,-7.251,8.33625],"to":[6.62674,-6.251,8.33625],"rotation":{"angle":0,"axis":"y","origin":[8.03188,-6.80016,8.2125]},"faces":{"north":{"uv":[5,8,0,16],"texture":"#2","tintindex":0},"south":{"uv":[0,8,5,16],"texture":"#2","tintindex":0}}},{"from":[-4,-6,8.1125],"to":[6.625,2.5,8.1175],"rotation":{"angle":22.5,"axis":"y","origin":[6.625,-6,8.1125]},"faces":{"north":{"uv":[0,0,10.625,8.5],"texture":"#3","tintindex":0},"south":{"uv":[10.625,0,0,8.5],"texture":"#3","tintindex":0}}},{"from":[9.375,-6,8.1125],"to":[20,2.5,8.1175],"rotation":{"angle":-22.5,"axis":"y","origin":[9.375,-6,8.1125]},"faces":{"north":{"uv":[10.625,0,0,8.5],"texture":"#3","tintindex":0},"south":{"uv":[0,0,10.625,8.5],"texture":"#3","tintindex":0}}},{"from":[7.75,-13.25,8.1125],"to":[7.755,-6.75,17],"rotation":{"angle":-45,"axis":"y","origin":[7.75,-13.25,8.1125]},"faces":{"east":{"uv":[8.875,9,0,15.5],"texture":"#3","tintindex":0},"west":{"uv":[0,9,8.875,15.5],"texture":"#3","tintindex":0}}},{"from":[8.245,-13.25,8.1125],"to":[8.25,-6.75,17],"rotation":{"angle":45,"axis":"y","origin":[8.25,-13.25,8.1125]},"faces":{"east":{"uv":[8.875,9,0,15.5],"texture":"#3","tintindex":0},"west":{"uv":[0,9,8.875,15.5],"texture":"#3","tintindex":0}}}],"gui_light":"front","display":{"thirdperson_righthand":{"rotation":[-119.25,0,-180],"translation":[0,1,1],"scale":[0.6,0.6,0.6]},"thirdperson_lefthand":{"rotation":[67,0,0],"translation":[-5.5,-6.5,9.25]},"firstperson_righthand":{"rotation":[165.25,0,180],"translation":[4,1.5,0],"scale":[0.5,0.5,0.5]},"firstperson_lefthand":{"rotation":[165.25,0,180],"translation":[4,1.5,0],"scale":[0.5,0.5,0.5]},"ground":{"rotation":[-45,0,0],"translation":[0,5,0],"scale":[0.7,0.7,0.7]},"gui":{"rotation":[0,180,0],"translation":[0,14.25,0]},"head":{"translation":[0,-61.75,5.75],"scale":[3.2,3.2,3.2]},"fixed":{"rotation":[0,180,0],"translation":[0,0,-2.25],"scale":[2,2,2]}},"mcmodels":"bcbef68987faf2ba0a6ecab7518e6b93"}