{"textures":{"0":"modelengine:entity/nm_shark_hammerhead_texture","particle":"#0"},"elements":[{"from":[10.9745,6.0,-4.9875],"to":[10.9745,7.0,-0.4875002],"faces":{"east":{"uv":[9.75,5.375,10.875,5.625],"tintindex":0,"rotation":0,"texture":"#0"},"west":{"uv":[9.75,5.625,10.875,5.875],"tintindex":0,"rotation":0,"texture":"#0"}}},{"from":[5.0125,6.0,-4.9750004],"to":[10.9875,7.0,-4.9750004],"faces":{"south":{"uv":[0.0,9.625,1.5,9.875],"tintindex":0,"rotation":0,"texture":"#0"},"north":{"uv":[9.5,3.5,11.0,3.75],"tintindex":0,"rotation":0,"texture":"#0"}}},{"from":[4.0,5.0,-0.5],"to":[12.0,11.0,14.5],"faces":{"east":{"uv":[4.0,0.0,7.75,1.5],"tintindex":0,"rotation":0,"texture":"#0"},"south":{"uv":[2.0,5.5,4.0,7.0],"tintindex":0,"rotation":0,"texture":"#0"},"north":{"uv":[0.0,5.5,2.0,7.0],"tintindex":0,"rotation":0,"texture":"#0"},"west":{"uv":[4.0,1.5,7.75,3.0],"tintindex":0,"rotation":0,"texture":"#0"},"up":{"uv":[2.0,3.75,0.0,0.0],"tintindex":0,"rotation":0,"texture":"#0"},"down":{"uv":[4.0,0.0,2.0,3.75],"tintindex":0,"rotation":0,"texture":"#0"}}},{"from":[7.5,9.73881,6.3404326],"to":[8.5,17.73881,10.340433],"faces":{"east":{"uv":[7.75,0.0,8.75,2.0],"tintindex":0,"rotation":0,"texture":"#0"},"south":{"uv":[5.5,9.25,5.75,11.25],"tintindex":0,"rotation":0,"texture":"#0"},"north":{"uv":[5.25,9.25,5.5,11.25],"tintindex":0,"rotation":0,"texture":"#0"},"west":{"uv":[8.0,7.25,9.0,9.25],"tintindex":0,"rotation":0,"texture":"#0"},"up":{"uv":[8.75,10.25,8.5,9.25],"tintindex":0,"rotation":0,"texture":"#0"},"down":{"uv":[9.0,9.25,8.75,10.25],"tintindex":0,"rotation":0,"texture":"#0"}},"rotation":{"origin":[8.0,13.73881,8.840433],"angle":22.5,"axis":"x"}},{"from":[0.49479628,3.2447963,10.5],"to":[1.4947963,6.7447963,13.5],"faces":{"east":{"uv":[2.0,9.25,2.75,10.125],"tintindex":0,"rotation":0,"texture":"#0"},"south":{"uv":[9.5,10.0,9.75,10.875],"tintindex":0,"rotation":0,"texture":"#0"},"north":{"uv":[10.0,9.25,10.25,10.125],"tintindex":0,"rotation":0,"texture":"#0"},"west":{"uv":[2.75,9.25,3.5,10.125],"tintindex":0,"rotation":0,"texture":"#0"},"up":{"uv":[1.0,10.875,0.75,10.125],"tintindex":0,"rotation":0,"texture":"#0"},"down":{"uv":[1.625,10.125,1.375,10.875],"tintindex":0,"rotation":0,"texture":"#0"}},"rotation":{"origin":[0.9947963,1.9947963,22.5],"angle":-45.0,"axis":"z"}},{"from":[0.5,7.0,-7.5],"to":[15.5,10.0,-0.5],"faces":{"east":{"uv":[7.75,3.0,9.5,3.75],"tintindex":0,"rotation":0,"texture":"#0"},"south":{"uv":[4.0,5.5,7.75,6.25],"tintindex":0,"rotation":0,"texture":"#0"},"north":{"uv":[4.0,3.0,7.75,3.75],"tintindex":0,"rotation":0,"texture":"#0"},"west":{"uv":[6.0,8.625,7.75,9.375],"tintindex":0,"rotation":0,"texture":"#0"},"up":{"uv":[3.75,5.5,0.0,3.75],"tintindex":0,"rotation":0,"texture":"#0"},"down":{"uv":[7.5,3.75,3.75,5.5],"tintindex":0,"rotation":0,"texture":"#0"}}},{"from":[5.0255003,6.0,-4.9875],"to":[5.0255003,7.0,-0.4875002],"faces":{"east":{"uv":[9.75,5.875,10.875,6.125],"tintindex":0,"rotation":0,"texture":"#0"},"west":{"uv":[0.0,9.875,1.125,10.125],"tintindex":0,"rotation":0,"texture":"#0"}}},{"from":[14.505203,3.2447963,10.5],"to":[15.505203,6.7447963,13.5],"faces":{"east":{"uv":[3.5,9.25,4.25,10.125],"tintindex":0,"rotation":0,"texture":"#0"},"south":{"uv":[0.0,10.125,0.25,11.0],"tintindex":0,"rotation":0,"texture":"#0"},"north":{"uv":[9.75,10.0,10.0,10.875],"tintindex":0,"rotation":0,"texture":"#0"},"west":{"uv":[4.25,9.25,5.0,10.125],"tintindex":0,"rotation":0,"texture":"#0"},"up":{"uv":[1.875,10.875,1.625,10.125],"tintindex":0,"rotation":0,"texture":"#0"},"down":{"uv":[2.125,10.125,1.875,10.875],"tintindex":0,"rotation":0,"texture":"#0"}},"rotation":{"origin":[15.005203,1.9947963,22.5],"angle":45.0,"axis":"z"}}],"display":{"head":{"rotation":[0.0,0.0,0.0]},"firstperson_righthand":{"rotation":[0.0,0.0,0.0]},"thirdperson_lefthand":{"rotation":[0.0,-0.0,-0.0]},"firstperson_lefthand":{"rotation":[0.0,-0.0,-0.0]},"fixed":{"rotation":[0.0,0.0,0.0]},"ground":{"rotation":[0.0,0.0,0.0]},"thirdperson_righthand":{"rotation":[0.0,0.0,0.0]},"gui":{"rotation":[-150.0,-45.0,180.0]}}}