{"textures":{"0":"modelengine:entity/nm_shark_hammerhead_texture","particle":"#0"},"elements":[{"from":[2.0260005,8.996195,-2.0],"to":[2.0260005,10.996195,8.0],"faces":{"east":{"uv":[9.75,2.75,11.0,3.0],"tintindex":0,"rotation":0,"texture":"#0"},"west":{"uv":[9.75,5.125,11.0,5.375],"tintindex":0,"rotation":0,"texture":"#0"}}},{"from":[13.973999,8.996195,-2.0],"to":[13.973999,10.996195,8.0],"faces":{"east":{"uv":[9.75,2.25,11.0,2.5],"tintindex":0,"rotation":0,"texture":"#0"},"west":{"uv":[9.75,2.5,11.0,2.75],"tintindex":0,"rotation":0,"texture":"#0"}}},{"from":[2.025,8.996195,-2.0],"to":[13.975,10.996195,-2.0],"faces":{"south":{"uv":[9.75,2.0,11.25,2.25],"tintindex":0,"rotation":0,"texture":"#0"},"north":{"uv":[5.75,9.625,7.25,9.875],"tintindex":0,"rotation":0,"texture":"#0"}}},{"from":[2.0,5.996195,-2.0],"to":[14.0,8.996195,9.0],"faces":{"east":{"uv":[9.25,6.5,10.625,6.875],"tintindex":0,"rotation":0,"texture":"#0"},"south":{"uv":[9.25,6.125,10.75,6.5],"tintindex":0,"rotation":0,"texture":"#0"},"north":{"uv":[9.0,4.75,10.5,5.125],"tintindex":0,"rotation":0,"texture":"#0"},"west":{"uv":[9.25,6.875,10.625,7.25],"tintindex":0,"rotation":0,"texture":"#0"},"up":{"uv":[8.0,8.625,6.5,7.25],"tintindex":0,"rotation":0,"texture":"#0"},"down":{"uv":[9.0,3.75,7.5,5.125],"tintindex":0,"rotation":0,"texture":"#0"}}}],"display":{"head":{"rotation":[0.0,0.0,0.0]},"firstperson_righthand":{"rotation":[0.0,0.0,0.0]},"thirdperson_lefthand":{"rotation":[0.0,-0.0,-0.0]},"firstperson_lefthand":{"rotation":[0.0,-0.0,-0.0]},"fixed":{"rotation":[0.0,0.0,0.0]},"ground":{"rotation":[0.0,0.0,0.0]},"thirdperson_righthand":{"rotation":[0.0,0.0,0.0]},"gui":{"rotation":[-150.0,-45.0,180.0]}}}