{"textures":{"0":"modelengine:entity/nm_shark_hammerhead_texture","particle":"#0"},"elements":[{"from":[-7.0,7.0,4.0],"to":[9.0,9.0,12.0],"faces":{"east":{"uv":[10.0,0.0,11.0,0.25],"tintindex":0,"rotation":0,"texture":"#0"},"south":{"uv":[9.5,3.25,11.5,3.5],"tintindex":0,"rotation":0,"texture":"#0"},"north":{"uv":[9.5,3.0,11.5,3.25],"tintindex":0,"rotation":0,"texture":"#0"},"west":{"uv":[10.0,0.25,11.0,0.5],"tintindex":0,"rotation":0,"texture":"#0"},"up":{"uv":[4.0,9.25,2.0,8.25],"tintindex":0,"rotation":0,"texture":"#0"},"down":{"uv":[6.0,8.25,4.0,9.25],"tintindex":0,"rotation":0,"texture":"#0"}}}],"display":{"head":{"rotation":[0.0,0.0,0.0]},"firstperson_righthand":{"rotation":[0.0,0.0,0.0]},"thirdperson_lefthand":{"rotation":[0.0,-0.0,-0.0]},"firstperson_lefthand":{"rotation":[0.0,-0.0,-0.0]},"fixed":{"rotation":[0.0,0.0,0.0]},"ground":{"rotation":[0.0,0.0,0.0]},"thirdperson_righthand":{"rotation":[0.0,0.0,0.0]},"gui":{"rotation":[-150.0,-45.0,180.0]}}}