{"textures":{"0":"modelengine:entity/nm_shark_hammerhead_texture","particle":"#0"},"elements":[{"from":[7.0,7.0,4.0],"to":[23.0,9.0,12.0],"faces":{"east":{"uv":[5.75,9.875,6.75,10.125],"tintindex":0,"rotation":0,"texture":"#0"},"south":{"uv":[5.75,9.375,7.75,9.625],"tintindex":0,"rotation":0,"texture":"#0"},"north":{"uv":[2.0,7.0,4.0,7.25],"tintindex":0,"rotation":0,"texture":"#0"},"west":{"uv":[6.75,9.875,7.75,10.125],"tintindex":0,"rotation":0,"texture":"#0"},"up":{"uv":[9.75,3.0,7.75,2.0],"tintindex":0,"rotation":0,"texture":"#0"},"down":{"uv":[9.75,5.125,7.75,6.125],"tintindex":0,"rotation":0,"texture":"#0"}}}],"display":{"head":{"rotation":[0.0,0.0,0.0]},"firstperson_righthand":{"rotation":[0.0,0.0,0.0]},"thirdperson_lefthand":{"rotation":[0.0,-0.0,-0.0]},"firstperson_lefthand":{"rotation":[0.0,-0.0,-0.0]},"fixed":{"rotation":[0.0,0.0,0.0]},"ground":{"rotation":[0.0,0.0,0.0]},"thirdperson_righthand":{"rotation":[0.0,0.0,0.0]},"gui":{"rotation":[-150.0,-45.0,180.0]}}}