{"textures":{"0":"modelengine:entity/nm_shark_hammerhead_texture","particle":"#0"},"elements":[{"from":[7.5,0.69669914,7.6676826],"to":[8.5,4.696699,12.667684],"faces":{"east":{"uv":[8.75,0.0,10.0,1.0],"tintindex":0,"rotation":0,"texture":"#0"},"south":{"uv":[9.25,10.0,9.5,11.0],"tintindex":0,"rotation":0,"texture":"#0"},"north":{"uv":[9.0,10.0,9.25,11.0],"tintindex":0,"rotation":0,"texture":"#0"},"west":{"uv":[8.75,1.0,10.0,2.0],"tintindex":0,"rotation":0,"texture":"#0"},"up":{"uv":[8.25,10.5,8.0,9.25],"tintindex":0,"rotation":0,"texture":"#0"},"down":{"uv":[8.5,9.25,8.25,10.5],"tintindex":0,"rotation":0,"texture":"#0"}},"rotation":{"origin":[8.0,3.1966991,13.917684],"angle":45.0,"axis":"x"}},{"from":[7.5,11.661612,8.014955],"to":[8.5,15.161612,12.014955],"faces":{"east":{"uv":[9.0,8.25,10.0,9.125],"tintindex":0,"rotation":0,"texture":"#0"},"south":{"uv":[0.5,10.125,0.75,11.0],"tintindex":0,"rotation":0,"texture":"#0"},"north":{"uv":[0.25,10.125,0.5,11.0],"tintindex":0,"rotation":0,"texture":"#0"},"west":{"uv":[9.0,9.125,10.0,10.0],"tintindex":0,"rotation":0,"texture":"#0"},"up":{"uv":[10.25,8.25,10.0,7.25],"tintindex":0,"rotation":0,"texture":"#0"},"down":{"uv":[10.25,8.25,10.0,9.25],"tintindex":0,"rotation":0,"texture":"#0"}},"rotation":{"origin":[8.0,8.411612,14.889955],"angle":-45.0,"axis":"x"}},{"from":[7.5,11.161612,12.014955],"to":[8.5,15.161612,21.014954],"faces":{"east":{"uv":[2.0,7.25,4.25,8.25],"tintindex":0,"rotation":0,"texture":"#0"},"south":{"uv":[10.0,3.75,10.25,4.75],"tintindex":0,"rotation":0,"texture":"#0"},"north":{"uv":[1.125,9.875,1.375,10.875],"tintindex":0,"rotation":0,"texture":"#0"},"west":{"uv":[4.25,7.25,6.5,8.25],"tintindex":0,"rotation":0,"texture":"#0"},"up":{"uv":[8.0,10.875,7.75,8.625],"tintindex":0,"rotation":0,"texture":"#0"},"down":{"uv":[5.25,9.25,5.0,11.5],"tintindex":0,"rotation":0,"texture":"#0"}},"rotation":{"origin":[8.0,8.411612,14.889955],"angle":-45.0,"axis":"x"}}],"display":{"head":{"rotation":[0.0,0.0,0.0]},"firstperson_righthand":{"rotation":[0.0,0.0,0.0]},"thirdperson_lefthand":{"rotation":[0.0,-0.0,-0.0]},"firstperson_lefthand":{"rotation":[0.0,-0.0,-0.0]},"fixed":{"rotation":[0.0,0.0,0.0]},"ground":{"rotation":[0.0,0.0,0.0]},"thirdperson_righthand":{"rotation":[0.0,0.0,0.0]},"gui":{"rotation":[-150.0,-45.0,180.0]}}}