{"textures":{"0":"modelengine:entity/nm_shark_hammerhead_texture","particle":"#0"},"elements":[{"from":[8.0,0.0,18.0],"to":[8.0,4.0,22.0],"faces":{"east":{"uv":[10.0,1.0,10.5,1.5],"tintindex":0,"rotation":0,"texture":"#0"},"west":{"uv":[10.0,1.5,10.5,2.0],"tintindex":0,"rotation":0,"texture":"#0"}}},{"from":[8.0,12.0,15.0],"to":[8.0,16.0,19.0],"faces":{"east":{"uv":[1.5,9.625,2.0,10.125],"tintindex":0,"rotation":0,"texture":"#0"},"west":{"uv":[10.0,0.5,10.5,1.0],"tintindex":0,"rotation":0,"texture":"#0"}}},{"from":[4.0,4.0,10.0],"to":[12.0,12.0,31.0],"faces":{"east":{"uv":[4.0,6.25,6.625,7.25],"tintindex":0,"rotation":0,"texture":"#0"},"south":{"uv":[9.0,7.25,10.0,8.25],"tintindex":0,"rotation":0,"texture":"#0"},"north":{"uv":[9.0,3.75,10.0,4.75],"tintindex":0,"rotation":0,"texture":"#0"},"west":{"uv":[6.625,6.25,9.25,7.25],"tintindex":0,"rotation":0,"texture":"#0"},"up":{"uv":[1.0,9.625,0.0,7.0],"tintindex":0,"rotation":0,"texture":"#0"},"down":{"uv":[2.0,7.0,1.0,9.625],"tintindex":0,"rotation":0,"texture":"#0"}}}],"display":{"head":{"rotation":[0.0,0.0,0.0]},"firstperson_righthand":{"rotation":[0.0,0.0,0.0]},"thirdperson_lefthand":{"rotation":[0.0,-0.0,-0.0]},"firstperson_lefthand":{"rotation":[0.0,-0.0,-0.0]},"fixed":{"rotation":[0.0,0.0,0.0]},"ground":{"rotation":[0.0,0.0,0.0]},"thirdperson_righthand":{"rotation":[0.0,0.0,0.0]},"gui":{"rotation":[-150.0,-45.0,180.0]}}}