{"credit":"Made by PolygonMC","texture_size":[32,32],"textures":{"0":"nexusset:chest","2":"nexusset:animations/animations_bolt","3":"nexusset:animations/animations_nexus","particle":"nexusset:chest"},"elements":[{"from":[2.05,8.02513,2.05],"to":[13.95,13.12513,13.95],"rotation":{"angle":45,"axis":"x","origin":[8,8.45013,13.95]},"faces":{"north":{"uv":[7,5,10.5,6.5],"texture":"#0"},"east":{"uv":[7,6.5,10.5,8],"texture":"#0"},"south":{"uv":[7,8,10.5,9.5],"texture":"#0"},"west":{"uv":[0,9.5,3.5,11],"texture":"#0"},"up":{"uv":[7,3.5,3.5,0],"texture":"#0"},"down":{"uv":[7,3.5,3.5,7],"texture":"#0"}}},{"from":[0.35,8.45013,0.35],"to":[2.9,10.15013,2.9],"rotation":{"angle":45,"axis":"x","origin":[8,8.45013,13.95]},"faces":{"north":{"uv":[6.5,13,7.25,13.5],"texture":"#0"},"east":{"uv":[7.5,13,8.25,13.5],"texture":"#0"},"south":{"uv":[13,7.5,13.75,8],"texture":"#0"},"west":{"uv":[13,8,13.75,8.5],"texture":"#0"},"up":{"uv":[12.75,12.25,12,11.5],"texture":"#0"},"down":{"uv":[13.25,3,12.5,3.75],"texture":"#0"}}},{"from":[1.2,10.15013,1.2],"to":[2.9,11.85013,2.9],"rotation":{"angle":45,"axis":"x","origin":[8,8.45013,13.95]},"faces":{"north":{"uv":[11.5,4.5,12,5],"texture":"#0"},"east":{"uv":[8.5,13,9,13.5],"texture":"#0"},"south":{"uv":[9,13,9.5,13.5],"texture":"#0"},"west":{"uv":[10.5,13,11,13.5],"texture":"#0"}}},{"from":[1.2,11.85013,1.2],"to":[2.9,13.55013,14.8],"rotation":{"angle":45,"axis":"x","origin":[8,8.45013,13.95]},"faces":{"north":{"uv":[13,10.5,13.5,11],"texture":"#0"},"east":{"uv":[5.5,10.5,9.5,11],"texture":"#0"},"south":{"uv":[11,13,11.5,13.5],"texture":"#0"},"west":{"uv":[10.5,7,14.5,7.5],"texture":"#0"},"up":{"uv":[10,14.5,9.5,10.5],"texture":"#0"},"down":{"uv":[10.5,10.5,10,14.5],"texture":"#0"}}},{"from":[2.0075,12.70013,-0.5],"to":[2.0925,16.10013,16.5],"rotation":{"angle":45,"axis":"x","origin":[8,8.45013,13.95]},"faces":{"east":{"uv":[4.5,9.5,9.5,10.5],"texture":"#0"},"west":{"uv":[4.5,9.5,9.5,10.5],"texture":"#0"}}},{"from":[6.3,10.57513,1.2],"to":[9.7,13.97513,14.8],"rotation":{"angle":45,"axis":"x","origin":[8,8.45013,13.95]},"faces":{"north":{"uv":[10.5,12,11.5,13],"texture":"#0"},"east":{"uv":[9.5,9.5,13.5,10.5],"texture":"#0"},"south":{"uv":[12,10.5,13,11.5],"texture":"#0"},"west":{"uv":[10.5,0,14.5,1],"texture":"#0"},"up":{"uv":[11.5,5,10.5,1],"texture":"#0"},"down":{"uv":[5.5,10.5,4.5,14.5],"texture":"#0"}}},{"from":[1.2,10.15013,13.1],"to":[2.9,11.85013,14.8],"rotation":{"angle":45,"axis":"x","origin":[8,8.45013,13.95]},"faces":{"north":{"uv":[9.5,13,9,13.5],"texture":"#0"},"east":{"uv":[9,13,8.5,13.5],"texture":"#0"},"south":{"uv":[12,4.5,11.5,5],"texture":"#0"},"west":{"uv":[11,13,10.5,13.5],"texture":"#0"}}},{"from":[0.35,8.45013,13.1],"to":[2.9,10.15013,15.65],"rotation":{"angle":45,"axis":"x","origin":[8,8.45013,13.95]},"faces":{"north":{"uv":[13.75,7.5,13,8],"texture":"#0"},"east":{"uv":[8.25,13,7.5,13.5],"texture":"#0"},"south":{"uv":[7.25,13,6.5,13.5],"texture":"#0"},"west":{"uv":[13.75,8,13,8.5],"texture":"#0"},"up":{"uv":[12.75,11.5,12,12.25],"texture":"#0"},"down":{"uv":[13.25,3.75,12.5,3],"texture":"#0"}}},{"from":[13.1,8.45013,13.1],"to":[15.65,10.15013,15.65],"rotation":{"angle":45,"axis":"x","origin":[8,8.45013,13.95]},"faces":{"north":{"uv":[13,7.5,13.75,8],"texture":"#0"},"east":{"uv":[13,8,13.75,8.5],"texture":"#0"},"south":{"uv":[6.5,13,7.25,13.5],"texture":"#0"},"west":{"uv":[7.5,13,8.25,13.5],"texture":"#0"},"up":{"uv":[12,11.5,12.75,12.25],"texture":"#0"},"down":{"uv":[12.5,3.75,13.25,3],"texture":"#0"}}},{"from":[13.1,10.15013,13.1],"to":[14.8,11.85013,14.8],"rotation":{"angle":45,"axis":"x","origin":[8,8.45013,13.95]},"faces":{"north":{"uv":[9,13,9.5,13.5],"texture":"#0"},"east":{"uv":[10.5,13,11,13.5],"texture":"#0"},"south":{"uv":[11.5,4.5,12,5],"texture":"#0"},"west":{"uv":[8.5,13,9,13.5],"texture":"#0"}}},{"from":[13.1,8.45013,0.35],"to":[15.65,10.15013,2.9],"rotation":{"angle":45,"axis":"x","origin":[8,8.45013,13.95]},"faces":{"north":{"uv":[7.25,13,6.5,13.5],"texture":"#0"},"east":{"uv":[13.75,8,13,8.5],"texture":"#0"},"south":{"uv":[13.75,7.5,13,8],"texture":"#0"},"west":{"uv":[8.25,13,7.5,13.5],"texture":"#0"},"up":{"uv":[12,12.25,12.75,11.5],"texture":"#0"},"down":{"uv":[12.5,3,13.25,3.75],"texture":"#0"}}},{"from":[13.1,10.15013,1.2],"to":[14.8,11.85013,2.9],"rotation":{"angle":45,"axis":"x","origin":[8,8.45013,13.95]},"faces":{"north":{"uv":[12,4.5,11.5,5],"texture":"#0"},"east":{"uv":[11,13,10.5,13.5],"texture":"#0"},"south":{"uv":[9.5,13,9,13.5],"texture":"#0"},"west":{"uv":[9,13,8.5,13.5],"texture":"#0"}}},{"from":[13.1,11.85013,1.2],"to":[14.8,13.55013,14.8],"rotation":{"angle":45,"axis":"x","origin":[8,8.45013,13.95]},"faces":{"north":{"uv":[13.5,10.5,13,11],"texture":"#0"},"east":{"uv":[14.5,7,10.5,7.5],"texture":"#0"},"south":{"uv":[11.5,13,11,13.5],"texture":"#0"},"west":{"uv":[9.5,10.5,5.5,11],"texture":"#0"},"up":{"uv":[9.5,14.5,10,10.5],"texture":"#0"},"down":{"uv":[10,10.5,10.5,14.5],"texture":"#0"}}},{"from":[13.9075,12.70013,-0.5],"to":[13.9925,16.10013,16.5],"rotation":{"angle":45,"axis":"x","origin":[8,8.45013,13.95]},"faces":{"east":{"uv":[9.5,9.5,4.5,10.5],"texture":"#0"},"west":{"uv":[9.5,9.5,4.5,10.5],"texture":"#0"}}},{"from":[3.75,8.02513,0.775],"to":[12.25,16.52513,0.775],"rotation":{"angle":45,"axis":"x","origin":[8,8.45013,13.95]},"faces":{"north":{"uv":[0,0,10,10],"texture":"#3"}}},{"from":[14.14492,12.02013,-1.35],"to":[14.22992,18.82013,17.35],"rotation":{"angle":45,"axis":"x","origin":[8,8.45013,13.95]},"faces":{"east":{"uv":[0,14.66667,5.33333,0],"rotation":90,"texture":"#2"},"west":{"uv":[5.33333,14.66667,0,0],"rotation":90,"texture":"#2"}}},{"from":[1.77008,12.02013,-1.35],"to":[1.85508,18.82013,17.35],"rotation":{"angle":45,"axis":"x","origin":[8,8.45013,13.95]},"faces":{"east":{"uv":[5.33333,0,0,14.66667],"rotation":90,"texture":"#2"},"west":{"uv":[0,0,5.33333,14.66667],"rotation":90,"texture":"#2"}}},{"from":[2.9,-0.04987,1.2],"to":[13.1,1.65013,2.9],"rotation":{"angle":0,"axis":"y","origin":[8,0.80013,8]},"faces":{"north":{"uv":[10.5,9,13.5,9.5],"texture":"#0"},"south":{"uv":[0,11,3,11.5],"texture":"#0"},"up":{"uv":[8.5,11.5,5.5,11],"texture":"#0"},"down":{"uv":[3,11.5,0,12],"texture":"#0"}}},{"from":[2.05,0.80013,2.05],"to":[13.95,8.02513,13.95],"rotation":{"angle":0,"axis":"y","origin":[8,0.80013,8]},"faces":{"north":{"uv":[0,7,3.5,9.125],"texture":"#0"},"east":{"uv":[7,0,10.5,2.125],"texture":"#0"},"south":{"uv":[7,2.5,10.5,4.625],"texture":"#0"},"west":{"uv":[3.5,7,7,9.125],"texture":"#0"},"up":{"uv":[3.5,3.5,0,0],"texture":"#0"},"down":{"uv":[3.5,3.5,0,7],"texture":"#0"}}},{"from":[2.9,6.75013,1.2],"to":[13.1,8.45013,2.9],"rotation":{"angle":0,"axis":"y","origin":[8,0.80013,8]},"faces":{"north":{"uv":[11.5,1,14.5,1.5],"texture":"#0"},"south":{"uv":[11.5,1.5,14.5,2],"texture":"#0"},"up":{"uv":[14.5,2.5,11.5,2],"texture":"#0"},"down":{"uv":[14.5,2.5,11.5,3],"texture":"#0"}}},{"from":[-0.5,6.75013,-0.5],"to":[2.9,8.45013,2.9],"rotation":{"angle":0,"axis":"y","origin":[-5.6,-0.04987,-5.6]},"faces":{"north":{"uv":[12.5,4,13.5,4.5],"texture":"#0"},"east":{"uv":[8.5,12.5,9.5,13],"texture":"#0"},"south":{"uv":[12,12.5,13,13],"texture":"#0"},"west":{"uv":[0,13,1,13.5],"texture":"#0"},"up":{"uv":[1,13,0,12],"texture":"#0"},"down":{"uv":[2,12,1,13],"texture":"#0"}}},{"from":[0.35,1.65013,0.35],"to":[2.9,6.75013,2.9],"rotation":{"angle":0,"axis":"y","origin":[-5.6,-0.04987,-5.6]},"faces":{"north":{"uv":[11.5,3,12.25,4.5],"texture":"#0"},"east":{"uv":[5.5,11.5,6.25,13],"texture":"#0"},"south":{"uv":[6.5,11.5,7.25,13],"texture":"#0"},"west":{"uv":[7.5,11.5,8.25,13],"texture":"#0"}}},{"from":[-0.5,-0.04987,-0.5],"to":[2.9,1.65013,2.9],"rotation":{"angle":0,"axis":"y","origin":[-5.6,-0.04987,-5.6]},"faces":{"north":{"uv":[1,13,2,13.5],"texture":"#0"},"east":{"uv":[2,13,3,13.5],"texture":"#0"},"south":{"uv":[13,4.5,14,5],"texture":"#0"},"west":{"uv":[13,5,14,5.5],"texture":"#0"},"up":{"uv":[3,13,2,12],"texture":"#0"},"down":{"uv":[13,4.5,12,5.5],"texture":"#0"}}},{"from":[5.875,5.05013,0.35],"to":[10.125,9.30013,2.05],"rotation":{"angle":-45,"axis":"z","origin":[8,7.17513,1.2]},"faces":{"north":{"uv":[10.5,7.5,11.75,8.75],"texture":"#0"},"east":{"uv":[3,11,3.5,12.25],"texture":"#0"},"south":{"uv":[10.5,10.5,11.75,11.75],"texture":"#0"},"west":{"uv":[11.5,12,12,13.25],"texture":"#0"},"up":{"uv":[13.25,7,12,6.5],"texture":"#0"},"down":{"uv":[13.25,8.5,12,9],"texture":"#0"}}},{"from":[-0.5,2.50013,6.3],"to":[0.35,5.90013,9.7],"rotation":{"angle":0,"axis":"y","origin":[-5.6,-0.04987,6.3]},"faces":{"north":{"uv":[13,11,13.25,12],"texture":"#0"},"east":{"uv":[12,5.5,13,6.5],"texture":"#0"},"south":{"uv":[12,13,12.25,14],"texture":"#0"},"west":{"uv":[12,7.5,13,8.5],"texture":"#0"},"up":{"uv":[13.25,13,13,12],"texture":"#0"},"down":{"uv":[12.75,13,12.5,14],"texture":"#0"}}},{"from":[0.35,5.05013,6.3],"to":[2.05,5.90013,9.7],"rotation":{"angle":0,"axis":"y","origin":[-5.6,-0.04987,6.3]},"faces":{"north":{"uv":[13,13,13.5,13.25],"texture":"#0"},"south":{"uv":[0,13.5,0.5,13.75],"texture":"#0"},"up":{"uv":[3.5,13.5,3,12.5],"texture":"#0"},"down":{"uv":[6,13,5.5,14],"texture":"#0"}}},{"from":[0.35,2.50013,6.3],"to":[2.05,3.35013,9.7],"rotation":{"angle":0,"axis":"y","origin":[-5.6,-0.04987,6.3]},"faces":{"north":{"uv":[0.5,13.5,1,13.75],"texture":"#0"},"south":{"uv":[1,13.5,1.5,13.75],"texture":"#0"},"up":{"uv":[13.5,6.5,13,5.5],"texture":"#0"},"down":{"uv":[6.5,13,6,14],"texture":"#0"}}},{"from":[-3.9,0.75763,-0.5],"to":[-0.5,0.84263,16.5],"rotation":{"angle":0,"axis":"y","origin":[-2.2,-0.09237,-5.6]},"faces":{"up":{"uv":[4.5,14.5,3.5,9.5],"texture":"#0"},"down":{"uv":[4.5,14.5,3.5,9.5],"texture":"#0"}}},{"from":[-3.05,2.75513,4.6],"to":[1.2,2.84013,11.4],"rotation":{"angle":45,"axis":"z","origin":[-0.925,3.47763,8]},"faces":{"up":{"uv":[11.75,7,10.5,5],"texture":"#0"},"down":{"uv":[11.75,7,10.5,5],"texture":"#0"}}},{"from":[-0.075,1.65013,-0.075],"to":[2.9,6.75013,0.01],"rotation":{"angle":0,"axis":"y","origin":[-5.6,-0.04987,-5.6]},"faces":{"north":{"uv":[8.5,11,9.375,12.5],"texture":"#0"},"south":{"uv":[9.375,11,8.5,12.5],"texture":"#0"}}},{"from":[2.9,-0.04987,13.1],"to":[13.1,1.65013,14.8],"rotation":{"angle":0,"axis":"y","origin":[8,0.80013,8]},"faces":{"north":{"uv":[3,11,0,11.5],"texture":"#0"},"south":{"uv":[13.5,9,10.5,9.5],"texture":"#0"},"up":{"uv":[8.5,11,5.5,11.5],"texture":"#0"},"down":{"uv":[3,12,0,11.5],"texture":"#0"}}},{"from":[1.2,-0.04987,2.9],"to":[2.9,1.65013,13.1],"rotation":{"angle":0,"axis":"y","origin":[8,0.80013,8]},"faces":{"east":{"uv":[3,11,0,11.5],"texture":"#0"},"west":{"uv":[13.5,9,10.5,9.5],"texture":"#0"},"up":{"uv":[8.5,11,5.5,11.5],"rotation":90,"texture":"#0"},"down":{"uv":[3,12,0,11.5],"rotation":270,"texture":"#0"}}},{"from":[13.1,-0.04987,2.9],"to":[14.8,1.65013,13.1],"rotation":{"angle":0,"axis":"y","origin":[8,0.80013,8]},"faces":{"east":{"uv":[10.5,9,13.5,9.5],"texture":"#0"},"west":{"uv":[0,11,3,11.5],"texture":"#0"},"up":{"uv":[8.5,11.5,5.5,11],"rotation":90,"texture":"#0"},"down":{"uv":[3,11.5,0,12],"rotation":270,"texture":"#0"}}},{"from":[2.9,6.75013,13.1],"to":[13.1,8.45013,14.8],"rotation":{"angle":0,"axis":"y","origin":[8,0.80013,8]},"faces":{"north":{"uv":[14.5,1.5,11.5,2],"texture":"#0"},"south":{"uv":[14.5,1,11.5,1.5],"texture":"#0"},"up":{"uv":[14.5,2,11.5,2.5],"texture":"#0"},"down":{"uv":[14.5,3,11.5,2.5],"texture":"#0"}}},{"from":[1.2,6.75013,2.9],"to":[2.9,8.45013,13.1],"rotation":{"angle":0,"axis":"y","origin":[8,7.60013,8]},"faces":{"east":{"uv":[14.5,1.5,11.5,2],"texture":"#0"},"west":{"uv":[14.5,1,11.5,1.5],"texture":"#0"},"up":{"uv":[14.5,2,11.5,2.5],"rotation":90,"texture":"#0"},"down":{"uv":[14.5,3,11.5,2.5],"rotation":270,"texture":"#0"}}},{"from":[13.1,6.75013,2.9],"to":[14.8,8.45013,13.1],"rotation":{"angle":0,"axis":"y","origin":[8,7.60013,8]},"faces":{"east":{"uv":[11.5,1,14.5,1.5],"texture":"#0"},"west":{"uv":[11.5,1.5,14.5,2],"texture":"#0"},"up":{"uv":[14.5,2.5,11.5,2],"rotation":90,"texture":"#0"},"down":{"uv":[14.5,2.5,11.5,3],"rotation":270,"texture":"#0"}}},{"from":[13.1,-0.04987,-0.5],"to":[16.5,1.65013,2.9],"rotation":{"angle":0,"axis":"y","origin":[21.6,-0.04987,-5.6]},"faces":{"north":{"uv":[2,13,1,13.5],"texture":"#0"},"east":{"uv":[14,5,13,5.5],"texture":"#0"},"south":{"uv":[14,4.5,13,5],"texture":"#0"},"west":{"uv":[3,13,2,13.5],"texture":"#0"},"up":{"uv":[2,13,3,12],"texture":"#0"},"down":{"uv":[12,4.5,13,5.5],"texture":"#0"}}},{"from":[13.1,1.65013,0.35],"to":[15.65,6.75013,2.9],"rotation":{"angle":0,"axis":"y","origin":[21.6,-0.04987,-5.6]},"faces":{"north":{"uv":[12.25,3,11.5,4.5],"texture":"#0"},"east":{"uv":[8.25,11.5,7.5,13],"texture":"#0"},"south":{"uv":[7.25,11.5,6.5,13],"texture":"#0"},"west":{"uv":[6.25,11.5,5.5,13],"texture":"#0"}}},{"from":[13.1,6.75013,-0.5],"to":[16.5,8.45013,2.9],"rotation":{"angle":0,"axis":"y","origin":[21.6,-0.04987,-5.6]},"faces":{"north":{"uv":[13.5,4,12.5,4.5],"texture":"#0"},"east":{"uv":[1,13,0,13.5],"texture":"#0"},"south":{"uv":[13,12.5,12,13],"texture":"#0"},"west":{"uv":[9.5,12.5,8.5,13],"texture":"#0"},"up":{"uv":[0,13,1,12],"texture":"#0"},"down":{"uv":[1,12,2,13],"texture":"#0"}}},{"from":[-0.5,-0.04987,13.1],"to":[2.9,1.65013,16.5],"rotation":{"angle":0,"axis":"y","origin":[-5.6,-0.04987,21.6]},"faces":{"north":{"uv":[14,4.5,13,5],"texture":"#0"},"east":{"uv":[3,13,2,13.5],"texture":"#0"},"south":{"uv":[2,13,1,13.5],"texture":"#0"},"west":{"uv":[14,5,13,5.5],"texture":"#0"},"up":{"uv":[3,12,2,13],"texture":"#0"},"down":{"uv":[13,5.5,12,4.5],"texture":"#0"}}},{"from":[0.35,1.65013,13.1],"to":[2.9,6.75013,15.65],"rotation":{"angle":0,"axis":"y","origin":[-5.6,-0.04987,21.6]},"faces":{"north":{"uv":[7.25,11.5,6.5,13],"texture":"#0"},"east":{"uv":[6.25,11.5,5.5,13],"texture":"#0"},"south":{"uv":[12.25,3,11.5,4.5],"texture":"#0"},"west":{"uv":[8.25,11.5,7.5,13],"texture":"#0"}}},{"from":[-0.5,6.75013,13.1],"to":[2.9,8.45013,16.5],"rotation":{"angle":0,"axis":"y","origin":[-5.6,-0.04987,21.6]},"faces":{"north":{"uv":[13,12.5,12,13],"texture":"#0"},"east":{"uv":[9.5,12.5,8.5,13],"texture":"#0"},"south":{"uv":[13.5,4,12.5,4.5],"texture":"#0"},"west":{"uv":[1,13,0,13.5],"texture":"#0"},"up":{"uv":[1,12,0,13],"texture":"#0"},"down":{"uv":[2,13,1,12],"texture":"#0"}}},{"from":[13.1,-0.04987,13.1],"to":[16.5,1.65013,16.5],"rotation":{"angle":0,"axis":"y","origin":[21.6,-0.04987,21.6]},"faces":{"north":{"uv":[13,4.5,14,5],"texture":"#0"},"east":{"uv":[13,5,14,5.5],"texture":"#0"},"south":{"uv":[1,13,2,13.5],"texture":"#0"},"west":{"uv":[2,13,3,13.5],"texture":"#0"},"up":{"uv":[2,12,3,13],"texture":"#0"},"down":{"uv":[12,5.5,13,4.5],"texture":"#0"}}},{"from":[13.1,1.65013,13.1],"to":[15.65,6.75013,15.65],"rotation":{"angle":0,"axis":"y","origin":[21.6,-0.04987,21.6]},"faces":{"north":{"uv":[6.5,11.5,7.25,13],"texture":"#0"},"east":{"uv":[7.5,11.5,8.25,13],"texture":"#0"},"south":{"uv":[11.5,3,12.25,4.5],"texture":"#0"},"west":{"uv":[5.5,11.5,6.25,13],"texture":"#0"}}},{"from":[13.1,6.75013,13.1],"to":[16.5,8.45013,16.5],"rotation":{"angle":0,"axis":"y","origin":[21.6,-0.04987,21.6]},"faces":{"north":{"uv":[12,12.5,13,13],"texture":"#0"},"east":{"uv":[0,13,1,13.5],"texture":"#0"},"south":{"uv":[12.5,4,13.5,4.5],"texture":"#0"},"west":{"uv":[8.5,12.5,9.5,13],"texture":"#0"},"up":{"uv":[0,12,1,13],"texture":"#0"},"down":{"uv":[1,13,2,12],"texture":"#0"}}},{"from":[13.1,1.65013,-0.075],"to":[16.075,6.75013,0.01],"rotation":{"angle":0,"axis":"y","origin":[21.6,-0.04987,-5.6]},"faces":{"north":{"uv":[9.375,11,8.5,12.5],"texture":"#0"},"south":{"uv":[8.5,11,9.375,12.5],"texture":"#0"}}},{"from":[-0.075,1.65013,15.99],"to":[2.9,6.75013,16.075],"rotation":{"angle":0,"axis":"y","origin":[-5.6,-0.04987,21.6]},"faces":{"north":{"uv":[8.5,11,9.375,12.5],"texture":"#0"},"south":{"uv":[9.375,11,8.5,12.5],"texture":"#0"}}},{"from":[13.1,1.65013,15.99],"to":[16.075,6.75013,16.075],"rotation":{"angle":0,"axis":"y","origin":[21.6,-0.04987,21.6]},"faces":{"north":{"uv":[9.375,11,8.5,12.5],"texture":"#0"},"south":{"uv":[8.5,11,9.375,12.5],"texture":"#0"}}},{"from":[15.99,1.65013,-0.075],"to":[16.075,6.75013,2.9],"rotation":{"angle":0,"axis":"y","origin":[12.6325,4.20013,1.4125]},"faces":{"east":{"uv":[8.5,11,9.375,12.5],"texture":"#0"},"west":{"uv":[9.375,11,8.5,12.5],"texture":"#0"}}},{"from":[-0.075,1.65013,-0.075],"to":[0.01,6.75013,2.9],"rotation":{"angle":0,"axis":"y","origin":[3.3675,4.20013,1.4125]},"faces":{"east":{"uv":[8.5,11,9.375,12.5],"texture":"#0"},"west":{"uv":[9.375,11,8.5,12.5],"texture":"#0"}}},{"from":[15.99,1.65013,13.1],"to":[16.075,6.75013,16.075],"rotation":{"angle":0,"axis":"y","origin":[12.6325,4.20013,14.5875]},"faces":{"east":{"uv":[9.375,11,8.5,12.5],"texture":"#0"},"west":{"uv":[8.5,11,9.375,12.5],"texture":"#0"}}},{"from":[-0.075,1.65013,13.1],"to":[0.01,6.75013,16.075],"rotation":{"angle":0,"axis":"y","origin":[3.3675,4.20013,14.5875]},"faces":{"east":{"uv":[9.375,11,8.5,12.5],"texture":"#0"},"west":{"uv":[8.5,11,9.375,12.5],"texture":"#0"}}},{"from":[13.95,2.50013,6.3],"to":[15.65,3.35013,9.7],"rotation":{"angle":0,"axis":"y","origin":[21.6,-0.04987,6.3]},"faces":{"north":{"uv":[1,13.5,0.5,13.75],"texture":"#0"},"south":{"uv":[1.5,13.5,1,13.75],"texture":"#0"},"up":{"uv":[13,6.5,13.5,5.5],"texture":"#0"},"down":{"uv":[6,13,6.5,14],"texture":"#0"}}},{"from":[15.65,2.50013,6.3],"to":[16.5,5.90013,9.7],"rotation":{"angle":0,"axis":"y","origin":[21.6,-0.04987,6.3]},"faces":{"north":{"uv":[13.25,11,13,12],"texture":"#0"},"east":{"uv":[13,7.5,12,8.5],"texture":"#0"},"south":{"uv":[12.25,13,12,14],"texture":"#0"},"west":{"uv":[13,5.5,12,6.5],"texture":"#0"},"up":{"uv":[13,13,13.25,12],"texture":"#0"},"down":{"uv":[12.5,13,12.75,14],"texture":"#0"}}},{"from":[13.95,5.05013,6.3],"to":[15.65,5.90013,9.7],"rotation":{"angle":0,"axis":"y","origin":[21.6,-0.04987,6.3]},"faces":{"north":{"uv":[13.5,13,13,13.25],"texture":"#0"},"south":{"uv":[0.5,13.5,0,13.75],"texture":"#0"},"up":{"uv":[3,13.5,3.5,12.5],"texture":"#0"},"down":{"uv":[5.5,13,6,14],"texture":"#0"}}},{"from":[14.8,2.75513,4.6],"to":[19.05,2.84013,11.4],"rotation":{"angle":-45,"axis":"z","origin":[16.925,3.47763,8]},"faces":{"up":{"uv":[10.5,7,11.75,5],"texture":"#0"},"down":{"uv":[10.5,7,11.75,5],"texture":"#0"}}},{"from":[16.5,0.75763,-0.5],"to":[19.9,0.84263,16.5],"rotation":{"angle":0,"axis":"y","origin":[18.2,-0.09237,-5.6]},"faces":{"up":{"uv":[3.5,14.5,4.5,9.5],"texture":"#0"},"down":{"uv":[3.5,14.5,4.5,9.5],"texture":"#0"}}},{"from":[-6.025,1.08255,0.11744],"to":[-0.925,1.08255,15.41744],"rotation":{"angle":0,"axis":"z","origin":[-3.475,1.08255,7.76744]},"faces":{"up":{"uv":[9.33333,0,5.33333,12],"rotation":180,"texture":"#2"}}},{"from":[16.925,1.08255,0.11744],"to":[22.025,1.08255,15.41744],"rotation":{"angle":0,"axis":"z","origin":[19.475,1.08255,7.76744]},"faces":{"up":{"uv":[5.33333,0,9.33333,12],"rotation":180,"texture":"#2"}}}],"gui_light":"front","display":{"thirdperson_righthand":{"rotation":[67.25,0,0],"translation":[0,1.75,1.25],"scale":[0.52539,0.52539,0.52539]},"thirdperson_lefthand":{"rotation":[67.25,0,0],"translation":[0,1.75,1.25],"scale":[0.52539,0.52539,0.52539]},"firstperson_righthand":{"rotation":[-10,180,0],"translation":[0,2.25,-1.75],"scale":[0.5,0.5,0.5]},"firstperson_lefthand":{"rotation":[-10,180,0],"translation":[0,2.25,-1.75],"scale":[0.5,0.5,0.5]},"ground":{"translation":[0,5,0],"scale":[0.6,0.6,0.6]},"gui":{"rotation":[0,135,0],"translation":[0,-3,0],"scale":[0.75,0.75,0.75]},"head":{"rotation":[0,180,0],"translation":[0,-30.4,0],"scale":[1.6,1.6,1.6]},"fixed":{"rotation":[-90,0,0],"translation":[0,0,-16],"scale":[2,2,2]}},"USER":"42698","NONCE":"bb83996c7a0663f1a94937fb5938f7ab","TIMESTAMP":"1761923005","RESOURCE":"9688","MCMODELS":"1","mcmodels":"bb83996c7a0663f1a94937fb5938f7ab"}