{"textures":{"7":"lonedev_emotes:entity/pack2/amogus"},"elements":[{"faces":{"north":{"uv":[6,6,12,12],"texture":"#7","tintindex":0},"east":{"uv":[0,0,6,6],"texture":"#7","tintindex":0},"south":{"uv":[0,0,6,6],"texture":"#7","tintindex":0},"west":{"uv":[0,0,6,6],"texture":"#7","tintindex":0},"up":{"uv":[6,0,12,6],"texture":"#7","tintindex":0},"down":{"uv":[0,6,6,12],"texture":"#7","tintindex":0}},"to":[17.6,27.4,17.6],"from":[-1.6,8.2,-1.6],"rotation":{"angle":0,"axis":"y","origin":[8,17.8,8]}},{"faces":{"north":{"uv":[6,12,8,13],"texture":"#7","tintindex":0},"east":{"uv":[6,12,8,13],"texture":"#7","tintindex":0},"south":{"uv":[6,12,8,13],"texture":"#7","tintindex":0},"west":{"uv":[6,12,8,13],"texture":"#7","tintindex":0},"down":{"uv":[6,13,8,15],"texture":"#7","tintindex":0}},"to":[16,8.2,11.2],"from":[9.6,5,4.8],"rotation":{"angle":0,"axis":"y","origin":[12.8,6.6,8]}},{"faces":{"north":{"uv":[0,12,5,15],"texture":"#7","tintindex":0},"east":{"uv":[5,12,5.5,15],"texture":"#7","tintindex":0},"west":{"uv":[5.5,12,6,15],"texture":"#7","tintindex":0},"up":{"uv":[0,15,5,15.5],"texture":"#7","tintindex":0},"down":{"uv":[0,15.5,5,16],"texture":"#7","tintindex":0}},"to":[16,24.2,-1.6],"from":[0,14.6,-3.2],"rotation":{"angle":0,"axis":"y","origin":[8,19.4,-2.4]}},{"faces":{"north":{"uv":[8,12,6,13],"texture":"#7","tintindex":0},"east":{"uv":[8,12,6,13],"texture":"#7","tintindex":0},"south":{"uv":[8,12,6,13],"texture":"#7","tintindex":0},"west":{"uv":[8,12,6,13],"texture":"#7","tintindex":0},"down":{"uv":[8,13,6,15],"texture":"#7","tintindex":0}},"to":[6.4,8.2,11.2],"from":[0,5,4.8],"rotation":{"angle":0,"axis":"y","origin":[3.2,6.6,8]}}],"display":{"head":{"translation":[0,-3.2,0],"scale":[1,1,1],"rotation":[0,0,0]}}}