{"textures":{"6":"minecraft:block/iron_bars","9":"minecraft:block/black_concrete","10":"minecraft:block/anvil"},"elements":[{"faces":{"north":{"uv":[7,4,7.5,5.5],"texture":"#9","tintindex":0},"east":{"uv":[2,0,4,2.5],"texture":"#6","tintindex":0},"south":{"uv":[7,4,7.5,5.5],"texture":"#9","tintindex":0},"west":{"uv":[7,4,8.5,5.5],"texture":"#9","tintindex":0},"up":{"uv":[7,4,7.5,5.5],"texture":"#9","tintindex":0},"down":{"uv":[7,4,7.5,5.5],"texture":"#9","tintindex":0}},"to":[-11.2,9.8,12.8],"from":[-14.4,0.2,3.2],"rotation":{"angle":0,"axis":"y","origin":[-14.4,5,8]}},{"faces":{"north":{"uv":[0,0,0.5,2.5],"texture":"#9","tintindex":0},"east":{"uv":[0,0,2.5,2.5],"texture":"#9","tintindex":0},"south":{"uv":[0,0,0.5,2.5],"texture":"#9","tintindex":0},"west":{"uv":[0,0,2.5,2.5],"texture":"#9","tintindex":0},"up":{"uv":[0,0,0.5,2.5],"texture":"#9","tintindex":0},"down":{"uv":[0,0,0.5,2.5],"texture":"#9","tintindex":0}},"to":[-8,13,16],"from":[-11.2,-3,0],"rotation":{"angle":0,"axis":"y","origin":[-11.2,5,8]}},{"faces":{"north":{"uv":[0,0,0.5,2.5],"texture":"#9","tintindex":0},"east":{"uv":[0,0,2.5,2.5],"texture":"#9","tintindex":0},"south":{"uv":[0,0,0.5,2.5],"texture":"#9","tintindex":0},"west":{"uv":[0,0,2.5,2.5],"texture":"#9","tintindex":0},"up":{"uv":[0,0,0.5,2.5],"texture":"#9","tintindex":0},"down":{"uv":[0,0,0.5,2.5],"texture":"#9","tintindex":0}},"to":[27.2,13,16],"from":[24,-3,0],"rotation":{"angle":0,"axis":"y","origin":[27.2,5,8]}},{"faces":{"north":{"uv":[7,4,7.5,5.5],"texture":"#9","tintindex":0},"east":{"uv":[7,4,8.5,5.5],"texture":"#9","tintindex":0},"south":{"uv":[7,4,7.5,5.5],"texture":"#9","tintindex":0},"west":{"uv":[2,0,4,2.5],"texture":"#6","tintindex":0},"up":{"uv":[7,4,7.5,5.5],"texture":"#9","tintindex":0},"down":{"uv":[7,4,7.5,5.5],"texture":"#9","tintindex":0}},"to":[30.4,9.8,12.8],"from":[27.2,0.2,3.2],"rotation":{"angle":0,"axis":"y","origin":[8,-22.2,28.8]}},{"faces":{"north":{"uv":[2,0,10,0.5],"texture":"#10","tintindex":0},"east":{"uv":[2,0,2.5,0.5],"texture":"#10","tintindex":0},"south":{"uv":[2,0,10,0.5],"texture":"#10","tintindex":0},"west":{"uv":[2,0,2.5,0.5],"texture":"#10","tintindex":0},"up":{"uv":[2,0,10,0.5],"texture":"#10","tintindex":0},"down":{"uv":[2,0,10,0.5],"texture":"#10","tintindex":0}},"to":[32,6.6,9.6],"from":[-16,3.4,6.4],"rotation":{"angle":0,"axis":"y","origin":[8,5,8]}}],"display":{"head":{"translation":[0,-3.2,0],"scale":[1,1,1],"rotation":[0,0,0]}}}