{"textures":{"6":"minecraft:block/iron_bars","9":"minecraft:block/black_concrete","10":"minecraft:block/anvil"},"elements":[{"faces":{"north":{"uv":[2,0,5.5,1],"rotation":180,"texture":"#10","tintindex":0},"east":{"uv":[2,0,5.5,1],"rotation":180,"texture":"#10","tintindex":0},"south":{"uv":[2,0,5.5,1],"rotation":180,"texture":"#10","tintindex":0},"west":{"uv":[2,0,5.5,1],"rotation":180,"texture":"#10","tintindex":0},"up":{"uv":[2,0,5.5,1],"rotation":180,"texture":"#10","tintindex":0},"down":{"uv":[2,0,5.5,1],"rotation":180,"texture":"#10","tintindex":0}},"to":[20.8,8.2,30.4],"from":[-4.8,5,27.2],"rotation":{"angle":0,"axis":"y","origin":[8,5,8]}},{"faces":{"north":{"uv":[2,0,5.5,1],"rotation":180,"texture":"#10","tintindex":0},"east":{"uv":[2,0,5.5,1],"rotation":180,"texture":"#10","tintindex":0},"south":{"uv":[2,0,5.5,1],"rotation":180,"texture":"#10","tintindex":0},"west":{"uv":[2,0,5.5,1],"rotation":180,"texture":"#10","tintindex":0},"up":{"uv":[2,0,5.5,1],"rotation":180,"texture":"#10","tintindex":0},"down":{"uv":[2,0,5.5,1],"rotation":180,"texture":"#10","tintindex":0}},"to":[20.8,8.2,-11.2],"from":[-4.8,5,-14.4],"rotation":{"angle":0,"axis":"y","origin":[8,5,8]}},{"faces":{"north":{"uv":[2,0,5.5,1],"rotation":180,"texture":"#10","tintindex":0},"east":{"uv":[2,0,5.5,1],"rotation":180,"texture":"#10","tintindex":0},"south":{"uv":[2,0,5.5,1],"rotation":180,"texture":"#10","tintindex":0},"west":{"uv":[2,0,5.5,1],"rotation":180,"texture":"#10","tintindex":0},"up":{"uv":[2,0,5.5,1],"rotation":180,"texture":"#10","tintindex":0},"down":{"uv":[2,0,5.5,1],"rotation":180,"texture":"#10","tintindex":0}},"to":[1.6,30.6,-11.2],"from":[-1.6,8.2,-14.4],"rotation":{"angle":0,"axis":"y","origin":[8,5,8]}},{"faces":{"north":{"uv":[2,0,5.5,1],"rotation":180,"texture":"#10","tintindex":0},"east":{"uv":[2,0,5.5,1],"rotation":180,"texture":"#10","tintindex":0},"south":{"uv":[2,0,5.5,1],"rotation":180,"texture":"#10","tintindex":0},"west":{"uv":[2,0,5.5,1],"rotation":180,"texture":"#10","tintindex":0},"up":{"uv":[2,0,5.5,1],"rotation":180,"texture":"#10","tintindex":0},"down":{"uv":[2,0,5.5,1],"rotation":180,"texture":"#10","tintindex":0}},"to":[17.6,30.6,-11.2],"from":[14.4,8.2,-14.4],"rotation":{"angle":0,"axis":"y","origin":[8,5,8]}},{"faces":{"north":{"uv":[2,0,3.5,0.5],"texture":"#10","tintindex":0},"east":{"uv":[2,0,8,0.5],"texture":"#10","tintindex":0},"south":{"uv":[2,0,3.5,0.5],"texture":"#10","tintindex":0},"west":{"uv":[2,0,8,0.5],"texture":"#10","tintindex":0},"up":{"uv":[0,0,0.5,6],"texture":"#9","tintindex":0},"down":{"uv":[0,0,1.5,6],"texture":"#10","tintindex":0}},"to":[12.8,8.2,27.2],"from":[3.2,5,-11.2],"rotation":{"angle":0,"axis":"y","origin":[8,5,8]}},{"faces":{"north":{"uv":[2,0,3,1.25],"texture":"#10","tintindex":0},"east":{"uv":[2,0,7.5,1.25],"texture":"#10","tintindex":0},"south":{"uv":[2,0,3,1.25],"texture":"#10","tintindex":0},"west":{"uv":[2,0,7.5,1.25],"rotation":180,"texture":"#10","tintindex":0},"up":{"uv":[2,0,4,16],"texture":"#6","tintindex":0},"down":{"uv":[2,0,4,2.5],"texture":"#6","tintindex":0}},"to":[11.2,16.2,25.6],"from":[4.8,8.2,-9.6],"rotation":{"angle":0,"axis":"y","origin":[8,5,8]}},{"faces":{"north":{"uv":[0,0,6,0.5],"rotation":180,"texture":"#9","tintindex":0},"east":{"uv":[0,0,6,1.5],"rotation":270,"texture":"#9","tintindex":0},"south":{"uv":[0,0,6,0.5],"rotation":180,"texture":"#9","tintindex":0},"west":{"uv":[0,0,6,1.5],"rotation":270,"texture":"#9","tintindex":0},"up":{"uv":[0,0,0.5,6],"texture":"#9","tintindex":0},"down":{"uv":[0,0,0.5,6],"texture":"#9","tintindex":0}},"to":[12.8,19.4,27.2],"from":[3.2,16.2,-11.2],"rotation":{"angle":0,"axis":"y","origin":[8,5,8]}}],"display":{"head":{"translation":[0,-3.2,0],"scale":[1,1,1],"rotation":[0,0,0]}}}