{"textures":{"6":"minecraft:block/iron_bars","9":"minecraft:block/black_concrete","10":"minecraft:block/anvil"},"elements":[{"faces":{"north":{"uv":[7,4,7.5,5.5],"texture":"#9","tintindex":0},"east":{"uv":[2,0,4,2.5],"texture":"#6","tintindex":0},"south":{"uv":[7,4,7.5,5.5],"texture":"#9","tintindex":0},"west":{"uv":[7,4,8.5,5.5],"texture":"#9","tintindex":0},"up":{"uv":[7,4,7.5,5.5],"texture":"#9","tintindex":0},"down":{"uv":[7,4,7.5,5.5],"texture":"#9","tintindex":0}},"to":[0.8,8.2,11.2],"from":[-2.4,1.8,4.8],"rotation":{"angle":0,"axis":"y","origin":[24.8,-22.2,28.8]}},{"faces":{"north":{"uv":[0,0,0.5,2.5],"texture":"#9","tintindex":0},"east":{"uv":[0,0,2.5,2.5],"texture":"#9","tintindex":0},"south":{"uv":[0,0,0.5,2.5],"texture":"#9","tintindex":0},"west":{"uv":[0,0,2.5,2.5],"texture":"#9","tintindex":0},"up":{"uv":[0,0,0.5,2.5],"texture":"#9","tintindex":0},"down":{"uv":[0,0,0.5,2.5],"texture":"#9","tintindex":0}},"to":[4,11.4,14.4],"from":[0.8,-1.4,1.6],"rotation":{"angle":0,"axis":"y","origin":[24.8,-22.2,28.8]}},{"faces":{"north":{"uv":[0,0,0.5,2.5],"texture":"#9","tintindex":0},"east":{"uv":[0,0,2.5,2.5],"texture":"#9","tintindex":0},"south":{"uv":[0,0,0.5,2.5],"texture":"#9","tintindex":0},"west":{"uv":[0,0,2.5,2.5],"texture":"#9","tintindex":0},"up":{"uv":[0,0,0.5,2.5],"texture":"#9","tintindex":0},"down":{"uv":[0,0,0.5,2.5],"texture":"#9","tintindex":0}},"to":[15.2,11.4,14.4],"from":[12,-1.4,1.6],"rotation":{"angle":0,"axis":"y","origin":[24.8,-22.2,28.8]}},{"faces":{"north":{"uv":[7,4,7.5,5.5],"texture":"#9","tintindex":0},"east":{"uv":[7,4,8.5,5.5],"texture":"#9","tintindex":0},"south":{"uv":[7,4,7.5,5.5],"texture":"#9","tintindex":0},"west":{"uv":[2,0,4,2.5],"texture":"#6","tintindex":0},"up":{"uv":[7,4,7.5,5.5],"texture":"#9","tintindex":0},"down":{"uv":[7,4,7.5,5.5],"texture":"#9","tintindex":0}},"to":[18.4,8.2,11.2],"from":[15.2,1.8,4.8],"rotation":{"angle":0,"axis":"y","origin":[24.8,-22.2,28.8]}},{"faces":{"north":{"uv":[2,0,10,0.5],"texture":"#10","tintindex":0},"east":{"uv":[2,0,2.5,0.5],"texture":"#10","tintindex":0},"south":{"uv":[2,0,10,0.5],"texture":"#10","tintindex":0},"west":{"uv":[2,0,2.5,0.5],"texture":"#10","tintindex":0},"up":{"uv":[2,0,10,0.5],"texture":"#10","tintindex":0},"down":{"uv":[2,0,10,0.5],"texture":"#10","tintindex":0}},"to":[20,6.6,9.6],"from":[-4,3.4,6.4],"rotation":{"angle":0,"axis":"y","origin":[24.8,-22.2,28.8]}}],"display":{"head":{"translation":[0,-3.2,0],"scale":[1,1,1],"rotation":[0,0,0]}}}