{"textures":{"2":"minecraft:block/diamond_ore"},"elements":[{"faces":{"north":{"uv":[0,0,16,16],"texture":"#2","tintindex":0},"east":{"uv":[0,0,16,16],"texture":"#2","tintindex":0},"south":{"uv":[0,0,16,16],"texture":"#2","tintindex":0},"west":{"uv":[0,0,16,16],"texture":"#2","tintindex":0},"up":{"uv":[0,0,16,16],"texture":"#2","tintindex":0},"down":{"uv":[0,0,16,16],"texture":"#2","tintindex":0}},"to":[20.8,17.8,20.8],"from":[-4.8,-7.8,-4.8],"rotation":{"angle":0,"axis":"y","origin":[16,14.6,35.2]}}],"display":{"head":{"translation":[0,-3.2,0],"scale":[1,1,1],"rotation":[0,0,0]}}}