{"textures":{"6":"minecraft:block/iron_bars"},"elements":[{"faces":{"north":{"uv":[3,0,3.5,16],"texture":"#6","tintindex":0},"east":{"uv":[3,0,3.5,16],"texture":"#6","tintindex":0},"south":{"uv":[3,0,3.5,16],"texture":"#6","tintindex":0},"west":{"uv":[3,0,3.5,16],"texture":"#6","tintindex":0},"up":{"uv":[3,0,3.5,16],"texture":"#6","tintindex":0},"down":{"uv":[3,0,3.5,16],"texture":"#6","tintindex":0}},"to":[9.6,31.4,9.6],"from":[6.4,-15,6.4],"rotation":{"angle":0,"axis":"y","origin":[8,8.2,8]}}],"display":{"head":{"translation":[0,-3.2,0],"scale":[1,1,1],"rotation":[0,0,0]}}}