{"model":{"type":"range_dispatch","property":"custom_model_data","index":0,"fallback":{"on_false":{"property":"charge_type","type":"select","cases":[{"model":{"type":"model","model":"item/crossbow_arrow"},"when":"arrow"},{"model":{"type":"model","model":"item/crossbow_firework"},"when":"rocket"}],"fallback":{"type":"model","model":"item/crossbow"}},"on_true":{"type":"range_dispatch","property":"crossbow/pull","fallback":{"model":"item/crossbow_pulling_0","type":"model"},"entries":[{"model":{"type":"model","model":"item/crossbow_pulling_1"},"threshold":0.58},{"model":{"type":"model","model":"item/crossbow_pulling_2"},"threshold":1}]},"property":"using_item","type":"condition"},"entries":[{"threshold":10000,"model":{"on_false":{"property":"charge_type","type":"select","cases":[{"model":{"type":"model","model":"infernoset:crossbow_charged"},"when":"arrow"},{"model":{"type":"model","model":"infernoset:crossbow_firework"},"when":"rocket"}],"fallback":{"type":"model","model":"infernoset:crossbow"},"model":"infernoset:crossbow"},"on_true":{"type":"range_dispatch","property":"crossbow/pull","fallback":{"model":"infernoset:crossbow","type":"model"},"entries":[{"threshold":0.58,"model":{"type":"model","model":"infernoset:crossbow_1"}},{"threshold":1.0,"model":{"type":"model","model":"infernoset:crossbow_2"}}]},"property":"using_item","type":"condition"}},{"threshold":10001,"model":{"on_false":{"property":"charge_type","type":"select","cases":[{"model":{"type":"model","model":"item/crossbow_arrow"},"when":"arrow"},{"model":{"type":"model","model":"item/crossbow_firework"},"when":"rocket"}],"fallback":{"type":"model","model":"item/crossbow"},"model":"item/crossbow"},"on_true":{"type":"range_dispatch","property":"crossbow/pull","fallback":{"model":"item/crossbow","type":"model"},"entries":[]},"property":"using_item","type":"condition"}}]}}