{"model":{"type":"range_dispatch","property":"custom_model_data","index":0,"fallback":{"on_true":{"model":"item/fishing_rod_cast","type":"model"},"type":"condition","property":"fishing_rod/cast","on_false":{"model":"item/fishing_rod","type":"model"}},"entries":[{"threshold":10000,"model":{"on_true":{"model":"infernoset:fishing_rod_cast","type":"model"},"type":"minecraft:condition","property":"fishing_rod/cast","on_false":{"model":"infernoset:fishing_rod","type":"model"},"model":"infernoset:fishing_rod"}},{"threshold":10001,"model":{"on_true":{"model":"item/fishing_rod_cast","type":"model"},"type":"model","property":"fishing_rod/cast","on_false":{"model":"item/fishing_rod","type":"model"},"model":"item/fishing_rod"}}]}}