{"model":{"type":"range_dispatch","property":"custom_model_data","index":0,"fallback":{"type":"model","model":"item/netherite_sword"},"entries":[{"threshold":10000,"model":{"type":"model","model":"infernoset:knife"}},{"threshold":10001,"model":{"type":"model","model":"infernoset:hammer"}},{"threshold":10002,"model":{"type":"model","model":"infernoset:scythe"}},{"threshold":10003,"model":{"type":"model","model":"infernoset:spear"}},{"threshold":10004,"model":{"type":"model","model":"infernoset:staff"}},{"threshold":10005,"model":{"type":"model","model":"infernoset:sword"}},{"threshold":10006,"model":{"type":"model","model":"infernoset:trident"}},{"threshold":10007,"model":{"type":"model","model":"item/netherite_sword"}}]}}