{"model":{"type":"range_dispatch","property":"custom_model_data","index":0,"fallback":{"tints":[{"type":"potion","default":-13083194}],"model":"item/potion","type":"model"},"entries":[{"threshold":3400001,"model":{"tints":[{"type":"potion","default":-13083194}],"model":"infernoset:wings_cosmetics","type":"model"}},{"threshold":3400002,"model":{"tints":[{"type":"potion","default":-13083194}],"model":"infernoset:wings_cosmetics_self","type":"model"}},{"threshold":3400003,"model":{"tints":[{"type":"potion","default":-13083194}],"model":"infernoset:helmet","type":"model"}},{"threshold":3400004,"model":{"tints":[{"type":"potion","default":-13083194}],"model":"infernoset:backpack_cosmetics","type":"model"}},{"threshold":3400005,"model":{"tints":[{"type":"potion","default":-13083194}],"model":"infernoset:backpack_cosmetics_self","type":"model"}},{"threshold":3400006,"model":{"tints":[{"type":"potion","default":-13083194}],"model":"infernoset:wings_cosmetics_self_2","type":"model"}},{"threshold":3400007,"model":{"tints":[{"type":"potion","default":-13083194}],"model":"infernoset:wings_cosmetics_normal_2","type":"model"}},{"threshold":3400008,"model":{"tints":[{"type":"potion","default":-13083194}],"model":"infernoset:backpack_cosmetics_self_2","type":"model"}},{"threshold":3400009,"model":{"tints":[{"type":"potion","default":-13083194}],"model":"infernoset:backpack_cosmetics_normal_2","type":"model"}},{"threshold":3400010,"model":{"tints":[{"type":"potion","default":-13083194}],"model":"item/potion","type":"model"}}]}}