{"textures":{"2":"modelengine:entity/hv_grimleaf_totem","particle":"#2"},"elements":[{"from":[4.5,4.5,4.5],"to":[10.5,10.5,10.5],"faces":{"east":{"uv":[9.2,9.6,10.400001,10.8],"tintindex":0,"rotation":0,"texture":"#2"},"south":{"uv":[1.8000001,9.8,3.0,11.0],"tintindex":0,"rotation":0,"texture":"#2"},"north":{"uv":[9.2,7.0,10.400001,8.2],"tintindex":0,"rotation":0,"texture":"#2"},"west":{"uv":[4.6,10.0,5.8,11.2],"tintindex":0,"rotation":0,"texture":"#2"},"up":{"uv":[11.400001,1.2,10.2,0.0],"tintindex":0,"rotation":0,"texture":"#2"},"down":{"uv":[11.400001,4.0,10.2,5.2000003],"tintindex":0,"rotation":0,"texture":"#2"}}},{"from":[11.0,11.0,11.0],"to":[4.0,4.0,4.0],"faces":{"east":{"uv":[6.4,1.4,7.8,2.8],"tintindex":0,"rotation":0,"texture":"#2"},"south":{"uv":[6.4,2.8,7.8,4.2000003],"tintindex":0,"rotation":0,"texture":"#2"},"north":{"uv":[6.0,0.0,7.4,1.4],"tintindex":0,"rotation":0,"texture":"#2"},"west":{"uv":[6.4,4.2000003,7.8,5.6],"tintindex":0,"rotation":0,"texture":"#2"},"up":{"uv":[7.8,7.0,6.4,5.6],"tintindex":0,"rotation":0,"texture":"#2"},"down":{"uv":[7.8,7.0,6.4,8.400001],"tintindex":0,"rotation":0,"texture":"#2"}}}],"display":{"head":{"rotation":[0.0,0.0,0.0]},"firstperson_righthand":{"rotation":[0.0,0.0,0.0]},"thirdperson_lefthand":{"rotation":[0.0,-0.0,-0.0]},"firstperson_lefthand":{"rotation":[0.0,-0.0,-0.0]},"fixed":{"rotation":[0.0,0.0,0.0]},"ground":{"rotation":[0.0,0.0,0.0]},"thirdperson_righthand":{"rotation":[0.0,0.0,0.0]},"gui":{"rotation":[-150.0,-45.0,180.0]}}}