{"textures":{"2":"modelengine:entity/hv_grimleaf_totem","particle":"#2"},"elements":[{"from":[-4.459999,4.6000004,4.8],"to":[1.5399995,4.6000004,11.200001],"faces":{"up":{"uv":[10.400001,12.0,9.2,10.8],"tintindex":0,"rotation":0,"texture":"#2"},"down":{"uv":[3.0,11.0,1.8000001,12.2],"tintindex":0,"rotation":0,"texture":"#2"}},"rotation":{"origin":[-1.460001,4.6000004,8.0],"angle":45.0,"axis":"z"}},{"from":[0.4000001,8.0,4.8],"to":[7.3999996,8.0,11.200001],"faces":{"up":{"uv":[10.2,1.2,8.8,0.0],"tintindex":0,"rotation":0,"texture":"#2"},"down":{"uv":[6.2000003,8.8,4.8,10.0],"tintindex":0,"rotation":0,"texture":"#2"}},"rotation":{"origin":[3.9,8.0,8.0],"angle":22.5,"axis":"z"}}],"display":{"head":{"rotation":[0.0,0.0,0.0]},"firstperson_righthand":{"rotation":[0.0,0.0,0.0]},"thirdperson_lefthand":{"rotation":[0.0,-0.0,-0.0]},"firstperson_lefthand":{"rotation":[0.0,-0.0,-0.0]},"fixed":{"rotation":[0.0,0.0,0.0]},"ground":{"rotation":[0.0,0.0,0.0]},"thirdperson_righthand":{"rotation":[0.0,0.0,0.0]},"gui":{"rotation":[-150.0,-45.0,180.0]}}}