{"textures":{"2":"modelengine:entity/hv_grimleaf_totem","particle":"#2"},"elements":[{"from":[4.7999997,8.0,0.39999962],"to":[11.2,8.0,7.4],"faces":{"up":{"uv":[9.0,5.6,7.8,4.2000003],"tintindex":0,"rotation":0,"texture":"#2"},"down":{"uv":[9.0,5.6,7.8,7.0],"tintindex":0,"rotation":0,"texture":"#2"}},"rotation":{"origin":[8.0,8.0,3.9],"angle":-22.5,"axis":"x"}},{"from":[4.7999997,4.6000004,-4.46],"to":[11.2,4.6000004,1.54],"faces":{"up":{"uv":[11.400001,6.4,10.2,5.2000003],"tintindex":0,"rotation":0,"texture":"#2"},"down":{"uv":[11.400001,8.2,10.2,9.400001],"tintindex":0,"rotation":0,"texture":"#2"}},"rotation":{"origin":[8.0,4.6000004,-1.46],"angle":-45.0,"axis":"x"}}],"display":{"head":{"rotation":[0.0,0.0,0.0]},"firstperson_righthand":{"rotation":[0.0,0.0,0.0]},"thirdperson_lefthand":{"rotation":[0.0,-0.0,-0.0]},"firstperson_lefthand":{"rotation":[0.0,-0.0,-0.0]},"fixed":{"rotation":[0.0,0.0,0.0]},"ground":{"rotation":[0.0,0.0,0.0]},"thirdperson_righthand":{"rotation":[0.0,0.0,0.0]},"gui":{"rotation":[-150.0,-45.0,180.0]}}}