{"textures":{"2":"modelengine:entity/hv_grimleaf_totem","particle":"#2"},"elements":[{"from":[-4.460001,4.6000004,4.8],"to":[1.54,4.6000004,11.2],"faces":{"up":{"uv":[1.2,11.8,0.0,10.6],"tintindex":0,"rotation":0,"texture":"#2"},"down":{"uv":[11.6,10.6,10.400001,11.8],"tintindex":0,"rotation":0,"texture":"#2"}},"rotation":{"origin":[-1.46,4.6000004,8.0],"angle":45.0,"axis":"z"}},{"from":[0.39999962,8.0,4.8],"to":[7.3999996,8.0,11.2],"faces":{"up":{"uv":[4.8,9.6,3.4,8.400001],"tintindex":0,"rotation":0,"texture":"#2"},"down":{"uv":[7.8,8.400001,6.4,9.6],"tintindex":0,"rotation":0,"texture":"#2"}},"rotation":{"origin":[3.8999996,8.0,8.0],"angle":22.5,"axis":"z"}}],"display":{"head":{"rotation":[0.0,0.0,0.0]},"firstperson_righthand":{"rotation":[0.0,0.0,0.0]},"thirdperson_lefthand":{"rotation":[0.0,-0.0,-0.0]},"firstperson_lefthand":{"rotation":[0.0,-0.0,-0.0]},"fixed":{"rotation":[0.0,0.0,0.0]},"ground":{"rotation":[0.0,0.0,0.0]},"thirdperson_righthand":{"rotation":[0.0,0.0,0.0]},"gui":{"rotation":[-150.0,-45.0,180.0]}}}