{"textures":{"2":"modelengine:entity/hv_grimleaf_totem","particle":"#2"},"elements":[{"from":[4.8,4.6000004,14.459999],"to":[11.2,4.6000004,20.46],"faces":{"up":{"uv":[12.6,8.8,11.400001,7.6],"tintindex":0,"rotation":0,"texture":"#2"},"down":{"uv":[12.8,1.2,11.6,2.4],"tintindex":0,"rotation":0,"texture":"#2"}},"rotation":{"origin":[8.0,4.6000004,17.46],"angle":45.0,"axis":"x"}},{"from":[4.8,8.0,8.6],"to":[11.2,8.0,15.6],"faces":{"up":{"uv":[10.400001,2.6000001,9.2,1.2],"tintindex":0,"rotation":0,"texture":"#2"},"down":{"uv":[10.400001,2.6000001,9.2,4.0],"tintindex":0,"rotation":0,"texture":"#2"}},"rotation":{"origin":[8.0,8.0,12.1],"angle":22.5,"axis":"x"}}],"display":{"head":{"rotation":[0.0,0.0,0.0]},"firstperson_righthand":{"rotation":[0.0,0.0,0.0]},"thirdperson_lefthand":{"rotation":[0.0,-0.0,-0.0]},"firstperson_lefthand":{"rotation":[0.0,-0.0,-0.0]},"fixed":{"rotation":[0.0,0.0,0.0]},"ground":{"rotation":[0.0,0.0,0.0]},"thirdperson_righthand":{"rotation":[0.0,0.0,0.0]},"gui":{"rotation":[-150.0,-45.0,180.0]}}}