{"textures":{"2":"modelengine:entity/hv_grimleaf_totem","particle":"#2"},"elements":[{"from":[14.46,4.6000004,4.8],"to":[20.46,4.6000004,11.200001],"faces":{"up":{"uv":[11.6,2.4,10.400001,1.2],"tintindex":0,"rotation":0,"texture":"#2"},"down":{"uv":[11.6,2.4,10.400001,3.6000001],"tintindex":0,"rotation":0,"texture":"#2"}},"rotation":{"origin":[17.46,4.6000004,8.0],"angle":-45.0,"axis":"z"}},{"from":[8.6,8.0,4.8],"to":[15.6,8.0,11.200001],"faces":{"up":{"uv":[9.2,8.2,7.8,7.0],"tintindex":0,"rotation":0,"texture":"#2"},"down":{"uv":[2.2,8.0,0.8,9.2],"tintindex":0,"rotation":0,"texture":"#2"}},"rotation":{"origin":[12.1,8.0,8.0],"angle":-22.5,"axis":"z"}}],"display":{"head":{"rotation":[0.0,0.0,0.0]},"firstperson_righthand":{"rotation":[0.0,0.0,0.0]},"thirdperson_lefthand":{"rotation":[0.0,-0.0,-0.0]},"firstperson_lefthand":{"rotation":[0.0,-0.0,-0.0]},"fixed":{"rotation":[0.0,0.0,0.0]},"ground":{"rotation":[0.0,0.0,0.0]},"thirdperson_righthand":{"rotation":[0.0,0.0,0.0]},"gui":{"rotation":[-150.0,-45.0,180.0]}}}