{"textures":{"2":"modelengine:entity/hv_grimleaf_totem","particle":"#2"},"elements":[{"from":[4.8,8.0,8.6],"to":[11.200001,8.0,15.599999],"faces":{"up":{"uv":[10.2,9.6,9.0,8.2],"tintindex":0,"rotation":0,"texture":"#2"},"down":{"uv":[1.2,9.2,0.0,10.6],"tintindex":0,"rotation":0,"texture":"#2"}},"rotation":{"origin":[8.0,8.0,12.1],"angle":22.5,"axis":"x"}},{"from":[4.8,4.6000004,14.46],"to":[11.200001,4.6000004,20.46],"faces":{"up":{"uv":[12.6,4.8,11.400001,3.6000001],"tintindex":0,"rotation":0,"texture":"#2"},"down":{"uv":[12.6,4.8,11.400001,6.0],"tintindex":0,"rotation":0,"texture":"#2"}},"rotation":{"origin":[8.0,4.6000004,17.46],"angle":45.0,"axis":"x"}}],"display":{"head":{"rotation":[0.0,0.0,0.0]},"firstperson_righthand":{"rotation":[0.0,0.0,0.0]},"thirdperson_lefthand":{"rotation":[0.0,-0.0,-0.0]},"firstperson_lefthand":{"rotation":[0.0,-0.0,-0.0]},"fixed":{"rotation":[0.0,0.0,0.0]},"ground":{"rotation":[0.0,0.0,0.0]},"thirdperson_righthand":{"rotation":[0.0,0.0,0.0]},"gui":{"rotation":[-150.0,-45.0,180.0]}}}