{"textures":{"0":"modelengine:entity/hv_grimleaf_totem_vfx","particle":"#0"},"elements":[{"from":[9.0,-3.500001,-6.0],"to":[9.0,20.499998,18.0],"faces":{"east":{"uv":[0.0,0.0,8.0,8.0],"tintindex":0,"rotation":0,"texture":"#0"},"west":{"uv":[8.0,0.0,0.0,8.0],"tintindex":0,"rotation":0,"texture":"#0"}}}],"display":{"head":{"rotation":[0.0,0.0,0.0]},"firstperson_righthand":{"rotation":[0.0,0.0,0.0]},"thirdperson_lefthand":{"rotation":[0.0,-0.0,-0.0]},"firstperson_lefthand":{"rotation":[0.0,-0.0,-0.0]},"fixed":{"rotation":[0.0,0.0,0.0]},"ground":{"rotation":[0.0,0.0,0.0]},"thirdperson_righthand":{"rotation":[0.0,0.0,0.0]},"gui":{"rotation":[-150.0,-45.0,180.0]}}}