{"textures":{"2":"modelengine:entity/hv_grimleaf_totem","particle":"#2"},"elements":[{"from":[4.0,8.0,4.0],"to":[9.0,19.0,9.0],"faces":{"east":{"uv":[0.0,4.2000003,1.0,6.4],"tintindex":0,"rotation":0,"texture":"#2"},"south":{"uv":[4.6,3.6000001,5.6,5.8],"tintindex":0,"rotation":0,"texture":"#2"},"north":{"uv":[4.0,1.4,5.0,3.6000001],"tintindex":0,"rotation":0,"texture":"#2"},"west":{"uv":[5.0,0.0,6.0,2.2],"tintindex":0,"rotation":0,"texture":"#2"},"up":{"uv":[5.6,13.400001,4.6,12.400001],"tintindex":0,"rotation":0,"texture":"#2"},"down":{"uv":[13.6,0.0,12.6,1.0],"tintindex":0,"rotation":0,"texture":"#2"}}}],"display":{"head":{"rotation":[0.0,0.0,0.0]},"firstperson_righthand":{"rotation":[0.0,0.0,0.0]},"thirdperson_lefthand":{"rotation":[0.0,-0.0,-0.0]},"firstperson_lefthand":{"rotation":[0.0,-0.0,-0.0]},"fixed":{"rotation":[0.0,0.0,0.0]},"ground":{"rotation":[0.0,0.0,0.0]},"thirdperson_righthand":{"rotation":[0.0,0.0,0.0]},"gui":{"rotation":[-150.0,-45.0,180.0]}}}