{"textures":{"2":"modelengine:entity/hv_grimleaf_totem","particle":"#2"},"elements":[{"from":[4.5,6.25,4.75],"to":[8.5,19.0,8.75],"faces":{"east":{"uv":[3.4,5.8,4.2000003,8.400001],"tintindex":0,"rotation":0,"texture":"#2"},"south":{"uv":[4.2000003,5.8,5.0,8.400001],"tintindex":0,"rotation":0,"texture":"#2"},"north":{"uv":[2.6000001,5.8,3.4,8.400001],"tintindex":0,"rotation":0,"texture":"#2"},"west":{"uv":[0.0,6.4,0.8,9.0],"tintindex":0,"rotation":0,"texture":"#2"},"up":{"uv":[13.8,3.4,13.0,2.6000001],"tintindex":0,"rotation":0,"texture":"#2"},"down":{"uv":[13.8,3.4,13.0,4.2000003],"tintindex":0,"rotation":0,"texture":"#2"}}}],"display":{"head":{"rotation":[0.0,0.0,0.0]},"firstperson_righthand":{"rotation":[0.0,0.0,0.0]},"thirdperson_lefthand":{"rotation":[0.0,-0.0,-0.0]},"firstperson_lefthand":{"rotation":[0.0,-0.0,-0.0]},"fixed":{"rotation":[0.0,0.0,0.0]},"ground":{"rotation":[0.0,0.0,0.0]},"thirdperson_righthand":{"rotation":[0.0,0.0,0.0]},"gui":{"rotation":[-150.0,-45.0,180.0]}}}