{"textures":{"2":"modelengine:entity/hv_grimleaf_totem","particle":"#2"},"elements":[{"from":[6.25,2.5,6.9],"to":[9.5,14.5,10.15],"faces":{"east":{"uv":[7.4,9.6,8.0,12.0],"tintindex":0,"rotation":0,"texture":"#2"},"south":{"uv":[8.0,9.6,8.6,12.0],"tintindex":0,"rotation":0,"texture":"#2"},"north":{"uv":[6.8,9.6,7.4,12.0],"tintindex":0,"rotation":0,"texture":"#2"},"west":{"uv":[8.6,9.6,9.2,12.0],"tintindex":0,"rotation":0,"texture":"#2"},"up":{"uv":[5.6,6.4,5.0,5.8],"tintindex":0,"rotation":0,"texture":"#2"},"down":{"uv":[5.6,6.4,5.0,7.0],"tintindex":0,"rotation":0,"texture":"#2"}}}],"display":{"head":{"rotation":[0.0,0.0,0.0]},"firstperson_righthand":{"rotation":[0.0,0.0,0.0]},"thirdperson_lefthand":{"rotation":[0.0,-0.0,-0.0]},"firstperson_lefthand":{"rotation":[0.0,-0.0,-0.0]},"fixed":{"rotation":[0.0,0.0,0.0]},"ground":{"rotation":[0.0,0.0,0.0]},"thirdperson_righthand":{"rotation":[0.0,0.0,0.0]},"gui":{"rotation":[-150.0,-45.0,180.0]}}}