{"textures":{"2":"modelengine:entity/hv_grimleaf_totem","particle":"#2"},"elements":[{"from":[6.25,2.5,6.5],"to":[9.0,11.5,9.25],"faces":{"east":{"uv":[8.6,12.0,9.2,13.8],"tintindex":0,"rotation":0,"texture":"#2"},"south":{"uv":[9.2,12.0,9.8,13.8],"tintindex":0,"rotation":0,"texture":"#2"},"north":{"uv":[8.0,12.0,8.6,13.8],"tintindex":0,"rotation":0,"texture":"#2"},"west":{"uv":[9.8,12.0,10.400001,13.8],"tintindex":0,"rotation":0,"texture":"#2"},"up":{"uv":[11.0,8.2,10.400001,7.6],"tintindex":0,"rotation":0,"texture":"#2"},"down":{"uv":[13.6,4.2000003,13.0,4.8],"tintindex":0,"rotation":0,"texture":"#2"}}}],"display":{"head":{"rotation":[0.0,0.0,0.0]},"firstperson_righthand":{"rotation":[0.0,0.0,0.0]},"thirdperson_lefthand":{"rotation":[0.0,-0.0,-0.0]},"firstperson_lefthand":{"rotation":[0.0,-0.0,-0.0]},"fixed":{"rotation":[0.0,0.0,0.0]},"ground":{"rotation":[0.0,0.0,0.0]},"thirdperson_righthand":{"rotation":[0.0,0.0,0.0]},"gui":{"rotation":[-150.0,-45.0,180.0]}}}