{"credit":"Polygony Creation Co.,Ltd.","texture_size":[12,12],"textures":{"1":"independence_dayset:american_flag","2":"independence_dayset:axe","3":"independence_dayset:animations/star_animation","particle":"independence_dayset:animations/star_animation"},"elements":[{"from":[7.25,1.5,7.25],"to":[8.75,2,8.75],"rotation":{"angle":0,"axis":"y","origin":[8,2,8]},"faces":{"north":{"uv":[8.33333,12.33333,9.33333,12.66667],"texture":"#2"},"east":{"uv":[12.33333,9,13.33333,9.33333],"texture":"#2"},"south":{"uv":[9.66667,12.33333,10.66667,12.66667],"texture":"#2"},"west":{"uv":[12.33333,9.66667,13.33333,10],"texture":"#2"},"up":{"uv":[10.66667,9.33333,9.66667,8.33333],"texture":"#2"},"down":{"uv":[10.66667,9.66667,9.66667,10.66667],"texture":"#2"}}},{"from":[7.25,3,7.25],"to":[8.75,3.5,8.75],"rotation":{"angle":0,"axis":"y","origin":[8,3.5,8]},"faces":{"north":{"uv":[12.33333,10.33333,13.33333,10.66667],"texture":"#2"},"east":{"uv":[11,12.33333,12,12.66667],"texture":"#2"},"south":{"uv":[12.33333,11.66667,13.33333,12],"texture":"#2"},"west":{"uv":[12.33333,12.33333,13.33333,12.66667],"texture":"#2"},"up":{"uv":[4,11.33333,3,10.33333],"texture":"#2"},"down":{"uv":[1.33333,11,0.33333,12],"texture":"#2"}}},{"from":[7.25,8,7.25],"to":[8.75,8.5,8.75],"rotation":{"angle":0,"axis":"y","origin":[8,8.5,8]},"faces":{"north":{"uv":[12.33333,10.33333,13.33333,10.66667],"texture":"#2"},"east":{"uv":[11,12.33333,12,12.66667],"texture":"#2"},"south":{"uv":[12.33333,11.66667,13.33333,12],"texture":"#2"},"west":{"uv":[12.33333,12.33333,13.33333,12.66667],"texture":"#2"},"up":{"uv":[4,11.33333,3,10.33333],"texture":"#2"},"down":{"uv":[1.33333,11,0.33333,12],"texture":"#2"}}},{"from":[7.25,14,7.25],"to":[8.75,14.5,8.75],"rotation":{"angle":0,"axis":"y","origin":[8,14.5,8]},"faces":{"north":{"uv":[12.33333,10.33333,13.33333,10.66667],"texture":"#2"},"east":{"uv":[11,12.33333,12,12.66667],"texture":"#2"},"south":{"uv":[12.33333,11.66667,13.33333,12],"texture":"#2"},"west":{"uv":[12.33333,12.33333,13.33333,12.66667],"texture":"#2"},"up":{"uv":[4,11.33333,3,10.33333],"texture":"#2"},"down":{"uv":[1.33333,11,0.33333,12],"texture":"#2"}}},{"from":[7.5,2,7.5],"to":[8.5,3,8.5],"rotation":{"angle":0,"axis":"y","origin":[8,2.5,8]},"faces":{"north":{"uv":[8.33333,11.66667,9,12.33333],"texture":"#2"},"east":{"uv":[11.66667,11.66667,12.33333,12.33333],"texture":"#2"},"south":{"uv":[0.33333,12.33333,1,13],"texture":"#2"},"west":{"uv":[12.33333,0.33333,13,1],"texture":"#2"}}},{"from":[7.25,5,7.25],"to":[8.75,6.5,8.75],"rotation":{"angle":-45,"axis":"x","origin":[8,5.75,8]},"faces":{"north":{"uv":[11,0.33333,12,1.33333],"texture":"#2"},"east":{"uv":[1.66667,11,2.66667,12],"texture":"#2"},"south":{"uv":[11,1.66667,12,2.66667],"texture":"#2"},"west":{"uv":[11,3,12,4],"texture":"#2"},"up":{"uv":[5.33333,12,4.33333,11],"texture":"#2"},"down":{"uv":[12,4.33333,11,5.33333],"texture":"#2"}}},{"from":[7.15,0.25,7.25],"to":[8.85,1.75,8.75],"rotation":{"angle":-45,"axis":"x","origin":[8,1,8]},"faces":{"north":{"uv":[9.66667,5.66667,10.83333,6.66667],"texture":"#2"},"east":{"uv":[5.66667,11,6.66667,12],"texture":"#2"},"south":{"uv":[7,9.66667,8.16667,10.66667],"texture":"#2"},"west":{"uv":[11,5.66667,12,6.66667],"texture":"#2"},"up":{"uv":[10.83333,8,9.66667,7],"texture":"#2"},"down":{"uv":[9.5,9.66667,8.33333,10.66667],"texture":"#2"}}},{"from":[6.9,0.5,7.5],"to":[9.1,1.5,8.5],"rotation":{"angle":-45,"axis":"x","origin":[8,1,8]},"faces":{"north":{"uv":[7,11,8.5,11.66667],"texture":"#2"},"east":{"uv":[12.33333,4.33333,13,5],"texture":"#2"},"south":{"uv":[11,7,12.5,7.66667],"texture":"#2"},"west":{"uv":[12.33333,5,13,5.66667],"texture":"#2"},"up":{"uv":[12.5,8.33333,11,7.66667],"texture":"#2"},"down":{"uv":[12.5,8.33333,11,9],"texture":"#2"}}},{"from":[7.5,3.5,7.5],"to":[8.5,8,8.5],"rotation":{"angle":45,"axis":"y","origin":[8,4,8]},"faces":{"north":{"uv":[0.33333,7.66667,1,10.66667],"texture":"#2"},"east":{"uv":[1,7.66667,1.66667,10.66667],"texture":"#2"},"south":{"uv":[1.66667,7.66667,2.33333,10.66667],"texture":"#2"},"west":{"uv":[2.33333,7.66667,3,10.66667],"texture":"#2"},"up":{"uv":[1.66667,13,1,12.33333],"texture":"#2"},"down":{"uv":[13,1,12.33333,1.66667],"texture":"#2"}}},{"from":[7,14.5,7],"to":[9,16.5,9],"rotation":{"angle":0,"axis":"y","origin":[7,14.5,7]},"faces":{"north":{"uv":[3,7.66667,4.33333,9],"texture":"#2"},"east":{"uv":[8.33333,0.33333,9.66667,1.66667],"texture":"#2"},"south":{"uv":[8.33333,1.66667,9.66667,3],"texture":"#2"},"west":{"uv":[8.33333,3,9.66667,4.33333],"texture":"#2"},"up":{"uv":[9.66667,5.66667,8.33333,4.33333],"texture":"#2"},"down":{"uv":[9.66667,5.66667,8.33333,7],"texture":"#2"}}},{"from":[7,14.5,5],"to":[9,15,7],"rotation":{"angle":0,"axis":"y","origin":[7,14.5,5]},"faces":{"east":{"uv":[1.66667,12.33333,3,12.66667],"texture":"#2"},"west":{"uv":[12.33333,1.66667,13.66667,2],"texture":"#2"},"up":{"uv":[8.33333,9.66667,7,8.33333],"texture":"#2"},"down":{"uv":[9.66667,7,8.33333,8.33333],"texture":"#2"}}},{"from":[7,16,5.25],"to":[9,16.5,7],"rotation":{"angle":0,"axis":"y","origin":[7,16,5]},"faces":{"east":{"uv":[5.66667,12.33333,6.83333,12.66667],"texture":"#2"},"west":{"uv":[12.33333,5.66667,13.5,6],"texture":"#2"},"up":{"uv":[11,1.5,9.66667,0.33333],"texture":"#2"},"down":{"uv":[11,1.66667,9.66667,2.83333],"texture":"#2"}}},{"from":[7.25,15,5],"to":[8.75,16,7],"rotation":{"angle":0,"axis":"y","origin":[7,15.5,5]},"faces":{"east":{"uv":[10.33333,11,11.66667,11.66667],"texture":"#2"},"west":{"uv":[11,10.33333,12.33333,11],"texture":"#2"}}},{"from":[7.0035,14.80656,3.4588],"to":[8.9965,15.30656,5.4588],"rotation":{"angle":22.5,"axis":"x","origin":[8.0035,15.80656,4.4588]},"faces":{"north":{"uv":[12.33333,3,13.66667,3.33333],"texture":"#2"},"east":{"uv":[12.33333,3.66667,13.66667,4],"texture":"#2"},"west":{"uv":[4.33333,12.33333,5.66667,12.66667],"texture":"#2"},"up":{"uv":[9.66667,9.66667,8.33333,8.33333],"texture":"#2"},"down":{"uv":[4.33333,9,3,10.33333],"texture":"#2"}}},{"from":[7.0035,16.29905,3.45357],"to":[8.9965,16.77405,5.11057],"rotation":{"angle":22.5,"axis":"x","origin":[8.0035,15.79905,4.42857]},"faces":{"north":{"uv":[12.33333,2.33333,13.66667,2.66667],"texture":"#2"},"east":{"uv":[12.33333,6.33333,13.5,6.66667],"texture":"#2"},"west":{"uv":[7,12.33333,8.16667,12.66667],"texture":"#2"},"up":{"uv":[11,4.16667,9.66667,3],"texture":"#2"},"down":{"uv":[5.66667,9.66667,4.33333,10.83333],"texture":"#2"}}},{"from":[7.2535,15.30656,3.7088],"to":[8.7465,16.30656,5.4588],"rotation":{"angle":22.5,"axis":"x","origin":[8.0035,15.80656,4.4588]},"faces":{"north":{"uv":[11.66667,11,12.66667,11.66667],"texture":"#2"},"east":{"uv":[7,11.66667,8.16667,12.33333],"texture":"#2"},"west":{"uv":[10.33333,11.66667,11.5,12.33333],"texture":"#2"}}},{"from":[7.75,15.79328,6.1971],"to":[8.25,20.79328,6.6971],"rotation":{"angle":-22.5,"axis":"x","origin":[8,18.79328,5.4471]},"faces":{"north":{"uv":[9,0,10,10],"texture":"#1"},"east":{"uv":[11,0,12,10],"texture":"#1"},"south":{"uv":[13,0,14,10],"texture":"#1"},"west":{"uv":[15,0,16,10],"texture":"#1"},"up":{"uv":[8.5,1,7.5,0],"texture":"#1"},"down":{"uv":[8.5,2,7.5,3],"texture":"#1"}}},{"from":[7.985,17.79328,2.6971],"to":[8.015,20.79328,6.1971],"rotation":{"angle":-22.5,"axis":"x","origin":[7.985,18.79328,5.4471]},"faces":{"east":{"uv":[0,0,7,6],"texture":"#1"},"west":{"uv":[7,0,0,6],"texture":"#1"}}},{"from":[7.75,15.79328,9.3029],"to":[8.25,20.79328,9.8029],"rotation":{"angle":22.5,"axis":"x","origin":[8,18.79328,10.5529]},"faces":{"north":{"uv":[14,0,13,10],"texture":"#1"},"east":{"uv":[12,0,11,10],"texture":"#1"},"south":{"uv":[10,0,9,10],"texture":"#1"},"west":{"uv":[16,0,15,10],"texture":"#1"},"up":{"uv":[8.5,0,7.5,1],"texture":"#1"},"down":{"uv":[8.5,3,7.5,2],"texture":"#1"}}},{"from":[7.985,17.79328,9.8029],"to":[8.015,20.79328,13.3029],"rotation":{"angle":22.5,"axis":"x","origin":[7.985,18.79328,10.5529]},"faces":{"east":{"uv":[7,0,0,6],"texture":"#1"},"west":{"uv":[0,0,7,6],"texture":"#1"}}},{"from":[7.04289,8.5,6.75],"to":[8.54289,14,8.25],"rotation":{"angle":-45,"axis":"y","origin":[7.29289,8.75,8]},"faces":{"north":{"uv":[4.33333,5.66667,5.33333,9.33333],"texture":"#2"},"east":{"uv":[5.66667,5.66667,6.66667,9.33333],"texture":"#2"},"south":{"uv":[7,0.33333,8,4],"texture":"#2"},"west":{"uv":[7,4.33333,8,8],"texture":"#2"},"up":{"uv":[10,12,9,11],"texture":"#2"},"down":{"uv":[12,9,11,10],"texture":"#2"}}},{"from":[7.75,11.85,4.25],"to":[8.25,15.85,7.75],"rotation":{"angle":-22.5,"axis":"x","origin":[8,13,5.25]},"faces":{"north":{"uv":[3,11.66667,3.33333,14.33333],"texture":"#2"},"east":{"uv":[4.33333,0.33333,6.66667,3],"texture":"#2"},"west":{"uv":[4.33333,3,6.66667,5.66667],"texture":"#2"},"down":{"uv":[4,11.66667,3.66667,14],"texture":"#2"}}},{"from":[7.985,8.75,0.5],"to":[8.015,19.5,6.5],"rotation":{"angle":0,"axis":"y","origin":[7.985,0,0]},"faces":{"east":{"uv":[4,0,0,7.16667],"texture":"#2"},"west":{"uv":[0,0,4,7.16667],"texture":"#2"}}},{"from":[7,14.5,9],"to":[9,15,11],"rotation":{"angle":0,"axis":"y","origin":[7,14.5,11]},"faces":{"east":{"uv":[3,12.33333,1.66667,12.66667],"texture":"#2"},"west":{"uv":[13.66667,1.66667,12.33333,2],"texture":"#2"},"up":{"uv":[8.33333,8.33333,7,9.66667],"texture":"#2"},"down":{"uv":[9.66667,8.33333,8.33333,7],"texture":"#2"}}},{"from":[7.25,15,9],"to":[8.75,16,11],"rotation":{"angle":0,"axis":"y","origin":[7,15.5,11]},"faces":{"east":{"uv":[11.66667,11,10.33333,11.66667],"texture":"#2"},"west":{"uv":[12.33333,10.33333,11,11],"texture":"#2"}}},{"from":[7.2535,15.30656,10.5412],"to":[8.7465,16.30656,12.2912],"rotation":{"angle":-22.5,"axis":"x","origin":[8.0035,15.80656,11.5412]},"faces":{"east":{"uv":[8.16667,11.66667,7,12.33333],"texture":"#2"},"south":{"uv":[12.66667,11,11.66667,11.66667],"texture":"#2"},"west":{"uv":[11.5,11.66667,10.33333,12.33333],"texture":"#2"}}},{"from":[7.0035,14.80656,10.5412],"to":[8.9965,15.30656,12.5412],"rotation":{"angle":-22.5,"axis":"x","origin":[8.0035,15.80656,11.5412]},"faces":{"east":{"uv":[13.66667,3.66667,12.33333,4],"texture":"#2"},"south":{"uv":[13.66667,3,12.33333,3.33333],"texture":"#2"},"west":{"uv":[5.66667,12.33333,4.33333,12.66667],"texture":"#2"},"up":{"uv":[9.66667,8.33333,8.33333,9.66667],"texture":"#2"},"down":{"uv":[4.33333,10.33333,3,9],"texture":"#2"}}},{"from":[7.75,11.85,8.25],"to":[8.25,15.85,11.75],"rotation":{"angle":22.5,"axis":"x","origin":[8,13,10.75]},"faces":{"east":{"uv":[6.66667,0.33333,4.33333,3],"texture":"#2"},"south":{"uv":[3.33333,11.66667,3,14.33333],"texture":"#2"},"west":{"uv":[6.66667,3,4.33333,5.66667],"texture":"#2"},"down":{"uv":[4,14,3.66667,11.66667],"texture":"#2"}}},{"from":[7.985,8.75,9.5],"to":[8.015,19.5,15.5],"rotation":{"angle":0,"axis":"y","origin":[7.985,0,16]},"faces":{"east":{"uv":[0,0,4,7.16667],"texture":"#2"},"west":{"uv":[4,0,0,7.16667],"texture":"#2"}}},{"from":[7,16,9],"to":[9,16.5,10.75],"rotation":{"angle":0,"axis":"y","origin":[7,16,11]},"faces":{"east":{"uv":[6.83333,12.33333,5.66667,12.66667],"texture":"#2"},"west":{"uv":[13.5,5.66667,12.33333,6],"texture":"#2"},"up":{"uv":[11,0.33333,9.66667,1.5],"texture":"#2"},"down":{"uv":[11,2.83333,9.66667,1.66667],"texture":"#2"}}},{"from":[7.0035,16.29905,10.88943],"to":[8.9965,16.77405,12.54643],"rotation":{"angle":-22.5,"axis":"x","origin":[8.0035,15.79905,11.57143]},"faces":{"east":{"uv":[13.5,6.33333,12.33333,6.66667],"texture":"#2"},"south":{"uv":[13.66667,2.33333,12.33333,2.66667],"texture":"#2"},"west":{"uv":[8.16667,12.33333,7,12.66667],"texture":"#2"},"up":{"uv":[11,3,9.66667,4.16667],"texture":"#2"},"down":{"uv":[5.66667,10.83333,4.33333,9.66667],"texture":"#2"}}},{"from":[6.75,13.5,5.875],"to":[6.75,17.75,10.125],"rotation":{"angle":0,"axis":"y","origin":[6.75,13.5,5.875]},"faces":{"west":{"uv":[0,0,5.66667,5.66667],"texture":"#3"}}},{"from":[7,17.25,5],"to":[7,20.5,8.25],"rotation":{"angle":-22.5,"axis":"x","origin":[7,17.25,5]},"faces":{"west":{"uv":[0,6.66667,4.33333,11],"texture":"#3"}}},{"from":[7,17.25,9],"to":[7,19.5,11.25],"rotation":{"angle":22.5,"axis":"x","origin":[7,17.25,9]},"faces":{"west":{"uv":[6.66667,0,9.66667,3],"texture":"#3"}}},{"from":[9,17.25,5],"to":[9,20.5,8.25],"rotation":{"angle":-22.5,"axis":"x","origin":[9,17.25,5]},"faces":{"east":{"uv":[4.33333,6.66667,0,11],"texture":"#3"}}},{"from":[9,17.25,9],"to":[9,19.5,11.25],"rotation":{"angle":22.5,"axis":"x","origin":[9,17.25,9]},"faces":{"east":{"uv":[9.66667,0,6.66667,3],"texture":"#3"}}},{"from":[9.25,13.5,5.875],"to":[9.25,17.75,10.125],"rotation":{"angle":0,"axis":"y","origin":[9.25,13.5,5.875]},"faces":{"east":{"uv":[5.66667,0,0,5.66667],"texture":"#3"}}}],"gui_light":"front","display":{"thirdperson_righthand":{"translation":[0,0,1]},"thirdperson_lefthand":{"translation":[0,0,1]},"firstperson_righthand":{"rotation":[8.75,0,0],"translation":[3.75,-2,-2.5]},"firstperson_lefthand":{"rotation":[8.75,0,0],"translation":[3.75,-2,-2.5]},"ground":{"rotation":[-45,0,0],"translation":[0,3,0],"scale":[0.7,0.7,0.7]},"gui":{"rotation":[-90,45,90],"translation":[3,-3,0]},"head":{"rotation":[0,-90,0]},"fixed":{"rotation":[0,-90,0],"translation":[0,0,-1.5],"scale":[2,2,2]}},"USER":"{{USER}}","NONCE":"{{NONCE}}","TIMESTAMP":"{{TIMESTAMP}}","RESOURCE":"{{RESOURCE}}","MCMODELS":"{{MCMODELS}}"}