{"credit":"Polygony Creation Co.,Ltd.","texture_size":[12,12],"textures":{"0":"independence_dayset:chest","1":"independence_dayset:american_flag","2":"independence_dayset:animations/star_animation","particle":"independence_dayset:chest"},"elements":[{"from":[3.1875,0,11.3125],"to":[4.6875,1.25,12.8125],"rotation":{"angle":-45,"axis":"y","origin":[8,5.1875,7.8125]},"faces":{"north":{"uv":[10.66667,12.44444,11.33333,13],"texture":"#0"},"east":{"uv":[11.55556,12.44444,12.22222,13],"texture":"#0"},"south":{"uv":[12.44444,12.44444,13.11111,13],"texture":"#0"},"west":{"uv":[12.44444,1.77778,13.11111,2.33333],"texture":"#0"},"up":{"uv":[13.11111,0.66667,12.44444,0],"rotation":270,"texture":"#0"},"down":{"uv":[13.11111,0.88889,12.44444,1.55556],"rotation":90,"texture":"#0"}}},{"from":[3.6875,6.75,10.3125],"to":[4.6875,7.75,11.3125],"rotation":{"angle":-45,"axis":"y","origin":[8,3.1875,7.8125]},"faces":{"north":{"uv":[13.33333,0.44444,13.77778,0.88889],"texture":"#0"},"east":{"uv":[0.88889,13.33333,1.33333,13.77778],"texture":"#0"},"west":{"uv":[0.44444,13.33333,0.88889,13.77778],"texture":"#0"},"up":{"uv":[13.77778,1.33333,13.33333,0.88889],"rotation":270,"texture":"#0"},"down":{"uv":[1.77778,13.33333,1.33333,13.77778],"rotation":90,"texture":"#0"}}},{"from":[11.6875,6.75,10.3125],"to":[12.6875,7.75,11.3125],"rotation":{"angle":-45,"axis":"y","origin":[8,3.1875,7.8125]},"faces":{"north":{"uv":[13.77778,0.44444,13.33333,0.88889],"texture":"#0"},"east":{"uv":[0.88889,13.33333,0.44444,13.77778],"texture":"#0"},"west":{"uv":[1.33333,13.33333,0.88889,13.77778],"texture":"#0"},"up":{"uv":[13.77778,0.88889,13.33333,1.33333],"rotation":270,"texture":"#0"},"down":{"uv":[1.77778,13.77778,1.33333,13.33333],"rotation":90,"texture":"#0"}}},{"from":[3.6875,4.75,11.3125],"to":[4.6875,7.75,12.3125],"rotation":{"angle":-45,"axis":"y","origin":[8,3.1875,7.8125]},"faces":{"north":{"uv":[9.33333,12,9.77778,13.33333],"texture":"#0"},"east":{"uv":[9.77778,12,10.22222,13.33333],"texture":"#0"},"south":{"uv":[10.22222,12,10.66667,13.33333],"texture":"#0"},"west":{"uv":[8.88889,12,9.33333,13.33333],"texture":"#0"},"up":{"uv":[13.33333,3.11111,12.88889,2.66667],"rotation":270,"texture":"#0"},"down":{"uv":[13.77778,0,13.33333,0.44444],"rotation":90,"texture":"#0"}}},{"from":[11.6875,4.75,11.3125],"to":[12.6875,7.75,12.3125],"rotation":{"angle":-45,"axis":"y","origin":[8,3.1875,7.8125]},"faces":{"north":{"uv":[9.77778,12,9.33333,13.33333],"texture":"#0"},"east":{"uv":[9.33333,12,8.88889,13.33333],"texture":"#0"},"south":{"uv":[10.66667,12,10.22222,13.33333],"texture":"#0"},"west":{"uv":[10.22222,12,9.77778,13.33333],"texture":"#0"},"up":{"uv":[13.33333,2.66667,12.88889,3.11111],"rotation":270,"texture":"#0"},"down":{"uv":[13.77778,0.44444,13.33333,0],"rotation":90,"texture":"#0"}}},{"from":[4.6875,6.75,11.3125],"to":[11.6875,7.75,12.3125],"rotation":{"angle":-45,"axis":"y","origin":[8,3.1875,7.8125]},"faces":{"north":{"uv":[8,11.55556,11.11111,12],"texture":"#0"},"south":{"uv":[11.11111,11.55556,14.22222,12],"texture":"#0"},"up":{"uv":[0.44444,15.11111,0,12],"rotation":270,"texture":"#0"},"down":{"uv":[12.44444,0,12,3.11111],"rotation":90,"texture":"#0"}}},{"from":[3.6875,4.75,3.3125],"to":[4.6875,7.75,4.3125],"rotation":{"angle":-45,"axis":"y","origin":[8,3.1875,7.8125]},"faces":{"north":{"uv":[10.66667,12,10.22222,13.33333],"texture":"#0"},"east":{"uv":[10.22222,12,9.77778,13.33333],"texture":"#0"},"south":{"uv":[9.77778,12,9.33333,13.33333],"texture":"#0"},"west":{"uv":[9.33333,12,8.88889,13.33333],"texture":"#0"},"up":{"uv":[12.88889,3.11111,13.33333,2.66667],"rotation":270,"texture":"#0"},"down":{"uv":[13.33333,0,13.77778,0.44444],"rotation":90,"texture":"#0"}}},{"from":[3.6875,6.75,4.3125],"to":[4.6875,7.75,5.3125],"rotation":{"angle":-45,"axis":"y","origin":[8,3.1875,7.8125]},"faces":{"east":{"uv":[1.33333,13.33333,0.88889,13.77778],"texture":"#0"},"south":{"uv":[13.77778,0.44444,13.33333,0.88889],"texture":"#0"},"west":{"uv":[0.88889,13.33333,0.44444,13.77778],"texture":"#0"},"up":{"uv":[13.33333,1.33333,13.77778,0.88889],"rotation":270,"texture":"#0"},"down":{"uv":[1.33333,13.33333,1.77778,13.77778],"rotation":90,"texture":"#0"}}},{"from":[4.6875,6.75,3.3125],"to":[11.6875,7.75,4.3125],"rotation":{"angle":-45,"axis":"y","origin":[8,3.1875,7.8125]},"faces":{"north":{"uv":[14.22222,11.55556,11.11111,12],"texture":"#0"},"south":{"uv":[11.11111,11.55556,8,12],"texture":"#0"},"up":{"uv":[0,15.11111,0.44444,12],"rotation":270,"texture":"#0"},"down":{"uv":[12,0,12.44444,3.11111],"rotation":90,"texture":"#0"}}},{"from":[11.6875,4.75,3.3125],"to":[12.6875,7.75,4.3125],"rotation":{"angle":-45,"axis":"y","origin":[8,3.1875,7.8125]},"faces":{"north":{"uv":[10.22222,12,10.66667,13.33333],"texture":"#0"},"east":{"uv":[8.88889,12,9.33333,13.33333],"texture":"#0"},"south":{"uv":[9.33333,12,9.77778,13.33333],"texture":"#0"},"west":{"uv":[9.77778,12,10.22222,13.33333],"texture":"#0"},"up":{"uv":[12.88889,2.66667,13.33333,3.11111],"rotation":270,"texture":"#0"},"down":{"uv":[13.33333,0.44444,13.77778,0],"rotation":90,"texture":"#0"}}},{"from":[11.6875,6.75,4.3125],"to":[12.6875,7.75,5.3125],"rotation":{"angle":-45,"axis":"y","origin":[8,3.1875,7.8125]},"faces":{"east":{"uv":[0.44444,13.33333,0.88889,13.77778],"texture":"#0"},"south":{"uv":[13.33333,0.44444,13.77778,0.88889],"texture":"#0"},"west":{"uv":[0.88889,13.33333,1.33333,13.77778],"texture":"#0"},"up":{"uv":[13.33333,0.88889,13.77778,1.33333],"rotation":270,"texture":"#0"},"down":{"uv":[1.33333,13.77778,1.77778,13.33333],"rotation":90,"texture":"#0"}}},{"from":[3.6875,1.25,11.3125],"to":[4.6875,4.75,12.3125],"rotation":{"angle":-45,"axis":"y","origin":[8,5.1875,7.8125]},"faces":{"north":{"uv":[7.55556,12,8,13.55556],"texture":"#0"},"east":{"uv":[8,12,8.44444,13.55556],"texture":"#0"},"south":{"uv":[8.44444,12,8.88889,13.55556],"texture":"#0"},"west":{"uv":[7.11111,12,7.55556,13.55556],"texture":"#0"},"up":{"uv":[12.88889,3.11111,12.44444,2.66667],"rotation":270,"texture":"#0"}}},{"from":[3.6875,1.25,3.3125],"to":[4.6875,4.75,4.3125],"rotation":{"angle":-45,"axis":"y","origin":[8,5.1875,7.8125]},"faces":{"north":{"uv":[8.88889,12,8.44444,13.55556],"texture":"#0"},"east":{"uv":[8.44444,12,8,13.55556],"texture":"#0"},"south":{"uv":[8,12,7.55556,13.55556],"texture":"#0"},"west":{"uv":[7.55556,12,7.11111,13.55556],"texture":"#0"},"up":{"uv":[12.44444,3.11111,12.88889,2.66667],"rotation":270,"texture":"#0"}}},{"from":[3.1875,0,2.8125],"to":[4.6875,1.25,4.3125],"rotation":{"angle":-45,"axis":"y","origin":[8,5.1875,7.8125]},"faces":{"north":{"uv":[13.11111,12.44444,12.44444,13],"texture":"#0"},"east":{"uv":[12.22222,12.44444,11.55556,13],"texture":"#0"},"south":{"uv":[11.33333,12.44444,10.66667,13],"texture":"#0"},"west":{"uv":[13.11111,1.77778,12.44444,2.33333],"texture":"#0"},"up":{"uv":[12.44444,0.66667,13.11111,0],"rotation":270,"texture":"#0"},"down":{"uv":[12.44444,0.88889,13.11111,1.55556],"rotation":90,"texture":"#0"}}},{"from":[11.6875,1.25,3.3125],"to":[12.6875,4.75,4.3125],"rotation":{"angle":-45,"axis":"y","origin":[8,5.1875,7.8125]},"faces":{"north":{"uv":[8.44444,12,8.88889,13.55556],"texture":"#0"},"east":{"uv":[7.11111,12,7.55556,13.55556],"texture":"#0"},"south":{"uv":[7.55556,12,8,13.55556],"texture":"#0"},"west":{"uv":[8,12,8.44444,13.55556],"texture":"#0"},"up":{"uv":[12.44444,2.66667,12.88889,3.11111],"rotation":270,"texture":"#0"}}},{"from":[11.6875,0,2.8125],"to":[13.1875,1.25,4.3125],"rotation":{"angle":-45,"axis":"y","origin":[8,5.1875,7.8125]},"faces":{"north":{"uv":[12.44444,12.44444,13.11111,13],"texture":"#0"},"east":{"uv":[12.44444,1.77778,13.11111,2.33333],"texture":"#0"},"south":{"uv":[10.66667,12.44444,11.33333,13],"texture":"#0"},"west":{"uv":[11.55556,12.44444,12.22222,13],"texture":"#0"},"up":{"uv":[12.44444,0,13.11111,0.66667],"rotation":270,"texture":"#0"},"down":{"uv":[12.44444,1.55556,13.11111,0.88889],"rotation":90,"texture":"#0"}}},{"from":[11.6875,1.25,11.3125],"to":[12.6875,4.75,12.3125],"rotation":{"angle":-45,"axis":"y","origin":[8,5.1875,7.8125]},"faces":{"north":{"uv":[8,12,7.55556,13.55556],"texture":"#0"},"east":{"uv":[7.55556,12,7.11111,13.55556],"texture":"#0"},"south":{"uv":[8.88889,12,8.44444,13.55556],"texture":"#0"},"west":{"uv":[8.44444,12,8,13.55556],"texture":"#0"},"up":{"uv":[12.88889,2.66667,12.44444,3.11111],"rotation":270,"texture":"#0"}}},{"from":[11.6875,0,11.3125],"to":[13.1875,1.25,12.8125],"rotation":{"angle":-45,"axis":"y","origin":[8,5.1875,7.8125]},"faces":{"north":{"uv":[11.33333,12.44444,10.66667,13],"texture":"#0"},"east":{"uv":[13.11111,1.77778,12.44444,2.33333],"texture":"#0"},"south":{"uv":[13.11111,12.44444,12.44444,13],"texture":"#0"},"west":{"uv":[12.22222,12.44444,11.55556,13],"texture":"#0"},"up":{"uv":[13.11111,0,12.44444,0.66667],"rotation":270,"texture":"#0"},"down":{"uv":[13.11111,1.55556,12.44444,0.88889],"rotation":90,"texture":"#0"}}},{"from":[3.9375,0.5,3.5625],"to":[12.4375,1.5,12.0625],"rotation":{"angle":-45,"axis":"y","origin":[8,5.1875,7.8125]},"faces":{"north":{"uv":[11.11111,8,14.88889,8.44444],"texture":"#0"},"east":{"uv":[11.11111,8.44444,14.88889,8.88889],"texture":"#0"},"south":{"uv":[11.11111,8.88889,14.88889,9.33333],"texture":"#0"},"west":{"uv":[8,7.55556,11.77778,8],"texture":"#0"},"up":{"uv":[3.77778,3.77778,0,0],"rotation":270,"texture":"#0"},"down":{"uv":[3.77778,4,0,7.77778],"rotation":90,"texture":"#0"}}},{"from":[3.9375,3.5,3.5625],"to":[12.4375,4.5,12.0625],"rotation":{"angle":-45,"axis":"y","origin":[8,5.1875,7.8125]},"faces":{"north":{"uv":[11.11111,9.77778,14.88889,10.22222],"texture":"#0"},"east":{"uv":[11.11111,10.22222,14.88889,10.66667],"texture":"#0"},"south":{"uv":[11.11111,10.66667,14.88889,11.11111],"texture":"#0"},"west":{"uv":[11.11111,9.33333,14.88889,9.77778],"texture":"#0"},"up":{"uv":[7.77778,3.77778,4,0],"rotation":270,"texture":"#0"},"down":{"uv":[7.77778,4,4,7.77778],"rotation":90,"texture":"#0"}}},{"from":[3.9375,4.5,3.5625],"to":[12.4375,5.5,12.0625],"rotation":{"angle":-45,"axis":"y","origin":[8,3.1875,7.8125]},"faces":{"north":{"uv":[4,11.55556,7.77778,12],"texture":"#0"},"east":{"uv":[11.55556,6.66667,15.33333,7.11111],"texture":"#0"},"south":{"uv":[11.55556,7.11111,15.33333,7.55556],"texture":"#0"},"west":{"uv":[11.11111,11.11111,14.88889,11.55556],"texture":"#0"},"up":{"uv":[3.77778,11.77778,0,8],"rotation":270,"texture":"#0"},"down":{"uv":[11.77778,0,8,3.77778],"rotation":90,"texture":"#0"}}},{"from":[4.4375,5.5,4.0625],"to":[11.9375,7.5,11.5625],"rotation":{"angle":-45,"axis":"y","origin":[8,3.1875,7.8125]},"faces":{"north":{"uv":[10.66667,4.88889,14,5.77778],"texture":"#0"},"east":{"uv":[10.66667,5.77778,14,6.66667],"texture":"#0"},"south":{"uv":[7.55556,10.66667,10.88889,11.55556],"texture":"#0"},"west":{"uv":[10.66667,4,14,4.88889],"texture":"#0"},"up":{"uv":[7.33333,11.33333,4,8],"rotation":270,"texture":"#0"}}},{"from":[5.4375,7.5,5.0625],"to":[10.9375,8,10.5625],"rotation":{"angle":-45,"axis":"y","origin":[8,3.1875,7.8125]},"faces":{"north":{"uv":[12,3.55556,14.44444,3.77778],"texture":"#0"},"east":{"uv":[12,7.55556,14.44444,7.77778],"texture":"#0"},"south":{"uv":[10.66667,12,13.11111,12.22222],"texture":"#0"},"west":{"uv":[12,3.11111,14.44444,3.33333],"texture":"#0"},"up":{"uv":[10.44444,6.44444,8,4],"rotation":270,"texture":"#0"}}},{"from":[4.4375,1.5,4.0625],"to":[11.9375,3.5,11.5625],"rotation":{"angle":-45,"axis":"y","origin":[8,5.1875,7.8125]},"faces":{"north":{"uv":[7.55556,8,10.88889,8.88889],"texture":"#0"},"east":{"uv":[7.55556,8.88889,10.88889,9.77778],"texture":"#0"},"south":{"uv":[7.55556,9.77778,10.88889,10.66667],"texture":"#0"},"west":{"uv":[8,6.66667,11.33333,7.55556],"texture":"#0"}}},{"from":[2.4375,2,6.5625],"to":[4.6875,4.5,9.0625],"rotation":{"angle":-45,"axis":"y","origin":[8,5.1875,7.8125]},"faces":{"north":{"uv":[1.77778,12,2.77778,13.11111],"texture":"#0"},"south":{"uv":[3.11111,12,4.11111,13.11111],"texture":"#0"},"west":{"uv":[0.44444,12,1.55556,13.11111],"texture":"#0"},"up":{"uv":[5.55556,13,4.44444,12],"rotation":270,"texture":"#0"},"down":{"uv":[6.88889,12,5.77778,13],"rotation":90,"texture":"#0"}}},{"from":[-2.9529,2.44328,7.985],"to":[0.5471,5.44328,8.015],"rotation":{"angle":22.5,"axis":"z","origin":[-0.2029,3.44328,8]},"faces":{"north":{"uv":[7,6.00179,0,0],"rotation":180,"texture":"#1"},"south":{"uv":[0,6.00179,7,0],"rotation":180,"texture":"#1"}}},{"from":[0.5471,0.44328,7.75],"to":[1.0471,5.44328,8.25],"rotation":{"angle":22.5,"axis":"z","origin":[-0.2029,3.44328,8]},"faces":{"north":{"uv":[11.00357,10.00714,12.00179,0],"rotation":180,"texture":"#1"},"east":{"uv":[9.00357,10.00714,10.00179,0],"rotation":180,"texture":"#1"},"south":{"uv":[15.00179,10.00714,16,0],"rotation":180,"texture":"#1"},"west":{"uv":[13.00357,10.00714,14.00179,0],"rotation":180,"texture":"#1"},"up":{"uv":[8.50179,0,7.50357,1.00714],"rotation":270,"texture":"#1"}}},{"from":[15.4529,2.44328,7.985],"to":[18.9529,5.44328,8.015],"rotation":{"angle":-22.5,"axis":"z","origin":[16.2029,3.44328,8]},"faces":{"north":{"uv":[0,6.00179,7,0],"rotation":180,"texture":"#1"},"south":{"uv":[7,6.00179,0,0],"rotation":180,"texture":"#1"}}},{"from":[14.9529,0.44328,7.75],"to":[15.4529,5.44328,8.25],"rotation":{"angle":-22.5,"axis":"z","origin":[16.2029,3.44328,8]},"faces":{"north":{"uv":[12.00179,10.00714,11.00357,0],"rotation":180,"texture":"#1"},"east":{"uv":[14.00179,10.00714,13.00357,0],"rotation":180,"texture":"#1"},"south":{"uv":[16,10.00714,15.00179,0],"rotation":180,"texture":"#1"},"west":{"uv":[10.00179,10.00714,9.00357,0],"rotation":180,"texture":"#1"},"up":{"uv":[8.50179,1.00714,7.50357,0],"rotation":270,"texture":"#1"}}},{"from":[7.985,5.58239,14.82849],"to":[8.015,8.58239,18.32849],"rotation":{"angle":22.5,"axis":"x","origin":[8,3.44328,8]},"faces":{"east":{"uv":[0,6.00179,7,0],"rotation":180,"texture":"#1"},"west":{"uv":[7,6.00179,0,0],"rotation":180,"texture":"#1"}}},{"from":[7.75,3.58239,14.32849],"to":[8.25,8.58239,14.82849],"rotation":{"angle":22.5,"axis":"x","origin":[8,3.44328,8]},"faces":{"north":{"uv":[10.00179,10.00714,9.00357,0],"rotation":180,"texture":"#1"},"east":{"uv":[12.00179,10.00714,11.00357,0],"rotation":180,"texture":"#1"},"south":{"uv":[14.00179,10.00714,13.00357,0],"rotation":180,"texture":"#1"},"west":{"uv":[16,10.00714,15.00179,0],"rotation":180,"texture":"#1"},"up":{"uv":[8.50179,1.00714,7.50357,0],"texture":"#1"}}},{"from":[7.985,5.58239,-2.32849],"to":[8.015,8.58239,1.17151],"rotation":{"angle":-22.5,"axis":"x","origin":[8,3.44328,8]},"faces":{"east":{"uv":[7,6.00179,0,0],"rotation":180,"texture":"#1"},"west":{"uv":[0,6.00179,7,0],"rotation":180,"texture":"#1"}}},{"from":[7.75,3.58239,1.17151],"to":[8.25,8.58239,1.67151],"rotation":{"angle":-22.5,"axis":"x","origin":[8,3.44328,8]},"faces":{"north":{"uv":[13.00357,10.00714,14.00179,0],"rotation":180,"texture":"#1"},"east":{"uv":[11.00357,10.00714,12.00179,0],"rotation":180,"texture":"#1"},"south":{"uv":[9.00357,10.00714,10.00179,0],"rotation":180,"texture":"#1"},"west":{"uv":[15.00179,10.00714,16,0],"rotation":180,"texture":"#1"},"up":{"uv":[8.50179,0,7.50357,1.00714],"texture":"#1"}}},{"from":[3.27122,4.5,2.06748],"to":[3.27122,8.75,6.31748],"rotation":{"angle":-45,"axis":"y","origin":[3.27122,9.875,6.44248]},"faces":{"west":{"uv":[0,0,5.66667,5.66667],"texture":"#2"}}},{"from":[5.65333,8.73385,2.29966],"to":[8.90333,11.98385,2.29966],"rotation":{"angle":-22.5,"axis":"z","origin":[5.875,7.74908,2.17466]},"faces":{"north":{"uv":[0,6.66667,4.33333,11],"texture":"#2"}}},{"from":[2.75,7.8348,7.53249],"to":[2.75,10.0848,9.78249],"rotation":{"angle":22.5,"axis":"x","origin":[2.75,8.9598,8.65749]},"faces":{"west":{"uv":[6.66667,0,9.66667,3],"texture":"#2"}}}],"gui_light":"front","display":{"thirdperson_righthand":{"rotation":[64.75,-45,0],"translation":[0,4.5,4],"scale":[0.7,0.7,0.7]},"thirdperson_lefthand":{"rotation":[64.75,45,0],"translation":[0,4.5,4],"scale":[0.7,0.7,0.7]},"firstperson_righthand":{"rotation":[162.5,45,-180],"translation":[-1.25,5,1],"scale":[0.5,0.5,0.5]},"firstperson_lefthand":{"rotation":[162.5,-45,-180],"translation":[-1.25,5,1],"scale":[0.5,0.5,0.5]},"ground":{"translation":[0,5,0],"scale":[0.7,0.7,0.7]},"gui":{"rotation":[35,90,0],"translation":[0,3.5,0]},"head":{"rotation":[0,135,0],"translation":[0,-27.25,0],"scale":[2,2,2]},"fixed":{"rotation":[-90,-45,0],"translation":[-0.25,-0.2,-19.1],"scale":[2.4,2.4,2.4]}}}