{"credit":"Polygony Creation Co.,Ltd.","texture_size":[12,12],"textures":{"1":"independence_dayset:american_flag","2":"independence_dayset:hammer","3":"independence_dayset:animations/star_animation","particle":"independence_dayset:hammer"},"elements":[{"from":[7.25,1.5,7.25],"to":[8.75,2,8.75],"rotation":{"angle":0,"axis":"y","origin":[8,2,8]},"faces":{"north":{"uv":[10.66667,2.66667,11.66667,3],"texture":"#2"},"east":{"uv":[14,0,15,0.33333],"texture":"#2"},"south":{"uv":[14,0.66667,15,1],"texture":"#2"},"west":{"uv":[2,14,3,14.33333],"texture":"#2"},"up":{"uv":[13.66667,1,12.66667,0],"texture":"#2"},"down":{"uv":[1.66667,12.66667,0.66667,13.66667],"texture":"#2"}}},{"from":[7.25,8.25,7.25],"to":[8.75,8.75,8.75],"rotation":{"angle":0,"axis":"y","origin":[8,8.75,8]},"faces":{"north":{"uv":[6.66667,14,7.66667,14.33333],"texture":"#2"},"east":{"uv":[9.33333,14,10.33333,14.33333],"texture":"#2"},"south":{"uv":[14,12,15,12.33333],"texture":"#2"},"west":{"uv":[14,12.66667,15,13],"texture":"#2"},"up":{"uv":[3,13.66667,2,12.66667],"texture":"#2"},"down":{"uv":[7.66667,12.66667,6.66667,13.66667],"texture":"#2"}}},{"from":[7.25,3,7.25],"to":[8.75,3.5,8.75],"rotation":{"angle":0,"axis":"y","origin":[8,3.5,8]},"faces":{"north":{"uv":[6.66667,14,7.66667,14.33333],"texture":"#2"},"east":{"uv":[9.33333,14,10.33333,14.33333],"texture":"#2"},"south":{"uv":[14,12,15,12.33333],"texture":"#2"},"west":{"uv":[14,12.66667,15,13],"texture":"#2"},"up":{"uv":[3,13.66667,2,12.66667],"texture":"#2"},"down":{"uv":[7.66667,12.66667,6.66667,13.66667],"texture":"#2"}}},{"from":[7.25,13.25,7.25],"to":[8.75,13.75,8.75],"rotation":{"angle":0,"axis":"y","origin":[8,13.75,8]},"faces":{"north":{"uv":[6.66667,14,7.66667,14.33333],"texture":"#2"},"east":{"uv":[9.33333,14,10.33333,14.33333],"texture":"#2"},"south":{"uv":[14,12,15,12.33333],"texture":"#2"},"west":{"uv":[14,12.66667,15,13],"texture":"#2"},"up":{"uv":[3,13.66667,2,12.66667],"texture":"#2"},"down":{"uv":[7.66667,12.66667,6.66667,13.66667],"texture":"#2"}}},{"from":[7.25,20.25,7.25],"to":[8.75,20.75,8.75],"rotation":{"angle":0,"axis":"y","origin":[8,20.75,8]},"faces":{"north":{"uv":[6.66667,14,7.66667,14.33333],"texture":"#2"},"east":{"uv":[9.33333,14,10.33333,14.33333],"texture":"#2"},"south":{"uv":[14,12,15,12.33333],"texture":"#2"},"west":{"uv":[14,12.66667,15,13],"texture":"#2"},"up":{"uv":[3,13.66667,2,12.66667],"texture":"#2"},"down":{"uv":[7.66667,12.66667,6.66667,13.66667],"texture":"#2"}}},{"from":[7.5,2,7.5],"to":[8.5,3,8.5],"rotation":{"angle":0,"axis":"y","origin":[8,2.5,8]},"faces":{"north":{"uv":[4,2,4.66667,2.66667],"texture":"#2"},"east":{"uv":[4,2.66667,4.66667,3.33333],"texture":"#2"},"south":{"uv":[2,6.66667,2.66667,7.33333],"texture":"#2"},"west":{"uv":[4,7.33333,4.66667,8],"texture":"#2"}}},{"from":[7.25,10.25,7.25],"to":[8.75,11.75,8.75],"rotation":{"angle":-45,"axis":"x","origin":[8,11,8]},"faces":{"north":{"uv":[9.33333,12.66667,10.33333,13.66667],"texture":"#2"},"east":{"uv":[12.66667,12,13.66667,13],"texture":"#2"},"south":{"uv":[13.33333,1.33333,14.33333,2.33333],"texture":"#2"},"west":{"uv":[13.33333,2.66667,14.33333,3.66667],"texture":"#2"},"up":{"uv":[5,14.33333,4,13.33333],"texture":"#2"},"down":{"uv":[14.33333,4,13.33333,5],"texture":"#2"}}},{"from":[7.15,0.25,7.25],"to":[8.85,1.75,8.75],"rotation":{"angle":-45,"axis":"x","origin":[8,1,8]},"faces":{"north":{"uv":[12,8,13.16667,9],"texture":"#2"},"east":{"uv":[5.33333,13.33333,6.33333,14.33333],"texture":"#2"},"south":{"uv":[12,9.33333,13.16667,10.33333],"texture":"#2"},"west":{"uv":[13.33333,5.33333,14.33333,6.33333],"texture":"#2"},"up":{"uv":[13.16667,11.66667,12,10.66667],"texture":"#2"},"down":{"uv":[12.5,12,11.33333,13],"texture":"#2"}}},{"from":[6.9,0.5,7.5],"to":[9.1,1.5,8.5],"rotation":{"angle":-45,"axis":"x","origin":[8,1,8]},"faces":{"north":{"uv":[13.33333,6.66667,14.83333,7.33333],"texture":"#2"},"east":{"uv":[6,8,6.66667,8.66667],"texture":"#2"},"south":{"uv":[13.33333,7.33333,14.83333,8],"texture":"#2"},"west":{"uv":[6,8.66667,6.66667,9.33333],"texture":"#2"},"up":{"uv":[14.83333,8.66667,13.33333,8],"texture":"#2"},"down":{"uv":[14.83333,8.66667,13.33333,9.33333],"texture":"#2"}}},{"from":[7.5,8.75,7.5],"to":[8.5,13.25,8.5],"rotation":{"angle":45,"axis":"y","origin":[8,9.25,8]},"faces":{"north":{"uv":[6.66667,9.33333,7.33333,12.33333],"texture":"#2"},"east":{"uv":[7.33333,9.33333,8,12.33333],"texture":"#2"},"south":{"uv":[9.33333,8.66667,10,11.66667],"texture":"#2"},"west":{"uv":[0,10,0.66667,13],"texture":"#2"},"up":{"uv":[10,2,9.33333,1.33333],"texture":"#2"},"down":{"uv":[10.66667,1.33333,10,2],"texture":"#2"}}},{"from":[7.6,3.5,7.6],"to":[8.4,8.25,8.4],"rotation":{"angle":45,"axis":"y","origin":[8,4,8]},"faces":{"north":{"uv":[3.33333,11.33333,3.83333,14.5],"texture":"#2"},"east":{"uv":[8,11.33333,8.5,14.5],"texture":"#2"},"south":{"uv":[8.66667,11.33333,9.16667,14.5],"texture":"#2"},"west":{"uv":[11.33333,8.66667,11.83333,11.83333],"texture":"#2"},"up":{"uv":[9.83333,12.5,9.33333,12],"texture":"#2"},"down":{"uv":[11.16667,12.66667,10.66667,13.16667],"texture":"#2"}}},{"from":[7.6,13.75,7.6],"to":[8.4,16.5,8.4],"rotation":{"angle":45,"axis":"y","origin":[8,15.25,8]},"faces":{"north":{"uv":[0,13.33333,0.5,15.16667],"texture":"#2"},"east":{"uv":[12,13.33333,12.5,15.16667],"texture":"#2"},"south":{"uv":[12.66667,13.33333,13.16667,15.16667],"texture":"#2"},"west":{"uv":[13.33333,13.33333,13.83333,15.16667],"texture":"#2"},"up":{"uv":[14.5,13.83333,14,13.33333],"texture":"#2"},"down":{"uv":[14.5,14,14,14.5],"texture":"#2"}}},{"from":[7,20.75,7],"to":[9,22.75,9],"rotation":{"angle":0,"axis":"y","origin":[7,20.75,7]},"faces":{"north":{"uv":[2.66667,10,4,11.33333],"texture":"#2"},"east":{"uv":[10,8.66667,11.33333,10],"texture":"#2"},"south":{"uv":[10,10,11.33333,11.33333],"texture":"#2"},"west":{"uv":[10.66667,1.33333,12,2.66667],"texture":"#2"},"up":{"uv":[12,7.33333,10.66667,6],"texture":"#2"},"down":{"uv":[12.66667,0,11.33333,1.33333],"texture":"#2"}}},{"from":[7.75,22.04328,6.1971],"to":[8.25,27.04328,6.6971],"rotation":{"angle":-22.5,"axis":"x","origin":[8,25.04328,5.4471]},"faces":{"north":{"uv":[13.00357,0,14.00179,10.00714],"texture":"#1"},"east":{"uv":[15.00179,0,16,10.00714],"texture":"#1"},"south":{"uv":[9.00357,0,10.00179,10.00714],"texture":"#1"},"west":{"uv":[11.00357,0,12.00179,10.00714],"texture":"#1"},"up":{"uv":[7.50357,0,8.50179,1.00714],"texture":"#1"},"down":{"uv":[7.50357,3.00714,8.50179,2],"texture":"#1"}}},{"from":[7.985,24.04328,2.6971],"to":[8.015,27.04328,6.1971],"rotation":{"angle":-22.5,"axis":"x","origin":[8,25.04328,5.4471]},"faces":{"east":{"uv":[0,0,7,6.00179],"texture":"#1"},"west":{"uv":[7,0,0,6.00179],"texture":"#1"}}},{"from":[7.985,24.04328,9.8029],"to":[8.015,27.04328,13.3029],"rotation":{"angle":22.5,"axis":"x","origin":[8,25.04328,10.5529]},"faces":{"east":{"uv":[7,0,0,6.00179],"texture":"#1"},"west":{"uv":[0,0,7,6.00179],"texture":"#1"}}},{"from":[7.75,22.04328,9.3029],"to":[8.25,27.04328,9.8029],"rotation":{"angle":22.5,"axis":"x","origin":[8,25.04328,10.5529]},"faces":{"north":{"uv":[10.00179,0,9.00357,10.00714],"texture":"#1"},"east":{"uv":[16,0,15.00179,10.00714],"texture":"#1"},"south":{"uv":[14.00179,0,13.00357,10.00714],"texture":"#1"},"west":{"uv":[12.00179,0,11.00357,10.00714],"texture":"#1"},"up":{"uv":[7.50357,1.00714,8.50179,0],"texture":"#1"},"down":{"uv":[7.50357,2,8.50179,3.00714],"texture":"#1"}}},{"from":[7.04289,16.5,6.75],"to":[8.54289,20.25,8.25],"rotation":{"angle":-45,"axis":"y","origin":[7.29289,16.75,8]},"faces":{"north":{"uv":[8.66667,3.33333,9.66667,5.83333],"texture":"#2"},"east":{"uv":[8,8.66667,9,11.16667],"texture":"#2"},"south":{"uv":[4,9.33333,5,11.83333],"texture":"#2"},"west":{"uv":[5.33333,9.33333,6.33333,11.83333],"texture":"#2"},"up":{"uv":[14.33333,10.33333,13.33333,9.33333],"texture":"#2"},"down":{"uv":[11.66667,13.33333,10.66667,14.33333],"texture":"#2"}}},{"from":[6.5,20,4.75],"to":[9.5,23,7],"rotation":{"angle":0,"axis":"y","origin":[6.5,20,1]},"faces":{"north":{"uv":[2.66667,3.33333,4.66667,5.33333],"texture":"#2"},"east":{"uv":[2.66667,5.33333,4.16667,7.33333],"texture":"#2"},"south":{"uv":[4,0,6,2],"texture":"#2"},"west":{"uv":[6,0,7.5,2],"texture":"#2"},"up":{"uv":[6.66667,7.5,4.66667,6],"texture":"#2"},"down":{"uv":[2,6.66667,0,8.16667],"texture":"#2"}}},{"from":[6.5,18,2.25],"to":[9.5,23,4.25],"rotation":{"angle":0,"axis":"y","origin":[6.5,20,-1.75]},"faces":{"north":{"uv":[0,0,2,3.33333],"texture":"#2"},"east":{"uv":[0,3.33333,1.33333,6.66667],"texture":"#2"},"south":{"uv":[2,0,4,3.33333],"texture":"#2"},"west":{"uv":[1.33333,3.33333,2.66667,6.66667],"texture":"#2"},"up":{"uv":[8.66667,3.33333,6.66667,2],"texture":"#2"},"down":{"uv":[8.66667,3.33333,6.66667,4.66667],"texture":"#2"}}},{"from":[6.4975,16.7088,2.55656],"to":[9.5025,18.7088,4.38456],"rotation":{"angle":-22.5,"axis":"x","origin":[7.9975,17.7088,3.55656]},"faces":{"north":{"uv":[6.66667,4.66667,8.66667,6],"texture":"#2"},"east":{"uv":[0.66667,11.33333,2,12.66667],"texture":"#2"},"south":{"uv":[6.66667,6,8.66667,7.33333],"texture":"#2"},"west":{"uv":[2,11.33333,3.33333,12.66667],"texture":"#2"},"down":{"uv":[4,7.33333,2,8.66667],"texture":"#2"}}},{"from":[6.4975,19.2088,11.51844],"to":[9.5025,20.7088,13.44344],"rotation":{"angle":22.5,"axis":"x","origin":[7.9975,19.7088,12.44344]},"faces":{"north":{"uv":[8.66667,6,10.66667,7],"texture":"#2"},"east":{"uv":[12,2.66667,13.33333,3.66667],"texture":"#2"},"south":{"uv":[9.33333,0,11.33333,1],"texture":"#2"},"west":{"uv":[4,12,5.33333,13],"texture":"#2"},"down":{"uv":[2,8.66667,0,10],"texture":"#2"}}},{"from":[6.4975,22.2912,11.51844],"to":[9.5025,23.7912,13.44344],"rotation":{"angle":-22.5,"axis":"x","origin":[7.9975,23.2912,12.44344]},"faces":{"north":{"uv":[0.66667,10,2.66667,11],"texture":"#2"},"east":{"uv":[12,4,13.33333,5],"texture":"#2"},"south":{"uv":[10,3.33333,12,4.33333],"texture":"#2"},"west":{"uv":[5.33333,12,6.66667,13],"texture":"#2"},"up":{"uv":[4,10,2,8.66667],"texture":"#2"}}},{"from":[6.4975,22.2912,2.55656],"to":[9.5025,23.7912,4.38456],"rotation":{"angle":22.5,"axis":"x","origin":[7.9975,23.2912,3.55656]},"faces":{"north":{"uv":[10,4.66667,12,5.66667],"texture":"#2"},"east":{"uv":[12,5.33333,13.33333,6.33333],"texture":"#2"},"south":{"uv":[10,7.33333,12,8.33333],"texture":"#2"},"west":{"uv":[12,6.66667,13.33333,7.66667],"texture":"#2"},"up":{"uv":[10.66667,3.33333,8.66667,2],"texture":"#2"}}},{"from":[6.75,20.25,4.25],"to":[9.25,22.75,4.75],"rotation":{"angle":0,"axis":"y","origin":[6.5,20,-0.75]},"faces":{"east":{"uv":[0.66667,14,1,15.66667],"texture":"#2"},"west":{"uv":[1.33333,14,1.66667,15.66667],"texture":"#2"},"up":{"uv":[15,11,13.33333,10.66667],"texture":"#2"},"down":{"uv":[15,11.33333,13.33333,11.66667],"texture":"#2"}}},{"from":[6.5,20,9],"to":[9.5,23,11.25],"rotation":{"angle":0,"axis":"y","origin":[6.5,20,15]},"faces":{"north":{"uv":[6,0,4,2],"texture":"#2"},"east":{"uv":[4.16667,5.33333,2.66667,7.33333],"texture":"#2"},"south":{"uv":[4.66667,3.33333,2.66667,5.33333],"texture":"#2"},"west":{"uv":[7.5,0,6,2],"texture":"#2"},"up":{"uv":[6.66667,6,4.66667,7.5],"texture":"#2"},"down":{"uv":[2,8.16667,0,6.66667],"texture":"#2"}}},{"from":[6.75,20.25,11.25],"to":[9.25,22.75,11.75],"rotation":{"angle":0,"axis":"y","origin":[6.5,20,16.75]},"faces":{"east":{"uv":[1,14,0.66667,15.66667],"texture":"#2"},"west":{"uv":[1.66667,14,1.33333,15.66667],"texture":"#2"},"up":{"uv":[15,10.66667,13.33333,11],"texture":"#2"},"down":{"uv":[15,11.66667,13.33333,11.33333],"texture":"#2"}}},{"from":[6.5,20,11.75],"to":[9.5,23,13.75],"rotation":{"angle":0,"axis":"y","origin":[6.5,20,17.75]},"faces":{"north":{"uv":[4.66667,2,6.66667,4],"texture":"#2"},"east":{"uv":[6.66667,7.33333,8,9.33333],"texture":"#2"},"south":{"uv":[4.66667,4,6.66667,6],"texture":"#2"},"west":{"uv":[8,0,9.33333,2],"texture":"#2"},"up":{"uv":[6,9.33333,4,8],"texture":"#2"},"down":{"uv":[10,7.33333,8,8.66667],"texture":"#2"}}},{"from":[7.25,23.25,5],"to":[7.25,26.5,8.25],"rotation":{"angle":-22.5,"axis":"x","origin":[7.25,23.25,5]},"faces":{"west":{"uv":[0,6.66667,4.33333,11],"texture":"#3"}}},{"from":[6,19.5,5.875],"to":[6,23.75,10.125],"rotation":{"angle":0,"axis":"y","origin":[6,19.5,5.875]},"faces":{"west":{"uv":[0,0,5.66667,5.66667],"texture":"#3"}}},{"from":[7.25,23.25,9],"to":[7.25,25.5,11.25],"rotation":{"angle":22.5,"axis":"x","origin":[7.25,23.25,9]},"faces":{"west":{"uv":[6.66667,0,9.66667,3],"texture":"#3"}}},{"from":[8.75,23.25,5],"to":[8.75,26.5,8.25],"rotation":{"angle":-22.5,"axis":"x","origin":[8.75,23.25,5]},"faces":{"east":{"uv":[4.33333,6.66667,0,11],"texture":"#3"}}},{"from":[8.75,23.25,9],"to":[8.75,25.5,11.25],"rotation":{"angle":22.5,"axis":"x","origin":[8.75,23.25,9]},"faces":{"east":{"uv":[9.66667,0,6.66667,3],"texture":"#3"}}},{"from":[10,19.5,5.875],"to":[10,23.75,10.125],"rotation":{"angle":0,"axis":"y","origin":[10,19.5,5.875]},"faces":{"east":{"uv":[5.66667,0,0,5.66667],"texture":"#3"}}}],"gui_light":"front","display":{"thirdperson_righthand":{"translation":[0,-5,1]},"thirdperson_lefthand":{"translation":[0,-5,1]},"firstperson_righthand":{"rotation":[-10,0,0],"translation":[3.75,-7.25,-0.75]},"firstperson_lefthand":{"rotation":[-10,0,0],"translation":[3.75,-7.25,-0.75]},"ground":{"rotation":[-45,0,0],"translation":[0,3,0],"scale":[0.7,0.7,0.7]},"gui":{"rotation":[-90,45,90],"translation":[3.5,-3.5,0],"scale":[0.7,0.7,0.7]},"head":{"rotation":[0,-90,0]},"fixed":{"rotation":[0,-90,0],"translation":[0,-8,-1.5],"scale":[2,2,2]}}}