{"credit":"Polygony Creation Co.,Ltd.","texture_size":[12,12],"textures":{"1":"independence_dayset:hat","2":"independence_dayset:animations/star_animation","particle":"independence_dayset:animations/star_animation"},"elements":[{"from":[2,4.25,2],"to":[14,6.25,14],"rotation":{"angle":0,"axis":"y","origin":[3,4.25,3]},"faces":{"north":{"uv":[1.2,9.6,6,10.4],"texture":"#1"},"south":{"uv":[10,5.6,14.8,6.4],"texture":"#1"},"up":{"uv":[4.8,4.8,0,0],"texture":"#1"},"down":{"uv":[4.8,4.8,0,9.6],"texture":"#1"}}},{"from":[13.42388,4.63268,1.9975],"to":[16.42388,6.78268,14.0025],"rotation":{"angle":22.5,"axis":"z","origin":[14.92388,4.63268,2.9975]},"faces":{"north":{"uv":[6,9.6,7.2,10.4],"texture":"#1"},"east":{"uv":[10,6.4,14.8,7.2],"texture":"#1"},"south":{"uv":[7.2,9.6,8.4,10.4],"texture":"#1"},"up":{"uv":[10,10.4,8.8,5.6],"texture":"#1"},"down":{"uv":[1.2,9.6,0,14.4],"texture":"#1"}}},{"from":[-0.42388,4.63268,1.9975],"to":[2.57612,6.78268,14.0025],"rotation":{"angle":-22.5,"axis":"z","origin":[1.07612,4.63268,2.9975]},"faces":{"north":{"uv":[7.2,9.6,6,10.4],"texture":"#1"},"south":{"uv":[8.4,9.6,7.2,10.4],"texture":"#1"},"west":{"uv":[14.8,6.4,10,7.2],"texture":"#1"},"up":{"uv":[8.8,10.4,10,5.6],"texture":"#1"},"down":{"uv":[0,9.6,1.2,14.4],"texture":"#1"}}},{"from":[3,6.25,3],"to":[13,13.25,13],"rotation":{"angle":0,"axis":"y","origin":[3,6.25,3]},"faces":{"north":{"uv":[4.8,4,8.8,6.8],"texture":"#1"},"east":{"uv":[4.8,6.8,8.8,9.6],"texture":"#1"},"south":{"uv":[8.8,0,12.8,2.8],"texture":"#1"},"west":{"uv":[8.8,2.8,12.8,5.6],"texture":"#1"},"up":{"uv":[8.8,4,4.8,0],"texture":"#1"}}},{"from":[9.7048,10.10055,2.575],"to":[14.9048,15.30055,2.575],"rotation":{"angle":-22.5,"axis":"z","origin":[14.9048,10.10055,2.575]},"faces":{"north":{"uv":[0,6.66667,4.33333,11],"texture":"#2"}}},{"from":[4.7048,8.35055,2.175],"to":[11.5048,15.15055,2.175],"rotation":{"angle":0,"axis":"y","origin":[11.5048,8.35055,2.175]},"faces":{"north":{"uv":[0,0,5.66667,5.66667],"texture":"#2"}}},{"from":[1.9048,12.10055,2.575],"to":[5.5048,15.70055,2.575],"rotation":{"angle":22.5,"axis":"z","origin":[5.5048,12.10055,2.575]},"faces":{"north":{"uv":[6.66667,0,9.66667,3],"texture":"#2"}}}],"gui_light":"front","display":{"thirdperson_righthand":{"rotation":[72,0,0],"translation":[0,3.25,1.75],"scale":[0.7,0.7,0.7]},"thirdperson_lefthand":{"rotation":[72,0,0],"translation":[0,3.25,1.75],"scale":[0.7,0.7,0.7]},"firstperson_righthand":{"rotation":[17,0,0],"translation":[3,2.75,0],"scale":[0.7,0.7,0.7]},"firstperson_lefthand":{"rotation":[17,0,0],"translation":[3,2.75,0],"scale":[0.7,0.7,0.7]},"ground":{"translation":[0,3,0],"scale":[0.7,0.7,0.7]},"gui":{"rotation":[30,-45,0],"scale":[0.8,0.8,0.8]},"head":{"rotation":[14.5,0,0],"translation":[0,4.75,0.25],"scale":[1.6,1.6,1.6]},"fixed":{"rotation":[-90,0,0],"translation":[0,0,-8.5],"scale":[2,2,2]}}}