{"sources":[{"type":"single","resource":"independence_dayset:pickaxe"},{"type":"single","resource":"infernoset:trident"},{"type":"single","resource":"infernoset:wings"},{"type":"single","resource":"spartan_set:animations/staft_light"},{"type":"single","resource":"independence_dayset:hammer"},{"type":"single","resource":"infernoset:bow"},{"type":"single","resource":"spartan_set:bow"},{"type":"single","resource":"independence_dayset:armor/independence_day_leggings_icon"},{"type":"single","resource":"_iainternal:icons/icon_left_blue"},{"type":"single","resource":"summer_furnitures:elephant_plant_leaves"},{"type":"single","resource":"independence_dayset:greatsword"},{"type":"single","resource":"independence_dayset:armor/independence_day_helmet_icon"},{"type":"single","resource":"summer_furnitures:licorn_buoy"},{"type":"single","resource":"summer_furnitures:duck_buoy"},{"type":"single","resource":"spartan_set:armor/spartan_boots_icon"},{"type":"single","resource":"spartan_set:armor/spartan_helmet_icon"},{"type":"single","resource":"spartan_set:helmet"},{"type":"single","resource":"infernoset:shield"},{"type":"single","resource":"_iainternal:icons/icon_next_orange"},{"type":"single","resource":"spartan_set:pickaxe"},{"type":"single","resource":"summer_furnitures:starfish_pink"},{"type":"single","resource":"independence_dayset:hat"},{"type":"single","resource":"spartan_set:shield"},{"type":"single","resource":"summer_furnitures:straw_parasol"},{"type":"single","resource":"summer_furnitures:brown_shell"},{"type":"single","resource":"summer_furnitures:pink_shell"},{"type":"single","resource":"summer_furnitures:elephant_plant_stem"},{"type":"single","resource":"spartan_set:axe"},{"type":"single","resource":"infernoset:backpack"},{"type":"single","resource":"summer_furnitures:wicker"},{"type":"single","resource":"spartan_set:fishing_rod"},{"type":"single","resource":"spartan_set:cape"},{"type":"single","resource":"summer_furnitures:starfish_orange"},{"type":"single","resource":"independence_dayset:hoe"},{"type":"single","resource":"summer_furnitures:green_shell"},{"type":"single","resource":"infernoset:crossbow"},{"type":"single","resource":"summer_furnitures:starfish_obbergine"},{"type":"single","resource":"_iainternal:icons/icon_cancel"},{"type":"single","resource":"summer_furnitures:coconut_drink"},{"type":"single","resource":"spartan_set:hammer"},{"type":"single","resource":"spartan_set:armor/spartan_leggings_icon"},{"type":"single","resource":"_iainternal:icons/icon_arrow_chest"},{"type":"single","resource":"infernoset:armor/inferno_boots_icon"},{"type":"single","resource":"summer_furnitures:pink_flamingo_buoy"},{"type":"single","resource":"infernoset:crossbow_firework"},{"type":"single","resource":"spartan_set:shovel"},{"type":"single","resource":"summer_furnitures:orange_juce"},{"type":"single","resource":"independence_dayset:trident"},{"type":"single","resource":"independence_dayset:key"},{"type":"single","resource":"summer_furnitures:sand_toy"},{"type":"single","resource":"spartan_set:hoe"},{"type":"single","resource":"summer_furnitures:wicker_sofa"},{"type":"single","resource":"independence_dayset:wings"},{"type":"single","resource":"summer_furnitures:epave"},{"type":"single","resource":"independence_dayset:sword"},{"type":"single","resource":"spartan_set:crossbow"},{"type":"single","resource":"independence_dayset:staff"},{"type":"single","resource":"spartan_set:chest"},{"type":"single","resource":"independence_dayset:armor/independence_day_chestplate_icon"},{"type":"single","resource":"infernoset:knife"},{"type":"single","resource":"spartan_set:trident"},{"type":"single","resource":"independence_dayset:spear"},{"type":"single","resource":"summer_furnitures:blue_shell"},{"type":"single","resource":"summer_furnitures:starfish_cyan"},{"type":"single","resource":"infernoset:animations/animations_3"},{"type":"single","resource":"infernoset:animations/animations_4"},{"type":"single","resource":"infernoset:animations/animations_2"},{"type":"single","resource":"summer_furnitures:turtle_buoy"},{"type":"single","resource":"summer_furnitures:tikitorch"},{"type":"single","resource":"spartan_set:key"},{"type":"single","resource":"spartan_set:sword"},{"type":"single","resource":"infernoset:armor/inferno_helmet_icon"},{"type":"single","resource":"infernoset:key"},{"type":"single","resource":"infernoset:fishing_rod"},{"type":"single","resource":"independence_dayset:chest"},{"type":"single","resource":"spartan_set:animations/animation_1"},{"type":"single","resource":"independence_dayset:axe"},{"type":"single","resource":"independence_dayset:backpack"},{"type":"single","resource":"infernoset:pickaxe"},{"type":"single","resource":"summer_furnitures:lounge_chair"},{"type":"single","resource":"spartan_set:scythe"},{"type":"single","resource":"infernoset:crossbow_2"},{"type":"single","resource":"spartan_set:spear"},{"type":"single","resource":"summer_furnitures:starfish_mauve"},{"type":"single","resource":"infernoset:crossbow_1"},{"type":"single","resource":"infernoset:scythe"},{"type":"single","resource":"infernoset:armor/inferno_leggings_icon"},{"type":"single","resource":"spartan_set:staff"},{"type":"single","resource":"independence_dayset:shovel"},{"type":"single","resource":"independence_dayset:crossbow"},{"type":"single","resource":"infernoset:armor/inferno_chestplate_icon"},{"type":"single","resource":"summer_furnitures:parasol_fabric"},{"type":"single","resource":"summer_furnitures:tropical_plante"},{"type":"single","resource":"summer_furnitures:palm_tree"},{"type":"single","resource":"infernoset:axe"},{"type":"single","resource":"summer_furnitures:starfish_blue"},{"type":"single","resource":"infernoset:chest"},{"type":"single","resource":"spartan_set:knife"},{"type":"single","resource":"infernoset:helmet"},{"type":"single","resource":"infernoset:staff"},{"type":"single","resource":"summer_furnitures:sand_castle"},{"type":"single","resource":"_iainternal:icons/icon_back_orange"},{"type":"single","resource":"independence_dayset:bow"},{"type":"single","resource":"infernoset:spear"},{"type":"single","resource":"infernoset:fishing_rod_cast"},{"type":"single","resource":"infernoset:hammer"},{"type":"single","resource":"infernoset:sword"},{"type":"single","resource":"_iainternal:icons/icon_search"},{"type":"single","resource":"_iainternal:icons/icon_right_blue"},{"type":"single","resource":"infernoset:bow_1"},{"type":"single","resource":"infernoset:bow_2"},{"type":"single","resource":"summer_furnitures:mini_torch"},{"type":"single","resource":"summer_furnitures:fire_anim"},{"type":"single","resource":"independence_dayset:animations/star_animation"},{"type":"single","resource":"summer_furnitures:chaire_fabric"},{"type":"single","resource":"independence_dayset:american_flag"},{"type":"single","resource":"independence_dayset:armor/independence_day_boots_icon"},{"type":"single","resource":"infernoset:shovel"},{"type":"single","resource":"summer_furnitures:tiki_bar"},{"type":"single","resource":"spartan_set:armor/spartan_chestplate_icon"},{"type":"single","resource":"independence_dayset:fishing_rod"},{"type":"single","resource":"infernoset:hoe"},{"type":"single","resource":"independence_dayset:scythe"},{"type":"single","resource":"independence_dayset:shield"}]}