{"textures":{"0":"modelengine:entity/nm_shark_great_white_texture","particle":"#0"},"elements":[{"from":[0.49479628,2.2447963,12.0],"to":[1.4947963,5.7447963,15.0],"faces":{"east":{"uv":[5.25,9.75,4.5,10.625],"tintindex":0,"rotation":0,"texture":"#0"},"south":{"uv":[4.25,10.625,4.0,11.5],"tintindex":0,"rotation":0,"texture":"#0"},"north":{"uv":[4.0,10.625,3.75,11.5],"tintindex":0,"rotation":0,"texture":"#0"},"west":{"uv":[4.5,9.75,3.75,10.625],"tintindex":0,"rotation":0,"texture":"#0"},"up":{"uv":[4.25,11.375,4.5,10.625],"tintindex":0,"rotation":0,"texture":"#0"},"down":{"uv":[4.5,10.625,4.75,11.375],"tintindex":0,"rotation":0,"texture":"#0"}},"rotation":{"origin":[0.9947963,0.9947963,24.0],"angle":-45.0,"axis":"z"}},{"from":[5.0,6.0,-3.0],"to":[5.0,7.0,-2.0],"faces":{"east":{"uv":[7.25,10.75,7.5,11.0],"tintindex":0,"rotation":0,"texture":"#0"},"west":{"uv":[10.75,7.25,11.0,7.5],"tintindex":0,"rotation":0,"texture":"#0"}}},{"from":[11.0,6.0,-7.5],"to":[11.0,7.0,-6.5],"faces":{"east":{"uv":[10.625,5.5,10.875,5.75],"tintindex":0,"rotation":0,"texture":"#0"},"west":{"uv":[10.625,5.75,10.875,6.0],"tintindex":0,"rotation":0,"texture":"#0"}}},{"from":[14.505203,2.2447963,12.0],"to":[15.505203,5.7447963,15.0],"faces":{"east":{"uv":[3.75,9.75,4.5,10.625],"tintindex":0,"rotation":0,"texture":"#0"},"south":{"uv":[4.0,10.625,4.25,11.5],"tintindex":0,"rotation":0,"texture":"#0"},"north":{"uv":[3.75,10.625,4.0,11.5],"tintindex":0,"rotation":0,"texture":"#0"},"west":{"uv":[4.5,9.75,5.25,10.625],"tintindex":0,"rotation":0,"texture":"#0"},"up":{"uv":[4.5,11.375,4.25,10.625],"tintindex":0,"rotation":0,"texture":"#0"},"down":{"uv":[4.75,10.625,4.5,11.375],"tintindex":0,"rotation":0,"texture":"#0"}},"rotation":{"origin":[15.005203,0.9947963,24.0],"angle":45.0,"axis":"z"}},{"from":[6.625,6.0,-8.0],"to":[7.625,7.0,-8.0],"faces":{"south":{"uv":[9.0,10.75,9.25,11.0],"tintindex":0,"rotation":0,"texture":"#0"},"north":{"uv":[8.75,10.75,9.0,11.0],"tintindex":0,"rotation":0,"texture":"#0"}}},{"from":[4.0,7.0,-10.0],"to":[12.0,12.0,-2.0],"faces":{"east":{"uv":[9.125,3.0,11.125,4.25],"tintindex":0,"rotation":0,"texture":"#0"},"south":{"uv":[9.125,4.25,11.125,5.5],"tintindex":0,"rotation":0,"texture":"#0"},"north":{"uv":[8.75,6.5,10.75,7.75],"tintindex":0,"rotation":0,"texture":"#0"},"west":{"uv":[9.25,0.0,11.25,1.25],"tintindex":0,"rotation":0,"texture":"#0"},"up":{"uv":[6.5,4.0,4.5,2.0],"tintindex":0,"rotation":0,"texture":"#0"},"down":{"uv":[6.0,6.0,4.0,8.0],"tintindex":0,"rotation":0,"texture":"#0"}}},{"from":[11.0,6.0,-6.0],"to":[11.0,7.0,-5.0],"faces":{"east":{"uv":[10.625,6.0,10.875,6.25],"tintindex":0,"rotation":0,"texture":"#0"},"west":{"uv":[10.625,6.25,10.875,6.5],"tintindex":0,"rotation":0,"texture":"#0"}}},{"from":[11.0,6.0,-4.5],"to":[11.0,7.0,-3.5],"faces":{"east":{"uv":[10.75,6.5,11.0,6.75],"tintindex":0,"rotation":0,"texture":"#0"},"west":{"uv":[10.75,6.75,11.0,7.0],"tintindex":0,"rotation":0,"texture":"#0"}}},{"from":[5.0,6.0,-6.0],"to":[5.0,7.0,-5.0],"faces":{"east":{"uv":[7.75,10.75,8.0,11.0],"tintindex":0,"rotation":0,"texture":"#0"},"west":{"uv":[8.0,10.75,8.25,11.0],"tintindex":0,"rotation":0,"texture":"#0"}}},{"from":[5.0,6.0,-8.0],"to":[6.0,7.0,-8.0],"faces":{"south":{"uv":[10.0,10.75,10.25,11.0],"tintindex":0,"rotation":0,"texture":"#0"},"north":{"uv":[9.75,10.75,10.0,11.0],"tintindex":0,"rotation":0,"texture":"#0"}}},{"from":[4.0,4.0,-2.0],"to":[12.0,12.0,16.0],"faces":{"east":{"uv":[0.0,0.0,4.5,2.0],"tintindex":0,"rotation":0,"texture":"#0"},"south":{"uv":[4.5,0.0,6.5,2.0],"tintindex":0,"rotation":0,"texture":"#0"},"north":{"uv":[4.0,4.0,6.0,6.0],"tintindex":0,"rotation":0,"texture":"#0"},"west":{"uv":[0.0,2.0,4.5,4.0],"tintindex":0,"rotation":0,"texture":"#0"},"up":{"uv":[2.0,8.5,0.0,4.0],"tintindex":0,"rotation":0,"texture":"#0"},"down":{"uv":[4.0,4.0,2.0,8.5],"tintindex":0,"rotation":0,"texture":"#0"}}},{"from":[5.0,6.0,-4.5],"to":[5.0,7.0,-3.5],"faces":{"east":{"uv":[8.25,10.75,8.5,11.0],"tintindex":0,"rotation":0,"texture":"#0"},"west":{"uv":[8.5,10.75,8.75,11.0],"tintindex":0,"rotation":0,"texture":"#0"}}},{"from":[11.0,6.0,-3.0],"to":[11.0,7.0,-2.0],"faces":{"east":{"uv":[7.0,10.75,7.25,11.0],"tintindex":0,"rotation":0,"texture":"#0"},"west":{"uv":[10.75,7.0,11.0,7.25],"tintindex":0,"rotation":0,"texture":"#0"}}},{"from":[7.5,10.73881,6.8404326],"to":[8.5,17.73881,11.840433],"faces":{"east":{"uv":[4.5,8.0,5.75,9.75],"tintindex":0,"rotation":0,"texture":"#0"},"south":{"uv":[5.25,9.75,5.5,11.5],"tintindex":0,"rotation":0,"texture":"#0"},"north":{"uv":[6.75,9.625,7.0,11.375],"tintindex":0,"rotation":0,"texture":"#0"},"west":{"uv":[9.25,7.75,10.5,9.5],"tintindex":0,"rotation":0,"texture":"#0"},"up":{"uv":[1.75,11.5,1.5,10.25],"tintindex":0,"rotation":0,"texture":"#0"},"down":{"uv":[2.0,10.25,1.75,11.5],"tintindex":0,"rotation":0,"texture":"#0"}},"rotation":{"origin":[8.0,14.73881,9.340433],"angle":22.5,"axis":"x"}},{"from":[10.0,6.0,-8.0],"to":[11.0,7.0,-8.0],"faces":{"south":{"uv":[5.0,10.625,5.25,10.875],"tintindex":0,"rotation":0,"texture":"#0"},"north":{"uv":[4.75,10.625,5.0,10.875],"tintindex":0,"rotation":0,"texture":"#0"}}},{"from":[5.0,6.0,-7.5],"to":[5.0,7.0,-6.5],"faces":{"east":{"uv":[7.5,10.75,7.75,11.0],"tintindex":0,"rotation":0,"texture":"#0"},"west":{"uv":[10.75,7.5,11.0,7.75],"tintindex":0,"rotation":0,"texture":"#0"}}},{"from":[8.375,6.0,-8.0],"to":[9.375,7.0,-8.0],"faces":{"south":{"uv":[9.5,10.75,9.75,11.0],"tintindex":0,"rotation":0,"texture":"#0"},"north":{"uv":[9.25,10.75,9.5,11.0],"tintindex":0,"rotation":0,"texture":"#0"}}}],"display":{"head":{"rotation":[0.0,0.0,0.0]},"firstperson_righthand":{"rotation":[0.0,0.0,0.0]},"thirdperson_lefthand":{"rotation":[0.0,-0.0,-0.0]},"firstperson_lefthand":{"rotation":[0.0,-0.0,-0.0]},"fixed":{"rotation":[0.0,0.0,0.0]},"ground":{"rotation":[0.0,0.0,0.0]},"thirdperson_righthand":{"rotation":[0.0,0.0,0.0]},"gui":{"rotation":[-150.0,-45.0,180.0]}}}