{"textures":{"0":"modelengine:entity/nm_shark_great_white_texture","particle":"#0"},"elements":[{"from":[13.975,8.975,2.0],"to":[13.975,10.975,4.0],"faces":{"east":{"uv":[5.75,10.875,6.0,11.125],"tintindex":0,"rotation":0,"texture":"#0"},"west":{"uv":[10.875,5.75,11.125,6.0],"tintindex":0,"rotation":0,"texture":"#0"}}},{"from":[3.0,8.975,-3.9750004],"to":[5.0,10.975,-3.9750004],"faces":{"south":{"uv":[11.0,6.5,11.25,6.75],"tintindex":0,"rotation":0,"texture":"#0"},"north":{"uv":[11.0,1.5,11.25,1.75],"tintindex":0,"rotation":0,"texture":"#0"}}},{"from":[2.025,8.975,5.0],"to":[2.025,10.975,7.0],"faces":{"east":{"uv":[6.25,10.875,6.5,11.125],"tintindex":0,"rotation":0,"texture":"#0"},"west":{"uv":[10.875,6.25,11.125,6.5],"tintindex":0,"rotation":0,"texture":"#0"}}},{"from":[2.025,8.975,2.0],"to":[2.025,10.975,4.0],"faces":{"east":{"uv":[6.5,10.875,6.75,11.125],"tintindex":0,"rotation":0,"texture":"#0"},"west":{"uv":[0.0,11.0,0.25,11.25],"tintindex":0,"rotation":0,"texture":"#0"}}},{"from":[13.975,8.975,5.0],"to":[13.975,10.975,7.0],"faces":{"east":{"uv":[6.0,10.875,6.25,11.125],"tintindex":0,"rotation":0,"texture":"#0"},"west":{"uv":[10.875,6.0,11.125,6.25],"tintindex":0,"rotation":0,"texture":"#0"}}},{"from":[2.025,8.975,-4.0],"to":[2.025,10.975,-2.0],"faces":{"east":{"uv":[0.75,11.0,1.0,11.25],"tintindex":0,"rotation":0,"texture":"#0"},"west":{"uv":[11.0,1.25,11.25,1.5],"tintindex":0,"rotation":0,"texture":"#0"}}},{"from":[7.0,8.975,-3.9750004],"to":[9.0,10.975,-3.9750004],"faces":{"south":{"uv":[7.0,11.0,7.25,11.25],"tintindex":0,"rotation":0,"texture":"#0"},"north":{"uv":[11.0,6.75,11.25,7.0],"tintindex":0,"rotation":0,"texture":"#0"}}},{"from":[13.975,8.975,-1.0],"to":[13.975,10.975,1.0],"faces":{"east":{"uv":[5.0,10.875,5.25,11.125],"tintindex":0,"rotation":0,"texture":"#0"},"west":{"uv":[10.875,5.5,11.125,5.75],"tintindex":0,"rotation":0,"texture":"#0"}}},{"from":[1.0,5.0250006,-5.0],"to":[15.0,8.975,9.0],"faces":{"east":{"uv":[1.0,9.75,2.75,10.25],"tintindex":0,"rotation":0,"texture":"#0"},"south":{"uv":[9.75,1.75,11.5,2.25],"tintindex":0,"rotation":0,"texture":"#0"},"north":{"uv":[9.25,1.25,11.0,1.75],"tintindex":0,"rotation":0,"texture":"#0"},"west":{"uv":[9.75,2.25,11.5,2.75],"tintindex":0,"rotation":0,"texture":"#0"},"up":{"uv":[8.75,8.25,7.0,6.5],"tintindex":0,"rotation":0,"texture":"#0"},"down":{"uv":[9.25,0.0,7.5,1.75],"tintindex":0,"rotation":0,"texture":"#0"}}},{"from":[11.0,8.975,-3.9750004],"to":[13.0,10.975,-3.9750004],"faces":{"south":{"uv":[10.75,10.5,11.0,10.75],"tintindex":0,"rotation":0,"texture":"#0"},"north":{"uv":[10.25,10.75,10.5,11.0],"tintindex":0,"rotation":0,"texture":"#0"}}},{"from":[13.975,8.975,-4.0],"to":[13.975,10.975,-2.0],"faces":{"east":{"uv":[10.75,10.75,11.0,11.0],"tintindex":0,"rotation":0,"texture":"#0"},"west":{"uv":[4.75,10.875,5.0,11.125],"tintindex":0,"rotation":0,"texture":"#0"}}},{"from":[2.025,8.975,-1.0],"to":[2.025,10.975,1.0],"faces":{"east":{"uv":[0.25,11.0,0.5,11.25],"tintindex":0,"rotation":0,"texture":"#0"},"west":{"uv":[0.5,11.0,0.75,11.25],"tintindex":0,"rotation":0,"texture":"#0"}}}],"display":{"head":{"rotation":[0.0,0.0,0.0]},"firstperson_righthand":{"rotation":[0.0,0.0,0.0]},"thirdperson_lefthand":{"rotation":[0.0,-0.0,-0.0]},"firstperson_lefthand":{"rotation":[0.0,-0.0,-0.0]},"fixed":{"rotation":[0.0,0.0,0.0]},"ground":{"rotation":[0.0,0.0,0.0]},"thirdperson_righthand":{"rotation":[0.0,0.0,0.0]},"gui":{"rotation":[-150.0,-45.0,180.0]}}}