{"textures":{"0":"modelengine:entity/nm_shark_great_white_texture","particle":"#0"},"elements":[{"from":[-9.0,7.0,3.0],"to":[9.0,9.0,13.0],"faces":{"east":{"uv":[10.5,9.0,11.75,9.25],"tintindex":0,"rotation":0,"texture":"#0"},"south":{"uv":[10.5,8.25,12.75,8.5],"tintindex":0,"rotation":0,"texture":"#0"},"north":{"uv":[10.5,8.0,12.75,8.25],"tintindex":0,"rotation":0,"texture":"#0"},"west":{"uv":[10.5,9.25,11.75,9.5],"tintindex":0,"rotation":0,"texture":"#0"},"up":{"uv":[2.25,9.75,0.0,8.5],"tintindex":0,"rotation":0,"texture":"#0"},"down":{"uv":[4.5,8.5,2.25,9.75],"tintindex":0,"rotation":0,"texture":"#0"}}}],"display":{"head":{"rotation":[0.0,0.0,0.0]},"firstperson_righthand":{"rotation":[0.0,0.0,0.0]},"thirdperson_lefthand":{"rotation":[0.0,-0.0,-0.0]},"firstperson_lefthand":{"rotation":[0.0,-0.0,-0.0]},"fixed":{"rotation":[0.0,0.0,0.0]},"ground":{"rotation":[0.0,0.0,0.0]},"thirdperson_righthand":{"rotation":[0.0,0.0,0.0]},"gui":{"rotation":[-150.0,-45.0,180.0]}}}