{"textures":{"0":"modelengine:entity/nm_shark_great_white_texture","particle":"#0"},"elements":[{"from":[7.0,7.0,3.0],"to":[25.0,9.0,13.0],"faces":{"east":{"uv":[10.5,8.5,11.75,8.75],"tintindex":0,"rotation":0,"texture":"#0"},"south":{"uv":[10.5,7.75,12.75,8.0],"tintindex":0,"rotation":0,"texture":"#0"},"north":{"uv":[9.75,2.75,12.0,3.0],"tintindex":0,"rotation":0,"texture":"#0"},"west":{"uv":[10.5,8.75,11.75,9.0],"tintindex":0,"rotation":0,"texture":"#0"},"up":{"uv":[9.75,3.0,7.5,1.75],"tintindex":0,"rotation":0,"texture":"#0"},"down":{"uv":[9.25,8.25,7.0,9.5],"tintindex":0,"rotation":0,"texture":"#0"}}}],"display":{"head":{"rotation":[0.0,0.0,0.0]},"firstperson_righthand":{"rotation":[0.0,0.0,0.0]},"thirdperson_lefthand":{"rotation":[0.0,-0.0,-0.0]},"firstperson_lefthand":{"rotation":[0.0,-0.0,-0.0]},"fixed":{"rotation":[0.0,0.0,0.0]},"ground":{"rotation":[0.0,0.0,0.0]},"thirdperson_righthand":{"rotation":[0.0,0.0,0.0]},"gui":{"rotation":[-150.0,-45.0,180.0]}}}