{"textures":{"0":"modelengine:entity/nm_shark_great_white_texture","particle":"#0"},"elements":[{"from":[8.0,13.0,14.0],"to":[8.0,17.0,18.0],"faces":{"east":{"uv":[4.0,8.0,4.5,8.5],"tintindex":0,"rotation":0,"texture":"#0"},"west":{"uv":[8.75,7.75,9.25,8.25],"tintindex":0,"rotation":0,"texture":"#0"}}},{"from":[4.0,3.0,6.0],"to":[12.0,13.0,31.0],"faces":{"east":{"uv":[6.0,4.0,9.125,5.25],"tintindex":0,"rotation":0,"texture":"#0"},"south":{"uv":[0.0,9.75,1.0,11.0],"tintindex":0,"rotation":0,"texture":"#0"},"north":{"uv":[5.75,9.625,6.75,10.875],"tintindex":0,"rotation":0,"texture":"#0"},"west":{"uv":[6.0,5.25,9.125,6.5],"tintindex":0,"rotation":0,"texture":"#0"},"up":{"uv":[7.5,3.125,6.5,0.0],"tintindex":0,"rotation":0,"texture":"#0"},"down":{"uv":[7.0,6.5,6.0,9.625],"tintindex":0,"rotation":0,"texture":"#0"}}},{"from":[8.0,-1.0,17.0],"to":[8.0,3.0,21.0],"faces":{"east":{"uv":[10.5,9.5,11.0,10.0],"tintindex":0,"rotation":0,"texture":"#0"},"west":{"uv":[10.5,10.0,11.0,10.5],"tintindex":0,"rotation":0,"texture":"#0"}}}],"display":{"head":{"rotation":[0.0,0.0,0.0]},"firstperson_righthand":{"rotation":[0.0,0.0,0.0]},"thirdperson_lefthand":{"rotation":[0.0,-0.0,-0.0]},"firstperson_lefthand":{"rotation":[0.0,-0.0,-0.0]},"fixed":{"rotation":[0.0,0.0,0.0]},"ground":{"rotation":[0.0,0.0,0.0]},"thirdperson_righthand":{"rotation":[0.0,0.0,0.0]},"gui":{"rotation":[-150.0,-45.0,180.0]}}}