{"textures":{"0":"modelengine:entity/nm_shark_great_white_texture","particle":"#0"},"elements":[{"from":[7.0,-7.6066017,7.3353653],"to":[9.0,0.39339828,19.335365],"faces":{"east":{"uv":[7.5,3.0,9.0,4.0],"tintindex":0,"rotation":0,"texture":"#0"},"south":{"uv":[3.0,10.625,3.25,11.625],"tintindex":0,"rotation":0,"texture":"#0"},"north":{"uv":[2.75,10.625,3.0,11.625],"tintindex":0,"rotation":0,"texture":"#0"},"west":{"uv":[9.125,5.5,10.625,6.5],"tintindex":0,"rotation":0,"texture":"#0"},"up":{"uv":[6.0,9.5,5.75,8.0],"tintindex":0,"rotation":0,"texture":"#0"},"down":{"uv":[1.5,10.25,1.25,11.75],"tintindex":0,"rotation":0,"texture":"#0"}},"rotation":{"origin":[8.0,-2.6066017,19.835365],"angle":45.0,"axis":"x"}},{"from":[7.0,14.323223,8.029907],"to":[9.0,21.323223,16.029907],"faces":{"east":{"uv":[6.5,3.125,7.5,4.0],"tintindex":0,"rotation":0,"texture":"#0"},"south":{"uv":[3.5,10.625,3.75,11.5],"tintindex":0,"rotation":0,"texture":"#0"},"north":{"uv":[3.25,10.625,3.5,11.5],"tintindex":0,"rotation":0,"texture":"#0"},"west":{"uv":[2.75,9.75,3.75,10.625],"tintindex":0,"rotation":0,"texture":"#0"},"up":{"uv":[2.75,11.25,2.5,10.25],"tintindex":0,"rotation":0,"texture":"#0"},"down":{"uv":[10.75,10.5,10.5,11.5],"tintindex":0,"rotation":0,"texture":"#0"}},"rotation":{"origin":[8.0,7.823223,21.779907],"angle":-45.0,"axis":"x"}},{"from":[7.0,11.323223,16.029907],"to":[9.0,21.323223,30.029907],"faces":{"east":{"uv":[7.0,9.5,8.75,10.75],"tintindex":0,"rotation":0,"texture":"#0"},"south":{"uv":[2.25,10.25,2.5,11.5],"tintindex":0,"rotation":0,"texture":"#0"},"north":{"uv":[2.0,10.25,2.25,11.5],"tintindex":0,"rotation":0,"texture":"#0"},"west":{"uv":[8.75,9.5,10.5,10.75],"tintindex":0,"rotation":0,"texture":"#0"},"up":{"uv":[5.75,11.5,5.5,9.75],"tintindex":0,"rotation":0,"texture":"#0"},"down":{"uv":[1.25,10.25,1.0,12.0],"tintindex":0,"rotation":0,"texture":"#0"}},"rotation":{"origin":[8.0,7.823223,21.779907],"angle":-45.0,"axis":"x"}}],"display":{"head":{"rotation":[0.0,0.0,0.0]},"firstperson_righthand":{"rotation":[0.0,0.0,0.0]},"thirdperson_lefthand":{"rotation":[0.0,-0.0,-0.0]},"firstperson_lefthand":{"rotation":[0.0,-0.0,-0.0]},"fixed":{"rotation":[0.0,0.0,0.0]},"ground":{"rotation":[0.0,0.0,0.0]},"thirdperson_righthand":{"rotation":[0.0,0.0,0.0]},"gui":{"rotation":[-150.0,-45.0,180.0]}}}