{"credit":"Made with Blockbench","textures":{"0":"social_icons_pack:icons","particle":"social_icons_pack:icons"},"elements":[{"name":"icons_138","from":[3,13,7.5],"to":[6,16,8.5],"rotation":{"angle":0,"axis":"y","origin":[-152,-186,7.5]},"faces":{"north":{"uv":[9.875,3.375,9.6875,3.5625],"texture":"#0"},"east":{"uv":[9.8125,3.375,9.875,3.5625],"texture":"#0"},"south":{"uv":[9.6875,3.375,9.875,3.5625],"texture":"#0"},"west":{"uv":[9.6875,3.375,9.75,3.5625],"texture":"#0"},"up":{"uv":[9.6875,3.375,9.875,3.4375],"texture":"#0"},"down":{"uv":[9.6875,3.5,9.875,3.5625],"texture":"#0"}}},{"name":"icons_139","from":[10,13,7.5],"to":[13,16,8.5],"rotation":{"angle":0,"axis":"y","origin":[-152,-186,7.5]},"faces":{"north":{"uv":[10.3125,3.375,10.125,3.5625],"texture":"#0"},"east":{"uv":[10.25,3.375,10.3125,3.5625],"texture":"#0"},"south":{"uv":[10.125,3.375,10.3125,3.5625],"texture":"#0"},"west":{"uv":[10.125,3.375,10.1875,3.5625],"texture":"#0"},"up":{"uv":[10.125,3.375,10.3125,3.4375],"texture":"#0"},"down":{"uv":[10.125,3.5,10.3125,3.5625],"texture":"#0"}}},{"name":"icons_155","from":[6,0,7.5],"to":[7,15,8.5],"rotation":{"angle":0,"axis":"y","origin":[-152,-186,7.5]},"faces":{"north":{"uv":[9.9375,3.4375,9.875,4.375],"texture":"#0"},"east":{"uv":[9.875,3.4375,9.9375,4.375],"texture":"#0"},"south":{"uv":[9.875,3.4375,9.9375,4.375],"texture":"#0"},"west":{"uv":[9.875,3.4375,9.9375,4.375],"texture":"#0"},"up":{"uv":[9.875,3.4375,9.9375,3.5],"texture":"#0"},"down":{"uv":[9.875,4.3125,9.9375,4.375],"texture":"#0"}}},{"name":"icons_156","from":[9,0,7.5],"to":[10,15,8.5],"rotation":{"angle":0,"axis":"y","origin":[-152,-186,7.5]},"faces":{"north":{"uv":[10.125,3.4375,10.0625,4.375],"texture":"#0"},"east":{"uv":[10.0625,3.4375,10.125,4.375],"texture":"#0"},"south":{"uv":[10.0625,3.4375,10.125,4.375],"texture":"#0"},"west":{"uv":[10.0625,3.4375,10.125,4.375],"texture":"#0"},"up":{"uv":[10.0625,3.4375,10.125,3.5],"texture":"#0"},"down":{"uv":[10.0625,4.3125,10.125,4.375],"texture":"#0"}}},{"name":"icons_167","from":[7,0,7.5],"to":[9,14,8.5],"rotation":{"angle":0,"axis":"y","origin":[-152,-186,7.5]},"faces":{"north":{"uv":[10.0625,3.5,9.9375,4.375],"texture":"#0"},"east":{"uv":[10,3.5,10.0625,4.375],"texture":"#0"},"south":{"uv":[9.9375,3.5,10.0625,4.375],"texture":"#0"},"west":{"uv":[9.9375,3.5,10,4.375],"texture":"#0"},"up":{"uv":[9.9375,3.5,10.0625,3.5625],"texture":"#0"},"down":{"uv":[9.9375,4.3125,10.0625,4.375],"texture":"#0"}}},{"name":"icons_169","from":[4,0,7.5],"to":[6,13,8.5],"rotation":{"angle":0,"axis":"y","origin":[-152,-186,7.5]},"faces":{"north":{"uv":[9.875,3.5625,9.75,4.375],"texture":"#0"},"east":{"uv":[9.8125,3.5625,9.875,4.375],"texture":"#0"},"south":{"uv":[9.75,3.5625,9.875,4.375],"texture":"#0"},"west":{"uv":[9.75,3.5625,9.8125,4.375],"texture":"#0"},"up":{"uv":[9.75,3.5625,9.875,3.625],"texture":"#0"},"down":{"uv":[9.75,4.3125,9.875,4.375],"texture":"#0"}}},{"name":"icons_170","from":[10,0,7.5],"to":[12,13,8.5],"rotation":{"angle":0,"axis":"y","origin":[-152,-186,7.5]},"faces":{"north":{"uv":[10.25,3.5625,10.125,4.375],"texture":"#0"},"east":{"uv":[10.1875,3.5625,10.25,4.375],"texture":"#0"},"south":{"uv":[10.125,3.5625,10.25,4.375],"texture":"#0"},"west":{"uv":[10.125,3.5625,10.1875,4.375],"texture":"#0"},"up":{"uv":[10.125,3.5625,10.25,3.625],"texture":"#0"},"down":{"uv":[10.125,4.3125,10.25,4.375],"texture":"#0"}}},{"name":"icons_171","from":[3,2,7.5],"to":[4,12,8.5],"rotation":{"angle":0,"axis":"y","origin":[-152,-186,7.5]},"faces":{"north":{"uv":[9.75,3.625,9.6875,4.25],"texture":"#0"},"east":{"uv":[9.6875,3.625,9.75,4.25],"texture":"#0"},"south":{"uv":[9.6875,3.625,9.75,4.25],"texture":"#0"},"west":{"uv":[9.6875,3.625,9.75,4.25],"texture":"#0"},"up":{"uv":[9.6875,3.625,9.75,3.6875],"texture":"#0"},"down":{"uv":[9.6875,4.1875,9.75,4.25],"texture":"#0"}}},{"name":"icons_172","from":[12,2,7.5],"to":[13,12,8.5],"rotation":{"angle":0,"axis":"y","origin":[-152,-186,7.5]},"faces":{"north":{"uv":[10.3125,3.625,10.25,4.25],"texture":"#0"},"east":{"uv":[10.25,3.625,10.3125,4.25],"texture":"#0"},"south":{"uv":[10.25,3.625,10.3125,4.25],"texture":"#0"},"west":{"uv":[10.25,3.625,10.3125,4.25],"texture":"#0"},"up":{"uv":[10.25,3.625,10.3125,3.6875],"texture":"#0"},"down":{"uv":[10.25,4.1875,10.3125,4.25],"texture":"#0"}}},{"name":"icons_173","from":[1,2,7.5],"to":[3,9,8.5],"rotation":{"angle":0,"axis":"y","origin":[-152,-186,7.5]},"faces":{"north":{"uv":[9.6875,3.8125,9.5625,4.25],"texture":"#0"},"east":{"uv":[9.625,3.8125,9.6875,4.25],"texture":"#0"},"south":{"uv":[9.5625,3.8125,9.6875,4.25],"texture":"#0"},"west":{"uv":[9.5625,3.8125,9.625,4.25],"texture":"#0"},"up":{"uv":[9.5625,3.8125,9.6875,3.875],"texture":"#0"},"down":{"uv":[9.5625,4.1875,9.6875,4.25],"texture":"#0"}}},{"name":"icons_174","from":[13,2,7.5],"to":[15,9,8.5],"rotation":{"angle":0,"axis":"y","origin":[-152,-186,7.5]},"faces":{"north":{"uv":[10.4375,3.8125,10.3125,4.25],"texture":"#0"},"east":{"uv":[10.375,3.8125,10.4375,4.25],"texture":"#0"},"south":{"uv":[10.3125,3.8125,10.4375,4.25],"texture":"#0"},"west":{"uv":[10.3125,3.8125,10.375,4.25],"texture":"#0"},"up":{"uv":[10.3125,3.8125,10.4375,3.875],"texture":"#0"},"down":{"uv":[10.3125,4.1875,10.4375,4.25],"texture":"#0"}}},{"name":"shadows_113","from":[3,12,7.5],"to":[4,13,8.5],"rotation":{"angle":0,"axis":"y","origin":[-152,-186,7.5]},"faces":{"north":{"uv":[9.75,3.5625,9.6875,3.625],"texture":"#0"},"east":{"uv":[9.6875,3.5625,9.75,3.625],"texture":"#0"},"south":{"uv":[9.6875,3.5625,9.75,3.625],"texture":"#0"},"west":{"uv":[9.6875,3.5625,9.75,3.625],"texture":"#0"},"up":{"uv":[9.6875,3.5625,9.75,3.625],"texture":"#0"},"down":{"uv":[9.6875,3.5625,9.75,3.625],"texture":"#0"}}},{"name":"shadows_114","from":[12,12,7.5],"to":[13,13,8.5],"rotation":{"angle":0,"axis":"y","origin":[-152,-186,7.5]},"faces":{"north":{"uv":[10.3125,3.5625,10.25,3.625],"texture":"#0"},"east":{"uv":[10.25,3.5625,10.3125,3.625],"texture":"#0"},"south":{"uv":[10.25,3.5625,10.3125,3.625],"texture":"#0"},"west":{"uv":[10.25,3.5625,10.3125,3.625],"texture":"#0"},"up":{"uv":[10.25,3.5625,10.3125,3.625],"texture":"#0"},"down":{"uv":[10.25,3.5625,10.3125,3.625],"texture":"#0"}}},{"name":"shadows_125","from":[1,1,7.5],"to":[4,2,8.5],"rotation":{"angle":0,"axis":"y","origin":[-152,-186,7.5]},"faces":{"north":{"uv":[9.75,4.25,9.5625,4.3125],"texture":"#0"},"east":{"uv":[9.6875,4.25,9.75,4.3125],"texture":"#0"},"south":{"uv":[9.5625,4.25,9.75,4.3125],"texture":"#0"},"west":{"uv":[9.5625,4.25,9.625,4.3125],"texture":"#0"},"up":{"uv":[9.5625,4.25,9.75,4.3125],"texture":"#0"},"down":{"uv":[9.5625,4.25,9.75,4.3125],"texture":"#0"}}},{"name":"shadows_126","from":[12,1,7.5],"to":[15,2,8.5],"rotation":{"angle":0,"axis":"y","origin":[-152,-186,7.5]},"faces":{"north":{"uv":[10.4375,4.25,10.25,4.3125],"texture":"#0"},"east":{"uv":[10.375,4.25,10.4375,4.3125],"texture":"#0"},"south":{"uv":[10.25,4.25,10.4375,4.3125],"texture":"#0"},"west":{"uv":[10.25,4.25,10.3125,4.3125],"texture":"#0"},"up":{"uv":[10.25,4.25,10.4375,4.3125],"texture":"#0"},"down":{"uv":[10.25,4.25,10.4375,4.3125],"texture":"#0"}}},{"name":"shadows_146","from":[4,-1,7.5],"to":[12,0,8.5],"rotation":{"angle":0,"axis":"y","origin":[-152,-186,7.5]},"faces":{"north":{"uv":[10.25,4.375,9.75,4.4375],"texture":"#0"},"east":{"uv":[10.1875,4.375,10.25,4.4375],"texture":"#0"},"south":{"uv":[9.75,4.375,10.25,4.4375],"texture":"#0"},"west":{"uv":[9.75,4.375,9.8125,4.4375],"texture":"#0"},"up":{"uv":[9.75,4.375,10.25,4.4375],"texture":"#0"},"down":{"uv":[9.75,4.375,10.25,4.4375],"texture":"#0"}}}],"gui_light":"front","display":{"thirdperson_righthand":{"translation":[0,3,1],"scale":[0.55,0.55,0.55]},"thirdperson_lefthand":{"translation":[0,3,1],"scale":[0.55,0.55,0.55]},"firstperson_righthand":{"rotation":[0,-90,25],"translation":[1.13,3.2,1.13],"scale":[0.68,0.68,0.68]},"firstperson_lefthand":{"rotation":[0,-90,25],"translation":[1.13,3.2,1.13],"scale":[0.68,0.68,0.68]},"ground":{"translation":[0,2,0],"scale":[0.5,0.5,0.5]},"head":{"rotation":[0,180,0],"translation":[0,13,7]},"fixed":{"rotation":[0,180,0]}},"mcmodels":"f03d6055f7da1f7cda7e3c8a45ea57c3"}