{"credit":"Made with Blockbench","textures":{"0":"social_icons_pack:icons","particle":"social_icons_pack:icons"},"elements":[{"name":"icons_181","from":[8.5,2,7.5],"to":[11.5,16,8.5],"rotation":{"angle":0,"axis":"y","origin":[-116.5,-168,7.5]},"faces":{"north":{"uv":[8,4.5,7.8125,5.375],"texture":"#0"},"east":{"uv":[7.9375,4.5,8,5.375],"texture":"#0"},"south":{"uv":[7.8125,4.5,8,5.375],"texture":"#0"},"west":{"uv":[7.8125,4.5,7.875,5.375],"texture":"#0"},"up":{"uv":[7.8125,4.5,8,4.5625],"texture":"#0"},"down":{"uv":[7.8125,5.3125,8,5.375],"texture":"#0"}}},{"name":"icons_195","from":[7.5,2,7.5],"to":[8.5,15,8.5],"rotation":{"angle":0,"axis":"y","origin":[-116.5,-168,7.5]},"faces":{"north":{"uv":[7.8125,4.5625,7.75,5.375],"texture":"#0"},"east":{"uv":[7.75,4.5625,7.8125,5.375],"texture":"#0"},"south":{"uv":[7.75,4.5625,7.8125,5.375],"texture":"#0"},"west":{"uv":[7.75,4.5625,7.8125,5.375],"texture":"#0"},"up":{"uv":[7.75,4.5625,7.8125,4.625],"texture":"#0"},"down":{"uv":[7.75,5.3125,7.8125,5.375],"texture":"#0"}}},{"name":"icons_206","from":[6.5,1,7.5],"to":[7.5,14,8.5],"rotation":{"angle":0,"axis":"y","origin":[-116.5,-168,7.5]},"faces":{"north":{"uv":[7.75,4.625,7.6875,5.4375],"texture":"#0"},"east":{"uv":[7.6875,4.625,7.75,5.4375],"texture":"#0"},"south":{"uv":[7.6875,4.625,7.75,5.4375],"texture":"#0"},"west":{"uv":[7.6875,4.625,7.75,5.4375],"texture":"#0"},"up":{"uv":[7.6875,4.625,7.75,4.6875],"texture":"#0"},"down":{"uv":[7.6875,5.375,7.75,5.4375],"texture":"#0"}}},{"name":"icons_213","from":[3.5,2,7.5],"to":[6.5,13,8.5],"rotation":{"angle":0,"axis":"y","origin":[-116.5,-168,7.5]},"faces":{"north":{"uv":[7.6875,4.6875,7.5,5.375],"texture":"#0"},"east":{"uv":[7.625,4.6875,7.6875,5.375],"texture":"#0"},"south":{"uv":[7.5,4.6875,7.6875,5.375],"texture":"#0"},"west":{"uv":[7.5,4.6875,7.5625,5.375],"texture":"#0"},"up":{"uv":[7.5,4.6875,7.6875,4.75],"texture":"#0"},"down":{"uv":[7.5,5.3125,7.6875,5.375],"texture":"#0"}}},{"name":"icons_214","from":[11.5,9,7.5],"to":[13.5,13,8.5],"rotation":{"angle":0,"axis":"y","origin":[-116.5,-168,7.5]},"faces":{"north":{"uv":[8.125,4.6875,8,4.9375],"texture":"#0"},"east":{"uv":[8.0625,4.6875,8.125,4.9375],"texture":"#0"},"south":{"uv":[8,4.6875,8.125,4.9375],"texture":"#0"},"west":{"uv":[8,4.6875,8.0625,4.9375],"texture":"#0"},"up":{"uv":[8,4.6875,8.125,4.75],"texture":"#0"},"down":{"uv":[8,4.875,8.125,4.9375],"texture":"#0"}}},{"name":"icons_219","from":[2.5,3,7.5],"to":[3.5,12,8.5],"rotation":{"angle":0,"axis":"y","origin":[-116.5,-168,7.5]},"faces":{"north":{"uv":[7.5,4.75,7.4375,5.3125],"texture":"#0"},"east":{"uv":[7.4375,4.75,7.5,5.3125],"texture":"#0"},"south":{"uv":[7.4375,4.75,7.5,5.3125],"texture":"#0"},"west":{"uv":[7.4375,4.75,7.5,5.3125],"texture":"#0"},"up":{"uv":[7.4375,4.75,7.5,4.8125],"texture":"#0"},"down":{"uv":[7.4375,5.25,7.5,5.3125],"texture":"#0"}}},{"name":"icons_220","from":[13.5,10,7.5],"to":[14.5,12,8.5],"rotation":{"angle":0,"axis":"y","origin":[-116.5,-168,7.5]},"faces":{"north":{"uv":[8.1875,4.75,8.125,4.875],"texture":"#0"},"east":{"uv":[8.125,4.75,8.1875,4.875],"texture":"#0"},"south":{"uv":[8.125,4.75,8.1875,4.875],"texture":"#0"},"west":{"uv":[8.125,4.75,8.1875,4.875],"texture":"#0"},"up":{"uv":[8.125,4.75,8.1875,4.8125],"texture":"#0"},"down":{"uv":[8.125,4.8125,8.1875,4.875],"texture":"#0"}}},{"name":"icons_224","from":[1.5,5,7.5],"to":[2.5,11,8.5],"rotation":{"angle":0,"axis":"y","origin":[-116.5,-168,7.5]},"faces":{"north":{"uv":[7.4375,4.8125,7.375,5.1875],"texture":"#0"},"east":{"uv":[7.375,4.8125,7.4375,5.1875],"texture":"#0"},"south":{"uv":[7.375,4.8125,7.4375,5.1875],"texture":"#0"},"west":{"uv":[7.375,4.8125,7.4375,5.1875],"texture":"#0"},"up":{"uv":[7.375,4.8125,7.4375,4.875],"texture":"#0"},"down":{"uv":[7.375,5.125,7.4375,5.1875],"texture":"#0"}}},{"name":"icons_229","from":[11.5,1,7.5],"to":[12.5,9,8.5],"rotation":{"angle":0,"axis":"y","origin":[-116.5,-168,7.5]},"faces":{"north":{"uv":[8.0625,4.9375,8,5.4375],"texture":"#0"},"east":{"uv":[8,4.9375,8.0625,5.4375],"texture":"#0"},"south":{"uv":[8,4.9375,8.0625,5.4375],"texture":"#0"},"west":{"uv":[8,4.9375,8.0625,5.4375],"texture":"#0"},"up":{"uv":[8,4.9375,8.0625,5],"texture":"#0"},"down":{"uv":[8,5.375,8.0625,5.4375],"texture":"#0"}}},{"name":"icons_233","from":[12.5,2,7.5],"to":[13.5,7,8.5],"rotation":{"angle":0,"axis":"y","origin":[-116.5,-168,7.5]},"faces":{"north":{"uv":[8.125,5.0625,8.0625,5.375],"texture":"#0"},"east":{"uv":[8.0625,5.0625,8.125,5.375],"texture":"#0"},"south":{"uv":[8.0625,5.0625,8.125,5.375],"texture":"#0"},"west":{"uv":[8.0625,5.0625,8.125,5.375],"texture":"#0"},"up":{"uv":[8.0625,5.0625,8.125,5.125],"texture":"#0"},"down":{"uv":[8.0625,5.3125,8.125,5.375],"texture":"#0"}}},{"name":"icons_236","from":[13.5,3,7.5],"to":[14.5,6,8.5],"rotation":{"angle":0,"axis":"y","origin":[-116.5,-168,7.5]},"faces":{"north":{"uv":[8.1875,5.125,8.125,5.3125],"texture":"#0"},"east":{"uv":[8.125,5.125,8.1875,5.3125],"texture":"#0"},"south":{"uv":[8.125,5.125,8.1875,5.3125],"texture":"#0"},"west":{"uv":[8.125,5.125,8.1875,5.3125],"texture":"#0"},"up":{"uv":[8.125,5.125,8.1875,5.1875],"texture":"#0"},"down":{"uv":[8.125,5.25,8.1875,5.3125],"texture":"#0"}}},{"name":"icons_245","from":[4.5,1,7.5],"to":[6.5,2,8.5],"rotation":{"angle":0,"axis":"y","origin":[-116.5,-168,7.5]},"faces":{"north":{"uv":[7.6875,5.375,7.5625,5.4375],"texture":"#0"},"east":{"uv":[7.625,5.375,7.6875,5.4375],"texture":"#0"},"south":{"uv":[7.5625,5.375,7.6875,5.4375],"texture":"#0"},"west":{"uv":[7.5625,5.375,7.625,5.4375],"texture":"#0"},"up":{"uv":[7.5625,5.375,7.6875,5.4375],"texture":"#0"},"down":{"uv":[7.5625,5.375,7.6875,5.4375],"texture":"#0"}}},{"name":"icons_246","from":[9.5,1,7.5],"to":[11.5,2,8.5],"rotation":{"angle":0,"axis":"y","origin":[-116.5,-168,7.5]},"faces":{"north":{"uv":[8,5.375,7.875,5.4375],"texture":"#0"},"east":{"uv":[7.9375,5.375,8,5.4375],"texture":"#0"},"south":{"uv":[7.875,5.375,8,5.4375],"texture":"#0"},"west":{"uv":[7.875,5.375,7.9375,5.4375],"texture":"#0"},"up":{"uv":[7.875,5.375,8,5.4375],"texture":"#0"},"down":{"uv":[7.875,5.375,8,5.4375],"texture":"#0"}}},{"name":"shadows_151","from":[13.5,9,7.5],"to":[14.5,10,8.5],"rotation":{"angle":0,"axis":"y","origin":[-116.5,-168,7.5]},"faces":{"north":{"uv":[8.1875,4.875,8.125,4.9375],"texture":"#0"},"east":{"uv":[8.125,4.875,8.1875,4.9375],"texture":"#0"},"south":{"uv":[8.125,4.875,8.1875,4.9375],"texture":"#0"},"west":{"uv":[8.125,4.875,8.1875,4.9375],"texture":"#0"},"up":{"uv":[8.125,4.875,8.1875,4.9375],"texture":"#0"},"down":{"uv":[8.125,4.875,8.1875,4.9375],"texture":"#0"}}},{"name":"shadows_152","from":[12.5,8,7.5],"to":[13.5,9,8.5],"rotation":{"angle":0,"axis":"y","origin":[-116.5,-168,7.5]},"faces":{"north":{"uv":[8.125,4.9375,8.0625,5],"texture":"#0"},"east":{"uv":[8.0625,4.9375,8.125,5],"texture":"#0"},"south":{"uv":[8.0625,4.9375,8.125,5],"texture":"#0"},"west":{"uv":[8.0625,4.9375,8.125,5],"texture":"#0"},"up":{"uv":[8.0625,4.9375,8.125,5],"texture":"#0"},"down":{"uv":[8.0625,4.9375,8.125,5],"texture":"#0"}}},{"name":"shadows_164","from":[1.5,4,7.5],"to":[2.5,5,8.5],"rotation":{"angle":0,"axis":"y","origin":[-116.5,-168,7.5]},"faces":{"north":{"uv":[7.4375,5.1875,7.375,5.25],"texture":"#0"},"east":{"uv":[7.375,5.1875,7.4375,5.25],"texture":"#0"},"south":{"uv":[7.375,5.1875,7.4375,5.25],"texture":"#0"},"west":{"uv":[7.375,5.1875,7.4375,5.25],"texture":"#0"},"up":{"uv":[7.375,5.1875,7.4375,5.25],"texture":"#0"},"down":{"uv":[7.375,5.1875,7.4375,5.25],"texture":"#0"}}},{"name":"shadows_170","from":[2.5,2,7.5],"to":[3.5,3,8.5],"rotation":{"angle":0,"axis":"y","origin":[-116.5,-168,7.5]},"faces":{"north":{"uv":[7.5,5.3125,7.4375,5.375],"texture":"#0"},"east":{"uv":[7.4375,5.3125,7.5,5.375],"texture":"#0"},"south":{"uv":[7.4375,5.3125,7.5,5.375],"texture":"#0"},"west":{"uv":[7.4375,5.3125,7.5,5.375],"texture":"#0"},"up":{"uv":[7.4375,5.3125,7.5,5.375],"texture":"#0"},"down":{"uv":[7.4375,5.3125,7.5,5.375],"texture":"#0"}}},{"name":"shadows_171","from":[13.5,2,7.5],"to":[14.5,3,8.5],"rotation":{"angle":0,"axis":"y","origin":[-116.5,-168,7.5]},"faces":{"north":{"uv":[8.1875,5.3125,8.125,5.375],"texture":"#0"},"east":{"uv":[8.125,5.3125,8.1875,5.375],"texture":"#0"},"south":{"uv":[8.125,5.3125,8.1875,5.375],"texture":"#0"},"west":{"uv":[8.125,5.3125,8.1875,5.375],"texture":"#0"},"up":{"uv":[8.125,5.3125,8.1875,5.375],"texture":"#0"},"down":{"uv":[8.125,5.3125,8.1875,5.375],"texture":"#0"}}},{"name":"shadows_177","from":[3.5,1,7.5],"to":[4.5,2,8.5],"rotation":{"angle":0,"axis":"y","origin":[-116.5,-168,7.5]},"faces":{"north":{"uv":[7.5625,5.375,7.5,5.4375],"texture":"#0"},"east":{"uv":[7.5,5.375,7.5625,5.4375],"texture":"#0"},"south":{"uv":[7.5,5.375,7.5625,5.4375],"texture":"#0"},"west":{"uv":[7.5,5.375,7.5625,5.4375],"texture":"#0"},"up":{"uv":[7.5,5.375,7.5625,5.4375],"texture":"#0"},"down":{"uv":[7.5,5.375,7.5625,5.4375],"texture":"#0"}}},{"name":"shadows_178","from":[7.5,1,7.5],"to":[9.5,2,8.5],"rotation":{"angle":0,"axis":"y","origin":[-116.5,-168,7.5]},"faces":{"north":{"uv":[7.875,5.375,7.75,5.4375],"texture":"#0"},"east":{"uv":[7.8125,5.375,7.875,5.4375],"texture":"#0"},"south":{"uv":[7.75,5.375,7.875,5.4375],"texture":"#0"},"west":{"uv":[7.75,5.375,7.8125,5.4375],"texture":"#0"},"up":{"uv":[7.75,5.375,7.875,5.4375],"texture":"#0"},"down":{"uv":[7.75,5.375,7.875,5.4375],"texture":"#0"}}},{"name":"shadows_179","from":[12.5,1,7.5],"to":[13.5,2,8.5],"rotation":{"angle":0,"axis":"y","origin":[-116.5,-168,7.5]},"faces":{"north":{"uv":[8.125,5.375,8.0625,5.4375],"texture":"#0"},"east":{"uv":[8.0625,5.375,8.125,5.4375],"texture":"#0"},"south":{"uv":[8.0625,5.375,8.125,5.4375],"texture":"#0"},"west":{"uv":[8.0625,5.375,8.125,5.4375],"texture":"#0"},"up":{"uv":[8.0625,5.375,8.125,5.4375],"texture":"#0"},"down":{"uv":[8.0625,5.375,8.125,5.4375],"texture":"#0"}}},{"name":"shadows_189","from":[4.5,0,7.5],"to":[7.5,1,8.5],"rotation":{"angle":0,"axis":"y","origin":[-116.5,-168,7.5]},"faces":{"north":{"uv":[7.75,5.4375,7.5625,5.5],"texture":"#0"},"east":{"uv":[7.6875,5.4375,7.75,5.5],"texture":"#0"},"south":{"uv":[7.5625,5.4375,7.75,5.5],"texture":"#0"},"west":{"uv":[7.5625,5.4375,7.625,5.5],"texture":"#0"},"up":{"uv":[7.5625,5.4375,7.75,5.5],"texture":"#0"},"down":{"uv":[7.5625,5.4375,7.75,5.5],"texture":"#0"}}},{"name":"shadows_190","from":[9.5,0,7.5],"to":[12.5,1,8.5],"rotation":{"angle":0,"axis":"y","origin":[-116.5,-168,7.5]},"faces":{"north":{"uv":[8.0625,5.4375,7.875,5.5],"texture":"#0"},"east":{"uv":[8,5.4375,8.0625,5.5],"texture":"#0"},"south":{"uv":[7.875,5.4375,8.0625,5.5],"texture":"#0"},"west":{"uv":[7.875,5.4375,7.9375,5.5],"texture":"#0"},"up":{"uv":[7.875,5.4375,8.0625,5.5],"texture":"#0"},"down":{"uv":[7.875,5.4375,8.0625,5.5],"texture":"#0"}}}],"gui_light":"front","display":{"thirdperson_righthand":{"translation":[0,3,1],"scale":[0.55,0.55,0.55]},"thirdperson_lefthand":{"translation":[0,3,1],"scale":[0.55,0.55,0.55]},"firstperson_righthand":{"rotation":[0,-90,25],"translation":[1.13,3.2,1.13],"scale":[0.68,0.68,0.68]},"firstperson_lefthand":{"rotation":[0,-90,25],"translation":[1.13,3.2,1.13],"scale":[0.68,0.68,0.68]},"ground":{"translation":[0,2,0],"scale":[0.5,0.5,0.5]},"head":{"rotation":[0,180,0],"translation":[0,13,7]},"fixed":{"rotation":[0,180,0]}},"mcmodels":"f03d6055f7da1f7cda7e3c8a45ea57c3"}