{"credit":"Made with Blockbench","textures":{"0":"social_icons_pack:icons","particle":"social_icons_pack:icons"},"elements":[{"name":"icons_422","from":[6,1,7.5],"to":[11,16,8.5],"rotation":{"angle":0,"axis":"y","origin":[-26,-60,7.5]},"faces":{"north":{"uv":[2.3125,11.25,2,12.1875],"texture":"#0"},"east":{"uv":[2.25,11.25,2.3125,12.1875],"texture":"#0"},"south":{"uv":[2,11.25,2.3125,12.1875],"texture":"#0"},"west":{"uv":[2,11.25,2.0625,12.1875],"texture":"#0"},"up":{"uv":[2,11.25,2.3125,11.3125],"texture":"#0"},"down":{"uv":[2,12.125,2.3125,12.1875],"texture":"#0"}}},{"name":"icons_429","from":[3,1,7.5],"to":[6,15,8.5],"rotation":{"angle":0,"axis":"y","origin":[-26,-60,7.5]},"faces":{"north":{"uv":[2,11.3125,1.8125,12.1875],"texture":"#0"},"east":{"uv":[1.9375,11.3125,2,12.1875],"texture":"#0"},"south":{"uv":[1.8125,11.3125,2,12.1875],"texture":"#0"},"west":{"uv":[1.8125,11.3125,1.875,12.1875],"texture":"#0"},"up":{"uv":[1.8125,11.3125,2,11.375],"texture":"#0"},"down":{"uv":[1.8125,12.125,2,12.1875],"texture":"#0"}}},{"name":"icons_430","from":[11,2,7.5],"to":[12,15,8.5],"rotation":{"angle":0,"axis":"y","origin":[-26,-60,7.5]},"faces":{"north":{"uv":[2.375,11.3125,2.3125,12.125],"texture":"#0"},"east":{"uv":[2.3125,11.3125,2.375,12.125],"texture":"#0"},"south":{"uv":[2.3125,11.3125,2.375,12.125],"texture":"#0"},"west":{"uv":[2.3125,11.3125,2.375,12.125],"texture":"#0"},"up":{"uv":[2.3125,11.3125,2.375,11.375],"texture":"#0"},"down":{"uv":[2.3125,12.0625,2.375,12.125],"texture":"#0"}}},{"name":"icons_444","from":[2,1,7.5],"to":[3,13,8.5],"rotation":{"angle":0,"axis":"y","origin":[-26,-60,7.5]},"faces":{"north":{"uv":[1.8125,11.4375,1.75,12.1875],"texture":"#0"},"east":{"uv":[1.75,11.4375,1.8125,12.1875],"texture":"#0"},"south":{"uv":[1.75,11.4375,1.8125,12.1875],"texture":"#0"},"west":{"uv":[1.75,11.4375,1.8125,12.1875],"texture":"#0"},"up":{"uv":[1.75,11.4375,1.8125,11.5],"texture":"#0"},"down":{"uv":[1.75,12.125,1.8125,12.1875],"texture":"#0"}}},{"name":"icons_445","from":[12,1,7.5],"to":[13,13,8.5],"rotation":{"angle":0,"axis":"y","origin":[-26,-60,7.5]},"faces":{"north":{"uv":[2.4375,11.4375,2.375,12.1875],"texture":"#0"},"east":{"uv":[2.375,11.4375,2.4375,12.1875],"texture":"#0"},"south":{"uv":[2.375,11.4375,2.4375,12.1875],"texture":"#0"},"west":{"uv":[2.375,11.4375,2.4375,12.1875],"texture":"#0"},"up":{"uv":[2.375,11.4375,2.4375,11.5],"texture":"#0"},"down":{"uv":[2.375,12.125,2.4375,12.1875],"texture":"#0"}}},{"name":"icons_447","from":[1,1,7.5],"to":[2,11,8.5],"rotation":{"angle":0,"axis":"y","origin":[-26,-60,7.5]},"faces":{"north":{"uv":[1.75,11.5625,1.6875,12.1875],"texture":"#0"},"east":{"uv":[1.6875,11.5625,1.75,12.1875],"texture":"#0"},"south":{"uv":[1.6875,11.5625,1.75,12.1875],"texture":"#0"},"west":{"uv":[1.6875,11.5625,1.75,12.1875],"texture":"#0"},"up":{"uv":[1.6875,11.5625,1.75,11.625],"texture":"#0"},"down":{"uv":[1.6875,12.125,1.75,12.1875],"texture":"#0"}}},{"name":"icons_448","from":[13,1,7.5],"to":[14,11,8.5],"rotation":{"angle":0,"axis":"y","origin":[-26,-60,7.5]},"faces":{"north":{"uv":[2.5,11.5625,2.4375,12.1875],"texture":"#0"},"east":{"uv":[2.4375,11.5625,2.5,12.1875],"texture":"#0"},"south":{"uv":[2.4375,11.5625,2.5,12.1875],"texture":"#0"},"west":{"uv":[2.4375,11.5625,2.5,12.1875],"texture":"#0"},"up":{"uv":[2.4375,11.5625,2.5,11.625],"texture":"#0"},"down":{"uv":[2.4375,12.125,2.5,12.1875],"texture":"#0"}}},{"name":"icons_449","from":[14,1,7.5],"to":[15,9,8.5],"rotation":{"angle":0,"axis":"y","origin":[-26,-60,7.5]},"faces":{"north":{"uv":[2.5625,11.6875,2.5,12.1875],"texture":"#0"},"east":{"uv":[2.5,11.6875,2.5625,12.1875],"texture":"#0"},"south":{"uv":[2.5,11.6875,2.5625,12.1875],"texture":"#0"},"west":{"uv":[2.5,11.6875,2.5625,12.1875],"texture":"#0"},"up":{"uv":[2.5,11.6875,2.5625,11.75],"texture":"#0"},"down":{"uv":[2.5,12.125,2.5625,12.1875],"texture":"#0"}}},{"name":"icons_450","from":[0,2,7.5],"to":[1,7,8.5],"rotation":{"angle":0,"axis":"y","origin":[-26,-60,7.5]},"faces":{"north":{"uv":[1.6875,11.8125,1.625,12.125],"texture":"#0"},"east":{"uv":[1.625,11.8125,1.6875,12.125],"texture":"#0"},"south":{"uv":[1.625,11.8125,1.6875,12.125],"texture":"#0"},"west":{"uv":[1.625,11.8125,1.6875,12.125],"texture":"#0"},"up":{"uv":[1.625,11.8125,1.6875,11.875],"texture":"#0"},"down":{"uv":[1.625,12.0625,1.6875,12.125],"texture":"#0"}}},{"name":"icons_451","from":[15,1,7.5],"to":[16,7,8.5],"rotation":{"angle":0,"axis":"y","origin":[-26,-60,7.5]},"faces":{"north":{"uv":[2.625,11.8125,2.5625,12.1875],"texture":"#0"},"east":{"uv":[2.5625,11.8125,2.625,12.1875],"texture":"#0"},"south":{"uv":[2.5625,11.8125,2.625,12.1875],"texture":"#0"},"west":{"uv":[2.5625,11.8125,2.625,12.1875],"texture":"#0"},"up":{"uv":[2.5625,11.8125,2.625,11.875],"texture":"#0"},"down":{"uv":[2.5625,12.125,2.625,12.1875],"texture":"#0"}}},{"name":"shadows_352","from":[0,1,7.5],"to":[1,2,8.5],"rotation":{"angle":0,"axis":"y","origin":[-26,-60,7.5]},"faces":{"north":{"uv":[1.6875,12.125,1.625,12.1875],"texture":"#0"},"east":{"uv":[1.625,12.125,1.6875,12.1875],"texture":"#0"},"south":{"uv":[1.625,12.125,1.6875,12.1875],"texture":"#0"},"west":{"uv":[1.625,12.125,1.6875,12.1875],"texture":"#0"},"up":{"uv":[1.625,12.125,1.6875,12.1875],"texture":"#0"},"down":{"uv":[1.625,12.125,1.6875,12.1875],"texture":"#0"}}},{"name":"shadows_353","from":[11,1,7.5],"to":[12,2,8.5],"rotation":{"angle":0,"axis":"y","origin":[-26,-60,7.5]},"faces":{"north":{"uv":[2.375,12.125,2.3125,12.1875],"texture":"#0"},"east":{"uv":[2.3125,12.125,2.375,12.1875],"texture":"#0"},"south":{"uv":[2.3125,12.125,2.375,12.1875],"texture":"#0"},"west":{"uv":[2.3125,12.125,2.375,12.1875],"texture":"#0"},"up":{"uv":[2.3125,12.125,2.375,12.1875],"texture":"#0"},"down":{"uv":[2.3125,12.125,2.375,12.1875],"texture":"#0"}}},{"name":"shadows_357","from":[1,0,7.5],"to":[11,1,8.5],"rotation":{"angle":0,"axis":"y","origin":[-26,-60,7.5]},"faces":{"north":{"uv":[2.3125,12.1875,1.6875,12.25],"texture":"#0"},"east":{"uv":[2.25,12.1875,2.3125,12.25],"texture":"#0"},"south":{"uv":[1.6875,12.1875,2.3125,12.25],"texture":"#0"},"west":{"uv":[1.6875,12.1875,1.75,12.25],"texture":"#0"},"up":{"uv":[1.6875,12.1875,2.3125,12.25],"texture":"#0"},"down":{"uv":[1.6875,12.1875,2.3125,12.25],"texture":"#0"}}},{"name":"shadows_358","from":[12,0,7.5],"to":[16,1,8.5],"rotation":{"angle":0,"axis":"y","origin":[-26,-60,7.5]},"faces":{"north":{"uv":[2.625,12.1875,2.375,12.25],"texture":"#0"},"east":{"uv":[2.5625,12.1875,2.625,12.25],"texture":"#0"},"south":{"uv":[2.375,12.1875,2.625,12.25],"texture":"#0"},"west":{"uv":[2.375,12.1875,2.4375,12.25],"texture":"#0"},"up":{"uv":[2.375,12.1875,2.625,12.25],"texture":"#0"},"down":{"uv":[2.375,12.1875,2.625,12.25],"texture":"#0"}}}],"gui_light":"front","display":{"thirdperson_righthand":{"translation":[0,3,1],"scale":[0.55,0.55,0.55]},"thirdperson_lefthand":{"translation":[0,3,1],"scale":[0.55,0.55,0.55]},"firstperson_righthand":{"rotation":[0,-90,25],"translation":[1.13,3.2,1.13],"scale":[0.68,0.68,0.68]},"firstperson_lefthand":{"rotation":[0,-90,25],"translation":[1.13,3.2,1.13],"scale":[0.68,0.68,0.68]},"ground":{"translation":[0,2,0],"scale":[0.5,0.5,0.5]},"head":{"rotation":[0,180,0],"translation":[0,13,7]},"fixed":{"rotation":[0,180,0]}},"mcmodels":"f03d6055f7da1f7cda7e3c8a45ea57c3"}