{"credit":"Made with Blockbench","textures":{"0":"social_icons_pack:icons","particle":"social_icons_pack:icons"},"elements":[{"name":"icons_184","from":[1,7,7.5],"to":[6,15,8.5],"rotation":{"angle":0,"axis":"y","origin":[-8,-168,7.5]},"faces":{"north":{"uv":[0.875,4.5625,0.5625,5.0625],"texture":"#0"},"east":{"uv":[0.8125,4.5625,0.875,5.0625],"texture":"#0"},"south":{"uv":[0.5625,4.5625,0.875,5.0625],"texture":"#0"},"west":{"uv":[0.5625,4.5625,0.625,5.0625],"texture":"#0"},"up":{"uv":[0.5625,4.5625,0.875,4.625],"texture":"#0"},"down":{"uv":[0.5625,5,0.875,5.0625],"texture":"#0"}}},{"name":"icons_185","from":[11,7,7.5],"to":[16,15,8.5],"rotation":{"angle":0,"axis":"y","origin":[-8,-168,7.5]},"faces":{"north":{"uv":[1.5,4.5625,1.1875,5.0625],"texture":"#0"},"east":{"uv":[1.4375,4.5625,1.5,5.0625],"texture":"#0"},"south":{"uv":[1.1875,4.5625,1.5,5.0625],"texture":"#0"},"west":{"uv":[1.1875,4.5625,1.25,5.0625],"texture":"#0"},"up":{"uv":[1.1875,4.5625,1.5,4.625],"texture":"#0"},"down":{"uv":[1.1875,5,1.5,5.0625],"texture":"#0"}}},{"name":"icons_201","from":[6,1,7.5],"to":[7,14,8.5],"rotation":{"angle":0,"axis":"y","origin":[-8,-168,7.5]},"faces":{"north":{"uv":[0.9375,4.625,0.875,5.4375],"texture":"#0"},"east":{"uv":[0.875,4.625,0.9375,5.4375],"texture":"#0"},"south":{"uv":[0.875,4.625,0.9375,5.4375],"texture":"#0"},"west":{"uv":[0.875,4.625,0.9375,5.4375],"texture":"#0"},"up":{"uv":[0.875,4.625,0.9375,4.6875],"texture":"#0"},"down":{"uv":[0.875,5.375,0.9375,5.4375],"texture":"#0"}}},{"name":"icons_202","from":[10,1,7.5],"to":[11,14,8.5],"rotation":{"angle":0,"axis":"y","origin":[-8,-168,7.5]},"faces":{"north":{"uv":[1.1875,4.625,1.125,5.4375],"texture":"#0"},"east":{"uv":[1.125,4.625,1.1875,5.4375],"texture":"#0"},"south":{"uv":[1.125,4.625,1.1875,5.4375],"texture":"#0"},"west":{"uv":[1.125,4.625,1.1875,5.4375],"texture":"#0"},"up":{"uv":[1.125,4.625,1.1875,4.6875],"texture":"#0"},"down":{"uv":[1.125,5.375,1.1875,5.4375],"texture":"#0"}}},{"name":"icons_209","from":[7,1,7.5],"to":[8,13,8.5],"rotation":{"angle":0,"axis":"y","origin":[-8,-168,7.5]},"faces":{"north":{"uv":[1,4.6875,0.9375,5.4375],"texture":"#0"},"east":{"uv":[0.9375,4.6875,1,5.4375],"texture":"#0"},"south":{"uv":[0.9375,4.6875,1,5.4375],"texture":"#0"},"west":{"uv":[0.9375,4.6875,1,5.4375],"texture":"#0"},"up":{"uv":[0.9375,4.6875,1,4.75],"texture":"#0"},"down":{"uv":[0.9375,5.375,1,5.4375],"texture":"#0"}}},{"name":"icons_210","from":[9,1,7.5],"to":[10,13,8.5],"rotation":{"angle":0,"axis":"y","origin":[-8,-168,7.5]},"faces":{"north":{"uv":[1.125,4.6875,1.0625,5.4375],"texture":"#0"},"east":{"uv":[1.0625,4.6875,1.125,5.4375],"texture":"#0"},"south":{"uv":[1.0625,4.6875,1.125,5.4375],"texture":"#0"},"west":{"uv":[1.0625,4.6875,1.125,5.4375],"texture":"#0"},"up":{"uv":[1.0625,4.6875,1.125,4.75],"texture":"#0"},"down":{"uv":[1.0625,5.375,1.125,5.4375],"texture":"#0"}}},{"name":"icons_217","from":[8,1,7.5],"to":[9,12,8.5],"rotation":{"angle":0,"axis":"y","origin":[-8,-168,7.5]},"faces":{"north":{"uv":[1.0625,4.75,1,5.4375],"texture":"#0"},"east":{"uv":[1,4.75,1.0625,5.4375],"texture":"#0"},"south":{"uv":[1,4.75,1.0625,5.4375],"texture":"#0"},"west":{"uv":[1,4.75,1.0625,5.4375],"texture":"#0"},"up":{"uv":[1,4.75,1.0625,4.8125],"texture":"#0"},"down":{"uv":[1,5.375,1.0625,5.4375],"texture":"#0"}}},{"name":"icons_230","from":[2,6,7.5],"to":[6,7,8.5],"rotation":{"angle":0,"axis":"y","origin":[-8,-168,7.5]},"faces":{"north":{"uv":[0.875,5.0625,0.625,5.125],"texture":"#0"},"east":{"uv":[0.8125,5.0625,0.875,5.125],"texture":"#0"},"south":{"uv":[0.625,5.0625,0.875,5.125],"texture":"#0"},"west":{"uv":[0.625,5.0625,0.6875,5.125],"texture":"#0"},"up":{"uv":[0.625,5.0625,0.875,5.125],"texture":"#0"},"down":{"uv":[0.625,5.0625,0.875,5.125],"texture":"#0"}}},{"name":"icons_231","from":[11,2,7.5],"to":[14,7,8.5],"rotation":{"angle":0,"axis":"y","origin":[-8,-168,7.5]},"faces":{"north":{"uv":[1.375,5.0625,1.1875,5.375],"texture":"#0"},"east":{"uv":[1.3125,5.0625,1.375,5.375],"texture":"#0"},"south":{"uv":[1.1875,5.0625,1.375,5.375],"texture":"#0"},"west":{"uv":[1.1875,5.0625,1.25,5.375],"texture":"#0"},"up":{"uv":[1.1875,5.0625,1.375,5.125],"texture":"#0"},"down":{"uv":[1.1875,5.3125,1.375,5.375],"texture":"#0"}}},{"name":"icons_232","from":[14,6,7.5],"to":[15,7,8.5],"rotation":{"angle":0,"axis":"y","origin":[-8,-168,7.5]},"faces":{"north":{"uv":[1.4375,5.0625,1.375,5.125],"texture":"#0"},"east":{"uv":[1.375,5.0625,1.4375,5.125],"texture":"#0"},"south":{"uv":[1.375,5.0625,1.4375,5.125],"texture":"#0"},"west":{"uv":[1.375,5.0625,1.4375,5.125],"texture":"#0"},"up":{"uv":[1.375,5.0625,1.4375,5.125],"texture":"#0"},"down":{"uv":[1.375,5.0625,1.4375,5.125],"texture":"#0"}}},{"name":"icons_234","from":[3,2,7.5],"to":[6,6,8.5],"rotation":{"angle":0,"axis":"y","origin":[-8,-168,7.5]},"faces":{"north":{"uv":[0.875,5.125,0.6875,5.375],"texture":"#0"},"east":{"uv":[0.8125,5.125,0.875,5.375],"texture":"#0"},"south":{"uv":[0.6875,5.125,0.875,5.375],"texture":"#0"},"west":{"uv":[0.6875,5.125,0.75,5.375],"texture":"#0"},"up":{"uv":[0.6875,5.125,0.875,5.1875],"texture":"#0"},"down":{"uv":[0.6875,5.3125,0.875,5.375],"texture":"#0"}}},{"name":"icons_242","from":[4,1,7.5],"to":[6,2,8.5],"rotation":{"angle":0,"axis":"y","origin":[-8,-168,7.5]},"faces":{"north":{"uv":[0.875,5.375,0.75,5.4375],"texture":"#0"},"east":{"uv":[0.8125,5.375,0.875,5.4375],"texture":"#0"},"south":{"uv":[0.75,5.375,0.875,5.4375],"texture":"#0"},"west":{"uv":[0.75,5.375,0.8125,5.4375],"texture":"#0"},"up":{"uv":[0.75,5.375,0.875,5.4375],"texture":"#0"},"down":{"uv":[0.75,5.375,0.875,5.4375],"texture":"#0"}}},{"name":"icons_243","from":[11,1,7.5],"to":[13,2,8.5],"rotation":{"angle":0,"axis":"y","origin":[-8,-168,7.5]},"faces":{"north":{"uv":[1.3125,5.375,1.1875,5.4375],"texture":"#0"},"east":{"uv":[1.25,5.375,1.3125,5.4375],"texture":"#0"},"south":{"uv":[1.1875,5.375,1.3125,5.4375],"texture":"#0"},"west":{"uv":[1.1875,5.375,1.25,5.4375],"texture":"#0"},"up":{"uv":[1.1875,5.375,1.3125,5.4375],"texture":"#0"},"down":{"uv":[1.1875,5.375,1.3125,5.4375],"texture":"#0"}}},{"name":"shadows_154","from":[1,6,7.5],"to":[2,7,8.5],"rotation":{"angle":0,"axis":"y","origin":[-8,-168,7.5]},"faces":{"north":{"uv":[0.625,5.0625,0.5625,5.125],"texture":"#0"},"east":{"uv":[0.5625,5.0625,0.625,5.125],"texture":"#0"},"south":{"uv":[0.5625,5.0625,0.625,5.125],"texture":"#0"},"west":{"uv":[0.5625,5.0625,0.625,5.125],"texture":"#0"},"up":{"uv":[0.5625,5.0625,0.625,5.125],"texture":"#0"},"down":{"uv":[0.5625,5.0625,0.625,5.125],"texture":"#0"}}},{"name":"shadows_155","from":[15,6,7.5],"to":[16,7,8.5],"rotation":{"angle":0,"axis":"y","origin":[-8,-168,7.5]},"faces":{"north":{"uv":[1.5,5.0625,1.4375,5.125],"texture":"#0"},"east":{"uv":[1.4375,5.0625,1.5,5.125],"texture":"#0"},"south":{"uv":[1.4375,5.0625,1.5,5.125],"texture":"#0"},"west":{"uv":[1.4375,5.0625,1.5,5.125],"texture":"#0"},"up":{"uv":[1.4375,5.0625,1.5,5.125],"texture":"#0"},"down":{"uv":[1.4375,5.0625,1.5,5.125],"texture":"#0"}}},{"name":"shadows_157","from":[2,5,7.5],"to":[3,6,8.5],"rotation":{"angle":0,"axis":"y","origin":[-8,-168,7.5]},"faces":{"north":{"uv":[0.6875,5.125,0.625,5.1875],"texture":"#0"},"east":{"uv":[0.625,5.125,0.6875,5.1875],"texture":"#0"},"south":{"uv":[0.625,5.125,0.6875,5.1875],"texture":"#0"},"west":{"uv":[0.625,5.125,0.6875,5.1875],"texture":"#0"},"up":{"uv":[0.625,5.125,0.6875,5.1875],"texture":"#0"},"down":{"uv":[0.625,5.125,0.6875,5.1875],"texture":"#0"}}},{"name":"shadows_158","from":[14,5,7.5],"to":[15,6,8.5],"rotation":{"angle":0,"axis":"y","origin":[-8,-168,7.5]},"faces":{"north":{"uv":[1.4375,5.125,1.375,5.1875],"texture":"#0"},"east":{"uv":[1.375,5.125,1.4375,5.1875],"texture":"#0"},"south":{"uv":[1.375,5.125,1.4375,5.1875],"texture":"#0"},"west":{"uv":[1.375,5.125,1.4375,5.1875],"texture":"#0"},"up":{"uv":[1.375,5.125,1.4375,5.1875],"texture":"#0"},"down":{"uv":[1.375,5.125,1.4375,5.1875],"texture":"#0"}}},{"name":"shadows_173","from":[3,1,7.5],"to":[4,2,8.5],"rotation":{"angle":0,"axis":"y","origin":[-8,-168,7.5]},"faces":{"north":{"uv":[0.75,5.375,0.6875,5.4375],"texture":"#0"},"east":{"uv":[0.6875,5.375,0.75,5.4375],"texture":"#0"},"south":{"uv":[0.6875,5.375,0.75,5.4375],"texture":"#0"},"west":{"uv":[0.6875,5.375,0.75,5.4375],"texture":"#0"},"up":{"uv":[0.6875,5.375,0.75,5.4375],"texture":"#0"},"down":{"uv":[0.6875,5.375,0.75,5.4375],"texture":"#0"}}},{"name":"shadows_174","from":[13,1,7.5],"to":[14,2,8.5],"rotation":{"angle":0,"axis":"y","origin":[-8,-168,7.5]},"faces":{"north":{"uv":[1.375,5.375,1.3125,5.4375],"texture":"#0"},"east":{"uv":[1.3125,5.375,1.375,5.4375],"texture":"#0"},"south":{"uv":[1.3125,5.375,1.375,5.4375],"texture":"#0"},"west":{"uv":[1.3125,5.375,1.375,5.4375],"texture":"#0"},"up":{"uv":[1.3125,5.375,1.375,5.4375],"texture":"#0"},"down":{"uv":[1.3125,5.375,1.375,5.4375],"texture":"#0"}}},{"name":"shadows_181","from":[4,0,7.5],"to":[13,1,8.5],"rotation":{"angle":0,"axis":"y","origin":[-8,-168,7.5]},"faces":{"north":{"uv":[1.3125,5.4375,0.75,5.5],"texture":"#0"},"east":{"uv":[1.25,5.4375,1.3125,5.5],"texture":"#0"},"south":{"uv":[0.75,5.4375,1.3125,5.5],"texture":"#0"},"west":{"uv":[0.75,5.4375,0.8125,5.5],"texture":"#0"},"up":{"uv":[0.75,5.4375,1.3125,5.5],"texture":"#0"},"down":{"uv":[0.75,5.4375,1.3125,5.5],"texture":"#0"}}}],"gui_light":"front","display":{"thirdperson_righthand":{"translation":[0,3,1],"scale":[0.55,0.55,0.55]},"thirdperson_lefthand":{"translation":[0,3,1],"scale":[0.55,0.55,0.55]},"firstperson_righthand":{"rotation":[0,-90,25],"translation":[1.13,3.2,1.13],"scale":[0.68,0.68,0.68]},"firstperson_lefthand":{"rotation":[0,-90,25],"translation":[1.13,3.2,1.13],"scale":[0.68,0.68,0.68]},"ground":{"translation":[0,2,0],"scale":[0.5,0.5,0.5]},"head":{"rotation":[0,180,0],"translation":[0,13,7]},"fixed":{"rotation":[0,180,0]}},"mcmodels":"f03d6055f7da1f7cda7e3c8a45ea57c3"}