{"credit":"Made with Blockbench","textures":{"0":"social_icons_pack:icons","particle":"social_icons_pack:icons"},"elements":[{"name":"icons_336","from":[1,10,7.5],"to":[11,14,8.5],"rotation":{"angle":0,"axis":"y","origin":[-26,-114,7.5]},"faces":{"north":{"uv":[2.3125,8,1.6875,8.25],"texture":"#0"},"east":{"uv":[2.25,8,2.3125,8.25],"texture":"#0"},"south":{"uv":[1.6875,8,2.3125,8.25],"texture":"#0"},"west":{"uv":[1.6875,8,1.75,8.25],"texture":"#0"},"up":{"uv":[1.6875,8,2.3125,8.0625],"texture":"#0"},"down":{"uv":[1.6875,8.1875,2.3125,8.25],"texture":"#0"}}},{"name":"icons_338","from":[11,9,7.5],"to":[15,13,8.5],"rotation":{"angle":0,"axis":"y","origin":[-26,-114,7.5]},"faces":{"north":{"uv":[2.5625,8.0625,2.3125,8.3125],"texture":"#0"},"east":{"uv":[2.5,8.0625,2.5625,8.3125],"texture":"#0"},"south":{"uv":[2.3125,8.0625,2.5625,8.3125],"texture":"#0"},"west":{"uv":[2.3125,8.0625,2.375,8.3125],"texture":"#0"},"up":{"uv":[2.3125,8.0625,2.5625,8.125],"texture":"#0"},"down":{"uv":[2.3125,8.25,2.5625,8.3125],"texture":"#0"}}},{"name":"icons_342","from":[2,8,7.5],"to":[11,10,8.5],"rotation":{"angle":0,"axis":"y","origin":[-26,-114,7.5]},"faces":{"north":{"uv":[2.3125,8.25,1.75,8.375],"texture":"#0"},"east":{"uv":[2.25,8.25,2.3125,8.375],"texture":"#0"},"south":{"uv":[1.75,8.25,2.3125,8.375],"texture":"#0"},"west":{"uv":[1.75,8.25,1.8125,8.375],"texture":"#0"},"up":{"uv":[1.75,8.25,2.3125,8.3125],"texture":"#0"},"down":{"uv":[1.75,8.3125,2.3125,8.375],"texture":"#0"}}},{"name":"icons_345","from":[11,8,7.5],"to":[14,9,8.5],"rotation":{"angle":0,"axis":"y","origin":[-26,-114,7.5]},"faces":{"north":{"uv":[2.5,8.3125,2.3125,8.375],"texture":"#0"},"east":{"uv":[2.4375,8.3125,2.5,8.375],"texture":"#0"},"south":{"uv":[2.3125,8.3125,2.5,8.375],"texture":"#0"},"west":{"uv":[2.3125,8.3125,2.375,8.375],"texture":"#0"},"up":{"uv":[2.3125,8.3125,2.5,8.375],"texture":"#0"},"down":{"uv":[2.3125,8.3125,2.5,8.375],"texture":"#0"}}},{"name":"icons_349","from":[4,3,7.5],"to":[12,8,8.5],"rotation":{"angle":0,"axis":"y","origin":[-26,-114,7.5]},"faces":{"north":{"uv":[2.375,8.375,1.875,8.6875],"texture":"#0"},"east":{"uv":[2.3125,8.375,2.375,8.6875],"texture":"#0"},"south":{"uv":[1.875,8.375,2.375,8.6875],"texture":"#0"},"west":{"uv":[1.875,8.375,1.9375,8.6875],"texture":"#0"},"up":{"uv":[1.875,8.375,2.375,8.4375],"texture":"#0"},"down":{"uv":[1.875,8.625,2.375,8.6875],"texture":"#0"}}},{"name":"icons_354","from":[3,2,7.5],"to":[4,7,8.5],"rotation":{"angle":0,"axis":"y","origin":[-26,-114,7.5]},"faces":{"north":{"uv":[1.875,8.4375,1.8125,8.75],"texture":"#0"},"east":{"uv":[1.8125,8.4375,1.875,8.75],"texture":"#0"},"south":{"uv":[1.8125,8.4375,1.875,8.75],"texture":"#0"},"west":{"uv":[1.8125,8.4375,1.875,8.75],"texture":"#0"},"up":{"uv":[1.8125,8.4375,1.875,8.5],"texture":"#0"},"down":{"uv":[1.8125,8.6875,1.875,8.75],"texture":"#0"}}},{"name":"icons_355","from":[12,2,7.5],"to":[13,7,8.5],"rotation":{"angle":0,"axis":"y","origin":[-26,-114,7.5]},"faces":{"north":{"uv":[2.4375,8.4375,2.375,8.75],"texture":"#0"},"east":{"uv":[2.375,8.4375,2.4375,8.75],"texture":"#0"},"south":{"uv":[2.375,8.4375,2.4375,8.75],"texture":"#0"},"west":{"uv":[2.375,8.4375,2.4375,8.75],"texture":"#0"},"up":{"uv":[2.375,8.4375,2.4375,8.5],"texture":"#0"},"down":{"uv":[2.375,8.6875,2.4375,8.75],"texture":"#0"}}},{"name":"icons_357","from":[4,2,7.5],"to":[5,3,8.5],"rotation":{"angle":0,"axis":"y","origin":[-26,-114,7.5]},"faces":{"north":{"uv":[1.9375,8.6875,1.875,8.75],"texture":"#0"},"east":{"uv":[1.875,8.6875,1.9375,8.75],"texture":"#0"},"south":{"uv":[1.875,8.6875,1.9375,8.75],"texture":"#0"},"west":{"uv":[1.875,8.6875,1.9375,8.75],"texture":"#0"},"up":{"uv":[1.875,8.6875,1.9375,8.75],"texture":"#0"},"down":{"uv":[1.875,8.6875,1.9375,8.75],"texture":"#0"}}},{"name":"icons_358","from":[6,2,7.5],"to":[12,3,8.5],"rotation":{"angle":0,"axis":"y","origin":[-26,-114,7.5]},"faces":{"north":{"uv":[2.375,8.6875,2,8.75],"texture":"#0"},"east":{"uv":[2.3125,8.6875,2.375,8.75],"texture":"#0"},"south":{"uv":[2,8.6875,2.375,8.75],"texture":"#0"},"west":{"uv":[2,8.6875,2.0625,8.75],"texture":"#0"},"up":{"uv":[2,8.6875,2.375,8.75],"texture":"#0"},"down":{"uv":[2,8.6875,2.375,8.75],"texture":"#0"}}},{"name":"shadows_262","from":[1,9,7.5],"to":[2,10,8.5],"rotation":{"angle":0,"axis":"y","origin":[-26,-114,7.5]},"faces":{"north":{"uv":[1.75,8.25,1.6875,8.3125],"texture":"#0"},"east":{"uv":[1.6875,8.25,1.75,8.3125],"texture":"#0"},"south":{"uv":[1.6875,8.25,1.75,8.3125],"texture":"#0"},"west":{"uv":[1.6875,8.25,1.75,8.3125],"texture":"#0"},"up":{"uv":[1.6875,8.25,1.75,8.3125],"texture":"#0"},"down":{"uv":[1.6875,8.25,1.75,8.3125],"texture":"#0"}}},{"name":"shadows_265","from":[14,8,7.5],"to":[15,9,8.5],"rotation":{"angle":0,"axis":"y","origin":[-26,-114,7.5]},"faces":{"north":{"uv":[2.5625,8.3125,2.5,8.375],"texture":"#0"},"east":{"uv":[2.5,8.3125,2.5625,8.375],"texture":"#0"},"south":{"uv":[2.5,8.3125,2.5625,8.375],"texture":"#0"},"west":{"uv":[2.5,8.3125,2.5625,8.375],"texture":"#0"},"up":{"uv":[2.5,8.3125,2.5625,8.375],"texture":"#0"},"down":{"uv":[2.5,8.3125,2.5625,8.375],"texture":"#0"}}},{"name":"shadows_267","from":[2,7,7.5],"to":[4,8,8.5],"rotation":{"angle":0,"axis":"y","origin":[-26,-114,7.5]},"faces":{"north":{"uv":[1.875,8.375,1.75,8.4375],"texture":"#0"},"east":{"uv":[1.8125,8.375,1.875,8.4375],"texture":"#0"},"south":{"uv":[1.75,8.375,1.875,8.4375],"texture":"#0"},"west":{"uv":[1.75,8.375,1.8125,8.4375],"texture":"#0"},"up":{"uv":[1.75,8.375,1.875,8.4375],"texture":"#0"},"down":{"uv":[1.75,8.375,1.875,8.4375],"texture":"#0"}}},{"name":"shadows_268","from":[12,7,7.5],"to":[14,8,8.5],"rotation":{"angle":0,"axis":"y","origin":[-26,-114,7.5]},"faces":{"north":{"uv":[2.5,8.375,2.375,8.4375],"texture":"#0"},"east":{"uv":[2.4375,8.375,2.5,8.4375],"texture":"#0"},"south":{"uv":[2.375,8.375,2.5,8.4375],"texture":"#0"},"west":{"uv":[2.375,8.375,2.4375,8.4375],"texture":"#0"},"up":{"uv":[2.375,8.375,2.5,8.4375],"texture":"#0"},"down":{"uv":[2.375,8.375,2.5,8.4375],"texture":"#0"}}},{"name":"shadows_274","from":[5,2,7.5],"to":[6,3,8.5],"rotation":{"angle":0,"axis":"y","origin":[-26,-114,7.5]},"faces":{"north":{"uv":[2,8.6875,1.9375,8.75],"texture":"#0"},"east":{"uv":[1.9375,8.6875,2,8.75],"texture":"#0"},"south":{"uv":[1.9375,8.6875,2,8.75],"texture":"#0"},"west":{"uv":[1.9375,8.6875,2,8.75],"texture":"#0"},"up":{"uv":[1.9375,8.6875,2,8.75],"texture":"#0"},"down":{"uv":[1.9375,8.6875,2,8.75],"texture":"#0"}}},{"name":"shadows_278","from":[3,1,7.5],"to":[5,2,8.5],"rotation":{"angle":0,"axis":"y","origin":[-26,-114,7.5]},"faces":{"north":{"uv":[1.9375,8.75,1.8125,8.8125],"texture":"#0"},"east":{"uv":[1.875,8.75,1.9375,8.8125],"texture":"#0"},"south":{"uv":[1.8125,8.75,1.9375,8.8125],"texture":"#0"},"west":{"uv":[1.8125,8.75,1.875,8.8125],"texture":"#0"},"up":{"uv":[1.8125,8.75,1.9375,8.8125],"texture":"#0"},"down":{"uv":[1.8125,8.75,1.9375,8.8125],"texture":"#0"}}},{"name":"shadows_279","from":[6,1,7.5],"to":[13,2,8.5],"rotation":{"angle":0,"axis":"y","origin":[-26,-114,7.5]},"faces":{"north":{"uv":[2.4375,8.75,2,8.8125],"texture":"#0"},"east":{"uv":[2.375,8.75,2.4375,8.8125],"texture":"#0"},"south":{"uv":[2,8.75,2.4375,8.8125],"texture":"#0"},"west":{"uv":[2,8.75,2.0625,8.8125],"texture":"#0"},"up":{"uv":[2,8.75,2.4375,8.8125],"texture":"#0"},"down":{"uv":[2,8.75,2.4375,8.8125],"texture":"#0"}}}],"gui_light":"front","display":{"thirdperson_righthand":{"translation":[0,3,1],"scale":[0.55,0.55,0.55]},"thirdperson_lefthand":{"translation":[0,3,1],"scale":[0.55,0.55,0.55]},"firstperson_righthand":{"rotation":[0,-90,25],"translation":[1.13,3.2,1.13],"scale":[0.68,0.68,0.68]},"firstperson_lefthand":{"rotation":[0,-90,25],"translation":[1.13,3.2,1.13],"scale":[0.68,0.68,0.68]},"ground":{"translation":[0,2,0],"scale":[0.5,0.5,0.5]},"head":{"rotation":[0,180,0],"translation":[0,13,7]},"fixed":{"rotation":[0,180,0]}},"mcmodels":"f03d6055f7da1f7cda7e3c8a45ea57c3"}