{"credit":"Made with Blockbench","textures":{"0":"social_icons_pack:icons","particle":"social_icons_pack:icons"},"elements":[{"name":"icons_322","from":[9,9,7.5],"to":[14,16,8.5],"rotation":{"angle":0,"axis":"y","origin":[-44,-114,7.5]},"faces":{"north":{"uv":[3.625,7.875,3.3125,8.3125],"texture":"#0"},"east":{"uv":[3.5625,7.875,3.625,8.3125],"texture":"#0"},"south":{"uv":[3.3125,7.875,3.625,8.3125],"texture":"#0"},"west":{"uv":[3.3125,7.875,3.375,8.3125],"texture":"#0"},"up":{"uv":[3.3125,7.875,3.625,7.9375],"texture":"#0"},"down":{"uv":[3.3125,8.25,3.625,8.3125],"texture":"#0"}}},{"name":"icons_327","from":[8,1,7.5],"to":[9,15,8.5],"rotation":{"angle":0,"axis":"y","origin":[-44,-114,7.5]},"faces":{"north":{"uv":[3.3125,7.9375,3.25,8.8125],"texture":"#0"},"east":{"uv":[3.25,7.9375,3.3125,8.8125],"texture":"#0"},"south":{"uv":[3.25,7.9375,3.3125,8.8125],"texture":"#0"},"west":{"uv":[3.25,7.9375,3.3125,8.8125],"texture":"#0"},"up":{"uv":[3.25,7.9375,3.3125,8],"texture":"#0"},"down":{"uv":[3.25,8.75,3.3125,8.8125],"texture":"#0"}}},{"name":"icons_337","from":[7,0,7.5],"to":[8,14,8.5],"rotation":{"angle":0,"axis":"y","origin":[-44,-114,7.5]},"faces":{"north":{"uv":[3.25,8,3.1875,8.875],"texture":"#0"},"east":{"uv":[3.1875,8,3.25,8.875],"texture":"#0"},"south":{"uv":[3.1875,8,3.25,8.875],"texture":"#0"},"west":{"uv":[3.1875,8,3.25,8.875],"texture":"#0"},"up":{"uv":[3.1875,8,3.25,8.0625],"texture":"#0"},"down":{"uv":[3.1875,8.8125,3.25,8.875],"texture":"#0"}}},{"name":"icons_339","from":[3,8,7.5],"to":[7,13,8.5],"rotation":{"angle":0,"axis":"y","origin":[-44,-114,7.5]},"faces":{"north":{"uv":[3.1875,8.0625,2.9375,8.375],"texture":"#0"},"east":{"uv":[3.125,8.0625,3.1875,8.375],"texture":"#0"},"south":{"uv":[2.9375,8.0625,3.1875,8.375],"texture":"#0"},"west":{"uv":[2.9375,8.0625,3,8.375],"texture":"#0"},"up":{"uv":[2.9375,8.0625,3.1875,8.125],"texture":"#0"},"down":{"uv":[2.9375,8.3125,3.1875,8.375],"texture":"#0"}}},{"name":"icons_346","from":[9,3,7.5],"to":[13,9,8.5],"rotation":{"angle":0,"axis":"y","origin":[-44,-114,7.5]},"faces":{"north":{"uv":[3.5625,8.3125,3.3125,8.6875],"texture":"#0"},"east":{"uv":[3.5,8.3125,3.5625,8.6875],"texture":"#0"},"south":{"uv":[3.3125,8.3125,3.5625,8.6875],"texture":"#0"},"west":{"uv":[3.3125,8.3125,3.375,8.6875],"texture":"#0"},"up":{"uv":[3.3125,8.3125,3.5625,8.375],"texture":"#0"},"down":{"uv":[3.3125,8.625,3.5625,8.6875],"texture":"#0"}}},{"name":"icons_350","from":[4,0,7.5],"to":[7,8,8.5],"rotation":{"angle":0,"axis":"y","origin":[-44,-114,7.5]},"faces":{"north":{"uv":[3.1875,8.375,3,8.875],"texture":"#0"},"east":{"uv":[3.125,8.375,3.1875,8.875],"texture":"#0"},"south":{"uv":[3,8.375,3.1875,8.875],"texture":"#0"},"west":{"uv":[3,8.375,3.0625,8.875],"texture":"#0"},"up":{"uv":[3,8.375,3.1875,8.4375],"texture":"#0"},"down":{"uv":[3,8.8125,3.1875,8.875],"texture":"#0"}}},{"name":"icons_351","from":[13,3,7.5],"to":[14,8,8.5],"rotation":{"angle":0,"axis":"y","origin":[-44,-114,7.5]},"faces":{"north":{"uv":[3.625,8.375,3.5625,8.6875],"texture":"#0"},"east":{"uv":[3.5625,8.375,3.625,8.6875],"texture":"#0"},"south":{"uv":[3.5625,8.375,3.625,8.6875],"texture":"#0"},"west":{"uv":[3.5625,8.375,3.625,8.6875],"texture":"#0"},"up":{"uv":[3.5625,8.375,3.625,8.4375],"texture":"#0"},"down":{"uv":[3.5625,8.625,3.625,8.6875],"texture":"#0"}}},{"name":"icons_356","from":[3,0,7.5],"to":[4,7,8.5],"rotation":{"angle":0,"axis":"y","origin":[-44,-114,7.5]},"faces":{"north":{"uv":[3,8.4375,2.9375,8.875],"texture":"#0"},"east":{"uv":[2.9375,8.4375,3,8.875],"texture":"#0"},"south":{"uv":[2.9375,8.4375,3,8.875],"texture":"#0"},"west":{"uv":[2.9375,8.4375,3,8.875],"texture":"#0"},"up":{"uv":[2.9375,8.4375,3,8.5],"texture":"#0"},"down":{"uv":[2.9375,8.8125,3,8.875],"texture":"#0"}}},{"name":"icons_359","from":[9,2,7.5],"to":[10,3,8.5],"rotation":{"angle":0,"axis":"y","origin":[-44,-114,7.5]},"faces":{"north":{"uv":[3.375,8.6875,3.3125,8.75],"texture":"#0"},"east":{"uv":[3.3125,8.6875,3.375,8.75],"texture":"#0"},"south":{"uv":[3.3125,8.6875,3.375,8.75],"texture":"#0"},"west":{"uv":[3.3125,8.6875,3.375,8.75],"texture":"#0"},"up":{"uv":[3.3125,8.6875,3.375,8.75],"texture":"#0"},"down":{"uv":[3.3125,8.6875,3.375,8.75],"texture":"#0"}}},{"name":"shadows_266","from":[13,8,7.5],"to":[14,9,8.5],"rotation":{"angle":0,"axis":"y","origin":[-44,-114,7.5]},"faces":{"north":{"uv":[3.625,8.3125,3.5625,8.375],"texture":"#0"},"east":{"uv":[3.5625,8.3125,3.625,8.375],"texture":"#0"},"south":{"uv":[3.5625,8.3125,3.625,8.375],"texture":"#0"},"west":{"uv":[3.5625,8.3125,3.625,8.375],"texture":"#0"},"up":{"uv":[3.5625,8.3125,3.625,8.375],"texture":"#0"},"down":{"uv":[3.5625,8.3125,3.625,8.375],"texture":"#0"}}},{"name":"shadows_269","from":[3,7,7.5],"to":[4,8,8.5],"rotation":{"angle":0,"axis":"y","origin":[-44,-114,7.5]},"faces":{"north":{"uv":[3,8.375,2.9375,8.4375],"texture":"#0"},"east":{"uv":[2.9375,8.375,3,8.4375],"texture":"#0"},"south":{"uv":[2.9375,8.375,3,8.4375],"texture":"#0"},"west":{"uv":[2.9375,8.375,3,8.4375],"texture":"#0"},"up":{"uv":[2.9375,8.375,3,8.4375],"texture":"#0"},"down":{"uv":[2.9375,8.375,3,8.4375],"texture":"#0"}}},{"name":"shadows_275","from":[10,2,7.5],"to":[14,3,8.5],"rotation":{"angle":0,"axis":"y","origin":[-44,-114,7.5]},"faces":{"north":{"uv":[3.625,8.6875,3.375,8.75],"texture":"#0"},"east":{"uv":[3.5625,8.6875,3.625,8.75],"texture":"#0"},"south":{"uv":[3.375,8.6875,3.625,8.75],"texture":"#0"},"west":{"uv":[3.375,8.6875,3.4375,8.75],"texture":"#0"},"up":{"uv":[3.375,8.6875,3.625,8.75],"texture":"#0"},"down":{"uv":[3.375,8.6875,3.625,8.75],"texture":"#0"}}},{"name":"shadows_280","from":[9,1,7.5],"to":[10,2,8.5],"rotation":{"angle":0,"axis":"y","origin":[-44,-114,7.5]},"faces":{"north":{"uv":[3.375,8.75,3.3125,8.8125],"texture":"#0"},"east":{"uv":[3.3125,8.75,3.375,8.8125],"texture":"#0"},"south":{"uv":[3.3125,8.75,3.375,8.8125],"texture":"#0"},"west":{"uv":[3.3125,8.75,3.375,8.8125],"texture":"#0"},"up":{"uv":[3.3125,8.75,3.375,8.8125],"texture":"#0"},"down":{"uv":[3.3125,8.75,3.375,8.8125],"texture":"#0"}}},{"name":"shadows_282","from":[8,0,7.5],"to":[9,1,8.5],"rotation":{"angle":0,"axis":"y","origin":[-44,-114,7.5]},"faces":{"north":{"uv":[3.3125,8.8125,3.25,8.875],"texture":"#0"},"east":{"uv":[3.25,8.8125,3.3125,8.875],"texture":"#0"},"south":{"uv":[3.25,8.8125,3.3125,8.875],"texture":"#0"},"west":{"uv":[3.25,8.8125,3.3125,8.875],"texture":"#0"},"up":{"uv":[3.25,8.8125,3.3125,8.875],"texture":"#0"},"down":{"uv":[3.25,8.8125,3.3125,8.875],"texture":"#0"}}},{"name":"shadows_289","from":[3,-1,7.5],"to":[8,0,8.5],"rotation":{"angle":0,"axis":"y","origin":[-44,-114,7.5]},"faces":{"north":{"uv":[3.25,8.875,2.9375,8.9375],"texture":"#0"},"east":{"uv":[3.1875,8.875,3.25,8.9375],"texture":"#0"},"south":{"uv":[2.9375,8.875,3.25,8.9375],"texture":"#0"},"west":{"uv":[2.9375,8.875,3,8.9375],"texture":"#0"},"up":{"uv":[2.9375,8.875,3.25,8.9375],"texture":"#0"},"down":{"uv":[2.9375,8.875,3.25,8.9375],"texture":"#0"}}}],"gui_light":"front","display":{"thirdperson_righthand":{"translation":[0,3,1],"scale":[0.55,0.55,0.55]},"thirdperson_lefthand":{"translation":[0,3,1],"scale":[0.55,0.55,0.55]},"firstperson_righthand":{"rotation":[0,-90,25],"translation":[1.13,3.2,1.13],"scale":[0.68,0.68,0.68]},"firstperson_lefthand":{"rotation":[0,-90,25],"translation":[1.13,3.2,1.13],"scale":[0.68,0.68,0.68]},"ground":{"translation":[0,2,0],"scale":[0.5,0.5,0.5]},"head":{"rotation":[0,180,0],"translation":[0,13,7]},"fixed":{"rotation":[0,180,0]}},"mcmodels":"f03d6055f7da1f7cda7e3c8a45ea57c3"}