{"credit":"Made with Blockbench","textures":{"0":"social_icons_pack:icons","particle":"social_icons_pack:icons"},"elements":[{"name":"icons_102","from":[2,2,7.5],"to":[7,14,8.5],"rotation":{"angle":0,"axis":"y","origin":[-44,-204,7.5]},"faces":{"north":{"uv":[3.1875,2.375,2.875,3.125],"texture":"#0"},"east":{"uv":[3.125,2.375,3.1875,3.125],"texture":"#0"},"south":{"uv":[2.875,2.375,3.1875,3.125],"texture":"#0"},"west":{"uv":[2.875,2.375,2.9375,3.125],"texture":"#0"},"up":{"uv":[2.875,2.375,3.1875,2.4375],"texture":"#0"},"down":{"uv":[2.875,3.0625,3.1875,3.125],"texture":"#0"}}},{"name":"icons_103","from":[9,2,7.5],"to":[14,14,8.5],"rotation":{"angle":0,"axis":"y","origin":[-44,-204,7.5]},"faces":{"north":{"uv":[3.625,2.375,3.3125,3.125],"texture":"#0"},"east":{"uv":[3.5625,2.375,3.625,3.125],"texture":"#0"},"south":{"uv":[3.3125,2.375,3.625,3.125],"texture":"#0"},"west":{"uv":[3.3125,2.375,3.375,3.125],"texture":"#0"},"up":{"uv":[3.3125,2.375,3.625,2.4375],"texture":"#0"},"down":{"uv":[3.3125,3.0625,3.625,3.125],"texture":"#0"}}},{"name":"icons_114","from":[1,2,7.5],"to":[2,13,8.5],"rotation":{"angle":0,"axis":"y","origin":[-44,-204,7.5]},"faces":{"north":{"uv":[2.875,2.4375,2.8125,3.125],"texture":"#0"},"east":{"uv":[2.8125,2.4375,2.875,3.125],"texture":"#0"},"south":{"uv":[2.8125,2.4375,2.875,3.125],"texture":"#0"},"west":{"uv":[2.8125,2.4375,2.875,3.125],"texture":"#0"},"up":{"uv":[2.8125,2.4375,2.875,2.5],"texture":"#0"},"down":{"uv":[2.8125,3.0625,2.875,3.125],"texture":"#0"}}},{"name":"icons_115","from":[7,4,7.5],"to":[9,13,8.5],"rotation":{"angle":0,"axis":"y","origin":[-44,-204,7.5]},"faces":{"north":{"uv":[3.3125,2.4375,3.1875,3],"texture":"#0"},"east":{"uv":[3.25,2.4375,3.3125,3],"texture":"#0"},"south":{"uv":[3.1875,2.4375,3.3125,3],"texture":"#0"},"west":{"uv":[3.1875,2.4375,3.25,3],"texture":"#0"},"up":{"uv":[3.1875,2.4375,3.3125,2.5],"texture":"#0"},"down":{"uv":[3.1875,2.9375,3.3125,3],"texture":"#0"}}},{"name":"icons_116","from":[14,2,7.5],"to":[15,13,8.5],"rotation":{"angle":0,"axis":"y","origin":[-44,-204,7.5]},"faces":{"north":{"uv":[3.6875,2.4375,3.625,3.125],"texture":"#0"},"east":{"uv":[3.625,2.4375,3.6875,3.125],"texture":"#0"},"south":{"uv":[3.625,2.4375,3.6875,3.125],"texture":"#0"},"west":{"uv":[3.625,2.4375,3.6875,3.125],"texture":"#0"},"up":{"uv":[3.625,2.4375,3.6875,2.5],"texture":"#0"},"down":{"uv":[3.625,3.0625,3.6875,3.125],"texture":"#0"}}},{"name":"icons_125","from":[0,3,7.5],"to":[1,11,8.5],"rotation":{"angle":0,"axis":"y","origin":[-44,-204,7.5]},"faces":{"north":{"uv":[2.8125,2.5625,2.75,3.0625],"texture":"#0"},"east":{"uv":[2.75,2.5625,2.8125,3.0625],"texture":"#0"},"south":{"uv":[2.75,2.5625,2.8125,3.0625],"texture":"#0"},"west":{"uv":[2.75,2.5625,2.8125,3.0625],"texture":"#0"},"up":{"uv":[2.75,2.5625,2.8125,2.625],"texture":"#0"},"down":{"uv":[2.75,3,2.8125,3.0625],"texture":"#0"}}},{"name":"icons_126","from":[15,3,7.5],"to":[16,11,8.5],"rotation":{"angle":0,"axis":"y","origin":[-44,-204,7.5]},"faces":{"north":{"uv":[3.75,2.5625,3.6875,3.0625],"texture":"#0"},"east":{"uv":[3.6875,2.5625,3.75,3.0625],"texture":"#0"},"south":{"uv":[3.6875,2.5625,3.75,3.0625],"texture":"#0"},"west":{"uv":[3.6875,2.5625,3.75,3.0625],"texture":"#0"},"up":{"uv":[3.6875,2.5625,3.75,2.625],"texture":"#0"},"down":{"uv":[3.6875,3,3.75,3.0625],"texture":"#0"}}},{"name":"shadows_67","from":[7,3,7.5],"to":[9,4,8.5],"rotation":{"angle":0,"axis":"y","origin":[-44,-204,7.5]},"faces":{"north":{"uv":[3.3125,3,3.1875,3.0625],"texture":"#0"},"east":{"uv":[3.25,3,3.3125,3.0625],"texture":"#0"},"south":{"uv":[3.1875,3,3.3125,3.0625],"texture":"#0"},"west":{"uv":[3.1875,3,3.25,3.0625],"texture":"#0"},"up":{"uv":[3.1875,3,3.3125,3.0625],"texture":"#0"},"down":{"uv":[3.1875,3,3.3125,3.0625],"texture":"#0"}}},{"name":"shadows_75","from":[0,2,7.5],"to":[1,3,8.5],"rotation":{"angle":0,"axis":"y","origin":[-44,-204,7.5]},"faces":{"north":{"uv":[2.8125,3.0625,2.75,3.125],"texture":"#0"},"east":{"uv":[2.75,3.0625,2.8125,3.125],"texture":"#0"},"south":{"uv":[2.75,3.0625,2.8125,3.125],"texture":"#0"},"west":{"uv":[2.75,3.0625,2.8125,3.125],"texture":"#0"},"up":{"uv":[2.75,3.0625,2.8125,3.125],"texture":"#0"},"down":{"uv":[2.75,3.0625,2.8125,3.125],"texture":"#0"}}},{"name":"shadows_76","from":[15,2,7.5],"to":[16,3,8.5],"rotation":{"angle":0,"axis":"y","origin":[-44,-204,7.5]},"faces":{"north":{"uv":[3.75,3.0625,3.6875,3.125],"texture":"#0"},"east":{"uv":[3.6875,3.0625,3.75,3.125],"texture":"#0"},"south":{"uv":[3.6875,3.0625,3.75,3.125],"texture":"#0"},"west":{"uv":[3.6875,3.0625,3.75,3.125],"texture":"#0"},"up":{"uv":[3.6875,3.0625,3.75,3.125],"texture":"#0"},"down":{"uv":[3.6875,3.0625,3.75,3.125],"texture":"#0"}}},{"name":"shadows_85","from":[1,1,7.5],"to":[7,2,8.5],"rotation":{"angle":0,"axis":"y","origin":[-44,-204,7.5]},"faces":{"north":{"uv":[3.1875,3.125,2.8125,3.1875],"texture":"#0"},"east":{"uv":[3.125,3.125,3.1875,3.1875],"texture":"#0"},"south":{"uv":[2.8125,3.125,3.1875,3.1875],"texture":"#0"},"west":{"uv":[2.8125,3.125,2.875,3.1875],"texture":"#0"},"up":{"uv":[2.8125,3.125,3.1875,3.1875],"texture":"#0"},"down":{"uv":[2.8125,3.125,3.1875,3.1875],"texture":"#0"}}},{"name":"shadows_86","from":[9,1,7.5],"to":[15,2,8.5],"rotation":{"angle":0,"axis":"y","origin":[-44,-204,7.5]},"faces":{"north":{"uv":[3.6875,3.125,3.3125,3.1875],"texture":"#0"},"east":{"uv":[3.625,3.125,3.6875,3.1875],"texture":"#0"},"south":{"uv":[3.3125,3.125,3.6875,3.1875],"texture":"#0"},"west":{"uv":[3.3125,3.125,3.375,3.1875],"texture":"#0"},"up":{"uv":[3.3125,3.125,3.6875,3.1875],"texture":"#0"},"down":{"uv":[3.3125,3.125,3.6875,3.1875],"texture":"#0"}}}],"gui_light":"front","display":{"thirdperson_righthand":{"translation":[0,3,1],"scale":[0.55,0.55,0.55]},"thirdperson_lefthand":{"translation":[0,3,1],"scale":[0.55,0.55,0.55]},"firstperson_righthand":{"rotation":[0,-90,25],"translation":[1.13,3.2,1.13],"scale":[0.68,0.68,0.68]},"firstperson_lefthand":{"rotation":[0,-90,25],"translation":[1.13,3.2,1.13],"scale":[0.68,0.68,0.68]},"ground":{"translation":[0,2,0],"scale":[0.5,0.5,0.5]},"head":{"rotation":[0,180,0],"translation":[0,13,7]},"fixed":{"rotation":[0,180,0]}},"mcmodels":"f03d6055f7da1f7cda7e3c8a45ea57c3"}