{"credit":"Made with Blockbench","textures":{"0":"social_icons_pack:icons","particle":"social_icons_pack:icons"},"elements":[{"name":"icons_248","from":[5,0,7.5],"to":[12,16,8.5],"rotation":{"angle":0,"axis":"y","origin":[-8,-150,7.5]},"faces":{"north":{"uv":[1.25,5.625,0.8125,6.625],"texture":"#0"},"east":{"uv":[1.1875,5.625,1.25,6.625],"texture":"#0"},"south":{"uv":[0.8125,5.625,1.25,6.625],"texture":"#0"},"west":{"uv":[0.8125,5.625,0.875,6.625],"texture":"#0"},"up":{"uv":[0.8125,5.625,1.25,5.6875],"texture":"#0"},"down":{"uv":[0.8125,6.5625,1.25,6.625],"texture":"#0"}}},{"name":"icons_253","from":[4,1,7.5],"to":[5,15,8.5],"rotation":{"angle":0,"axis":"y","origin":[-8,-150,7.5]},"faces":{"north":{"uv":[0.8125,5.6875,0.75,6.5625],"texture":"#0"},"east":{"uv":[0.75,5.6875,0.8125,6.5625],"texture":"#0"},"south":{"uv":[0.75,5.6875,0.8125,6.5625],"texture":"#0"},"west":{"uv":[0.75,5.6875,0.8125,6.5625],"texture":"#0"},"up":{"uv":[0.75,5.6875,0.8125,5.75],"texture":"#0"},"down":{"uv":[0.75,6.5,0.8125,6.5625],"texture":"#0"}}},{"name":"icons_254","from":[12,1,7.5],"to":[13,15,8.5],"rotation":{"angle":0,"axis":"y","origin":[-8,-150,7.5]},"faces":{"north":{"uv":[1.3125,5.6875,1.25,6.5625],"texture":"#0"},"east":{"uv":[1.25,5.6875,1.3125,6.5625],"texture":"#0"},"south":{"uv":[1.25,5.6875,1.3125,6.5625],"texture":"#0"},"west":{"uv":[1.25,5.6875,1.3125,6.5625],"texture":"#0"},"up":{"uv":[1.25,5.6875,1.3125,5.75],"texture":"#0"},"down":{"uv":[1.25,6.5,1.3125,6.5625],"texture":"#0"}}},{"name":"icons_261","from":[3,2,7.5],"to":[4,14,8.5],"rotation":{"angle":0,"axis":"y","origin":[-8,-150,7.5]},"faces":{"north":{"uv":[0.75,5.75,0.6875,6.5],"texture":"#0"},"east":{"uv":[0.6875,5.75,0.75,6.5],"texture":"#0"},"south":{"uv":[0.6875,5.75,0.75,6.5],"texture":"#0"},"west":{"uv":[0.6875,5.75,0.75,6.5],"texture":"#0"},"up":{"uv":[0.6875,5.75,0.75,5.8125],"texture":"#0"},"down":{"uv":[0.6875,6.4375,0.75,6.5],"texture":"#0"}}},{"name":"icons_262","from":[13,2,7.5],"to":[14,14,8.5],"rotation":{"angle":0,"axis":"y","origin":[-8,-150,7.5]},"faces":{"north":{"uv":[1.375,5.75,1.3125,6.5],"texture":"#0"},"east":{"uv":[1.3125,5.75,1.375,6.5],"texture":"#0"},"south":{"uv":[1.3125,5.75,1.375,6.5],"texture":"#0"},"west":{"uv":[1.3125,5.75,1.375,6.5],"texture":"#0"},"up":{"uv":[1.3125,5.75,1.375,5.8125],"texture":"#0"},"down":{"uv":[1.3125,6.4375,1.375,6.5],"texture":"#0"}}},{"name":"icons_266","from":[2,3,7.5],"to":[3,13,8.5],"rotation":{"angle":0,"axis":"y","origin":[-8,-150,7.5]},"faces":{"north":{"uv":[0.6875,5.8125,0.625,6.4375],"texture":"#0"},"east":{"uv":[0.625,5.8125,0.6875,6.4375],"texture":"#0"},"south":{"uv":[0.625,5.8125,0.6875,6.4375],"texture":"#0"},"west":{"uv":[0.625,5.8125,0.6875,6.4375],"texture":"#0"},"up":{"uv":[0.625,5.8125,0.6875,5.875],"texture":"#0"},"down":{"uv":[0.625,6.375,0.6875,6.4375],"texture":"#0"}}},{"name":"icons_267","from":[14,3,7.5],"to":[15,13,8.5],"rotation":{"angle":0,"axis":"y","origin":[-8,-150,7.5]},"faces":{"north":{"uv":[1.4375,5.8125,1.375,6.4375],"texture":"#0"},"east":{"uv":[1.375,5.8125,1.4375,6.4375],"texture":"#0"},"south":{"uv":[1.375,5.8125,1.4375,6.4375],"texture":"#0"},"west":{"uv":[1.375,5.8125,1.4375,6.4375],"texture":"#0"},"up":{"uv":[1.375,5.8125,1.4375,5.875],"texture":"#0"},"down":{"uv":[1.375,6.375,1.4375,6.4375],"texture":"#0"}}},{"name":"icons_270","from":[1,4,7.5],"to":[2,12,8.5],"rotation":{"angle":0,"axis":"y","origin":[-8,-150,7.5]},"faces":{"north":{"uv":[0.625,5.875,0.5625,6.375],"texture":"#0"},"east":{"uv":[0.5625,5.875,0.625,6.375],"texture":"#0"},"south":{"uv":[0.5625,5.875,0.625,6.375],"texture":"#0"},"west":{"uv":[0.5625,5.875,0.625,6.375],"texture":"#0"},"up":{"uv":[0.5625,5.875,0.625,5.9375],"texture":"#0"},"down":{"uv":[0.5625,6.3125,0.625,6.375],"texture":"#0"}}},{"name":"icons_271","from":[15,4,7.5],"to":[16,12,8.5],"rotation":{"angle":0,"axis":"y","origin":[-8,-150,7.5]},"faces":{"north":{"uv":[1.5,5.875,1.4375,6.375],"texture":"#0"},"east":{"uv":[1.4375,5.875,1.5,6.375],"texture":"#0"},"south":{"uv":[1.4375,5.875,1.5,6.375],"texture":"#0"},"west":{"uv":[1.4375,5.875,1.5,6.375],"texture":"#0"},"up":{"uv":[1.4375,5.875,1.5,5.9375],"texture":"#0"},"down":{"uv":[1.4375,6.3125,1.5,6.375],"texture":"#0"}}},{"name":"shadows_206","from":[1,3,7.5],"to":[2,4,8.5],"rotation":{"angle":0,"axis":"y","origin":[-8,-150,7.5]},"faces":{"north":{"uv":[0.625,6.375,0.5625,6.4375],"texture":"#0"},"east":{"uv":[0.5625,6.375,0.625,6.4375],"texture":"#0"},"south":{"uv":[0.5625,6.375,0.625,6.4375],"texture":"#0"},"west":{"uv":[0.5625,6.375,0.625,6.4375],"texture":"#0"},"up":{"uv":[0.5625,6.375,0.625,6.4375],"texture":"#0"},"down":{"uv":[0.5625,6.375,0.625,6.4375],"texture":"#0"}}},{"name":"shadows_207","from":[15,3,7.5],"to":[16,4,8.5],"rotation":{"angle":0,"axis":"y","origin":[-8,-150,7.5]},"faces":{"north":{"uv":[1.5,6.375,1.4375,6.4375],"texture":"#0"},"east":{"uv":[1.4375,6.375,1.5,6.4375],"texture":"#0"},"south":{"uv":[1.4375,6.375,1.5,6.4375],"texture":"#0"},"west":{"uv":[1.4375,6.375,1.5,6.4375],"texture":"#0"},"up":{"uv":[1.4375,6.375,1.5,6.4375],"texture":"#0"},"down":{"uv":[1.4375,6.375,1.5,6.4375],"texture":"#0"}}},{"name":"shadows_208","from":[2,2,7.5],"to":[3,3,8.5],"rotation":{"angle":0,"axis":"y","origin":[-8,-150,7.5]},"faces":{"north":{"uv":[0.6875,6.4375,0.625,6.5],"texture":"#0"},"east":{"uv":[0.625,6.4375,0.6875,6.5],"texture":"#0"},"south":{"uv":[0.625,6.4375,0.6875,6.5],"texture":"#0"},"west":{"uv":[0.625,6.4375,0.6875,6.5],"texture":"#0"},"up":{"uv":[0.625,6.4375,0.6875,6.5],"texture":"#0"},"down":{"uv":[0.625,6.4375,0.6875,6.5],"texture":"#0"}}},{"name":"shadows_209","from":[14,2,7.5],"to":[15,3,8.5],"rotation":{"angle":0,"axis":"y","origin":[-8,-150,7.5]},"faces":{"north":{"uv":[1.4375,6.4375,1.375,6.5],"texture":"#0"},"east":{"uv":[1.375,6.4375,1.4375,6.5],"texture":"#0"},"south":{"uv":[1.375,6.4375,1.4375,6.5],"texture":"#0"},"west":{"uv":[1.375,6.4375,1.4375,6.5],"texture":"#0"},"up":{"uv":[1.375,6.4375,1.4375,6.5],"texture":"#0"},"down":{"uv":[1.375,6.4375,1.4375,6.5],"texture":"#0"}}},{"name":"shadows_211","from":[3,1,7.5],"to":[4,2,8.5],"rotation":{"angle":0,"axis":"y","origin":[-8,-150,7.5]},"faces":{"north":{"uv":[0.75,6.5,0.6875,6.5625],"texture":"#0"},"east":{"uv":[0.6875,6.5,0.75,6.5625],"texture":"#0"},"south":{"uv":[0.6875,6.5,0.75,6.5625],"texture":"#0"},"west":{"uv":[0.6875,6.5,0.75,6.5625],"texture":"#0"},"up":{"uv":[0.6875,6.5,0.75,6.5625],"texture":"#0"},"down":{"uv":[0.6875,6.5,0.75,6.5625],"texture":"#0"}}},{"name":"shadows_212","from":[13,1,7.5],"to":[14,2,8.5],"rotation":{"angle":0,"axis":"y","origin":[-8,-150,7.5]},"faces":{"north":{"uv":[1.375,6.5,1.3125,6.5625],"texture":"#0"},"east":{"uv":[1.3125,6.5,1.375,6.5625],"texture":"#0"},"south":{"uv":[1.3125,6.5,1.375,6.5625],"texture":"#0"},"west":{"uv":[1.3125,6.5,1.375,6.5625],"texture":"#0"},"up":{"uv":[1.3125,6.5,1.375,6.5625],"texture":"#0"},"down":{"uv":[1.3125,6.5,1.375,6.5625],"texture":"#0"}}},{"name":"shadows_216","from":[4,0,7.5],"to":[5,1,8.5],"rotation":{"angle":0,"axis":"y","origin":[-8,-150,7.5]},"faces":{"north":{"uv":[0.8125,6.5625,0.75,6.625],"texture":"#0"},"east":{"uv":[0.75,6.5625,0.8125,6.625],"texture":"#0"},"south":{"uv":[0.75,6.5625,0.8125,6.625],"texture":"#0"},"west":{"uv":[0.75,6.5625,0.8125,6.625],"texture":"#0"},"up":{"uv":[0.75,6.5625,0.8125,6.625],"texture":"#0"},"down":{"uv":[0.75,6.5625,0.8125,6.625],"texture":"#0"}}},{"name":"shadows_217","from":[12,0,7.5],"to":[13,1,8.5],"rotation":{"angle":0,"axis":"y","origin":[-8,-150,7.5]},"faces":{"north":{"uv":[1.3125,6.5625,1.25,6.625],"texture":"#0"},"east":{"uv":[1.25,6.5625,1.3125,6.625],"texture":"#0"},"south":{"uv":[1.25,6.5625,1.3125,6.625],"texture":"#0"},"west":{"uv":[1.25,6.5625,1.3125,6.625],"texture":"#0"},"up":{"uv":[1.25,6.5625,1.3125,6.625],"texture":"#0"},"down":{"uv":[1.25,6.5625,1.3125,6.625],"texture":"#0"}}},{"name":"shadows_225","from":[5,-1,7.5],"to":[12,0,8.5],"rotation":{"angle":0,"axis":"y","origin":[-8,-150,7.5]},"faces":{"north":{"uv":[1.25,6.625,0.8125,6.6875],"texture":"#0"},"east":{"uv":[1.1875,6.625,1.25,6.6875],"texture":"#0"},"south":{"uv":[0.8125,6.625,1.25,6.6875],"texture":"#0"},"west":{"uv":[0.8125,6.625,0.875,6.6875],"texture":"#0"},"up":{"uv":[0.8125,6.625,1.25,6.6875],"texture":"#0"},"down":{"uv":[0.8125,6.625,1.25,6.6875],"texture":"#0"}}}],"gui_light":"front","display":{"thirdperson_righthand":{"translation":[0,3,1],"scale":[0.55,0.55,0.55]},"thirdperson_lefthand":{"translation":[0,3,1],"scale":[0.55,0.55,0.55]},"firstperson_righthand":{"rotation":[0,-90,25],"translation":[1.13,3.2,1.13],"scale":[0.68,0.68,0.68]},"firstperson_lefthand":{"rotation":[0,-90,25],"translation":[1.13,3.2,1.13],"scale":[0.68,0.68,0.68]},"ground":{"translation":[0,2,0],"scale":[0.5,0.5,0.5]},"head":{"rotation":[0,180,0],"translation":[0,13,7]},"fixed":{"rotation":[0,180,0]}},"mcmodels":"f03d6055f7da1f7cda7e3c8a45ea57c3"}