{"credit":"Made with Blockbench","textures":{"0":"social_icons_pack:icons","particle":"social_icons_pack:icons"},"elements":[{"name":"icons_176","from":[6.75,11,7.5],"to":[12.75,16,8.5],"rotation":{"angle":0,"axis":"y","origin":[-26.25,-168,7.5]},"faces":{"north":{"uv":[2.4375,4.5,2.0625,4.8125],"texture":"#0"},"east":{"uv":[2.375,4.5,2.4375,4.8125],"texture":"#0"},"south":{"uv":[2.0625,4.5,2.4375,4.8125],"texture":"#0"},"west":{"uv":[2.0625,4.5,2.125,4.8125],"texture":"#0"},"up":{"uv":[2.0625,4.5,2.4375,4.5625],"texture":"#0"},"down":{"uv":[2.0625,4.75,2.4375,4.8125],"texture":"#0"}}},{"name":"icons_186","from":[5.75,0,7.5],"to":[6.75,15,8.5],"rotation":{"angle":0,"axis":"y","origin":[-26.25,-168,7.5]},"faces":{"north":{"uv":[2.0625,4.5625,2,5.5],"texture":"#0"},"east":{"uv":[2,4.5625,2.0625,5.5],"texture":"#0"},"south":{"uv":[2,4.5625,2.0625,5.5],"texture":"#0"},"west":{"uv":[2,4.5625,2.0625,5.5],"texture":"#0"},"up":{"uv":[2,4.5625,2.0625,4.625],"texture":"#0"},"down":{"uv":[2,5.4375,2.0625,5.5],"texture":"#0"}}},{"name":"icons_203","from":[4.75,0,7.5],"to":[5.75,14,8.5],"rotation":{"angle":0,"axis":"y","origin":[-26.25,-168,7.5]},"faces":{"north":{"uv":[2,4.625,1.9375,5.5],"texture":"#0"},"east":{"uv":[1.9375,4.625,2,5.5],"texture":"#0"},"south":{"uv":[1.9375,4.625,2,5.5],"texture":"#0"},"west":{"uv":[1.9375,4.625,2,5.5],"texture":"#0"},"up":{"uv":[1.9375,4.625,2,4.6875],"texture":"#0"},"down":{"uv":[1.9375,5.4375,2,5.5],"texture":"#0"}}},{"name":"icons_223","from":[6.75,5,7.5],"to":[10.75,11,8.5],"rotation":{"angle":0,"axis":"y","origin":[-26.25,-168,7.5]},"faces":{"north":{"uv":[2.3125,4.8125,2.0625,5.1875],"texture":"#0"},"east":{"uv":[2.25,4.8125,2.3125,5.1875],"texture":"#0"},"south":{"uv":[2.0625,4.8125,2.3125,5.1875],"texture":"#0"},"west":{"uv":[2.0625,4.8125,2.125,5.1875],"texture":"#0"},"up":{"uv":[2.0625,4.8125,2.3125,4.875],"texture":"#0"},"down":{"uv":[2.0625,5.125,2.3125,5.1875],"texture":"#0"}}},{"name":"icons_225","from":[2.75,5,7.5],"to":[4.75,10,8.5],"rotation":{"angle":0,"axis":"y","origin":[-26.25,-168,7.5]},"faces":{"north":{"uv":[1.9375,4.875,1.8125,5.1875],"texture":"#0"},"east":{"uv":[1.875,4.875,1.9375,5.1875],"texture":"#0"},"south":{"uv":[1.8125,4.875,1.9375,5.1875],"texture":"#0"},"west":{"uv":[1.8125,4.875,1.875,5.1875],"texture":"#0"},"up":{"uv":[1.8125,4.875,1.9375,4.9375],"texture":"#0"},"down":{"uv":[1.8125,5.125,1.9375,5.1875],"texture":"#0"}}},{"name":"icons_226","from":[10.75,6,7.5],"to":[12.75,10,8.5],"rotation":{"angle":0,"axis":"y","origin":[-26.25,-168,7.5]},"faces":{"north":{"uv":[2.4375,4.875,2.3125,5.125],"texture":"#0"},"east":{"uv":[2.375,4.875,2.4375,5.125],"texture":"#0"},"south":{"uv":[2.3125,4.875,2.4375,5.125],"texture":"#0"},"west":{"uv":[2.3125,4.875,2.375,5.125],"texture":"#0"},"up":{"uv":[2.3125,4.875,2.4375,4.9375],"texture":"#0"},"down":{"uv":[2.3125,5.0625,2.4375,5.125],"texture":"#0"}}},{"name":"icons_235","from":[10.75,5,7.5],"to":[11.75,6,8.5],"rotation":{"angle":0,"axis":"y","origin":[-26.25,-168,7.5]},"faces":{"north":{"uv":[2.375,5.125,2.3125,5.1875],"texture":"#0"},"east":{"uv":[2.3125,5.125,2.375,5.1875],"texture":"#0"},"south":{"uv":[2.3125,5.125,2.375,5.1875],"texture":"#0"},"west":{"uv":[2.3125,5.125,2.375,5.1875],"texture":"#0"},"up":{"uv":[2.3125,5.125,2.375,5.1875],"texture":"#0"},"down":{"uv":[2.3125,5.125,2.375,5.1875],"texture":"#0"}}},{"name":"icons_237","from":[6.75,0,7.5],"to":[9.75,5,8.5],"rotation":{"angle":0,"axis":"y","origin":[-26.25,-168,7.5]},"faces":{"north":{"uv":[2.25,5.1875,2.0625,5.5],"texture":"#0"},"east":{"uv":[2.1875,5.1875,2.25,5.5],"texture":"#0"},"south":{"uv":[2.0625,5.1875,2.25,5.5],"texture":"#0"},"west":{"uv":[2.0625,5.1875,2.125,5.5],"texture":"#0"},"up":{"uv":[2.0625,5.1875,2.25,5.25],"texture":"#0"},"down":{"uv":[2.0625,5.4375,2.25,5.5],"texture":"#0"}}},{"name":"shadows_150","from":[10.75,10,7.5],"to":[12.75,11,8.5],"rotation":{"angle":0,"axis":"y","origin":[-26.25,-168,7.5]},"faces":{"north":{"uv":[2.4375,4.8125,2.3125,4.875],"texture":"#0"},"east":{"uv":[2.375,4.8125,2.4375,4.875],"texture":"#0"},"south":{"uv":[2.3125,4.8125,2.4375,4.875],"texture":"#0"},"west":{"uv":[2.3125,4.8125,2.375,4.875],"texture":"#0"},"up":{"uv":[2.3125,4.8125,2.4375,4.875],"texture":"#0"},"down":{"uv":[2.3125,4.8125,2.4375,4.875],"texture":"#0"}}},{"name":"shadows_159","from":[11.75,5,7.5],"to":[12.75,6,8.5],"rotation":{"angle":0,"axis":"y","origin":[-26.25,-168,7.5]},"faces":{"north":{"uv":[2.4375,5.125,2.375,5.1875],"texture":"#0"},"east":{"uv":[2.375,5.125,2.4375,5.1875],"texture":"#0"},"south":{"uv":[2.375,5.125,2.4375,5.1875],"texture":"#0"},"west":{"uv":[2.375,5.125,2.4375,5.1875],"texture":"#0"},"up":{"uv":[2.375,5.125,2.4375,5.1875],"texture":"#0"},"down":{"uv":[2.375,5.125,2.4375,5.1875],"texture":"#0"}}},{"name":"shadows_161","from":[2.75,4,7.5],"to":[4.75,5,8.5],"rotation":{"angle":0,"axis":"y","origin":[-26.25,-168,7.5]},"faces":{"north":{"uv":[1.9375,5.1875,1.8125,5.25],"texture":"#0"},"east":{"uv":[1.875,5.1875,1.9375,5.25],"texture":"#0"},"south":{"uv":[1.8125,5.1875,1.9375,5.25],"texture":"#0"},"west":{"uv":[1.8125,5.1875,1.875,5.25],"texture":"#0"},"up":{"uv":[1.8125,5.1875,1.9375,5.25],"texture":"#0"},"down":{"uv":[1.8125,5.1875,1.9375,5.25],"texture":"#0"}}},{"name":"shadows_162","from":[9.75,4,7.5],"to":[11.75,5,8.5],"rotation":{"angle":0,"axis":"y","origin":[-26.25,-168,7.5]},"faces":{"north":{"uv":[2.375,5.1875,2.25,5.25],"texture":"#0"},"east":{"uv":[2.3125,5.1875,2.375,5.25],"texture":"#0"},"south":{"uv":[2.25,5.1875,2.375,5.25],"texture":"#0"},"west":{"uv":[2.25,5.1875,2.3125,5.25],"texture":"#0"},"up":{"uv":[2.25,5.1875,2.375,5.25],"texture":"#0"},"down":{"uv":[2.25,5.1875,2.375,5.25],"texture":"#0"}}},{"name":"shadows_196","from":[4.75,-1,7.5],"to":[9.75,0,8.5],"rotation":{"angle":0,"axis":"y","origin":[-26.25,-168,7.5]},"faces":{"north":{"uv":[2.25,5.5,1.9375,5.5625],"texture":"#0"},"east":{"uv":[2.1875,5.5,2.25,5.5625],"texture":"#0"},"south":{"uv":[1.9375,5.5,2.25,5.5625],"texture":"#0"},"west":{"uv":[1.9375,5.5,2,5.5625],"texture":"#0"},"up":{"uv":[1.9375,5.5,2.25,5.5625],"texture":"#0"},"down":{"uv":[1.9375,5.5,2.25,5.5625],"texture":"#0"}}}],"gui_light":"front","display":{"thirdperson_righthand":{"translation":[0,3,1],"scale":[0.55,0.55,0.55]},"thirdperson_lefthand":{"translation":[0,3,1],"scale":[0.55,0.55,0.55]},"firstperson_righthand":{"rotation":[0,-90,25],"translation":[1.13,3.2,1.13],"scale":[0.68,0.68,0.68]},"firstperson_lefthand":{"rotation":[0,-90,25],"translation":[1.13,3.2,1.13],"scale":[0.68,0.68,0.68]},"ground":{"translation":[0,2,0],"scale":[0.5,0.5,0.5]},"head":{"rotation":[0,180,0],"translation":[0,13,7]},"fixed":{"rotation":[0,180,0]}},"mcmodels":"f03d6055f7da1f7cda7e3c8a45ea57c3"}