{"credit":"Made with Blockbench","textures":{"0":"social_icons_pack:icons","particle":"social_icons_pack:icons"},"elements":[{"name":"icons_388","from":[5,0,7.5],"to":[8,16,8.5],"rotation":{"angle":0,"axis":"y","origin":[-44,-78,7.5]},"faces":{"north":{"uv":[3.25,10.125,3.0625,11.125],"texture":"#0"},"east":{"uv":[3.1875,10.125,3.25,11.125],"texture":"#0"},"south":{"uv":[3.0625,10.125,3.25,11.125],"texture":"#0"},"west":{"uv":[3.0625,10.125,3.125,11.125],"texture":"#0"},"up":{"uv":[3.0625,10.125,3.25,10.1875],"texture":"#0"},"down":{"uv":[3.0625,11.0625,3.25,11.125],"texture":"#0"}}},{"name":"icons_396","from":[8,0,7.5],"to":[9,15,8.5],"rotation":{"angle":0,"axis":"y","origin":[-44,-78,7.5]},"faces":{"north":{"uv":[3.3125,10.1875,3.25,11.125],"texture":"#0"},"east":{"uv":[3.25,10.1875,3.3125,11.125],"texture":"#0"},"south":{"uv":[3.25,10.1875,3.3125,11.125],"texture":"#0"},"west":{"uv":[3.25,10.1875,3.3125,11.125],"texture":"#0"},"up":{"uv":[3.25,10.1875,3.3125,10.25],"texture":"#0"},"down":{"uv":[3.25,11.0625,3.3125,11.125],"texture":"#0"}}},{"name":"icons_406","from":[9,0,7.5],"to":[10,14,8.5],"rotation":{"angle":0,"axis":"y","origin":[-44,-78,7.5]},"faces":{"north":{"uv":[3.375,10.25,3.3125,11.125],"texture":"#0"},"east":{"uv":[3.3125,10.25,3.375,11.125],"texture":"#0"},"south":{"uv":[3.3125,10.25,3.375,11.125],"texture":"#0"},"west":{"uv":[3.3125,10.25,3.375,11.125],"texture":"#0"},"up":{"uv":[3.3125,10.25,3.375,10.3125],"texture":"#0"},"down":{"uv":[3.3125,11.0625,3.375,11.125],"texture":"#0"}}},{"name":"icons_407","from":[10,0,7.5],"to":[11,13,8.5],"rotation":{"angle":0,"axis":"y","origin":[-44,-78,7.5]},"faces":{"north":{"uv":[3.4375,10.3125,3.375,11.125],"texture":"#0"},"east":{"uv":[3.375,10.3125,3.4375,11.125],"texture":"#0"},"south":{"uv":[3.375,10.3125,3.4375,11.125],"texture":"#0"},"west":{"uv":[3.375,10.3125,3.4375,11.125],"texture":"#0"},"up":{"uv":[3.375,10.3125,3.4375,10.375],"texture":"#0"},"down":{"uv":[3.375,11.0625,3.4375,11.125],"texture":"#0"}}},{"name":"icons_408","from":[2,3,7.5],"to":[5,12,8.5],"rotation":{"angle":0,"axis":"y","origin":[-44,-78,7.5]},"faces":{"north":{"uv":[3.0625,10.375,2.875,10.9375],"texture":"#0"},"east":{"uv":[3,10.375,3.0625,10.9375],"texture":"#0"},"south":{"uv":[2.875,10.375,3.0625,10.9375],"texture":"#0"},"west":{"uv":[2.875,10.375,2.9375,10.9375],"texture":"#0"},"up":{"uv":[2.875,10.375,3.0625,10.4375],"texture":"#0"},"down":{"uv":[2.875,10.875,3.0625,10.9375],"texture":"#0"}}},{"name":"icons_409","from":[11,1,7.5],"to":[12,12,8.5],"rotation":{"angle":0,"axis":"y","origin":[-44,-78,7.5]},"faces":{"north":{"uv":[3.5,10.375,3.4375,11.0625],"texture":"#0"},"east":{"uv":[3.4375,10.375,3.5,11.0625],"texture":"#0"},"south":{"uv":[3.4375,10.375,3.5,11.0625],"texture":"#0"},"west":{"uv":[3.4375,10.375,3.5,11.0625],"texture":"#0"},"up":{"uv":[3.4375,10.375,3.5,10.4375],"texture":"#0"},"down":{"uv":[3.4375,11,3.5,11.0625],"texture":"#0"}}},{"name":"icons_414","from":[12,2,7.5],"to":[13,11,8.5],"rotation":{"angle":0,"axis":"y","origin":[-44,-78,7.5]},"faces":{"north":{"uv":[3.5625,10.4375,3.5,11],"texture":"#0"},"east":{"uv":[3.5,10.4375,3.5625,11],"texture":"#0"},"south":{"uv":[3.5,10.4375,3.5625,11],"texture":"#0"},"west":{"uv":[3.5,10.4375,3.5625,11],"texture":"#0"},"up":{"uv":[3.5,10.4375,3.5625,10.5],"texture":"#0"},"down":{"uv":[3.5,10.9375,3.5625,11],"texture":"#0"}}},{"name":"icons_415","from":[13,3,7.5],"to":[14,10,8.5],"rotation":{"angle":0,"axis":"y","origin":[-44,-78,7.5]},"faces":{"north":{"uv":[3.625,10.5,3.5625,10.9375],"texture":"#0"},"east":{"uv":[3.5625,10.5,3.625,10.9375],"texture":"#0"},"south":{"uv":[3.5625,10.5,3.625,10.9375],"texture":"#0"},"west":{"uv":[3.5625,10.5,3.625,10.9375],"texture":"#0"},"up":{"uv":[3.5625,10.5,3.625,10.5625],"texture":"#0"},"down":{"uv":[3.5625,10.875,3.625,10.9375],"texture":"#0"}}},{"name":"icons_418","from":[3,2,7.5],"to":[5,3,8.5],"rotation":{"angle":0,"axis":"y","origin":[-44,-78,7.5]},"faces":{"north":{"uv":[3.0625,10.9375,2.9375,11],"texture":"#0"},"east":{"uv":[3,10.9375,3.0625,11],"texture":"#0"},"south":{"uv":[2.9375,10.9375,3.0625,11],"texture":"#0"},"west":{"uv":[2.9375,10.9375,3,11],"texture":"#0"},"up":{"uv":[2.9375,10.9375,3.0625,11],"texture":"#0"},"down":{"uv":[2.9375,10.9375,3.0625,11],"texture":"#0"}}},{"name":"icons_419","from":[4,1,7.5],"to":[5,2,8.5],"rotation":{"angle":0,"axis":"y","origin":[-44,-78,7.5]},"faces":{"north":{"uv":[3.0625,11,3,11.0625],"texture":"#0"},"east":{"uv":[3,11,3.0625,11.0625],"texture":"#0"},"south":{"uv":[3,11,3.0625,11.0625],"texture":"#0"},"west":{"uv":[3,11,3.0625,11.0625],"texture":"#0"},"up":{"uv":[3,11,3.0625,11.0625],"texture":"#0"},"down":{"uv":[3,11,3.0625,11.0625],"texture":"#0"}}},{"name":"shadows_323","from":[2,2,7.5],"to":[3,3,8.5],"rotation":{"angle":0,"axis":"y","origin":[-44,-78,7.5]},"faces":{"north":{"uv":[2.9375,10.9375,2.875,11],"texture":"#0"},"east":{"uv":[2.875,10.9375,2.9375,11],"texture":"#0"},"south":{"uv":[2.875,10.9375,2.9375,11],"texture":"#0"},"west":{"uv":[2.875,10.9375,2.9375,11],"texture":"#0"},"up":{"uv":[2.875,10.9375,2.9375,11],"texture":"#0"},"down":{"uv":[2.875,10.9375,2.9375,11],"texture":"#0"}}},{"name":"shadows_324","from":[13,2,7.5],"to":[14,3,8.5],"rotation":{"angle":0,"axis":"y","origin":[-44,-78,7.5]},"faces":{"north":{"uv":[3.625,10.9375,3.5625,11],"texture":"#0"},"east":{"uv":[3.5625,10.9375,3.625,11],"texture":"#0"},"south":{"uv":[3.5625,10.9375,3.625,11],"texture":"#0"},"west":{"uv":[3.5625,10.9375,3.625,11],"texture":"#0"},"up":{"uv":[3.5625,10.9375,3.625,11],"texture":"#0"},"down":{"uv":[3.5625,10.9375,3.625,11],"texture":"#0"}}},{"name":"shadows_329","from":[3,1,7.5],"to":[4,2,8.5],"rotation":{"angle":0,"axis":"y","origin":[-44,-78,7.5]},"faces":{"north":{"uv":[3,11,2.9375,11.0625],"texture":"#0"},"east":{"uv":[2.9375,11,3,11.0625],"texture":"#0"},"south":{"uv":[2.9375,11,3,11.0625],"texture":"#0"},"west":{"uv":[2.9375,11,3,11.0625],"texture":"#0"},"up":{"uv":[2.9375,11,3,11.0625],"texture":"#0"},"down":{"uv":[2.9375,11,3,11.0625],"texture":"#0"}}},{"name":"shadows_330","from":[12,1,7.5],"to":[13,2,8.5],"rotation":{"angle":0,"axis":"y","origin":[-44,-78,7.5]},"faces":{"north":{"uv":[3.5625,11,3.5,11.0625],"texture":"#0"},"east":{"uv":[3.5,11,3.5625,11.0625],"texture":"#0"},"south":{"uv":[3.5,11,3.5625,11.0625],"texture":"#0"},"west":{"uv":[3.5,11,3.5625,11.0625],"texture":"#0"},"up":{"uv":[3.5,11,3.5625,11.0625],"texture":"#0"},"down":{"uv":[3.5,11,3.5625,11.0625],"texture":"#0"}}},{"name":"shadows_333","from":[4,0,7.5],"to":[5,1,8.5],"rotation":{"angle":0,"axis":"y","origin":[-44,-78,7.5]},"faces":{"north":{"uv":[3.0625,11.0625,3,11.125],"texture":"#0"},"east":{"uv":[3,11.0625,3.0625,11.125],"texture":"#0"},"south":{"uv":[3,11.0625,3.0625,11.125],"texture":"#0"},"west":{"uv":[3,11.0625,3.0625,11.125],"texture":"#0"},"up":{"uv":[3,11.0625,3.0625,11.125],"texture":"#0"},"down":{"uv":[3,11.0625,3.0625,11.125],"texture":"#0"}}},{"name":"shadows_334","from":[11,0,7.5],"to":[12,1,8.5],"rotation":{"angle":0,"axis":"y","origin":[-44,-78,7.5]},"faces":{"north":{"uv":[3.5,11.0625,3.4375,11.125],"texture":"#0"},"east":{"uv":[3.4375,11.0625,3.5,11.125],"texture":"#0"},"south":{"uv":[3.4375,11.0625,3.5,11.125],"texture":"#0"},"west":{"uv":[3.4375,11.0625,3.5,11.125],"texture":"#0"},"up":{"uv":[3.4375,11.0625,3.5,11.125],"texture":"#0"},"down":{"uv":[3.4375,11.0625,3.5,11.125],"texture":"#0"}}},{"name":"shadows_341","from":[5,-1,7.5],"to":[11,0,8.5],"rotation":{"angle":0,"axis":"y","origin":[-44,-78,7.5]},"faces":{"north":{"uv":[3.4375,11.125,3.0625,11.1875],"texture":"#0"},"east":{"uv":[3.375,11.125,3.4375,11.1875],"texture":"#0"},"south":{"uv":[3.0625,11.125,3.4375,11.1875],"texture":"#0"},"west":{"uv":[3.0625,11.125,3.125,11.1875],"texture":"#0"},"up":{"uv":[3.0625,11.125,3.4375,11.1875],"texture":"#0"},"down":{"uv":[3.0625,11.125,3.4375,11.1875],"texture":"#0"}}}],"gui_light":"front","display":{"thirdperson_righthand":{"translation":[0,3,1],"scale":[0.55,0.55,0.55]},"thirdperson_lefthand":{"translation":[0,3,1],"scale":[0.55,0.55,0.55]},"firstperson_righthand":{"rotation":[0,-90,25],"translation":[1.13,3.2,1.13],"scale":[0.68,0.68,0.68]},"firstperson_lefthand":{"rotation":[0,-90,25],"translation":[1.13,3.2,1.13],"scale":[0.68,0.68,0.68]},"ground":{"translation":[0,2,0],"scale":[0.5,0.5,0.5]},"head":{"rotation":[0,180,0],"translation":[0,13,7]},"fixed":{"rotation":[0,180,0]}},"mcmodels":"f03d6055f7da1f7cda7e3c8a45ea57c3"}