{"credit":"Made with Blockbench","textures":{"0":"social_icons_pack:icons","particle":"social_icons_pack:icons"},"elements":[{"name":"icons_280","from":[3,2,7.5],"to":[6,16,8.5],"rotation":{"angle":0,"axis":"y","origin":[-26,-132,7.5]},"faces":{"north":{"uv":[2,6.75,1.8125,7.625],"texture":"#0"},"east":{"uv":[1.9375,6.75,2,7.625],"texture":"#0"},"south":{"uv":[1.8125,6.75,2,7.625],"texture":"#0"},"west":{"uv":[1.8125,6.75,1.875,7.625],"texture":"#0"},"up":{"uv":[1.8125,6.75,2,6.8125],"texture":"#0"},"down":{"uv":[1.8125,7.5625,2,7.625],"texture":"#0"}}},{"name":"icons_281","from":[10,6,7.5],"to":[13,16,8.5],"rotation":{"angle":0,"axis":"y","origin":[-26,-132,7.5]},"faces":{"north":{"uv":[2.4375,6.75,2.25,7.375],"texture":"#0"},"east":{"uv":[2.375,6.75,2.4375,7.375],"texture":"#0"},"south":{"uv":[2.25,6.75,2.4375,7.375],"texture":"#0"},"west":{"uv":[2.25,6.75,2.3125,7.375],"texture":"#0"},"up":{"uv":[2.25,6.75,2.4375,6.8125],"texture":"#0"},"down":{"uv":[2.25,7.3125,2.4375,7.375],"texture":"#0"}}},{"name":"icons_288","from":[6,0,7.5],"to":[7,15,8.5],"rotation":{"angle":0,"axis":"y","origin":[-26,-132,7.5]},"faces":{"north":{"uv":[2.0625,6.8125,2,7.75],"texture":"#0"},"east":{"uv":[2,6.8125,2.0625,7.75],"texture":"#0"},"south":{"uv":[2,6.8125,2.0625,7.75],"texture":"#0"},"west":{"uv":[2,6.8125,2.0625,7.75],"texture":"#0"},"up":{"uv":[2,6.8125,2.0625,6.875],"texture":"#0"},"down":{"uv":[2,7.6875,2.0625,7.75],"texture":"#0"}}},{"name":"icons_289","from":[9,0,7.5],"to":[10,15,8.5],"rotation":{"angle":0,"axis":"y","origin":[-26,-132,7.5]},"faces":{"north":{"uv":[2.25,6.8125,2.1875,7.75],"texture":"#0"},"east":{"uv":[2.1875,6.8125,2.25,7.75],"texture":"#0"},"south":{"uv":[2.1875,6.8125,2.25,7.75],"texture":"#0"},"west":{"uv":[2.1875,6.8125,2.25,7.75],"texture":"#0"},"up":{"uv":[2.1875,6.8125,2.25,6.875],"texture":"#0"},"down":{"uv":[2.1875,7.6875,2.25,7.75],"texture":"#0"}}},{"name":"icons_299","from":[7,0,7.5],"to":[9,14,8.5],"rotation":{"angle":0,"axis":"y","origin":[-26,-132,7.5]},"faces":{"north":{"uv":[2.1875,6.875,2.0625,7.75],"texture":"#0"},"east":{"uv":[2.125,6.875,2.1875,7.75],"texture":"#0"},"south":{"uv":[2.0625,6.875,2.1875,7.75],"texture":"#0"},"west":{"uv":[2.0625,6.875,2.125,7.75],"texture":"#0"},"up":{"uv":[2.0625,6.875,2.1875,6.9375],"texture":"#0"},"down":{"uv":[2.0625,7.6875,2.1875,7.75],"texture":"#0"}}},{"name":"icons_303","from":[2,7,7.5],"to":[3,13,8.5],"rotation":{"angle":0,"axis":"y","origin":[-26,-132,7.5]},"faces":{"north":{"uv":[1.8125,6.9375,1.75,7.3125],"texture":"#0"},"east":{"uv":[1.75,6.9375,1.8125,7.3125],"texture":"#0"},"south":{"uv":[1.75,6.9375,1.8125,7.3125],"texture":"#0"},"west":{"uv":[1.75,6.9375,1.8125,7.3125],"texture":"#0"},"up":{"uv":[1.75,6.9375,1.8125,7],"texture":"#0"},"down":{"uv":[1.75,7.25,1.8125,7.3125],"texture":"#0"}}},{"name":"icons_304","from":[13,7,7.5],"to":[14,13,8.5],"rotation":{"angle":0,"axis":"y","origin":[-26,-132,7.5]},"faces":{"north":{"uv":[2.5,6.9375,2.4375,7.3125],"texture":"#0"},"east":{"uv":[2.4375,6.9375,2.5,7.3125],"texture":"#0"},"south":{"uv":[2.4375,6.9375,2.5,7.3125],"texture":"#0"},"west":{"uv":[2.4375,6.9375,2.5,7.3125],"texture":"#0"},"up":{"uv":[2.4375,6.9375,2.5,7],"texture":"#0"},"down":{"uv":[2.4375,7.25,2.5,7.3125],"texture":"#0"}}},{"name":"icons_316","from":[1,3,7.5],"to":[3,6,8.5],"rotation":{"angle":0,"axis":"y","origin":[-26,-132,7.5]},"faces":{"north":{"uv":[1.8125,7.375,1.6875,7.5625],"texture":"#0"},"east":{"uv":[1.75,7.375,1.8125,7.5625],"texture":"#0"},"south":{"uv":[1.6875,7.375,1.8125,7.5625],"texture":"#0"},"west":{"uv":[1.6875,7.375,1.75,7.5625],"texture":"#0"},"up":{"uv":[1.6875,7.375,1.8125,7.4375],"texture":"#0"},"down":{"uv":[1.6875,7.5,1.8125,7.5625],"texture":"#0"}}},{"name":"icons_317","from":[10,0,7.5],"to":[12,6,8.5],"rotation":{"angle":0,"axis":"y","origin":[-26,-132,7.5]},"faces":{"north":{"uv":[2.375,7.375,2.25,7.75],"texture":"#0"},"east":{"uv":[2.3125,7.375,2.375,7.75],"texture":"#0"},"south":{"uv":[2.25,7.375,2.375,7.75],"texture":"#0"},"west":{"uv":[2.25,7.375,2.3125,7.75],"texture":"#0"},"up":{"uv":[2.25,7.375,2.375,7.4375],"texture":"#0"},"down":{"uv":[2.25,7.6875,2.375,7.75],"texture":"#0"}}},{"name":"icons_318","from":[2,2,7.5],"to":[3,3,8.5],"rotation":{"angle":0,"axis":"y","origin":[-26,-132,7.5]},"faces":{"north":{"uv":[1.8125,7.5625,1.75,7.625],"texture":"#0"},"east":{"uv":[1.75,7.5625,1.8125,7.625],"texture":"#0"},"south":{"uv":[1.75,7.5625,1.8125,7.625],"texture":"#0"},"west":{"uv":[1.75,7.5625,1.8125,7.625],"texture":"#0"},"up":{"uv":[1.75,7.5625,1.8125,7.625],"texture":"#0"},"down":{"uv":[1.75,7.5625,1.8125,7.625],"texture":"#0"}}},{"name":"icons_320","from":[4,0,7.5],"to":[6,2,8.5],"rotation":{"angle":0,"axis":"y","origin":[-26,-132,7.5]},"faces":{"north":{"uv":[2,7.625,1.875,7.75],"texture":"#0"},"east":{"uv":[1.9375,7.625,2,7.75],"texture":"#0"},"south":{"uv":[1.875,7.625,2,7.75],"texture":"#0"},"west":{"uv":[1.875,7.625,1.9375,7.75],"texture":"#0"},"up":{"uv":[1.875,7.625,2,7.6875],"texture":"#0"},"down":{"uv":[1.875,7.6875,2,7.75],"texture":"#0"}}},{"name":"shadows_231","from":[2,6,7.5],"to":[3,7,8.5],"rotation":{"angle":0,"axis":"y","origin":[-26,-132,7.5]},"faces":{"north":{"uv":[1.8125,7.3125,1.75,7.375],"texture":"#0"},"east":{"uv":[1.75,7.3125,1.8125,7.375],"texture":"#0"},"south":{"uv":[1.75,7.3125,1.8125,7.375],"texture":"#0"},"west":{"uv":[1.75,7.3125,1.8125,7.375],"texture":"#0"},"up":{"uv":[1.75,7.3125,1.8125,7.375],"texture":"#0"},"down":{"uv":[1.75,7.3125,1.8125,7.375],"texture":"#0"}}},{"name":"shadows_232","from":[13,6,7.5],"to":[14,7,8.5],"rotation":{"angle":0,"axis":"y","origin":[-26,-132,7.5]},"faces":{"north":{"uv":[2.5,7.3125,2.4375,7.375],"texture":"#0"},"east":{"uv":[2.4375,7.3125,2.5,7.375],"texture":"#0"},"south":{"uv":[2.4375,7.3125,2.5,7.375],"texture":"#0"},"west":{"uv":[2.4375,7.3125,2.5,7.375],"texture":"#0"},"up":{"uv":[2.4375,7.3125,2.5,7.375],"texture":"#0"},"down":{"uv":[2.4375,7.3125,2.5,7.375],"texture":"#0"}}},{"name":"shadows_235","from":[12,5,7.5],"to":[13,6,8.5],"rotation":{"angle":0,"axis":"y","origin":[-26,-132,7.5]},"faces":{"north":{"uv":[2.4375,7.375,2.375,7.4375],"texture":"#0"},"east":{"uv":[2.375,7.375,2.4375,7.4375],"texture":"#0"},"south":{"uv":[2.375,7.375,2.4375,7.4375],"texture":"#0"},"west":{"uv":[2.375,7.375,2.4375,7.4375],"texture":"#0"},"up":{"uv":[2.375,7.375,2.4375,7.4375],"texture":"#0"},"down":{"uv":[2.375,7.375,2.4375,7.4375],"texture":"#0"}}},{"name":"shadows_238","from":[1,2,7.5],"to":[2,3,8.5],"rotation":{"angle":0,"axis":"y","origin":[-26,-132,7.5]},"faces":{"north":{"uv":[1.75,7.5625,1.6875,7.625],"texture":"#0"},"east":{"uv":[1.6875,7.5625,1.75,7.625],"texture":"#0"},"south":{"uv":[1.6875,7.5625,1.75,7.625],"texture":"#0"},"west":{"uv":[1.6875,7.5625,1.75,7.625],"texture":"#0"},"up":{"uv":[1.6875,7.5625,1.75,7.625],"texture":"#0"},"down":{"uv":[1.6875,7.5625,1.75,7.625],"texture":"#0"}}},{"name":"shadows_243","from":[2,1,7.5],"to":[4,2,8.5],"rotation":{"angle":0,"axis":"y","origin":[-26,-132,7.5]},"faces":{"north":{"uv":[1.875,7.625,1.75,7.6875],"texture":"#0"},"east":{"uv":[1.8125,7.625,1.875,7.6875],"texture":"#0"},"south":{"uv":[1.75,7.625,1.875,7.6875],"texture":"#0"},"west":{"uv":[1.75,7.625,1.8125,7.6875],"texture":"#0"},"up":{"uv":[1.75,7.625,1.875,7.6875],"texture":"#0"},"down":{"uv":[1.75,7.625,1.875,7.6875],"texture":"#0"}}},{"name":"shadows_257","from":[4,-1,7.5],"to":[12,0,8.5],"rotation":{"angle":0,"axis":"y","origin":[-26,-132,7.5]},"faces":{"north":{"uv":[2.375,7.75,1.875,7.8125],"texture":"#0"},"east":{"uv":[2.3125,7.75,2.375,7.8125],"texture":"#0"},"south":{"uv":[1.875,7.75,2.375,7.8125],"texture":"#0"},"west":{"uv":[1.875,7.75,1.9375,7.8125],"texture":"#0"},"up":{"uv":[1.875,7.75,2.375,7.8125],"texture":"#0"},"down":{"uv":[1.875,7.75,2.375,7.8125],"texture":"#0"}}}],"gui_light":"front","display":{"thirdperson_righthand":{"translation":[0,3,1],"scale":[0.55,0.55,0.55]},"thirdperson_lefthand":{"translation":[0,3,1],"scale":[0.55,0.55,0.55]},"firstperson_righthand":{"rotation":[0,-90,25],"translation":[1.13,3.2,1.13],"scale":[0.68,0.68,0.68]},"firstperson_lefthand":{"rotation":[0,-90,25],"translation":[1.13,3.2,1.13],"scale":[0.68,0.68,0.68]},"ground":{"translation":[0,2,0],"scale":[0.5,0.5,0.5]},"head":{"rotation":[0,180,0],"translation":[0,13,7]},"fixed":{"rotation":[0,180,0]}},"mcmodels":"f03d6055f7da1f7cda7e3c8a45ea57c3"}