{"credit":"Made with Blockbench","textures":{"0":"social_icons_pack:icons","particle":"social_icons_pack:icons"},"elements":[{"name":"icons_386","from":[3,11,7.5],"to":[13,16,8.5],"rotation":{"angle":0,"axis":"y","origin":[-8,-78,7.5]},"faces":{"north":{"uv":[1.3125,10.125,0.6875,10.4375],"texture":"#0"},"east":{"uv":[1.25,10.125,1.3125,10.4375],"texture":"#0"},"south":{"uv":[0.6875,10.125,1.3125,10.4375],"texture":"#0"},"west":{"uv":[0.6875,10.125,0.75,10.4375],"texture":"#0"},"up":{"uv":[0.6875,10.125,1.3125,10.1875],"texture":"#0"},"down":{"uv":[0.6875,10.375,1.3125,10.4375],"texture":"#0"}}},{"name":"icons_392","from":[2,2,7.5],"to":[3,15,8.5],"rotation":{"angle":0,"axis":"y","origin":[-8,-78,7.5]},"faces":{"north":{"uv":[0.6875,10.1875,0.625,11],"texture":"#0"},"east":{"uv":[0.625,10.1875,0.6875,11],"texture":"#0"},"south":{"uv":[0.625,10.1875,0.6875,11],"texture":"#0"},"west":{"uv":[0.625,10.1875,0.6875,11],"texture":"#0"},"up":{"uv":[0.625,10.1875,0.6875,10.25],"texture":"#0"},"down":{"uv":[0.625,10.9375,0.6875,11],"texture":"#0"}}},{"name":"icons_393","from":[13,2,7.5],"to":[14,15,8.5],"rotation":{"angle":0,"axis":"y","origin":[-8,-78,7.5]},"faces":{"north":{"uv":[1.375,10.1875,1.3125,11],"texture":"#0"},"east":{"uv":[1.3125,10.1875,1.375,11],"texture":"#0"},"south":{"uv":[1.3125,10.1875,1.375,11],"texture":"#0"},"west":{"uv":[1.3125,10.1875,1.375,11],"texture":"#0"},"up":{"uv":[1.3125,10.1875,1.375,10.25],"texture":"#0"},"down":{"uv":[1.3125,10.9375,1.375,11],"texture":"#0"}}},{"name":"icons_403","from":[1,3,7.5],"to":[2,14,8.5],"rotation":{"angle":0,"axis":"y","origin":[-8,-78,7.5]},"faces":{"north":{"uv":[0.625,10.25,0.5625,10.9375],"texture":"#0"},"east":{"uv":[0.5625,10.25,0.625,10.9375],"texture":"#0"},"south":{"uv":[0.5625,10.25,0.625,10.9375],"texture":"#0"},"west":{"uv":[0.5625,10.25,0.625,10.9375],"texture":"#0"},"up":{"uv":[0.5625,10.25,0.625,10.3125],"texture":"#0"},"down":{"uv":[0.5625,10.875,0.625,10.9375],"texture":"#0"}}},{"name":"icons_410","from":[3,1,7.5],"to":[5,11,8.5],"rotation":{"angle":0,"axis":"y","origin":[-8,-78,7.5]},"faces":{"north":{"uv":[0.8125,10.4375,0.6875,11.0625],"texture":"#0"},"east":{"uv":[0.75,10.4375,0.8125,11.0625],"texture":"#0"},"south":{"uv":[0.6875,10.4375,0.8125,11.0625],"texture":"#0"},"west":{"uv":[0.6875,10.4375,0.75,11.0625],"texture":"#0"},"up":{"uv":[0.6875,10.4375,0.8125,10.5],"texture":"#0"},"down":{"uv":[0.6875,11,0.8125,11.0625],"texture":"#0"}}},{"name":"icons_411","from":[5,10,7.5],"to":[6,11,8.5],"rotation":{"angle":0,"axis":"y","origin":[-8,-78,7.5]},"faces":{"north":{"uv":[0.875,10.4375,0.8125,10.5],"texture":"#0"},"east":{"uv":[0.8125,10.4375,0.875,10.5],"texture":"#0"},"south":{"uv":[0.8125,10.4375,0.875,10.5],"texture":"#0"},"west":{"uv":[0.8125,10.4375,0.875,10.5],"texture":"#0"},"up":{"uv":[0.8125,10.4375,0.875,10.5],"texture":"#0"},"down":{"uv":[0.8125,10.4375,0.875,10.5],"texture":"#0"}}},{"name":"icons_412","from":[7,1,7.5],"to":[13,11,8.5],"rotation":{"angle":0,"axis":"y","origin":[-8,-78,7.5]},"faces":{"north":{"uv":[1.3125,10.4375,0.9375,11.0625],"texture":"#0"},"east":{"uv":[1.25,10.4375,1.3125,11.0625],"texture":"#0"},"south":{"uv":[0.9375,10.4375,1.3125,11.0625],"texture":"#0"},"west":{"uv":[0.9375,10.4375,1,11.0625],"texture":"#0"},"up":{"uv":[0.9375,10.4375,1.3125,10.5],"texture":"#0"},"down":{"uv":[0.9375,11,1.3125,11.0625],"texture":"#0"}}},{"name":"icons_413","from":[14,3,7.5],"to":[15,11,8.5],"rotation":{"angle":0,"axis":"y","origin":[-8,-78,7.5]},"faces":{"north":{"uv":[1.4375,10.4375,1.375,10.9375],"texture":"#0"},"east":{"uv":[1.375,10.4375,1.4375,10.9375],"texture":"#0"},"south":{"uv":[1.375,10.4375,1.4375,10.9375],"texture":"#0"},"west":{"uv":[1.375,10.4375,1.4375,10.9375],"texture":"#0"},"up":{"uv":[1.375,10.4375,1.4375,10.5],"texture":"#0"},"down":{"uv":[1.375,10.875,1.4375,10.9375],"texture":"#0"}}},{"name":"icons_416","from":[5,1,7.5],"to":[6,7,8.5],"rotation":{"angle":0,"axis":"y","origin":[-8,-78,7.5]},"faces":{"north":{"uv":[0.875,10.6875,0.8125,11.0625],"texture":"#0"},"east":{"uv":[0.8125,10.6875,0.875,11.0625],"texture":"#0"},"south":{"uv":[0.8125,10.6875,0.875,11.0625],"texture":"#0"},"west":{"uv":[0.8125,10.6875,0.875,11.0625],"texture":"#0"},"up":{"uv":[0.8125,10.6875,0.875,10.75],"texture":"#0"},"down":{"uv":[0.8125,11,0.875,11.0625],"texture":"#0"}}},{"name":"icons_417","from":[6,1,7.5],"to":[7,6,8.5],"rotation":{"angle":0,"axis":"y","origin":[-8,-78,7.5]},"faces":{"north":{"uv":[0.9375,10.75,0.875,11.0625],"texture":"#0"},"east":{"uv":[0.875,10.75,0.9375,11.0625],"texture":"#0"},"south":{"uv":[0.875,10.75,0.9375,11.0625],"texture":"#0"},"west":{"uv":[0.875,10.75,0.9375,11.0625],"texture":"#0"},"up":{"uv":[0.875,10.75,0.9375,10.8125],"texture":"#0"},"down":{"uv":[0.875,11,0.9375,11.0625],"texture":"#0"}}},{"name":"shadows_317","from":[6,10,7.5],"to":[7,11,8.5],"rotation":{"angle":0,"axis":"y","origin":[-8,-78,7.5]},"faces":{"north":{"uv":[0.9375,10.4375,0.875,10.5],"texture":"#0"},"east":{"uv":[0.875,10.4375,0.9375,10.5],"texture":"#0"},"south":{"uv":[0.875,10.4375,0.9375,10.5],"texture":"#0"},"west":{"uv":[0.875,10.4375,0.9375,10.5],"texture":"#0"},"up":{"uv":[0.875,10.4375,0.9375,10.5],"texture":"#0"},"down":{"uv":[0.875,10.4375,0.9375,10.5],"texture":"#0"}}},{"name":"shadows_318","from":[5,9,7.5],"to":[6,10,8.5],"rotation":{"angle":0,"axis":"y","origin":[-8,-78,7.5]},"faces":{"north":{"uv":[0.875,10.5,0.8125,10.5625],"texture":"#0"},"east":{"uv":[0.8125,10.5,0.875,10.5625],"texture":"#0"},"south":{"uv":[0.8125,10.5,0.875,10.5625],"texture":"#0"},"west":{"uv":[0.8125,10.5,0.875,10.5625],"texture":"#0"},"up":{"uv":[0.8125,10.5,0.875,10.5625],"texture":"#0"},"down":{"uv":[0.8125,10.5,0.875,10.5625],"texture":"#0"}}},{"name":"shadows_319","from":[1,2,7.5],"to":[2,3,8.5],"rotation":{"angle":0,"axis":"y","origin":[-8,-78,7.5]},"faces":{"north":{"uv":[0.625,10.9375,0.5625,11],"texture":"#0"},"east":{"uv":[0.5625,10.9375,0.625,11],"texture":"#0"},"south":{"uv":[0.5625,10.9375,0.625,11],"texture":"#0"},"west":{"uv":[0.5625,10.9375,0.625,11],"texture":"#0"},"up":{"uv":[0.5625,10.9375,0.625,11],"texture":"#0"},"down":{"uv":[0.5625,10.9375,0.625,11],"texture":"#0"}}},{"name":"shadows_320","from":[14,2,7.5],"to":[15,3,8.5],"rotation":{"angle":0,"axis":"y","origin":[-8,-78,7.5]},"faces":{"north":{"uv":[1.4375,10.9375,1.375,11],"texture":"#0"},"east":{"uv":[1.375,10.9375,1.4375,11],"texture":"#0"},"south":{"uv":[1.375,10.9375,1.4375,11],"texture":"#0"},"west":{"uv":[1.375,10.9375,1.4375,11],"texture":"#0"},"up":{"uv":[1.375,10.9375,1.4375,11],"texture":"#0"},"down":{"uv":[1.375,10.9375,1.4375,11],"texture":"#0"}}},{"name":"shadows_325","from":[2,1,7.5],"to":[3,2,8.5],"rotation":{"angle":0,"axis":"y","origin":[-8,-78,7.5]},"faces":{"north":{"uv":[0.6875,11,0.625,11.0625],"texture":"#0"},"east":{"uv":[0.625,11,0.6875,11.0625],"texture":"#0"},"south":{"uv":[0.625,11,0.6875,11.0625],"texture":"#0"},"west":{"uv":[0.625,11,0.6875,11.0625],"texture":"#0"},"up":{"uv":[0.625,11,0.6875,11.0625],"texture":"#0"},"down":{"uv":[0.625,11,0.6875,11.0625],"texture":"#0"}}},{"name":"shadows_326","from":[13,1,7.5],"to":[14,2,8.5],"rotation":{"angle":0,"axis":"y","origin":[-8,-78,7.5]},"faces":{"north":{"uv":[1.375,11,1.3125,11.0625],"texture":"#0"},"east":{"uv":[1.3125,11,1.375,11.0625],"texture":"#0"},"south":{"uv":[1.3125,11,1.375,11.0625],"texture":"#0"},"west":{"uv":[1.3125,11,1.375,11.0625],"texture":"#0"},"up":{"uv":[1.3125,11,1.375,11.0625],"texture":"#0"},"down":{"uv":[1.3125,11,1.375,11.0625],"texture":"#0"}}},{"name":"shadows_331","from":[3,0,7.5],"to":[13,1,8.5],"rotation":{"angle":0,"axis":"y","origin":[-8,-78,7.5]},"faces":{"north":{"uv":[1.3125,11.0625,0.6875,11.125],"texture":"#0"},"east":{"uv":[1.25,11.0625,1.3125,11.125],"texture":"#0"},"south":{"uv":[0.6875,11.0625,1.3125,11.125],"texture":"#0"},"west":{"uv":[0.6875,11.0625,0.75,11.125],"texture":"#0"},"up":{"uv":[0.6875,11.0625,1.3125,11.125],"texture":"#0"},"down":{"uv":[0.6875,11.0625,1.3125,11.125],"texture":"#0"}}}],"gui_light":"front","display":{"thirdperson_righthand":{"translation":[0,3,1],"scale":[0.55,0.55,0.55]},"thirdperson_lefthand":{"translation":[0,3,1],"scale":[0.55,0.55,0.55]},"firstperson_righthand":{"rotation":[0,-90,25],"translation":[1.13,3.2,1.13],"scale":[0.68,0.68,0.68]},"firstperson_lefthand":{"rotation":[0,-90,25],"translation":[1.13,3.2,1.13],"scale":[0.68,0.68,0.68]},"ground":{"translation":[0,2,0],"scale":[0.5,0.5,0.5]},"head":{"rotation":[0,180,0],"translation":[0,13,7]},"fixed":{"rotation":[0,180,0]}},"mcmodels":"f03d6055f7da1f7cda7e3c8a45ea57c3"}