{"credit":"Made with Blockbench","textures":{"0":"social_icons_pack:icons","particle":"social_icons_pack:icons"},"elements":[{"name":"icons_134","from":[2,1,7.5],"to":[14,16,8.5],"rotation":{"angle":0,"axis":"y","origin":[-8,-186,7.5]},"faces":{"north":{"uv":[1.375,3.375,0.625,4.3125],"texture":"#0"},"east":{"uv":[1.3125,3.375,1.375,4.3125],"texture":"#0"},"south":{"uv":[0.625,3.375,1.375,4.3125],"texture":"#0"},"west":{"uv":[0.625,3.375,0.6875,4.3125],"texture":"#0"},"up":{"uv":[0.625,3.375,1.375,3.4375],"texture":"#0"},"down":{"uv":[0.625,4.25,1.375,4.3125],"texture":"#0"}}},{"name":"icons_143","from":[1,2,7.5],"to":[2,15,8.5],"rotation":{"angle":0,"axis":"y","origin":[-8,-186,7.5]},"faces":{"north":{"uv":[0.625,3.4375,0.5625,4.25],"texture":"#0"},"east":{"uv":[0.5625,3.4375,0.625,4.25],"texture":"#0"},"south":{"uv":[0.5625,3.4375,0.625,4.25],"texture":"#0"},"west":{"uv":[0.5625,3.4375,0.625,4.25],"texture":"#0"},"up":{"uv":[0.5625,3.4375,0.625,3.5],"texture":"#0"},"down":{"uv":[0.5625,4.1875,0.625,4.25],"texture":"#0"}}},{"name":"icons_144","from":[14,2,7.5],"to":[15,15,8.5],"rotation":{"angle":0,"axis":"y","origin":[-8,-186,7.5]},"faces":{"north":{"uv":[1.4375,3.4375,1.375,4.25],"texture":"#0"},"east":{"uv":[1.375,3.4375,1.4375,4.25],"texture":"#0"},"south":{"uv":[1.375,3.4375,1.4375,4.25],"texture":"#0"},"west":{"uv":[1.375,3.4375,1.4375,4.25],"texture":"#0"},"up":{"uv":[1.375,3.4375,1.4375,3.5],"texture":"#0"},"down":{"uv":[1.375,4.1875,1.4375,4.25],"texture":"#0"}}},{"name":"shadows_122","from":[1,1,7.5],"to":[2,2,8.5],"rotation":{"angle":0,"axis":"y","origin":[-8,-186,7.5]},"faces":{"north":{"uv":[0.625,4.25,0.5625,4.3125],"texture":"#0"},"east":{"uv":[0.5625,4.25,0.625,4.3125],"texture":"#0"},"south":{"uv":[0.5625,4.25,0.625,4.3125],"texture":"#0"},"west":{"uv":[0.5625,4.25,0.625,4.3125],"texture":"#0"},"up":{"uv":[0.5625,4.25,0.625,4.3125],"texture":"#0"},"down":{"uv":[0.5625,4.25,0.625,4.3125],"texture":"#0"}}},{"name":"shadows_123","from":[14,1,7.5],"to":[15,2,8.5],"rotation":{"angle":0,"axis":"y","origin":[-8,-186,7.5]},"faces":{"north":{"uv":[1.4375,4.25,1.375,4.3125],"texture":"#0"},"east":{"uv":[1.375,4.25,1.4375,4.3125],"texture":"#0"},"south":{"uv":[1.375,4.25,1.4375,4.3125],"texture":"#0"},"west":{"uv":[1.375,4.25,1.4375,4.3125],"texture":"#0"},"up":{"uv":[1.375,4.25,1.4375,4.3125],"texture":"#0"},"down":{"uv":[1.375,4.25,1.4375,4.3125],"texture":"#0"}}},{"name":"shadows_127","from":[2,0,7.5],"to":[14,1,8.5],"rotation":{"angle":0,"axis":"y","origin":[-8,-186,7.5]},"faces":{"north":{"uv":[1.375,4.3125,0.625,4.375],"texture":"#0"},"east":{"uv":[1.3125,4.3125,1.375,4.375],"texture":"#0"},"south":{"uv":[0.625,4.3125,1.375,4.375],"texture":"#0"},"west":{"uv":[0.625,4.3125,0.6875,4.375],"texture":"#0"},"up":{"uv":[0.625,4.3125,1.375,4.375],"texture":"#0"},"down":{"uv":[0.625,4.3125,1.375,4.375],"texture":"#0"}}}],"gui_light":"front","display":{"thirdperson_righthand":{"translation":[0,3,1],"scale":[0.55,0.55,0.55]},"thirdperson_lefthand":{"translation":[0,3,1],"scale":[0.55,0.55,0.55]},"firstperson_righthand":{"rotation":[0,-90,25],"translation":[1.13,3.2,1.13],"scale":[0.68,0.68,0.68]},"firstperson_lefthand":{"rotation":[0,-90,25],"translation":[1.13,3.2,1.13],"scale":[0.68,0.68,0.68]},"ground":{"translation":[0,2,0],"scale":[0.5,0.5,0.5]},"head":{"rotation":[0,180,0],"translation":[0,13,7]},"fixed":{"rotation":[0,180,0]}},"mcmodels":"f03d6055f7da1f7cda7e3c8a45ea57c3"}