{"credit":"Made with Blockbench","textures":{"0":"social_icons_pack:icons","particle":"social_icons_pack:icons"},"elements":[{"name":"icons_365","from":[2,1,7.5],"to":[7,15,8.5],"rotation":{"angle":0,"axis":"y","origin":[-26,-96,7.5]},"faces":{"north":{"uv":[2.0625,9.0625,1.75,9.9375],"texture":"#0"},"east":{"uv":[2,9.0625,2.0625,9.9375],"texture":"#0"},"south":{"uv":[1.75,9.0625,2.0625,9.9375],"texture":"#0"},"west":{"uv":[1.75,9.0625,1.8125,9.9375],"texture":"#0"},"up":{"uv":[1.75,9.0625,2.0625,9.125],"texture":"#0"},"down":{"uv":[1.75,9.875,2.0625,9.9375],"texture":"#0"}}},{"name":"icons_366","from":[8,9,7.5],"to":[14,15,8.5],"rotation":{"angle":0,"axis":"y","origin":[-26,-96,7.5]},"faces":{"north":{"uv":[2.5,9.0625,2.125,9.4375],"texture":"#0"},"east":{"uv":[2.4375,9.0625,2.5,9.4375],"texture":"#0"},"south":{"uv":[2.125,9.0625,2.5,9.4375],"texture":"#0"},"west":{"uv":[2.125,9.0625,2.1875,9.4375],"texture":"#0"},"up":{"uv":[2.125,9.0625,2.5,9.125],"texture":"#0"},"down":{"uv":[2.125,9.375,2.5,9.4375],"texture":"#0"}}},{"name":"icons_377","from":[7,2,7.5],"to":[8,14,8.5],"rotation":{"angle":0,"axis":"y","origin":[-26,-96,7.5]},"faces":{"north":{"uv":[2.125,9.125,2.0625,9.875],"texture":"#0"},"east":{"uv":[2.0625,9.125,2.125,9.875],"texture":"#0"},"south":{"uv":[2.0625,9.125,2.125,9.875],"texture":"#0"},"west":{"uv":[2.0625,9.125,2.125,9.875],"texture":"#0"},"up":{"uv":[2.0625,9.125,2.125,9.1875],"texture":"#0"},"down":{"uv":[2.0625,9.8125,2.125,9.875],"texture":"#0"}}},{"name":"icons_382","from":[8,1,7.5],"to":[13,9,8.5],"rotation":{"angle":0,"axis":"y","origin":[-26,-96,7.5]},"faces":{"north":{"uv":[2.4375,9.4375,2.125,9.9375],"texture":"#0"},"east":{"uv":[2.375,9.4375,2.4375,9.9375],"texture":"#0"},"south":{"uv":[2.125,9.4375,2.4375,9.9375],"texture":"#0"},"west":{"uv":[2.125,9.4375,2.1875,9.9375],"texture":"#0"},"up":{"uv":[2.125,9.4375,2.4375,9.5],"texture":"#0"},"down":{"uv":[2.125,9.875,2.4375,9.9375],"texture":"#0"}}},{"name":"icons_383","from":[13,1,7.5],"to":[14,8,8.5],"rotation":{"angle":0,"axis":"y","origin":[-26,-96,7.5]},"faces":{"north":{"uv":[2.5,9.5,2.4375,9.9375],"texture":"#0"},"east":{"uv":[2.4375,9.5,2.5,9.9375],"texture":"#0"},"south":{"uv":[2.4375,9.5,2.5,9.9375],"texture":"#0"},"west":{"uv":[2.4375,9.5,2.5,9.9375],"texture":"#0"},"up":{"uv":[2.4375,9.5,2.5,9.5625],"texture":"#0"},"down":{"uv":[2.4375,9.875,2.5,9.9375],"texture":"#0"}}},{"name":"shadows_293","from":[13,8,7.5],"to":[14,9,8.5],"rotation":{"angle":0,"axis":"y","origin":[-26,-96,7.5]},"faces":{"north":{"uv":[2.5,9.4375,2.4375,9.5],"texture":"#0"},"east":{"uv":[2.4375,9.4375,2.5,9.5],"texture":"#0"},"south":{"uv":[2.4375,9.4375,2.5,9.5],"texture":"#0"},"west":{"uv":[2.4375,9.4375,2.5,9.5],"texture":"#0"},"up":{"uv":[2.4375,9.4375,2.5,9.5],"texture":"#0"},"down":{"uv":[2.4375,9.4375,2.5,9.5],"texture":"#0"}}},{"name":"shadows_301","from":[7,1,7.5],"to":[8,2,8.5],"rotation":{"angle":0,"axis":"y","origin":[-26,-96,7.5]},"faces":{"north":{"uv":[2.125,9.875,2.0625,9.9375],"texture":"#0"},"east":{"uv":[2.0625,9.875,2.125,9.9375],"texture":"#0"},"south":{"uv":[2.0625,9.875,2.125,9.9375],"texture":"#0"},"west":{"uv":[2.0625,9.875,2.125,9.9375],"texture":"#0"},"up":{"uv":[2.0625,9.875,2.125,9.9375],"texture":"#0"},"down":{"uv":[2.0625,9.875,2.125,9.9375],"texture":"#0"}}},{"name":"shadows_304","from":[2,0,7.5],"to":[7,1,8.5],"rotation":{"angle":0,"axis":"y","origin":[-26,-96,7.5]},"faces":{"north":{"uv":[2.0625,9.9375,1.75,10],"texture":"#0"},"east":{"uv":[2,9.9375,2.0625,10],"texture":"#0"},"south":{"uv":[1.75,9.9375,2.0625,10],"texture":"#0"},"west":{"uv":[1.75,9.9375,1.8125,10],"texture":"#0"},"up":{"uv":[1.75,9.9375,2.0625,10],"texture":"#0"},"down":{"uv":[1.75,9.9375,2.0625,10],"texture":"#0"}}},{"name":"shadows_305","from":[8,0,7.5],"to":[14,1,8.5],"rotation":{"angle":0,"axis":"y","origin":[-26,-96,7.5]},"faces":{"north":{"uv":[2.5,9.9375,2.125,10],"texture":"#0"},"east":{"uv":[2.4375,9.9375,2.5,10],"texture":"#0"},"south":{"uv":[2.125,9.9375,2.5,10],"texture":"#0"},"west":{"uv":[2.125,9.9375,2.1875,10],"texture":"#0"},"up":{"uv":[2.125,9.9375,2.5,10],"texture":"#0"},"down":{"uv":[2.125,9.9375,2.5,10],"texture":"#0"}}}],"gui_light":"front","display":{"thirdperson_righthand":{"translation":[0,3,1],"scale":[0.55,0.55,0.55]},"thirdperson_lefthand":{"translation":[0,3,1],"scale":[0.55,0.55,0.55]},"firstperson_righthand":{"rotation":[0,-90,25],"translation":[1.13,3.2,1.13],"scale":[0.68,0.68,0.68]},"firstperson_lefthand":{"rotation":[0,-90,25],"translation":[1.13,3.2,1.13],"scale":[0.68,0.68,0.68]},"ground":{"translation":[0,2,0],"scale":[0.5,0.5,0.5]},"head":{"rotation":[0,180,0],"translation":[0,13,7]},"fixed":{"rotation":[0,180,0]}},"mcmodels":"f03d6055f7da1f7cda7e3c8a45ea57c3"}