{"credit":"Made with Blockbench","textures":{"0":"social_icons_pack:icons","particle":"social_icons_pack:icons"},"elements":[{"name":"icons_163","from":[0,3,7.5],"to":[12,14,8.5],"rotation":{"angle":0,"axis":"y","origin":[-26,-186,7.5]},"faces":{"north":{"uv":[2.375,3.5,1.625,4.1875],"texture":"#0"},"east":{"uv":[2.3125,3.5,2.375,4.1875],"texture":"#0"},"south":{"uv":[1.625,3.5,2.375,4.1875],"texture":"#0"},"west":{"uv":[1.625,3.5,1.6875,4.1875],"texture":"#0"},"up":{"uv":[1.625,3.5,2.375,3.5625],"texture":"#0"},"down":{"uv":[1.625,4.125,2.375,4.1875],"texture":"#0"}}},{"name":"icons_164","from":[12,4,7.5],"to":[15,14,8.5],"rotation":{"angle":0,"axis":"y","origin":[-26,-186,7.5]},"faces":{"north":{"uv":[2.5625,3.5,2.375,4.125],"texture":"#0"},"east":{"uv":[2.5,3.5,2.5625,4.125],"texture":"#0"},"south":{"uv":[2.375,3.5,2.5625,4.125],"texture":"#0"},"west":{"uv":[2.375,3.5,2.4375,4.125],"texture":"#0"},"up":{"uv":[2.375,3.5,2.5625,3.5625],"texture":"#0"},"down":{"uv":[2.375,4.0625,2.5625,4.125],"texture":"#0"}}},{"name":"icons_168","from":[15,5,7.5],"to":[16,13,8.5],"rotation":{"angle":0,"axis":"y","origin":[-26,-186,7.5]},"faces":{"north":{"uv":[2.625,3.5625,2.5625,4.0625],"texture":"#0"},"east":{"uv":[2.5625,3.5625,2.625,4.0625],"texture":"#0"},"south":{"uv":[2.5625,3.5625,2.625,4.0625],"texture":"#0"},"west":{"uv":[2.5625,3.5625,2.625,4.0625],"texture":"#0"},"up":{"uv":[2.5625,3.5625,2.625,3.625],"texture":"#0"},"down":{"uv":[2.5625,4,2.625,4.0625],"texture":"#0"}}},{"name":"icons_175","from":[1,2,7.5],"to":[11,3,8.5],"rotation":{"angle":0,"axis":"y","origin":[-26,-186,7.5]},"faces":{"north":{"uv":[2.3125,4.1875,1.6875,4.25],"texture":"#0"},"east":{"uv":[2.25,4.1875,2.3125,4.25],"texture":"#0"},"south":{"uv":[1.6875,4.1875,2.3125,4.25],"texture":"#0"},"west":{"uv":[1.6875,4.1875,1.75,4.25],"texture":"#0"},"up":{"uv":[1.6875,4.1875,2.3125,4.25],"texture":"#0"},"down":{"uv":[1.6875,4.1875,2.3125,4.25],"texture":"#0"}}},{"name":"shadows_117","from":[15,4,7.5],"to":[16,5,8.5],"rotation":{"angle":0,"axis":"y","origin":[-26,-186,7.5]},"faces":{"north":{"uv":[2.625,4.0625,2.5625,4.125],"texture":"#0"},"east":{"uv":[2.5625,4.0625,2.625,4.125],"texture":"#0"},"south":{"uv":[2.5625,4.0625,2.625,4.125],"texture":"#0"},"west":{"uv":[2.5625,4.0625,2.625,4.125],"texture":"#0"},"up":{"uv":[2.5625,4.0625,2.625,4.125],"texture":"#0"},"down":{"uv":[2.5625,4.0625,2.625,4.125],"texture":"#0"}}},{"name":"shadows_119","from":[12,3,7.5],"to":[15,4,8.5],"rotation":{"angle":0,"axis":"y","origin":[-26,-186,7.5]},"faces":{"north":{"uv":[2.5625,4.125,2.375,4.1875],"texture":"#0"},"east":{"uv":[2.5,4.125,2.5625,4.1875],"texture":"#0"},"south":{"uv":[2.375,4.125,2.5625,4.1875],"texture":"#0"},"west":{"uv":[2.375,4.125,2.4375,4.1875],"texture":"#0"},"up":{"uv":[2.375,4.125,2.5625,4.1875],"texture":"#0"},"down":{"uv":[2.375,4.125,2.5625,4.1875],"texture":"#0"}}},{"name":"shadows_120","from":[0,2,7.5],"to":[1,3,8.5],"rotation":{"angle":0,"axis":"y","origin":[-26,-186,7.5]},"faces":{"north":{"uv":[1.6875,4.1875,1.625,4.25],"texture":"#0"},"east":{"uv":[1.625,4.1875,1.6875,4.25],"texture":"#0"},"south":{"uv":[1.625,4.1875,1.6875,4.25],"texture":"#0"},"west":{"uv":[1.625,4.1875,1.6875,4.25],"texture":"#0"},"up":{"uv":[1.625,4.1875,1.6875,4.25],"texture":"#0"},"down":{"uv":[1.625,4.1875,1.6875,4.25],"texture":"#0"}}},{"name":"shadows_121","from":[11,2,7.5],"to":[12,3,8.5],"rotation":{"angle":0,"axis":"y","origin":[-26,-186,7.5]},"faces":{"north":{"uv":[2.375,4.1875,2.3125,4.25],"texture":"#0"},"east":{"uv":[2.3125,4.1875,2.375,4.25],"texture":"#0"},"south":{"uv":[2.3125,4.1875,2.375,4.25],"texture":"#0"},"west":{"uv":[2.3125,4.1875,2.375,4.25],"texture":"#0"},"up":{"uv":[2.3125,4.1875,2.375,4.25],"texture":"#0"},"down":{"uv":[2.3125,4.1875,2.375,4.25],"texture":"#0"}}},{"name":"shadows_124","from":[1,1,7.5],"to":[11,2,8.5],"rotation":{"angle":0,"axis":"y","origin":[-26,-186,7.5]},"faces":{"north":{"uv":[2.3125,4.25,1.6875,4.3125],"texture":"#0"},"east":{"uv":[2.25,4.25,2.3125,4.3125],"texture":"#0"},"south":{"uv":[1.6875,4.25,2.3125,4.3125],"texture":"#0"},"west":{"uv":[1.6875,4.25,1.75,4.3125],"texture":"#0"},"up":{"uv":[1.6875,4.25,2.3125,4.3125],"texture":"#0"},"down":{"uv":[1.6875,4.25,2.3125,4.3125],"texture":"#0"}}}],"gui_light":"front","display":{"thirdperson_righthand":{"translation":[0,3,1],"scale":[0.55,0.55,0.55]},"thirdperson_lefthand":{"translation":[0,3,1],"scale":[0.55,0.55,0.55]},"firstperson_righthand":{"rotation":[0,-90,25],"translation":[1.13,3.2,1.13],"scale":[0.68,0.68,0.68]},"firstperson_lefthand":{"rotation":[0,-90,25],"translation":[1.13,3.2,1.13],"scale":[0.68,0.68,0.68]},"ground":{"translation":[0,2,0],"scale":[0.5,0.5,0.5]},"head":{"rotation":[0,180,0],"translation":[0,13,7]},"fixed":{"rotation":[0,180,0]}},"mcmodels":"f03d6055f7da1f7cda7e3c8a45ea57c3"}