{"credit":"Made with Blockbench","textures":{"0":"social_icons_pack:icons","particle":"social_icons_pack:icons"},"elements":[{"name":"icons_483","from":[1,1,7.5],"to":[6,16,8.5],"rotation":{"angle":0,"axis":"y","origin":[-26,-24,7.5]},"faces":{"north":{"uv":[2,13.5,1.6875,14.4375],"texture":"#0"},"east":{"uv":[1.9375,13.5,2,14.4375],"texture":"#0"},"south":{"uv":[1.6875,13.5,2,14.4375],"texture":"#0"},"west":{"uv":[1.6875,13.5,1.75,14.4375],"texture":"#0"},"up":{"uv":[1.6875,13.5,2,13.5625],"texture":"#0"},"down":{"uv":[1.6875,14.375,2,14.4375],"texture":"#0"}}},{"name":"icons_502","from":[6,1,7.5],"to":[14,11,8.5],"rotation":{"angle":0,"axis":"y","origin":[-26,-24,7.5]},"faces":{"north":{"uv":[2.5,13.8125,2,14.4375],"texture":"#0"},"east":{"uv":[2.4375,13.8125,2.5,14.4375],"texture":"#0"},"south":{"uv":[2,13.8125,2.5,14.4375],"texture":"#0"},"west":{"uv":[2,13.8125,2.0625,14.4375],"texture":"#0"},"up":{"uv":[2,13.8125,2.5,13.875],"texture":"#0"},"down":{"uv":[2,14.375,2.5,14.4375],"texture":"#0"}}},{"name":"icons_503","from":[14,1,7.5],"to":[15,10,8.5],"rotation":{"angle":0,"axis":"y","origin":[-26,-24,7.5]},"faces":{"north":{"uv":[2.5625,13.875,2.5,14.4375],"texture":"#0"},"east":{"uv":[2.5,13.875,2.5625,14.4375],"texture":"#0"},"south":{"uv":[2.5,13.875,2.5625,14.4375],"texture":"#0"},"west":{"uv":[2.5,13.875,2.5625,14.4375],"texture":"#0"},"up":{"uv":[2.5,13.875,2.5625,13.9375],"texture":"#0"},"down":{"uv":[2.5,14.375,2.5625,14.4375],"texture":"#0"}}},{"name":"shadows_404","from":[1,0,7.5],"to":[15,1,8.5],"rotation":{"angle":0,"axis":"y","origin":[-26,-24,7.5]},"faces":{"north":{"uv":[2.5625,14.4375,1.6875,14.5],"texture":"#0"},"east":{"uv":[2.5,14.4375,2.5625,14.5],"texture":"#0"},"south":{"uv":[1.6875,14.4375,2.5625,14.5],"texture":"#0"},"west":{"uv":[1.6875,14.4375,1.75,14.5],"texture":"#0"},"up":{"uv":[1.6875,14.4375,2.5625,14.5],"texture":"#0"},"down":{"uv":[1.6875,14.4375,2.5625,14.5],"texture":"#0"}}}],"gui_light":"front","display":{"thirdperson_righthand":{"translation":[0,3,1],"scale":[0.55,0.55,0.55]},"thirdperson_lefthand":{"translation":[0,3,1],"scale":[0.55,0.55,0.55]},"firstperson_righthand":{"rotation":[0,-90,25],"translation":[1.13,3.2,1.13],"scale":[0.68,0.68,0.68]},"firstperson_lefthand":{"rotation":[0,-90,25],"translation":[1.13,3.2,1.13],"scale":[0.68,0.68,0.68]},"ground":{"translation":[0,2,0],"scale":[0.5,0.5,0.5]},"head":{"rotation":[0,180,0],"translation":[0,13,7]},"fixed":{"rotation":[0,180,0]}},"mcmodels":"f03d6055f7da1f7cda7e3c8a45ea57c3"}