{"credit":"Made with Blockbench","textures":{"0":"social_icons_pack:icons","particle":"social_icons_pack:icons"},"elements":[{"name":"icons_263","from":[2,8,7.5],"to":[7,14,8.5],"rotation":{"angle":0,"axis":"y","origin":[-26,-150,7.5]},"faces":{"north":{"uv":[2.0625,5.75,1.75,6.125],"texture":"#0"},"east":{"uv":[2,5.75,2.0625,6.125],"texture":"#0"},"south":{"uv":[1.75,5.75,2.0625,6.125],"texture":"#0"},"west":{"uv":[1.75,5.75,1.8125,6.125],"texture":"#0"},"up":{"uv":[1.75,5.75,2.0625,5.8125],"texture":"#0"},"down":{"uv":[1.75,6.0625,2.0625,6.125],"texture":"#0"}}},{"name":"icons_264","from":[9,8,7.5],"to":[14,14,8.5],"rotation":{"angle":0,"axis":"y","origin":[-26,-150,7.5]},"faces":{"north":{"uv":[2.5,5.75,2.1875,6.125],"texture":"#0"},"east":{"uv":[2.4375,5.75,2.5,6.125],"texture":"#0"},"south":{"uv":[2.1875,5.75,2.5,6.125],"texture":"#0"},"west":{"uv":[2.1875,5.75,2.25,6.125],"texture":"#0"},"up":{"uv":[2.1875,5.75,2.5,5.8125],"texture":"#0"},"down":{"uv":[2.1875,6.0625,2.5,6.125],"texture":"#0"}}},{"name":"icons_272","from":[7,3,7.5],"to":[9,11,8.5],"rotation":{"angle":0,"axis":"y","origin":[-26,-150,7.5]},"faces":{"north":{"uv":[2.1875,5.9375,2.0625,6.4375],"texture":"#0"},"east":{"uv":[2.125,5.9375,2.1875,6.4375],"texture":"#0"},"south":{"uv":[2.0625,5.9375,2.1875,6.4375],"texture":"#0"},"west":{"uv":[2.0625,5.9375,2.125,6.4375],"texture":"#0"},"up":{"uv":[2.0625,5.9375,2.1875,6],"texture":"#0"},"down":{"uv":[2.0625,6.375,2.1875,6.4375],"texture":"#0"}}},{"name":"icons_273","from":[3,2,7.5],"to":[7,8,8.5],"rotation":{"angle":0,"axis":"y","origin":[-26,-150,7.5]},"faces":{"north":{"uv":[2.0625,6.125,1.8125,6.5],"texture":"#0"},"east":{"uv":[2,6.125,2.0625,6.5],"texture":"#0"},"south":{"uv":[1.8125,6.125,2.0625,6.5],"texture":"#0"},"west":{"uv":[1.8125,6.125,1.875,6.5],"texture":"#0"},"up":{"uv":[1.8125,6.125,2.0625,6.1875],"texture":"#0"},"down":{"uv":[1.8125,6.4375,2.0625,6.5],"texture":"#0"}}},{"name":"icons_274","from":[9,2,7.5],"to":[13,8,8.5],"rotation":{"angle":0,"axis":"y","origin":[-26,-150,7.5]},"faces":{"north":{"uv":[2.4375,6.125,2.1875,6.5],"texture":"#0"},"east":{"uv":[2.375,6.125,2.4375,6.5],"texture":"#0"},"south":{"uv":[2.1875,6.125,2.4375,6.5],"texture":"#0"},"west":{"uv":[2.1875,6.125,2.25,6.5],"texture":"#0"},"up":{"uv":[2.1875,6.125,2.4375,6.1875],"texture":"#0"},"down":{"uv":[2.1875,6.4375,2.4375,6.5],"texture":"#0"}}},{"name":"shadows_202","from":[2,7,7.5],"to":[3,8,8.5],"rotation":{"angle":0,"axis":"y","origin":[-26,-150,7.5]},"faces":{"north":{"uv":[1.8125,6.125,1.75,6.1875],"texture":"#0"},"east":{"uv":[1.75,6.125,1.8125,6.1875],"texture":"#0"},"south":{"uv":[1.75,6.125,1.8125,6.1875],"texture":"#0"},"west":{"uv":[1.75,6.125,1.8125,6.1875],"texture":"#0"},"up":{"uv":[1.75,6.125,1.8125,6.1875],"texture":"#0"},"down":{"uv":[1.75,6.125,1.8125,6.1875],"texture":"#0"}}},{"name":"shadows_203","from":[13,7,7.5],"to":[14,8,8.5],"rotation":{"angle":0,"axis":"y","origin":[-26,-150,7.5]},"faces":{"north":{"uv":[2.5,6.125,2.4375,6.1875],"texture":"#0"},"east":{"uv":[2.4375,6.125,2.5,6.1875],"texture":"#0"},"south":{"uv":[2.4375,6.125,2.5,6.1875],"texture":"#0"},"west":{"uv":[2.4375,6.125,2.5,6.1875],"texture":"#0"},"up":{"uv":[2.4375,6.125,2.5,6.1875],"texture":"#0"},"down":{"uv":[2.4375,6.125,2.5,6.1875],"texture":"#0"}}},{"name":"shadows_210","from":[7,2,7.5],"to":[9,3,8.5],"rotation":{"angle":0,"axis":"y","origin":[-26,-150,7.5]},"faces":{"north":{"uv":[2.1875,6.4375,2.0625,6.5],"texture":"#0"},"east":{"uv":[2.125,6.4375,2.1875,6.5],"texture":"#0"},"south":{"uv":[2.0625,6.4375,2.1875,6.5],"texture":"#0"},"west":{"uv":[2.0625,6.4375,2.125,6.5],"texture":"#0"},"up":{"uv":[2.0625,6.4375,2.1875,6.5],"texture":"#0"},"down":{"uv":[2.0625,6.4375,2.1875,6.5],"texture":"#0"}}},{"name":"shadows_213","from":[3,1,7.5],"to":[7,2,8.5],"rotation":{"angle":0,"axis":"y","origin":[-26,-150,7.5]},"faces":{"north":{"uv":[2.0625,6.5,1.8125,6.5625],"texture":"#0"},"east":{"uv":[2,6.5,2.0625,6.5625],"texture":"#0"},"south":{"uv":[1.8125,6.5,2.0625,6.5625],"texture":"#0"},"west":{"uv":[1.8125,6.5,1.875,6.5625],"texture":"#0"},"up":{"uv":[1.8125,6.5,2.0625,6.5625],"texture":"#0"},"down":{"uv":[1.8125,6.5,2.0625,6.5625],"texture":"#0"}}},{"name":"shadows_214","from":[9,1,7.5],"to":[13,2,8.5],"rotation":{"angle":0,"axis":"y","origin":[-26,-150,7.5]},"faces":{"north":{"uv":[2.4375,6.5,2.1875,6.5625],"texture":"#0"},"east":{"uv":[2.375,6.5,2.4375,6.5625],"texture":"#0"},"south":{"uv":[2.1875,6.5,2.4375,6.5625],"texture":"#0"},"west":{"uv":[2.1875,6.5,2.25,6.5625],"texture":"#0"},"up":{"uv":[2.1875,6.5,2.4375,6.5625],"texture":"#0"},"down":{"uv":[2.1875,6.5,2.4375,6.5625],"texture":"#0"}}}],"gui_light":"front","display":{"thirdperson_righthand":{"translation":[0,3,1],"scale":[0.55,0.55,0.55]},"thirdperson_lefthand":{"translation":[0,3,1],"scale":[0.55,0.55,0.55]},"firstperson_righthand":{"rotation":[0,-90,25],"translation":[1.13,3.2,1.13],"scale":[0.68,0.68,0.68]},"firstperson_lefthand":{"rotation":[0,-90,25],"translation":[1.13,3.2,1.13],"scale":[0.68,0.68,0.68]},"ground":{"translation":[0,2,0],"scale":[0.5,0.5,0.5]},"head":{"rotation":[0,180,0],"translation":[0,13,7]},"fixed":{"rotation":[0,180,0]}},"mcmodels":"f03d6055f7da1f7cda7e3c8a45ea57c3"}