{"credit":"Made with Blockbench","textures":{"0":"social_icons_pack:icons","particle":"social_icons_pack:icons"},"elements":[{"name":"icons_282","from":[4,0,7.5],"to":[13,16,8.5],"rotation":{"angle":0,"axis":"y","origin":[-44,-132,7.5]},"faces":{"north":{"uv":[3.5625,6.75,3,7.75],"texture":"#0"},"east":{"uv":[3.5,6.75,3.5625,7.75],"texture":"#0"},"south":{"uv":[3,6.75,3.5625,7.75],"texture":"#0"},"west":{"uv":[3,6.75,3.0625,7.75],"texture":"#0"},"up":{"uv":[3,6.75,3.5625,6.8125],"texture":"#0"},"down":{"uv":[3,7.6875,3.5625,7.75],"texture":"#0"}}},{"name":"icons_290","from":[3,1,7.5],"to":[4,15,8.5],"rotation":{"angle":0,"axis":"y","origin":[-44,-132,7.5]},"faces":{"north":{"uv":[3,6.8125,2.9375,7.6875],"texture":"#0"},"east":{"uv":[2.9375,6.8125,3,7.6875],"texture":"#0"},"south":{"uv":[2.9375,6.8125,3,7.6875],"texture":"#0"},"west":{"uv":[2.9375,6.8125,3,7.6875],"texture":"#0"},"up":{"uv":[2.9375,6.8125,3,6.875],"texture":"#0"},"down":{"uv":[2.9375,7.625,3,7.6875],"texture":"#0"}}},{"name":"icons_291","from":[13,1,7.5],"to":[14,15,8.5],"rotation":{"angle":0,"axis":"y","origin":[-44,-132,7.5]},"faces":{"north":{"uv":[3.625,6.8125,3.5625,7.6875],"texture":"#0"},"east":{"uv":[3.5625,6.8125,3.625,7.6875],"texture":"#0"},"south":{"uv":[3.5625,6.8125,3.625,7.6875],"texture":"#0"},"west":{"uv":[3.5625,6.8125,3.625,7.6875],"texture":"#0"},"up":{"uv":[3.5625,6.8125,3.625,6.875],"texture":"#0"},"down":{"uv":[3.5625,7.625,3.625,7.6875],"texture":"#0"}}},{"name":"icons_300","from":[2,2,7.5],"to":[3,14,8.5],"rotation":{"angle":0,"axis":"y","origin":[-44,-132,7.5]},"faces":{"north":{"uv":[2.9375,6.875,2.875,7.625],"texture":"#0"},"east":{"uv":[2.875,6.875,2.9375,7.625],"texture":"#0"},"south":{"uv":[2.875,6.875,2.9375,7.625],"texture":"#0"},"west":{"uv":[2.875,6.875,2.9375,7.625],"texture":"#0"},"up":{"uv":[2.875,6.875,2.9375,6.9375],"texture":"#0"},"down":{"uv":[2.875,7.5625,2.9375,7.625],"texture":"#0"}}},{"name":"icons_301","from":[14,2,7.5],"to":[15,14,8.5],"rotation":{"angle":0,"axis":"y","origin":[-44,-132,7.5]},"faces":{"north":{"uv":[3.6875,6.875,3.625,7.625],"texture":"#0"},"east":{"uv":[3.625,6.875,3.6875,7.625],"texture":"#0"},"south":{"uv":[3.625,6.875,3.6875,7.625],"texture":"#0"},"west":{"uv":[3.625,6.875,3.6875,7.625],"texture":"#0"},"up":{"uv":[3.625,6.875,3.6875,6.9375],"texture":"#0"},"down":{"uv":[3.625,7.5625,3.6875,7.625],"texture":"#0"}}},{"name":"icons_305","from":[1,3,7.5],"to":[2,13,8.5],"rotation":{"angle":0,"axis":"y","origin":[-44,-132,7.5]},"faces":{"north":{"uv":[2.875,6.9375,2.8125,7.5625],"texture":"#0"},"east":{"uv":[2.8125,6.9375,2.875,7.5625],"texture":"#0"},"south":{"uv":[2.8125,6.9375,2.875,7.5625],"texture":"#0"},"west":{"uv":[2.8125,6.9375,2.875,7.5625],"texture":"#0"},"up":{"uv":[2.8125,6.9375,2.875,7],"texture":"#0"},"down":{"uv":[2.8125,7.5,2.875,7.5625],"texture":"#0"}}},{"name":"icons_306","from":[15,3,7.5],"to":[16,13,8.5],"rotation":{"angle":0,"axis":"y","origin":[-44,-132,7.5]},"faces":{"north":{"uv":[3.75,6.9375,3.6875,7.5625],"texture":"#0"},"east":{"uv":[3.6875,6.9375,3.75,7.5625],"texture":"#0"},"south":{"uv":[3.6875,6.9375,3.75,7.5625],"texture":"#0"},"west":{"uv":[3.6875,6.9375,3.75,7.5625],"texture":"#0"},"up":{"uv":[3.6875,6.9375,3.75,7],"texture":"#0"},"down":{"uv":[3.6875,7.5,3.75,7.5625],"texture":"#0"}}},{"name":"shadows_239","from":[1,2,7.5],"to":[2,3,8.5],"rotation":{"angle":0,"axis":"y","origin":[-44,-132,7.5]},"faces":{"north":{"uv":[2.875,7.5625,2.8125,7.625],"texture":"#0"},"east":{"uv":[2.8125,7.5625,2.875,7.625],"texture":"#0"},"south":{"uv":[2.8125,7.5625,2.875,7.625],"texture":"#0"},"west":{"uv":[2.8125,7.5625,2.875,7.625],"texture":"#0"},"up":{"uv":[2.8125,7.5625,2.875,7.625],"texture":"#0"},"down":{"uv":[2.8125,7.5625,2.875,7.625],"texture":"#0"}}},{"name":"shadows_240","from":[15,2,7.5],"to":[16,3,8.5],"rotation":{"angle":0,"axis":"y","origin":[-44,-132,7.5]},"faces":{"north":{"uv":[3.75,7.5625,3.6875,7.625],"texture":"#0"},"east":{"uv":[3.6875,7.5625,3.75,7.625],"texture":"#0"},"south":{"uv":[3.6875,7.5625,3.75,7.625],"texture":"#0"},"west":{"uv":[3.6875,7.5625,3.75,7.625],"texture":"#0"},"up":{"uv":[3.6875,7.5625,3.75,7.625],"texture":"#0"},"down":{"uv":[3.6875,7.5625,3.75,7.625],"texture":"#0"}}},{"name":"shadows_244","from":[2,1,7.5],"to":[3,2,8.5],"rotation":{"angle":0,"axis":"y","origin":[-44,-132,7.5]},"faces":{"north":{"uv":[2.9375,7.625,2.875,7.6875],"texture":"#0"},"east":{"uv":[2.875,7.625,2.9375,7.6875],"texture":"#0"},"south":{"uv":[2.875,7.625,2.9375,7.6875],"texture":"#0"},"west":{"uv":[2.875,7.625,2.9375,7.6875],"texture":"#0"},"up":{"uv":[2.875,7.625,2.9375,7.6875],"texture":"#0"},"down":{"uv":[2.875,7.625,2.9375,7.6875],"texture":"#0"}}},{"name":"shadows_245","from":[14,1,7.5],"to":[15,2,8.5],"rotation":{"angle":0,"axis":"y","origin":[-44,-132,7.5]},"faces":{"north":{"uv":[3.6875,7.625,3.625,7.6875],"texture":"#0"},"east":{"uv":[3.625,7.625,3.6875,7.6875],"texture":"#0"},"south":{"uv":[3.625,7.625,3.6875,7.6875],"texture":"#0"},"west":{"uv":[3.625,7.625,3.6875,7.6875],"texture":"#0"},"up":{"uv":[3.625,7.625,3.6875,7.6875],"texture":"#0"},"down":{"uv":[3.625,7.625,3.6875,7.6875],"texture":"#0"}}},{"name":"shadows_248","from":[3,0,7.5],"to":[4,1,8.5],"rotation":{"angle":0,"axis":"y","origin":[-44,-132,7.5]},"faces":{"north":{"uv":[3,7.6875,2.9375,7.75],"texture":"#0"},"east":{"uv":[2.9375,7.6875,3,7.75],"texture":"#0"},"south":{"uv":[2.9375,7.6875,3,7.75],"texture":"#0"},"west":{"uv":[2.9375,7.6875,3,7.75],"texture":"#0"},"up":{"uv":[2.9375,7.6875,3,7.75],"texture":"#0"},"down":{"uv":[2.9375,7.6875,3,7.75],"texture":"#0"}}},{"name":"shadows_249","from":[13,0,7.5],"to":[14,1,8.5],"rotation":{"angle":0,"axis":"y","origin":[-44,-132,7.5]},"faces":{"north":{"uv":[3.625,7.6875,3.5625,7.75],"texture":"#0"},"east":{"uv":[3.5625,7.6875,3.625,7.75],"texture":"#0"},"south":{"uv":[3.5625,7.6875,3.625,7.75],"texture":"#0"},"west":{"uv":[3.5625,7.6875,3.625,7.75],"texture":"#0"},"up":{"uv":[3.5625,7.6875,3.625,7.75],"texture":"#0"},"down":{"uv":[3.5625,7.6875,3.625,7.75],"texture":"#0"}}},{"name":"shadows_258","from":[4,-1,7.5],"to":[13,0,8.5],"rotation":{"angle":0,"axis":"y","origin":[-44,-132,7.5]},"faces":{"north":{"uv":[3.5625,7.75,3,7.8125],"texture":"#0"},"east":{"uv":[3.5,7.75,3.5625,7.8125],"texture":"#0"},"south":{"uv":[3,7.75,3.5625,7.8125],"texture":"#0"},"west":{"uv":[3,7.75,3.0625,7.8125],"texture":"#0"},"up":{"uv":[3,7.75,3.5625,7.8125],"texture":"#0"},"down":{"uv":[3,7.75,3.5625,7.8125],"texture":"#0"}}}],"gui_light":"front","display":{"thirdperson_righthand":{"translation":[0,3,1],"scale":[0.55,0.55,0.55]},"thirdperson_lefthand":{"translation":[0,3,1],"scale":[0.55,0.55,0.55]},"firstperson_righthand":{"rotation":[0,-90,25],"translation":[1.13,3.2,1.13],"scale":[0.68,0.68,0.68]},"firstperson_lefthand":{"rotation":[0,-90,25],"translation":[1.13,3.2,1.13],"scale":[0.68,0.68,0.68]},"ground":{"translation":[0,2,0],"scale":[0.5,0.5,0.5]},"head":{"rotation":[0,180,0],"translation":[0,13,7]},"fixed":{"rotation":[0,180,0]}},"mcmodels":"f03d6055f7da1f7cda7e3c8a45ea57c3"}