{"credit":"Made with Blockbench","textures":{"0":"social_icons_pack:icons","particle":"social_icons_pack:icons"},"elements":[{"name":"icons_431","from":[2,2,7.5],"to":[13,15,8.5],"rotation":{"angle":0,"axis":"y","origin":[-44,-60,7.5]},"faces":{"north":{"uv":[3.5625,11.3125,2.875,12.125],"texture":"#0"},"east":{"uv":[3.5,11.3125,3.5625,12.125],"texture":"#0"},"south":{"uv":[2.875,11.3125,3.5625,12.125],"texture":"#0"},"west":{"uv":[2.875,11.3125,2.9375,12.125],"texture":"#0"},"up":{"uv":[2.875,11.3125,3.5625,11.375],"texture":"#0"},"down":{"uv":[2.875,12.0625,3.5625,12.125],"texture":"#0"}}},{"name":"icons_440","from":[1,3,7.5],"to":[2,14,8.5],"rotation":{"angle":0,"axis":"y","origin":[-44,-60,7.5]},"faces":{"north":{"uv":[2.875,11.375,2.8125,12.0625],"texture":"#0"},"east":{"uv":[2.8125,11.375,2.875,12.0625],"texture":"#0"},"south":{"uv":[2.8125,11.375,2.875,12.0625],"texture":"#0"},"west":{"uv":[2.8125,11.375,2.875,12.0625],"texture":"#0"},"up":{"uv":[2.8125,11.375,2.875,11.4375],"texture":"#0"},"down":{"uv":[2.8125,12,2.875,12.0625],"texture":"#0"}}},{"name":"icons_441","from":[13,1,7.5],"to":[14,14,8.5],"rotation":{"angle":0,"axis":"y","origin":[-44,-60,7.5]},"faces":{"north":{"uv":[3.625,11.375,3.5625,12.1875],"texture":"#0"},"east":{"uv":[3.5625,11.375,3.625,12.1875],"texture":"#0"},"south":{"uv":[3.5625,11.375,3.625,12.1875],"texture":"#0"},"west":{"uv":[3.5625,11.375,3.625,12.1875],"texture":"#0"},"up":{"uv":[3.5625,11.375,3.625,11.4375],"texture":"#0"},"down":{"uv":[3.5625,12.125,3.625,12.1875],"texture":"#0"}}},{"name":"icons_446","from":[14,2,7.5],"to":[15,13,8.5],"rotation":{"angle":0,"axis":"y","origin":[-44,-60,7.5]},"faces":{"north":{"uv":[3.6875,11.4375,3.625,12.125],"texture":"#0"},"east":{"uv":[3.625,11.4375,3.6875,12.125],"texture":"#0"},"south":{"uv":[3.625,11.4375,3.6875,12.125],"texture":"#0"},"west":{"uv":[3.625,11.4375,3.6875,12.125],"texture":"#0"},"up":{"uv":[3.625,11.4375,3.6875,11.5],"texture":"#0"},"down":{"uv":[3.625,12.0625,3.6875,12.125],"texture":"#0"}}},{"name":"icons_454","from":[3,1,7.5],"to":[13,2,8.5],"rotation":{"angle":0,"axis":"y","origin":[-44,-60,7.5]},"faces":{"north":{"uv":[3.5625,12.125,2.9375,12.1875],"texture":"#0"},"east":{"uv":[3.5,12.125,3.5625,12.1875],"texture":"#0"},"south":{"uv":[2.9375,12.125,3.5625,12.1875],"texture":"#0"},"west":{"uv":[2.9375,12.125,3,12.1875],"texture":"#0"},"up":{"uv":[2.9375,12.125,3.5625,12.1875],"texture":"#0"},"down":{"uv":[2.9375,12.125,3.5625,12.1875],"texture":"#0"}}},{"name":"shadows_349","from":[1,2,7.5],"to":[2,3,8.5],"rotation":{"angle":0,"axis":"y","origin":[-44,-60,7.5]},"faces":{"north":{"uv":[2.875,12.0625,2.8125,12.125],"texture":"#0"},"east":{"uv":[2.8125,12.0625,2.875,12.125],"texture":"#0"},"south":{"uv":[2.8125,12.0625,2.875,12.125],"texture":"#0"},"west":{"uv":[2.8125,12.0625,2.875,12.125],"texture":"#0"},"up":{"uv":[2.8125,12.0625,2.875,12.125],"texture":"#0"},"down":{"uv":[2.8125,12.0625,2.875,12.125],"texture":"#0"}}},{"name":"shadows_354","from":[2,1,7.5],"to":[3,2,8.5],"rotation":{"angle":0,"axis":"y","origin":[-44,-60,7.5]},"faces":{"north":{"uv":[2.9375,12.125,2.875,12.1875],"texture":"#0"},"east":{"uv":[2.875,12.125,2.9375,12.1875],"texture":"#0"},"south":{"uv":[2.875,12.125,2.9375,12.1875],"texture":"#0"},"west":{"uv":[2.875,12.125,2.9375,12.1875],"texture":"#0"},"up":{"uv":[2.875,12.125,2.9375,12.1875],"texture":"#0"},"down":{"uv":[2.875,12.125,2.9375,12.1875],"texture":"#0"}}},{"name":"shadows_355","from":[14,1,7.5],"to":[15,2,8.5],"rotation":{"angle":0,"axis":"y","origin":[-44,-60,7.5]},"faces":{"north":{"uv":[3.6875,12.125,3.625,12.1875],"texture":"#0"},"east":{"uv":[3.625,12.125,3.6875,12.1875],"texture":"#0"},"south":{"uv":[3.625,12.125,3.6875,12.1875],"texture":"#0"},"west":{"uv":[3.625,12.125,3.6875,12.1875],"texture":"#0"},"up":{"uv":[3.625,12.125,3.6875,12.1875],"texture":"#0"},"down":{"uv":[3.625,12.125,3.6875,12.1875],"texture":"#0"}}},{"name":"shadows_359","from":[3,0,7.5],"to":[14,1,8.5],"rotation":{"angle":0,"axis":"y","origin":[-44,-60,7.5]},"faces":{"north":{"uv":[3.625,12.1875,2.9375,12.25],"texture":"#0"},"east":{"uv":[3.5625,12.1875,3.625,12.25],"texture":"#0"},"south":{"uv":[2.9375,12.1875,3.625,12.25],"texture":"#0"},"west":{"uv":[2.9375,12.1875,3,12.25],"texture":"#0"},"up":{"uv":[2.9375,12.1875,3.625,12.25],"texture":"#0"},"down":{"uv":[2.9375,12.1875,3.625,12.25],"texture":"#0"}}}],"gui_light":"front","display":{"thirdperson_righthand":{"translation":[0,3,1],"scale":[0.55,0.55,0.55]},"thirdperson_lefthand":{"translation":[0,3,1],"scale":[0.55,0.55,0.55]},"firstperson_righthand":{"rotation":[0,-90,25],"translation":[1.13,3.2,1.13],"scale":[0.68,0.68,0.68]},"firstperson_lefthand":{"rotation":[0,-90,25],"translation":[1.13,3.2,1.13],"scale":[0.68,0.68,0.68]},"ground":{"translation":[0,2,0],"scale":[0.5,0.5,0.5]},"head":{"rotation":[0,180,0],"translation":[0,13,7]},"fixed":{"rotation":[0,180,0]}},"mcmodels":"f03d6055f7da1f7cda7e3c8a45ea57c3"}