{"credit":"Made with Blockbench","textures":{"0":"social_icons_pack:icons","particle":"social_icons_pack:icons"},"elements":[{"name":"icons_177","from":[6,5,7.5],"to":[12,16,8.5],"rotation":{"angle":0,"axis":"y","origin":[-44,-168,7.5]},"faces":{"north":{"uv":[3.5,4.5,3.125,5.1875],"texture":"#0"},"east":{"uv":[3.4375,4.5,3.5,5.1875],"texture":"#0"},"south":{"uv":[3.125,4.5,3.5,5.1875],"texture":"#0"},"west":{"uv":[3.125,4.5,3.1875,5.1875],"texture":"#0"},"up":{"uv":[3.125,4.5,3.5,4.5625],"texture":"#0"},"down":{"uv":[3.125,5.125,3.5,5.1875],"texture":"#0"}}},{"name":"icons_187","from":[5,1,7.5],"to":[6,15,8.5],"rotation":{"angle":0,"axis":"y","origin":[-44,-168,7.5]},"faces":{"north":{"uv":[3.125,4.5625,3.0625,5.4375],"texture":"#0"},"east":{"uv":[3.0625,4.5625,3.125,5.4375],"texture":"#0"},"south":{"uv":[3.0625,4.5625,3.125,5.4375],"texture":"#0"},"west":{"uv":[3.0625,4.5625,3.125,5.4375],"texture":"#0"},"up":{"uv":[3.0625,4.5625,3.125,4.625],"texture":"#0"},"down":{"uv":[3.0625,5.375,3.125,5.4375],"texture":"#0"}}},{"name":"icons_188","from":[12,6,7.5],"to":[13,15,8.5],"rotation":{"angle":0,"axis":"y","origin":[-44,-168,7.5]},"faces":{"north":{"uv":[3.5625,4.5625,3.5,5.125],"texture":"#0"},"east":{"uv":[3.5,4.5625,3.5625,5.125],"texture":"#0"},"south":{"uv":[3.5,4.5625,3.5625,5.125],"texture":"#0"},"west":{"uv":[3.5,4.5625,3.5625,5.125],"texture":"#0"},"up":{"uv":[3.5,4.5625,3.5625,4.625],"texture":"#0"},"down":{"uv":[3.5,5.0625,3.5625,5.125],"texture":"#0"}}},{"name":"icons_204","from":[4,1,7.5],"to":[5,14,8.5],"rotation":{"angle":0,"axis":"y","origin":[-44,-168,7.5]},"faces":{"north":{"uv":[3.0625,4.625,3,5.4375],"texture":"#0"},"east":{"uv":[3,4.625,3.0625,5.4375],"texture":"#0"},"south":{"uv":[3,4.625,3.0625,5.4375],"texture":"#0"},"west":{"uv":[3,4.625,3.0625,5.4375],"texture":"#0"},"up":{"uv":[3,4.625,3.0625,4.6875],"texture":"#0"},"down":{"uv":[3,5.375,3.0625,5.4375],"texture":"#0"}}},{"name":"icons_205","from":[13,7,7.5],"to":[14,14,8.5],"rotation":{"angle":0,"axis":"y","origin":[-44,-168,7.5]},"faces":{"north":{"uv":[3.625,4.625,3.5625,5.0625],"texture":"#0"},"east":{"uv":[3.5625,4.625,3.625,5.0625],"texture":"#0"},"south":{"uv":[3.5625,4.625,3.625,5.0625],"texture":"#0"},"west":{"uv":[3.5625,4.625,3.625,5.0625],"texture":"#0"},"up":{"uv":[3.5625,4.625,3.625,4.6875],"texture":"#0"},"down":{"uv":[3.5625,5,3.625,5.0625],"texture":"#0"}}},{"name":"icons_211","from":[3,2,7.5],"to":[4,13,8.5],"rotation":{"angle":0,"axis":"y","origin":[-44,-168,7.5]},"faces":{"north":{"uv":[3,4.6875,2.9375,5.375],"texture":"#0"},"east":{"uv":[2.9375,4.6875,3,5.375],"texture":"#0"},"south":{"uv":[2.9375,4.6875,3,5.375],"texture":"#0"},"west":{"uv":[2.9375,4.6875,3,5.375],"texture":"#0"},"up":{"uv":[2.9375,4.6875,3,4.75],"texture":"#0"},"down":{"uv":[2.9375,5.3125,3,5.375],"texture":"#0"}}},{"name":"icons_212","from":[14,8,7.5],"to":[15,13,8.5],"rotation":{"angle":0,"axis":"y","origin":[-44,-168,7.5]},"faces":{"north":{"uv":[3.6875,4.6875,3.625,5],"texture":"#0"},"east":{"uv":[3.625,4.6875,3.6875,5],"texture":"#0"},"south":{"uv":[3.625,4.6875,3.6875,5],"texture":"#0"},"west":{"uv":[3.625,4.6875,3.6875,5],"texture":"#0"},"up":{"uv":[3.625,4.6875,3.6875,4.75],"texture":"#0"},"down":{"uv":[3.625,4.9375,3.6875,5],"texture":"#0"}}},{"name":"icons_218","from":[2,3,7.5],"to":[3,12,8.5],"rotation":{"angle":0,"axis":"y","origin":[-44,-168,7.5]},"faces":{"north":{"uv":[2.9375,4.75,2.875,5.3125],"texture":"#0"},"east":{"uv":[2.875,4.75,2.9375,5.3125],"texture":"#0"},"south":{"uv":[2.875,4.75,2.9375,5.3125],"texture":"#0"},"west":{"uv":[2.875,4.75,2.9375,5.3125],"texture":"#0"},"up":{"uv":[2.875,4.75,2.9375,4.8125],"texture":"#0"},"down":{"uv":[2.875,5.25,2.9375,5.3125],"texture":"#0"}}},{"name":"icons_238","from":[6,3,7.5],"to":[9,5,8.5],"rotation":{"angle":0,"axis":"y","origin":[-44,-168,7.5]},"faces":{"north":{"uv":[3.3125,5.1875,3.125,5.3125],"texture":"#0"},"east":{"uv":[3.25,5.1875,3.3125,5.3125],"texture":"#0"},"south":{"uv":[3.125,5.1875,3.3125,5.3125],"texture":"#0"},"west":{"uv":[3.125,5.1875,3.1875,5.3125],"texture":"#0"},"up":{"uv":[3.125,5.1875,3.3125,5.25],"texture":"#0"},"down":{"uv":[3.125,5.25,3.3125,5.3125],"texture":"#0"}}},{"name":"icons_241","from":[6,2,7.5],"to":[8,3,8.5],"rotation":{"angle":0,"axis":"y","origin":[-44,-168,7.5]},"faces":{"north":{"uv":[3.25,5.3125,3.125,5.375],"texture":"#0"},"east":{"uv":[3.1875,5.3125,3.25,5.375],"texture":"#0"},"south":{"uv":[3.125,5.3125,3.25,5.375],"texture":"#0"},"west":{"uv":[3.125,5.3125,3.1875,5.375],"texture":"#0"},"up":{"uv":[3.125,5.3125,3.25,5.375],"texture":"#0"},"down":{"uv":[3.125,5.3125,3.25,5.375],"texture":"#0"}}},{"name":"icons_244","from":[6,1,7.5],"to":[7,2,8.5],"rotation":{"angle":0,"axis":"y","origin":[-44,-168,7.5]},"faces":{"north":{"uv":[3.1875,5.375,3.125,5.4375],"texture":"#0"},"east":{"uv":[3.125,5.375,3.1875,5.4375],"texture":"#0"},"south":{"uv":[3.125,5.375,3.1875,5.4375],"texture":"#0"},"west":{"uv":[3.125,5.375,3.1875,5.4375],"texture":"#0"},"up":{"uv":[3.125,5.375,3.1875,5.4375],"texture":"#0"},"down":{"uv":[3.125,5.375,3.1875,5.4375],"texture":"#0"}}},{"name":"shadows_153","from":[14,7,7.5],"to":[15,8,8.5],"rotation":{"angle":0,"axis":"y","origin":[-44,-168,7.5]},"faces":{"north":{"uv":[3.6875,5,3.625,5.0625],"texture":"#0"},"east":{"uv":[3.625,5,3.6875,5.0625],"texture":"#0"},"south":{"uv":[3.625,5,3.6875,5.0625],"texture":"#0"},"west":{"uv":[3.625,5,3.6875,5.0625],"texture":"#0"},"up":{"uv":[3.625,5,3.6875,5.0625],"texture":"#0"},"down":{"uv":[3.625,5,3.6875,5.0625],"texture":"#0"}}},{"name":"shadows_156","from":[13,6,7.5],"to":[14,7,8.5],"rotation":{"angle":0,"axis":"y","origin":[-44,-168,7.5]},"faces":{"north":{"uv":[3.625,5.0625,3.5625,5.125],"texture":"#0"},"east":{"uv":[3.5625,5.0625,3.625,5.125],"texture":"#0"},"south":{"uv":[3.5625,5.0625,3.625,5.125],"texture":"#0"},"west":{"uv":[3.5625,5.0625,3.625,5.125],"texture":"#0"},"up":{"uv":[3.5625,5.0625,3.625,5.125],"texture":"#0"},"down":{"uv":[3.5625,5.0625,3.625,5.125],"texture":"#0"}}},{"name":"shadows_160","from":[12,5,7.5],"to":[13,6,8.5],"rotation":{"angle":0,"axis":"y","origin":[-44,-168,7.5]},"faces":{"north":{"uv":[3.5625,5.125,3.5,5.1875],"texture":"#0"},"east":{"uv":[3.5,5.125,3.5625,5.1875],"texture":"#0"},"south":{"uv":[3.5,5.125,3.5625,5.1875],"texture":"#0"},"west":{"uv":[3.5,5.125,3.5625,5.1875],"texture":"#0"},"up":{"uv":[3.5,5.125,3.5625,5.1875],"texture":"#0"},"down":{"uv":[3.5,5.125,3.5625,5.1875],"texture":"#0"}}},{"name":"shadows_163","from":[9,4,7.5],"to":[12,5,8.5],"rotation":{"angle":0,"axis":"y","origin":[-44,-168,7.5]},"faces":{"north":{"uv":[3.5,5.1875,3.3125,5.25],"texture":"#0"},"east":{"uv":[3.4375,5.1875,3.5,5.25],"texture":"#0"},"south":{"uv":[3.3125,5.1875,3.5,5.25],"texture":"#0"},"west":{"uv":[3.3125,5.1875,3.375,5.25],"texture":"#0"},"up":{"uv":[3.3125,5.1875,3.5,5.25],"texture":"#0"},"down":{"uv":[3.3125,5.1875,3.5,5.25],"texture":"#0"}}},{"name":"shadows_168","from":[2,2,7.5],"to":[3,3,8.5],"rotation":{"angle":0,"axis":"y","origin":[-44,-168,7.5]},"faces":{"north":{"uv":[2.9375,5.3125,2.875,5.375],"texture":"#0"},"east":{"uv":[2.875,5.3125,2.9375,5.375],"texture":"#0"},"south":{"uv":[2.875,5.3125,2.9375,5.375],"texture":"#0"},"west":{"uv":[2.875,5.3125,2.9375,5.375],"texture":"#0"},"up":{"uv":[2.875,5.3125,2.9375,5.375],"texture":"#0"},"down":{"uv":[2.875,5.3125,2.9375,5.375],"texture":"#0"}}},{"name":"shadows_169","from":[8,2,7.5],"to":[9,3,8.5],"rotation":{"angle":0,"axis":"y","origin":[-44,-168,7.5]},"faces":{"north":{"uv":[3.3125,5.3125,3.25,5.375],"texture":"#0"},"east":{"uv":[3.25,5.3125,3.3125,5.375],"texture":"#0"},"south":{"uv":[3.25,5.3125,3.3125,5.375],"texture":"#0"},"west":{"uv":[3.25,5.3125,3.3125,5.375],"texture":"#0"},"up":{"uv":[3.25,5.3125,3.3125,5.375],"texture":"#0"},"down":{"uv":[3.25,5.3125,3.3125,5.375],"texture":"#0"}}},{"name":"shadows_175","from":[3,1,7.5],"to":[4,2,8.5],"rotation":{"angle":0,"axis":"y","origin":[-44,-168,7.5]},"faces":{"north":{"uv":[3,5.375,2.9375,5.4375],"texture":"#0"},"east":{"uv":[2.9375,5.375,3,5.4375],"texture":"#0"},"south":{"uv":[2.9375,5.375,3,5.4375],"texture":"#0"},"west":{"uv":[2.9375,5.375,3,5.4375],"texture":"#0"},"up":{"uv":[2.9375,5.375,3,5.4375],"texture":"#0"},"down":{"uv":[2.9375,5.375,3,5.4375],"texture":"#0"}}},{"name":"shadows_176","from":[7,1,7.5],"to":[8,2,8.5],"rotation":{"angle":0,"axis":"y","origin":[-44,-168,7.5]},"faces":{"north":{"uv":[3.25,5.375,3.1875,5.4375],"texture":"#0"},"east":{"uv":[3.1875,5.375,3.25,5.4375],"texture":"#0"},"south":{"uv":[3.1875,5.375,3.25,5.4375],"texture":"#0"},"west":{"uv":[3.1875,5.375,3.25,5.4375],"texture":"#0"},"up":{"uv":[3.1875,5.375,3.25,5.4375],"texture":"#0"},"down":{"uv":[3.1875,5.375,3.25,5.4375],"texture":"#0"}}},{"name":"shadows_182","from":[4,0,7.5],"to":[7,1,8.5],"rotation":{"angle":0,"axis":"y","origin":[-44,-168,7.5]},"faces":{"north":{"uv":[3.1875,5.4375,3,5.5],"texture":"#0"},"east":{"uv":[3.125,5.4375,3.1875,5.5],"texture":"#0"},"south":{"uv":[3,5.4375,3.1875,5.5],"texture":"#0"},"west":{"uv":[3,5.4375,3.0625,5.5],"texture":"#0"},"up":{"uv":[3,5.4375,3.1875,5.5],"texture":"#0"},"down":{"uv":[3,5.4375,3.1875,5.5],"texture":"#0"}}}],"gui_light":"front","display":{"thirdperson_righthand":{"translation":[0,3,1],"scale":[0.55,0.55,0.55]},"thirdperson_lefthand":{"translation":[0,3,1],"scale":[0.55,0.55,0.55]},"firstperson_righthand":{"rotation":[0,-90,25],"translation":[1.13,3.2,1.13],"scale":[0.68,0.68,0.68]},"firstperson_lefthand":{"rotation":[0,-90,25],"translation":[1.13,3.2,1.13],"scale":[0.68,0.68,0.68]},"ground":{"translation":[0,2,0],"scale":[0.5,0.5,0.5]},"head":{"rotation":[0,180,0],"translation":[0,13,7]},"fixed":{"rotation":[0,180,0]}},"mcmodels":"f03d6055f7da1f7cda7e3c8a45ea57c3"}