{"credit":"Made with Blockbench","textures":{"0":"social_icons_pack:icons","particle":"social_icons_pack:icons"},"elements":[{"name":"icons_145","from":[1,1,7.5],"to":[5,15,8.5],"rotation":{"angle":0,"axis":"y","origin":[-44,-186,7.5]},"faces":{"north":{"uv":[3.0625,3.4375,2.8125,4.3125],"texture":"#0"},"east":{"uv":[3,3.4375,3.0625,4.3125],"texture":"#0"},"south":{"uv":[2.8125,3.4375,3.0625,4.3125],"texture":"#0"},"west":{"uv":[2.8125,3.4375,2.875,4.3125],"texture":"#0"},"up":{"uv":[2.8125,3.4375,3.0625,3.5],"texture":"#0"},"down":{"uv":[2.8125,4.25,3.0625,4.3125],"texture":"#0"}}},{"name":"icons_146","from":[6,5,7.5],"to":[13,15,8.5],"rotation":{"angle":0,"axis":"y","origin":[-44,-186,7.5]},"faces":{"north":{"uv":[3.5625,3.4375,3.125,4.0625],"texture":"#0"},"east":{"uv":[3.5,3.4375,3.5625,4.0625],"texture":"#0"},"south":{"uv":[3.125,3.4375,3.5625,4.0625],"texture":"#0"},"west":{"uv":[3.125,3.4375,3.1875,4.0625],"texture":"#0"},"up":{"uv":[3.125,3.4375,3.5625,3.5],"texture":"#0"},"down":{"uv":[3.125,4,3.5625,4.0625],"texture":"#0"}}},{"name":"icons_165","from":[5,6,7.5],"to":[6,14,8.5],"rotation":{"angle":0,"axis":"y","origin":[-44,-186,7.5]},"faces":{"north":{"uv":[3.125,3.5,3.0625,4],"texture":"#0"},"east":{"uv":[3.0625,3.5,3.125,4],"texture":"#0"},"south":{"uv":[3.0625,3.5,3.125,4],"texture":"#0"},"west":{"uv":[3.0625,3.5,3.125,4],"texture":"#0"},"up":{"uv":[3.0625,3.5,3.125,3.5625],"texture":"#0"},"down":{"uv":[3.0625,3.9375,3.125,4],"texture":"#0"}}},{"name":"icons_166","from":[13,6,7.5],"to":[14,14,8.5],"rotation":{"angle":0,"axis":"y","origin":[-44,-186,7.5]},"faces":{"north":{"uv":[3.625,3.5,3.5625,4],"texture":"#0"},"east":{"uv":[3.5625,3.5,3.625,4],"texture":"#0"},"south":{"uv":[3.5625,3.5,3.625,4],"texture":"#0"},"west":{"uv":[3.5625,3.5,3.625,4],"texture":"#0"},"up":{"uv":[3.5625,3.5,3.625,3.5625],"texture":"#0"},"down":{"uv":[3.5625,3.9375,3.625,4],"texture":"#0"}}},{"name":"shadows_115","from":[5,5,7.5],"to":[6,6,8.5],"rotation":{"angle":0,"axis":"y","origin":[-44,-186,7.5]},"faces":{"north":{"uv":[3.125,4,3.0625,4.0625],"texture":"#0"},"east":{"uv":[3.0625,4,3.125,4.0625],"texture":"#0"},"south":{"uv":[3.0625,4,3.125,4.0625],"texture":"#0"},"west":{"uv":[3.0625,4,3.125,4.0625],"texture":"#0"},"up":{"uv":[3.0625,4,3.125,4.0625],"texture":"#0"},"down":{"uv":[3.0625,4,3.125,4.0625],"texture":"#0"}}},{"name":"shadows_116","from":[13,5,7.5],"to":[14,6,8.5],"rotation":{"angle":0,"axis":"y","origin":[-44,-186,7.5]},"faces":{"north":{"uv":[3.625,4,3.5625,4.0625],"texture":"#0"},"east":{"uv":[3.5625,4,3.625,4.0625],"texture":"#0"},"south":{"uv":[3.5625,4,3.625,4.0625],"texture":"#0"},"west":{"uv":[3.5625,4,3.625,4.0625],"texture":"#0"},"up":{"uv":[3.5625,4,3.625,4.0625],"texture":"#0"},"down":{"uv":[3.5625,4,3.625,4.0625],"texture":"#0"}}},{"name":"shadows_118","from":[6,4,7.5],"to":[13,5,8.5],"rotation":{"angle":0,"axis":"y","origin":[-44,-186,7.5]},"faces":{"north":{"uv":[3.5625,4.0625,3.125,4.125],"texture":"#0"},"east":{"uv":[3.5,4.0625,3.5625,4.125],"texture":"#0"},"south":{"uv":[3.125,4.0625,3.5625,4.125],"texture":"#0"},"west":{"uv":[3.125,4.0625,3.1875,4.125],"texture":"#0"},"up":{"uv":[3.125,4.0625,3.5625,4.125],"texture":"#0"},"down":{"uv":[3.125,4.0625,3.5625,4.125],"texture":"#0"}}},{"name":"shadows_128","from":[1,0,7.5],"to":[5,1,8.5],"rotation":{"angle":0,"axis":"y","origin":[-44,-186,7.5]},"faces":{"north":{"uv":[3.0625,4.3125,2.8125,4.375],"texture":"#0"},"east":{"uv":[3,4.3125,3.0625,4.375],"texture":"#0"},"south":{"uv":[2.8125,4.3125,3.0625,4.375],"texture":"#0"},"west":{"uv":[2.8125,4.3125,2.875,4.375],"texture":"#0"},"up":{"uv":[2.8125,4.3125,3.0625,4.375],"texture":"#0"},"down":{"uv":[2.8125,4.3125,3.0625,4.375],"texture":"#0"}}}],"gui_light":"front","display":{"thirdperson_righthand":{"translation":[0,3,1],"scale":[0.55,0.55,0.55]},"thirdperson_lefthand":{"translation":[0,3,1],"scale":[0.55,0.55,0.55]},"firstperson_righthand":{"rotation":[0,-90,25],"translation":[1.13,3.2,1.13],"scale":[0.68,0.68,0.68]},"firstperson_lefthand":{"rotation":[0,-90,25],"translation":[1.13,3.2,1.13],"scale":[0.68,0.68,0.68]},"ground":{"translation":[0,2,0],"scale":[0.5,0.5,0.5]},"head":{"rotation":[0,180,0],"translation":[0,13,7]},"fixed":{"rotation":[0,180,0]}},"mcmodels":"f03d6055f7da1f7cda7e3c8a45ea57c3"}