{"credit":"Made with Blockbench","textures":{"0":"social_icons_pack:icons","particle":"social_icons_pack:icons"},"elements":[{"name":"icons_136","from":[2,0,7.5],"to":[15,16,8.5],"rotation":{"angle":0,"axis":"y","origin":[-80,-186,7.5]},"faces":{"north":{"uv":[4.8125,12.375,4,13.375],"texture":"#0"},"east":{"uv":[4.75,12.375,4.8125,13.375],"texture":"#0"},"south":{"uv":[4,12.375,4.8125,13.375],"texture":"#0"},"west":{"uv":[4,12.375,4.0625,13.375],"texture":"#0"},"up":{"uv":[4,12.375,4.8125,12.4375],"texture":"#0"},"down":{"uv":[4,13.3125,4.8125,13.375],"texture":"#0"}}},{"name":"icons_149","from":[1,1,7.5],"to":[2,15,8.5],"rotation":{"angle":0,"axis":"y","origin":[-80,-186,7.5]},"faces":{"north":{"uv":[4,12.4375,3.9375,13.3125],"texture":"#0"},"east":{"uv":[3.9375,12.4375,4,13.3125],"texture":"#0"},"south":{"uv":[3.9375,12.4375,4,13.3125],"texture":"#0"},"west":{"uv":[3.9375,12.4375,4,13.3125],"texture":"#0"},"up":{"uv":[3.9375,12.4375,4,12.5],"texture":"#0"},"down":{"uv":[3.9375,13.25,4,13.3125],"texture":"#0"}}},{"name":"icons_150","from":[15,1,7.5],"to":[16,15,8.5],"rotation":{"angle":0,"axis":"y","origin":[-80,-186,7.5]},"faces":{"north":{"uv":[4.875,12.4375,4.8125,13.3125],"texture":"#0"},"east":{"uv":[4.8125,12.4375,4.875,13.3125],"texture":"#0"},"south":{"uv":[4.8125,12.4375,4.875,13.3125],"texture":"#0"},"west":{"uv":[4.8125,12.4375,4.875,13.3125],"texture":"#0"},"up":{"uv":[4.8125,12.4375,4.875,12.5],"texture":"#0"},"down":{"uv":[4.8125,13.25,4.875,13.3125],"texture":"#0"}}},{"name":"shadows_131","from":[1,0,7.5],"to":[2,1,8.5],"rotation":{"angle":0,"axis":"y","origin":[-80,-186,7.5]},"faces":{"north":{"uv":[4,13.3125,3.9375,13.375],"texture":"#0"},"east":{"uv":[3.9375,13.3125,4,13.375],"texture":"#0"},"south":{"uv":[3.9375,13.3125,4,13.375],"texture":"#0"},"west":{"uv":[3.9375,13.3125,4,13.375],"texture":"#0"},"up":{"uv":[3.9375,13.3125,4,13.375],"texture":"#0"},"down":{"uv":[3.9375,13.3125,4,13.375],"texture":"#0"}}},{"name":"shadows_132","from":[15,0,7.5],"to":[16,1,8.5],"rotation":{"angle":0,"axis":"y","origin":[-80,-186,7.5]},"faces":{"north":{"uv":[4.875,13.3125,4.8125,13.375],"texture":"#0"},"east":{"uv":[4.8125,13.3125,4.875,13.375],"texture":"#0"},"south":{"uv":[4.8125,13.3125,4.875,13.375],"texture":"#0"},"west":{"uv":[4.8125,13.3125,4.875,13.375],"texture":"#0"},"up":{"uv":[4.8125,13.3125,4.875,13.375],"texture":"#0"},"down":{"uv":[4.8125,13.3125,4.875,13.375],"texture":"#0"}}},{"name":"shadows_144","from":[2,-1,7.5],"to":[15,0,8.5],"rotation":{"angle":0,"axis":"y","origin":[-80,-186,7.5]},"faces":{"north":{"uv":[4.8125,13.375,4,13.4375],"texture":"#0"},"east":{"uv":[4.75,13.375,4.8125,13.4375],"texture":"#0"},"south":{"uv":[4,13.375,4.8125,13.4375],"texture":"#0"},"west":{"uv":[4,13.375,4.0625,13.4375],"texture":"#0"},"up":{"uv":[4,13.375,4.8125,13.4375],"texture":"#0"},"down":{"uv":[4,13.375,4.8125,13.4375],"texture":"#0"}}}],"gui_light":"front","display":{"thirdperson_righthand":{"translation":[0,3,1],"scale":[0.55,0.55,0.55]},"thirdperson_lefthand":{"translation":[0,3,1],"scale":[0.55,0.55,0.55]},"firstperson_righthand":{"rotation":[0,-90,25],"translation":[1.13,3.2,1.13],"scale":[0.68,0.68,0.68]},"firstperson_lefthand":{"rotation":[0,-90,25],"translation":[1.13,3.2,1.13],"scale":[0.68,0.68,0.68]},"ground":{"translation":[0,2,0],"scale":[0.5,0.5,0.5]},"head":{"rotation":[0,180,0],"translation":[0,13,7]},"fixed":{"rotation":[0,180,0]}},"mcmodels":"f03d6055f7da1f7cda7e3c8a45ea57c3"}