{"credit":"Made with Blockbench","textures":{"0":"social_icons_pack:icons","particle":"social_icons_pack:icons"},"elements":[{"name":"icons_455","from":[2,3,7.5],"to":[12,16,8.5],"rotation":{"angle":0,"axis":"y","origin":[-8,-42,7.5]},"faces":{"north":{"uv":[1.25,12.375,0.625,13.1875],"texture":"#0"},"east":{"uv":[1.1875,12.375,1.25,13.1875],"texture":"#0"},"south":{"uv":[0.625,12.375,1.25,13.1875],"texture":"#0"},"west":{"uv":[0.625,12.375,0.6875,13.1875],"texture":"#0"},"up":{"uv":[0.625,12.375,1.25,12.4375],"texture":"#0"},"down":{"uv":[0.625,13.125,1.25,13.1875],"texture":"#0"}}},{"name":"icons_461","from":[12,3,7.5],"to":[13,15,8.5],"rotation":{"angle":0,"axis":"y","origin":[-8,-42,7.5]},"faces":{"north":{"uv":[1.3125,12.4375,1.25,13.1875],"texture":"#0"},"east":{"uv":[1.25,12.4375,1.3125,13.1875],"texture":"#0"},"south":{"uv":[1.25,12.4375,1.3125,13.1875],"texture":"#0"},"west":{"uv":[1.25,12.4375,1.3125,13.1875],"texture":"#0"},"up":{"uv":[1.25,12.4375,1.3125,12.5],"texture":"#0"},"down":{"uv":[1.25,13.125,1.3125,13.1875],"texture":"#0"}}},{"name":"icons_470","from":[13,4,7.5],"to":[14,14,8.5],"rotation":{"angle":0,"axis":"y","origin":[-8,-42,7.5]},"faces":{"north":{"uv":[1.375,12.5,1.3125,13.125],"texture":"#0"},"east":{"uv":[1.3125,12.5,1.375,13.125],"texture":"#0"},"south":{"uv":[1.3125,12.5,1.375,13.125],"texture":"#0"},"west":{"uv":[1.3125,12.5,1.375,13.125],"texture":"#0"},"up":{"uv":[1.3125,12.5,1.375,12.5625],"texture":"#0"},"down":{"uv":[1.3125,13.0625,1.375,13.125],"texture":"#0"}}},{"name":"icons_475","from":[1,2,7.5],"to":[2,11,8.5],"rotation":{"angle":0,"axis":"y","origin":[-8,-42,7.5]},"faces":{"north":{"uv":[0.625,12.6875,0.5625,13.25],"texture":"#0"},"east":{"uv":[0.5625,12.6875,0.625,13.25],"texture":"#0"},"south":{"uv":[0.5625,12.6875,0.625,13.25],"texture":"#0"},"west":{"uv":[0.5625,12.6875,0.625,13.25],"texture":"#0"},"up":{"uv":[0.5625,12.6875,0.625,12.75],"texture":"#0"},"down":{"uv":[0.5625,13.1875,0.625,13.25],"texture":"#0"}}},{"name":"icons_476","from":[14,5,7.5],"to":[15,11,8.5],"rotation":{"angle":0,"axis":"y","origin":[-8,-42,7.5]},"faces":{"north":{"uv":[1.4375,12.6875,1.375,13.0625],"texture":"#0"},"east":{"uv":[1.375,12.6875,1.4375,13.0625],"texture":"#0"},"south":{"uv":[1.375,12.6875,1.4375,13.0625],"texture":"#0"},"west":{"uv":[1.375,12.6875,1.4375,13.0625],"texture":"#0"},"up":{"uv":[1.375,12.6875,1.4375,12.75],"texture":"#0"},"down":{"uv":[1.375,13,1.4375,13.0625],"texture":"#0"}}},{"name":"icons_481","from":[2,2,7.5],"to":[9,3,8.5],"rotation":{"angle":0,"axis":"y","origin":[-8,-42,7.5]},"faces":{"north":{"uv":[1.0625,13.1875,0.625,13.25],"texture":"#0"},"east":{"uv":[1,13.1875,1.0625,13.25],"texture":"#0"},"south":{"uv":[0.625,13.1875,1.0625,13.25],"texture":"#0"},"west":{"uv":[0.625,13.1875,0.6875,13.25],"texture":"#0"},"up":{"uv":[0.625,13.1875,1.0625,13.25],"texture":"#0"},"down":{"uv":[0.625,13.1875,1.0625,13.25],"texture":"#0"}}},{"name":"icons_482","from":[3,0,7.5],"to":[9,2,8.5],"rotation":{"angle":0,"axis":"y","origin":[-8,-42,7.5]},"faces":{"north":{"uv":[1.0625,13.25,0.6875,13.375],"texture":"#0"},"east":{"uv":[1,13.25,1.0625,13.375],"texture":"#0"},"south":{"uv":[0.6875,13.25,1.0625,13.375],"texture":"#0"},"west":{"uv":[0.6875,13.25,0.75,13.375],"texture":"#0"},"up":{"uv":[0.6875,13.25,1.0625,13.3125],"texture":"#0"},"down":{"uv":[0.6875,13.3125,1.0625,13.375],"texture":"#0"}}},{"name":"shadows_372","from":[14,4,7.5],"to":[15,5,8.5],"rotation":{"angle":0,"axis":"y","origin":[-8,-42,7.5]},"faces":{"north":{"uv":[1.4375,13.0625,1.375,13.125],"texture":"#0"},"east":{"uv":[1.375,13.0625,1.4375,13.125],"texture":"#0"},"south":{"uv":[1.375,13.0625,1.4375,13.125],"texture":"#0"},"west":{"uv":[1.375,13.0625,1.4375,13.125],"texture":"#0"},"up":{"uv":[1.375,13.0625,1.4375,13.125],"texture":"#0"},"down":{"uv":[1.375,13.0625,1.4375,13.125],"texture":"#0"}}},{"name":"shadows_375","from":[13,3,7.5],"to":[14,4,8.5],"rotation":{"angle":0,"axis":"y","origin":[-8,-42,7.5]},"faces":{"north":{"uv":[1.375,13.125,1.3125,13.1875],"texture":"#0"},"east":{"uv":[1.3125,13.125,1.375,13.1875],"texture":"#0"},"south":{"uv":[1.3125,13.125,1.375,13.1875],"texture":"#0"},"west":{"uv":[1.3125,13.125,1.375,13.1875],"texture":"#0"},"up":{"uv":[1.3125,13.125,1.375,13.1875],"texture":"#0"},"down":{"uv":[1.3125,13.125,1.375,13.1875],"texture":"#0"}}},{"name":"shadows_376","from":[9,2,7.5],"to":[13,3,8.5],"rotation":{"angle":0,"axis":"y","origin":[-8,-42,7.5]},"faces":{"north":{"uv":[1.3125,13.1875,1.0625,13.25],"texture":"#0"},"east":{"uv":[1.25,13.1875,1.3125,13.25],"texture":"#0"},"south":{"uv":[1.0625,13.1875,1.3125,13.25],"texture":"#0"},"west":{"uv":[1.0625,13.1875,1.125,13.25],"texture":"#0"},"up":{"uv":[1.0625,13.1875,1.3125,13.25],"texture":"#0"},"down":{"uv":[1.0625,13.1875,1.3125,13.25],"texture":"#0"}}},{"name":"shadows_379","from":[1,1,7.5],"to":[3,2,8.5],"rotation":{"angle":0,"axis":"y","origin":[-8,-42,7.5]},"faces":{"north":{"uv":[0.6875,13.25,0.5625,13.3125],"texture":"#0"},"east":{"uv":[0.625,13.25,0.6875,13.3125],"texture":"#0"},"south":{"uv":[0.5625,13.25,0.6875,13.3125],"texture":"#0"},"west":{"uv":[0.5625,13.25,0.625,13.3125],"texture":"#0"},"up":{"uv":[0.5625,13.25,0.6875,13.3125],"texture":"#0"},"down":{"uv":[0.5625,13.25,0.6875,13.3125],"texture":"#0"}}},{"name":"shadows_389","from":[3,-1,7.5],"to":[9,0,8.5],"rotation":{"angle":0,"axis":"y","origin":[-8,-42,7.5]},"faces":{"north":{"uv":[1.0625,13.375,0.6875,13.4375],"texture":"#0"},"east":{"uv":[1,13.375,1.0625,13.4375],"texture":"#0"},"south":{"uv":[0.6875,13.375,1.0625,13.4375],"texture":"#0"},"west":{"uv":[0.6875,13.375,0.75,13.4375],"texture":"#0"},"up":{"uv":[0.6875,13.375,1.0625,13.4375],"texture":"#0"},"down":{"uv":[0.6875,13.375,1.0625,13.4375],"texture":"#0"}}}],"gui_light":"front","display":{"thirdperson_righthand":{"translation":[0,3,1],"scale":[0.55,0.55,0.55]},"thirdperson_lefthand":{"translation":[0,3,1],"scale":[0.55,0.55,0.55]},"firstperson_righthand":{"rotation":[0,-90,25],"translation":[1.13,3.2,1.13],"scale":[0.68,0.68,0.68]},"firstperson_lefthand":{"rotation":[0,-90,25],"translation":[1.13,3.2,1.13],"scale":[0.68,0.68,0.68]},"ground":{"translation":[0,2,0],"scale":[0.5,0.5,0.5]},"head":{"rotation":[0,180,0],"translation":[0,13,7]},"fixed":{"rotation":[0,180,0]}},"mcmodels":"f03d6055f7da1f7cda7e3c8a45ea57c3"}