{"credit":"Made with Blockbench","textures":{"0":"social_icons_pack:icons","particle":"social_icons_pack:icons"},"elements":[{"name":"icons_4","from":[2,4,7.5],"to":[14,16,8.5],"rotation":{"angle":0,"axis":"y","origin":[-134,-222,7.5]},"faces":{"north":{"uv":[9.25,1.125,8.5,1.875],"texture":"#0"},"east":{"uv":[9.1875,1.125,9.25,1.875],"texture":"#0"},"south":{"uv":[8.5,1.125,9.25,1.875],"texture":"#0"},"west":{"uv":[8.5,1.125,8.5625,1.875],"texture":"#0"},"up":{"uv":[8.5,1.125,9.25,1.1875],"texture":"#0"},"down":{"uv":[8.5,1.8125,9.25,1.875],"texture":"#0"}}},{"name":"icons_20","from":[14,5,7.5],"to":[15,15,8.5],"rotation":{"angle":0,"axis":"y","origin":[-134,-222,7.5]},"faces":{"north":{"uv":[9.3125,1.1875,9.25,1.8125],"texture":"#0"},"east":{"uv":[9.25,1.1875,9.3125,1.8125],"texture":"#0"},"south":{"uv":[9.25,1.1875,9.3125,1.8125],"texture":"#0"},"west":{"uv":[9.25,1.1875,9.3125,1.8125],"texture":"#0"},"up":{"uv":[9.25,1.1875,9.3125,1.25],"texture":"#0"},"down":{"uv":[9.25,1.75,9.3125,1.8125],"texture":"#0"}}},{"name":"icons_67","from":[2,0,7.5],"to":[8,4,8.5],"rotation":{"angle":0,"axis":"y","origin":[-134,-222,7.5]},"faces":{"north":{"uv":[8.875,1.875,8.5,2.125],"texture":"#0"},"east":{"uv":[8.8125,1.875,8.875,2.125],"texture":"#0"},"south":{"uv":[8.5,1.875,8.875,2.125],"texture":"#0"},"west":{"uv":[8.5,1.875,8.5625,2.125],"texture":"#0"},"up":{"uv":[8.5,1.875,8.875,1.9375],"texture":"#0"},"down":{"uv":[8.5,2.0625,8.875,2.125],"texture":"#0"}}},{"name":"shadows_12","from":[14,4,7.5],"to":[15,5,8.5],"rotation":{"angle":0,"axis":"y","origin":[-134,-222,7.5]},"faces":{"north":{"uv":[9.3125,1.8125,9.25,1.875],"texture":"#0"},"east":{"uv":[9.25,1.8125,9.3125,1.875],"texture":"#0"},"south":{"uv":[9.25,1.8125,9.3125,1.875],"texture":"#0"},"west":{"uv":[9.25,1.8125,9.3125,1.875],"texture":"#0"},"up":{"uv":[9.25,1.8125,9.3125,1.875],"texture":"#0"},"down":{"uv":[9.25,1.8125,9.3125,1.875],"texture":"#0"}}},{"name":"shadows_15","from":[8,3,7.5],"to":[14,4,8.5],"rotation":{"angle":0,"axis":"y","origin":[-134,-222,7.5]},"faces":{"north":{"uv":[9.25,1.875,8.875,1.9375],"texture":"#0"},"east":{"uv":[9.1875,1.875,9.25,1.9375],"texture":"#0"},"south":{"uv":[8.875,1.875,9.25,1.9375],"texture":"#0"},"west":{"uv":[8.875,1.875,8.9375,1.9375],"texture":"#0"},"up":{"uv":[8.875,1.875,9.25,1.9375],"texture":"#0"},"down":{"uv":[8.875,1.875,9.25,1.9375],"texture":"#0"}}},{"name":"shadows_53","from":[2,-1,7.5],"to":[8,0,8.5],"rotation":{"angle":0,"axis":"y","origin":[-134,-222,7.5]},"faces":{"north":{"uv":[8.875,2.125,8.5,2.1875],"texture":"#0"},"east":{"uv":[8.8125,2.125,8.875,2.1875],"texture":"#0"},"south":{"uv":[8.5,2.125,8.875,2.1875],"texture":"#0"},"west":{"uv":[8.5,2.125,8.5625,2.1875],"texture":"#0"},"up":{"uv":[8.5,2.125,8.875,2.1875],"texture":"#0"},"down":{"uv":[8.5,2.125,8.875,2.1875],"texture":"#0"}}}],"gui_light":"front","display":{"thirdperson_righthand":{"translation":[0,3,1],"scale":[0.55,0.55,0.55]},"thirdperson_lefthand":{"translation":[0,3,1],"scale":[0.55,0.55,0.55]},"firstperson_righthand":{"rotation":[0,-90,25],"translation":[1.13,3.2,1.13],"scale":[0.68,0.68,0.68]},"firstperson_lefthand":{"rotation":[0,-90,25],"translation":[1.13,3.2,1.13],"scale":[0.68,0.68,0.68]},"ground":{"translation":[0,2,0],"scale":[0.5,0.5,0.5]},"head":{"rotation":[0,180,0],"translation":[0,13,7]},"fixed":{"rotation":[0,180,0]}},"mcmodels":"f03d6055f7da1f7cda7e3c8a45ea57c3"}