{"credit":"Made with Blockbench","textures":{"0":"social_icons_pack:icons","particle":"social_icons_pack:icons"},"elements":[{"name":"icons_21","from":[2,9,7.5],"to":[7,15,8.5],"rotation":{"angle":0,"axis":"y","origin":[-152,-222,7.5]},"faces":{"north":{"uv":[9.9375,1.1875,9.625,1.5625],"texture":"#0"},"east":{"uv":[9.875,1.1875,9.9375,1.5625],"texture":"#0"},"south":{"uv":[9.625,1.1875,9.9375,1.5625],"texture":"#0"},"west":{"uv":[9.625,1.1875,9.6875,1.5625],"texture":"#0"},"up":{"uv":[9.625,1.1875,9.9375,1.25],"texture":"#0"},"down":{"uv":[9.625,1.5,9.9375,1.5625],"texture":"#0"}}},{"name":"icons_22","from":[10,9,7.5],"to":[15,15,8.5],"rotation":{"angle":0,"axis":"y","origin":[-152,-222,7.5]},"faces":{"north":{"uv":[10.4375,1.1875,10.125,1.5625],"texture":"#0"},"east":{"uv":[10.375,1.1875,10.4375,1.5625],"texture":"#0"},"south":{"uv":[10.125,1.1875,10.4375,1.5625],"texture":"#0"},"west":{"uv":[10.125,1.1875,10.1875,1.5625],"texture":"#0"},"up":{"uv":[10.125,1.1875,10.4375,1.25],"texture":"#0"},"down":{"uv":[10.125,1.5,10.4375,1.5625],"texture":"#0"}}},{"name":"icons_40","from":[7,3,7.5],"to":[10,13,8.5],"rotation":{"angle":0,"axis":"y","origin":[-152,-222,7.5]},"faces":{"north":{"uv":[10.125,1.3125,9.9375,1.9375],"texture":"#0"},"east":{"uv":[10.0625,1.3125,10.125,1.9375],"texture":"#0"},"south":{"uv":[9.9375,1.3125,10.125,1.9375],"texture":"#0"},"west":{"uv":[9.9375,1.3125,10,1.9375],"texture":"#0"},"up":{"uv":[9.9375,1.3125,10.125,1.375],"texture":"#0"},"down":{"uv":[9.9375,1.875,10.125,1.9375],"texture":"#0"}}},{"name":"icons_50","from":[4,1,7.5],"to":[7,9,8.5],"rotation":{"angle":0,"axis":"y","origin":[-152,-222,7.5]},"faces":{"north":{"uv":[9.9375,1.5625,9.75,2.0625],"texture":"#0"},"east":{"uv":[9.875,1.5625,9.9375,2.0625],"texture":"#0"},"south":{"uv":[9.75,1.5625,9.9375,2.0625],"texture":"#0"},"west":{"uv":[9.75,1.5625,9.8125,2.0625],"texture":"#0"},"up":{"uv":[9.75,1.5625,9.9375,1.625],"texture":"#0"},"down":{"uv":[9.75,2,9.9375,2.0625],"texture":"#0"}}},{"name":"icons_51","from":[10,1,7.5],"to":[13,9,8.5],"rotation":{"angle":0,"axis":"y","origin":[-152,-222,7.5]},"faces":{"north":{"uv":[10.3125,1.5625,10.125,2.0625],"texture":"#0"},"east":{"uv":[10.25,1.5625,10.3125,2.0625],"texture":"#0"},"south":{"uv":[10.125,1.5625,10.3125,2.0625],"texture":"#0"},"west":{"uv":[10.125,1.5625,10.1875,2.0625],"texture":"#0"},"up":{"uv":[10.125,1.5625,10.3125,1.625],"texture":"#0"},"down":{"uv":[10.125,2,10.3125,2.0625],"texture":"#0"}}},{"name":"icons_59","from":[2,1,7.5],"to":[4,7,8.5],"rotation":{"angle":0,"axis":"y","origin":[-152,-222,7.5]},"faces":{"north":{"uv":[9.75,1.6875,9.625,2.0625],"texture":"#0"},"east":{"uv":[9.6875,1.6875,9.75,2.0625],"texture":"#0"},"south":{"uv":[9.625,1.6875,9.75,2.0625],"texture":"#0"},"west":{"uv":[9.625,1.6875,9.6875,2.0625],"texture":"#0"},"up":{"uv":[9.625,1.6875,9.75,1.75],"texture":"#0"},"down":{"uv":[9.625,2,9.75,2.0625],"texture":"#0"}}},{"name":"icons_60","from":[13,1,7.5],"to":[15,7,8.5],"rotation":{"angle":0,"axis":"y","origin":[-152,-222,7.5]},"faces":{"north":{"uv":[10.4375,1.6875,10.3125,2.0625],"texture":"#0"},"east":{"uv":[10.375,1.6875,10.4375,2.0625],"texture":"#0"},"south":{"uv":[10.3125,1.6875,10.4375,2.0625],"texture":"#0"},"west":{"uv":[10.3125,1.6875,10.375,2.0625],"texture":"#0"},"up":{"uv":[10.3125,1.6875,10.4375,1.75],"texture":"#0"},"down":{"uv":[10.3125,2,10.4375,2.0625],"texture":"#0"}}},{"name":"shadows_5","from":[2,8,7.5],"to":[4,9,8.5],"rotation":{"angle":0,"axis":"y","origin":[-152,-222,7.5]},"faces":{"north":{"uv":[9.75,1.5625,9.625,1.625],"texture":"#0"},"east":{"uv":[9.6875,1.5625,9.75,1.625],"texture":"#0"},"south":{"uv":[9.625,1.5625,9.75,1.625],"texture":"#0"},"west":{"uv":[9.625,1.5625,9.6875,1.625],"texture":"#0"},"up":{"uv":[9.625,1.5625,9.75,1.625],"texture":"#0"},"down":{"uv":[9.625,1.5625,9.75,1.625],"texture":"#0"}}},{"name":"shadows_6","from":[13,8,7.5],"to":[15,9,8.5],"rotation":{"angle":0,"axis":"y","origin":[-152,-222,7.5]},"faces":{"north":{"uv":[10.4375,1.5625,10.3125,1.625],"texture":"#0"},"east":{"uv":[10.375,1.5625,10.4375,1.625],"texture":"#0"},"south":{"uv":[10.3125,1.5625,10.4375,1.625],"texture":"#0"},"west":{"uv":[10.3125,1.5625,10.375,1.625],"texture":"#0"},"up":{"uv":[10.3125,1.5625,10.4375,1.625],"texture":"#0"},"down":{"uv":[10.3125,1.5625,10.4375,1.625],"texture":"#0"}}},{"name":"shadows_20","from":[7,2,7.5],"to":[10,3,8.5],"rotation":{"angle":0,"axis":"y","origin":[-152,-222,7.5]},"faces":{"north":{"uv":[10.125,1.9375,9.9375,2],"texture":"#0"},"east":{"uv":[10.0625,1.9375,10.125,2],"texture":"#0"},"south":{"uv":[9.9375,1.9375,10.125,2],"texture":"#0"},"west":{"uv":[9.9375,1.9375,10,2],"texture":"#0"},"up":{"uv":[9.9375,1.9375,10.125,2],"texture":"#0"},"down":{"uv":[9.9375,1.9375,10.125,2],"texture":"#0"}}},{"name":"shadows_40","from":[2,0,7.5],"to":[7,1,8.5],"rotation":{"angle":0,"axis":"y","origin":[-152,-222,7.5]},"faces":{"north":{"uv":[9.9375,2.0625,9.625,2.125],"texture":"#0"},"east":{"uv":[9.875,2.0625,9.9375,2.125],"texture":"#0"},"south":{"uv":[9.625,2.0625,9.9375,2.125],"texture":"#0"},"west":{"uv":[9.625,2.0625,9.6875,2.125],"texture":"#0"},"up":{"uv":[9.625,2.0625,9.9375,2.125],"texture":"#0"},"down":{"uv":[9.625,2.0625,9.9375,2.125],"texture":"#0"}}},{"name":"shadows_41","from":[10,0,7.5],"to":[15,1,8.5],"rotation":{"angle":0,"axis":"y","origin":[-152,-222,7.5]},"faces":{"north":{"uv":[10.4375,2.0625,10.125,2.125],"texture":"#0"},"east":{"uv":[10.375,2.0625,10.4375,2.125],"texture":"#0"},"south":{"uv":[10.125,2.0625,10.4375,2.125],"texture":"#0"},"west":{"uv":[10.125,2.0625,10.1875,2.125],"texture":"#0"},"up":{"uv":[10.125,2.0625,10.4375,2.125],"texture":"#0"},"down":{"uv":[10.125,2.0625,10.4375,2.125],"texture":"#0"}}}],"gui_light":"front","display":{"thirdperson_righthand":{"translation":[0,3,1],"scale":[0.55,0.55,0.55]},"thirdperson_lefthand":{"translation":[0,3,1],"scale":[0.55,0.55,0.55]},"firstperson_righthand":{"rotation":[0,-90,25],"translation":[1.13,3.2,1.13],"scale":[0.68,0.68,0.68]},"firstperson_lefthand":{"rotation":[0,-90,25],"translation":[1.13,3.2,1.13],"scale":[0.68,0.68,0.68]},"ground":{"translation":[0,2,0],"scale":[0.5,0.5,0.5]},"head":{"rotation":[0,180,0],"translation":[0,13,7]},"fixed":{"rotation":[0,180,0]}},"mcmodels":"f03d6055f7da1f7cda7e3c8a45ea57c3"}