{"credit":"Made with Blockbench","textures":{"0":"social_icons_pack:icons","particle":"social_icons_pack:icons"},"elements":[{"name":"icons_19","from":[3,1,7.5],"to":[12,15,8.5],"rotation":{"angle":0,"axis":"y","origin":[-116,-222,7.5]},"faces":{"north":{"uv":[8,1.1875,7.4375,2.0625],"texture":"#0"},"east":{"uv":[7.9375,1.1875,8,2.0625],"texture":"#0"},"south":{"uv":[7.4375,1.1875,8,2.0625],"texture":"#0"},"west":{"uv":[7.4375,1.1875,7.5,2.0625],"texture":"#0"},"up":{"uv":[7.4375,1.1875,8,1.25],"texture":"#0"},"down":{"uv":[7.4375,2,8,2.0625],"texture":"#0"}}},{"name":"icons_33","from":[2,2,7.5],"to":[3,14,8.5],"rotation":{"angle":0,"axis":"y","origin":[-116,-222,7.5]},"faces":{"north":{"uv":[7.4375,1.25,7.375,2],"texture":"#0"},"east":{"uv":[7.375,1.25,7.4375,2],"texture":"#0"},"south":{"uv":[7.375,1.25,7.4375,2],"texture":"#0"},"west":{"uv":[7.375,1.25,7.4375,2],"texture":"#0"},"up":{"uv":[7.375,1.25,7.4375,1.3125],"texture":"#0"},"down":{"uv":[7.375,1.9375,7.4375,2],"texture":"#0"}}},{"name":"icons_34","from":[12,1,7.5],"to":[13,14,8.5],"rotation":{"angle":0,"axis":"y","origin":[-116,-222,7.5]},"faces":{"north":{"uv":[8.0625,1.25,8,2.0625],"texture":"#0"},"east":{"uv":[8,1.25,8.0625,2.0625],"texture":"#0"},"south":{"uv":[8,1.25,8.0625,2.0625],"texture":"#0"},"west":{"uv":[8,1.25,8.0625,2.0625],"texture":"#0"},"up":{"uv":[8,1.25,8.0625,1.3125],"texture":"#0"},"down":{"uv":[8,2,8.0625,2.0625],"texture":"#0"}}},{"name":"icons_38","from":[1,3,7.5],"to":[2,13,8.5],"rotation":{"angle":0,"axis":"y","origin":[-116,-222,7.5]},"faces":{"north":{"uv":[7.375,1.3125,7.3125,1.9375],"texture":"#0"},"east":{"uv":[7.3125,1.3125,7.375,1.9375],"texture":"#0"},"south":{"uv":[7.3125,1.3125,7.375,1.9375],"texture":"#0"},"west":{"uv":[7.3125,1.3125,7.375,1.9375],"texture":"#0"},"up":{"uv":[7.3125,1.3125,7.375,1.375],"texture":"#0"},"down":{"uv":[7.3125,1.875,7.375,1.9375],"texture":"#0"}}},{"name":"icons_39","from":[13,1,7.5],"to":[14,13,8.5],"rotation":{"angle":0,"axis":"y","origin":[-116,-222,7.5]},"faces":{"north":{"uv":[8.125,1.3125,8.0625,2.0625],"texture":"#0"},"east":{"uv":[8.0625,1.3125,8.125,2.0625],"texture":"#0"},"south":{"uv":[8.0625,1.3125,8.125,2.0625],"texture":"#0"},"west":{"uv":[8.0625,1.3125,8.125,2.0625],"texture":"#0"},"up":{"uv":[8.0625,1.3125,8.125,1.375],"texture":"#0"},"down":{"uv":[8.0625,2,8.125,2.0625],"texture":"#0"}}},{"name":"icons_54","from":[14,1,7.5],"to":[15,8,8.5],"rotation":{"angle":0,"axis":"y","origin":[-116,-222,7.5]},"faces":{"north":{"uv":[8.1875,1.625,8.125,2.0625],"texture":"#0"},"east":{"uv":[8.125,1.625,8.1875,2.0625],"texture":"#0"},"south":{"uv":[8.125,1.625,8.1875,2.0625],"texture":"#0"},"west":{"uv":[8.125,1.625,8.1875,2.0625],"texture":"#0"},"up":{"uv":[8.125,1.625,8.1875,1.6875],"texture":"#0"},"down":{"uv":[8.125,2,8.1875,2.0625],"texture":"#0"}}},{"name":"icons_58","from":[15,1,7.5],"to":[16,7,8.5],"rotation":{"angle":0,"axis":"y","origin":[-116,-222,7.5]},"faces":{"north":{"uv":[8.25,1.6875,8.1875,2.0625],"texture":"#0"},"east":{"uv":[8.1875,1.6875,8.25,2.0625],"texture":"#0"},"south":{"uv":[8.1875,1.6875,8.25,2.0625],"texture":"#0"},"west":{"uv":[8.1875,1.6875,8.25,2.0625],"texture":"#0"},"up":{"uv":[8.1875,1.6875,8.25,1.75],"texture":"#0"},"down":{"uv":[8.1875,2,8.25,2.0625],"texture":"#0"}}},{"name":"shadows_19","from":[1,2,7.5],"to":[2,3,8.5],"rotation":{"angle":0,"axis":"y","origin":[-116,-222,7.5]},"faces":{"north":{"uv":[7.375,1.9375,7.3125,2],"texture":"#0"},"east":{"uv":[7.3125,1.9375,7.375,2],"texture":"#0"},"south":{"uv":[7.3125,1.9375,7.375,2],"texture":"#0"},"west":{"uv":[7.3125,1.9375,7.375,2],"texture":"#0"},"up":{"uv":[7.3125,1.9375,7.375,2],"texture":"#0"},"down":{"uv":[7.3125,1.9375,7.375,2],"texture":"#0"}}},{"name":"shadows_27","from":[2,1,7.5],"to":[3,2,8.5],"rotation":{"angle":0,"axis":"y","origin":[-116,-222,7.5]},"faces":{"north":{"uv":[7.4375,2,7.375,2.0625],"texture":"#0"},"east":{"uv":[7.375,2,7.4375,2.0625],"texture":"#0"},"south":{"uv":[7.375,2,7.4375,2.0625],"texture":"#0"},"west":{"uv":[7.375,2,7.4375,2.0625],"texture":"#0"},"up":{"uv":[7.375,2,7.4375,2.0625],"texture":"#0"},"down":{"uv":[7.375,2,7.4375,2.0625],"texture":"#0"}}},{"name":"shadows_39","from":[3,0,7.5],"to":[16,1,8.5],"rotation":{"angle":0,"axis":"y","origin":[-116,-222,7.5]},"faces":{"north":{"uv":[8.25,2.0625,7.4375,2.125],"texture":"#0"},"east":{"uv":[8.1875,2.0625,8.25,2.125],"texture":"#0"},"south":{"uv":[7.4375,2.0625,8.25,2.125],"texture":"#0"},"west":{"uv":[7.4375,2.0625,7.5,2.125],"texture":"#0"},"up":{"uv":[7.4375,2.0625,8.25,2.125],"texture":"#0"},"down":{"uv":[7.4375,2.0625,8.25,2.125],"texture":"#0"}}}],"gui_light":"front","display":{"thirdperson_righthand":{"translation":[0,3,1],"scale":[0.55,0.55,0.55]},"thirdperson_lefthand":{"translation":[0,3,1],"scale":[0.55,0.55,0.55]},"firstperson_righthand":{"rotation":[0,-90,25],"translation":[1.13,3.2,1.13],"scale":[0.68,0.68,0.68]},"firstperson_lefthand":{"rotation":[0,-90,25],"translation":[1.13,3.2,1.13],"scale":[0.68,0.68,0.68]},"ground":{"translation":[0,2,0],"scale":[0.5,0.5,0.5]},"head":{"rotation":[0,180,0],"translation":[0,13,7]},"fixed":{"rotation":[0,180,0]}},"mcmodels":"f03d6055f7da1f7cda7e3c8a45ea57c3"}