{"credit":"Made with Blockbench","textures":{"0":"social_icons_pack:icons","particle":"social_icons_pack:icons"},"elements":[{"name":"icons_279","from":[10,1,7.5],"to":[13,16,8.5],"rotation":{"angle":0,"axis":"y","origin":[-8,-132,7.5]},"faces":{"north":{"uv":[1.3125,6.75,1.125,7.6875],"texture":"#0"},"east":{"uv":[1.25,6.75,1.3125,7.6875],"texture":"#0"},"south":{"uv":[1.125,6.75,1.3125,7.6875],"texture":"#0"},"west":{"uv":[1.125,6.75,1.1875,7.6875],"texture":"#0"},"up":{"uv":[1.125,6.75,1.3125,6.8125],"texture":"#0"},"down":{"uv":[1.125,7.625,1.3125,7.6875],"texture":"#0"}}},{"name":"icons_286","from":[9,0,7.5],"to":[10,15,8.5],"rotation":{"angle":0,"axis":"y","origin":[-8,-132,7.5]},"faces":{"north":{"uv":[1.125,6.8125,1.0625,7.75],"texture":"#0"},"east":{"uv":[1.0625,6.8125,1.125,7.75],"texture":"#0"},"south":{"uv":[1.0625,6.8125,1.125,7.75],"texture":"#0"},"west":{"uv":[1.0625,6.8125,1.125,7.75],"texture":"#0"},"up":{"uv":[1.0625,6.8125,1.125,6.875],"texture":"#0"},"down":{"uv":[1.0625,7.6875,1.125,7.75],"texture":"#0"}}},{"name":"icons_287","from":[13,11,7.5],"to":[15,15,8.5],"rotation":{"angle":0,"axis":"y","origin":[-8,-132,7.5]},"faces":{"north":{"uv":[1.4375,6.8125,1.3125,7.0625],"texture":"#0"},"east":{"uv":[1.375,6.8125,1.4375,7.0625],"texture":"#0"},"south":{"uv":[1.3125,6.8125,1.4375,7.0625],"texture":"#0"},"west":{"uv":[1.3125,6.8125,1.375,7.0625],"texture":"#0"},"up":{"uv":[1.3125,6.8125,1.4375,6.875],"texture":"#0"},"down":{"uv":[1.3125,7,1.4375,7.0625],"texture":"#0"}}},{"name":"icons_298","from":[8,0,7.5],"to":[9,14,8.5],"rotation":{"angle":0,"axis":"y","origin":[-8,-132,7.5]},"faces":{"north":{"uv":[1.0625,6.875,1,7.75],"texture":"#0"},"east":{"uv":[1,6.875,1.0625,7.75],"texture":"#0"},"south":{"uv":[1,6.875,1.0625,7.75],"texture":"#0"},"west":{"uv":[1,6.875,1.0625,7.75],"texture":"#0"},"up":{"uv":[1,6.875,1.0625,6.9375],"texture":"#0"},"down":{"uv":[1,7.6875,1.0625,7.75],"texture":"#0"}}},{"name":"icons_302","from":[7,0,7.5],"to":[8,13,8.5],"rotation":{"angle":0,"axis":"y","origin":[-8,-132,7.5]},"faces":{"north":{"uv":[1,6.9375,0.9375,7.75],"texture":"#0"},"east":{"uv":[0.9375,6.9375,1,7.75],"texture":"#0"},"south":{"uv":[0.9375,6.9375,1,7.75],"texture":"#0"},"west":{"uv":[0.9375,6.9375,1,7.75],"texture":"#0"},"up":{"uv":[0.9375,6.9375,1,7],"texture":"#0"},"down":{"uv":[0.9375,7.6875,1,7.75],"texture":"#0"}}},{"name":"icons_307","from":[6,0,7.5],"to":[7,12,8.5],"rotation":{"angle":0,"axis":"y","origin":[-8,-132,7.5]},"faces":{"north":{"uv":[0.9375,7,0.875,7.75],"texture":"#0"},"east":{"uv":[0.875,7,0.9375,7.75],"texture":"#0"},"south":{"uv":[0.875,7,0.9375,7.75],"texture":"#0"},"west":{"uv":[0.875,7,0.9375,7.75],"texture":"#0"},"up":{"uv":[0.875,7,0.9375,7.0625],"texture":"#0"},"down":{"uv":[0.875,7.6875,0.9375,7.75],"texture":"#0"}}},{"name":"icons_308","from":[2,2,7.5],"to":[4,11,8.5],"rotation":{"angle":0,"axis":"y","origin":[-8,-132,7.5]},"faces":{"north":{"uv":[0.75,7.0625,0.625,7.625],"texture":"#0"},"east":{"uv":[0.6875,7.0625,0.75,7.625],"texture":"#0"},"south":{"uv":[0.625,7.0625,0.75,7.625],"texture":"#0"},"west":{"uv":[0.625,7.0625,0.6875,7.625],"texture":"#0"},"up":{"uv":[0.625,7.0625,0.75,7.125],"texture":"#0"},"down":{"uv":[0.625,7.5625,0.75,7.625],"texture":"#0"}}},{"name":"icons_309","from":[5,0,7.5],"to":[6,11,8.5],"rotation":{"angle":0,"axis":"y","origin":[-8,-132,7.5]},"faces":{"north":{"uv":[0.875,7.0625,0.8125,7.75],"texture":"#0"},"east":{"uv":[0.8125,7.0625,0.875,7.75],"texture":"#0"},"south":{"uv":[0.8125,7.0625,0.875,7.75],"texture":"#0"},"west":{"uv":[0.8125,7.0625,0.875,7.75],"texture":"#0"},"up":{"uv":[0.8125,7.0625,0.875,7.125],"texture":"#0"},"down":{"uv":[0.8125,7.6875,0.875,7.75],"texture":"#0"}}},{"name":"icons_310","from":[13,2,7.5],"to":[14,11,8.5],"rotation":{"angle":0,"axis":"y","origin":[-8,-132,7.5]},"faces":{"north":{"uv":[1.375,7.0625,1.3125,7.625],"texture":"#0"},"east":{"uv":[1.3125,7.0625,1.375,7.625],"texture":"#0"},"south":{"uv":[1.3125,7.0625,1.375,7.625],"texture":"#0"},"west":{"uv":[1.3125,7.0625,1.375,7.625],"texture":"#0"},"up":{"uv":[1.3125,7.0625,1.375,7.125],"texture":"#0"},"down":{"uv":[1.3125,7.5625,1.375,7.625],"texture":"#0"}}},{"name":"icons_311","from":[1,3,7.5],"to":[2,10,8.5],"rotation":{"angle":0,"axis":"y","origin":[-8,-132,7.5]},"faces":{"north":{"uv":[0.625,7.125,0.5625,7.5625],"texture":"#0"},"east":{"uv":[0.5625,7.125,0.625,7.5625],"texture":"#0"},"south":{"uv":[0.5625,7.125,0.625,7.5625],"texture":"#0"},"west":{"uv":[0.5625,7.125,0.625,7.5625],"texture":"#0"},"up":{"uv":[0.5625,7.125,0.625,7.1875],"texture":"#0"},"down":{"uv":[0.5625,7.5,0.625,7.5625],"texture":"#0"}}},{"name":"icons_312","from":[4,1,7.5],"to":[5,10,8.5],"rotation":{"angle":0,"axis":"y","origin":[-8,-132,7.5]},"faces":{"north":{"uv":[0.8125,7.125,0.75,7.6875],"texture":"#0"},"east":{"uv":[0.75,7.125,0.8125,7.6875],"texture":"#0"},"south":{"uv":[0.75,7.125,0.8125,7.6875],"texture":"#0"},"west":{"uv":[0.75,7.125,0.8125,7.6875],"texture":"#0"},"up":{"uv":[0.75,7.125,0.8125,7.1875],"texture":"#0"},"down":{"uv":[0.75,7.625,0.8125,7.6875],"texture":"#0"}}},{"name":"icons_313","from":[14,3,7.5],"to":[15,10,8.5],"rotation":{"angle":0,"axis":"y","origin":[-8,-132,7.5]},"faces":{"north":{"uv":[1.4375,7.125,1.375,7.5625],"texture":"#0"},"east":{"uv":[1.375,7.125,1.4375,7.5625],"texture":"#0"},"south":{"uv":[1.375,7.125,1.4375,7.5625],"texture":"#0"},"west":{"uv":[1.375,7.125,1.4375,7.5625],"texture":"#0"},"up":{"uv":[1.375,7.125,1.4375,7.1875],"texture":"#0"},"down":{"uv":[1.375,7.5,1.4375,7.5625],"texture":"#0"}}},{"name":"icons_314","from":[0,6,7.5],"to":[1,9,8.5],"rotation":{"angle":0,"axis":"y","origin":[-8,-132,7.5]},"faces":{"north":{"uv":[0.5625,7.1875,0.5,7.375],"texture":"#0"},"east":{"uv":[0.5,7.1875,0.5625,7.375],"texture":"#0"},"south":{"uv":[0.5,7.1875,0.5625,7.375],"texture":"#0"},"west":{"uv":[0.5,7.1875,0.5625,7.375],"texture":"#0"},"up":{"uv":[0.5,7.1875,0.5625,7.25],"texture":"#0"},"down":{"uv":[0.5,7.3125,0.5625,7.375],"texture":"#0"}}},{"name":"icons_315","from":[15,6,7.5],"to":[16,9,8.5],"rotation":{"angle":0,"axis":"y","origin":[-8,-132,7.5]},"faces":{"north":{"uv":[1.5,7.1875,1.4375,7.375],"texture":"#0"},"east":{"uv":[1.4375,7.1875,1.5,7.375],"texture":"#0"},"south":{"uv":[1.4375,7.1875,1.5,7.375],"texture":"#0"},"west":{"uv":[1.4375,7.1875,1.5,7.375],"texture":"#0"},"up":{"uv":[1.4375,7.1875,1.5,7.25],"texture":"#0"},"down":{"uv":[1.4375,7.3125,1.5,7.375],"texture":"#0"}}},{"name":"icons_319","from":[3,1,7.5],"to":[4,2,8.5],"rotation":{"angle":0,"axis":"y","origin":[-8,-132,7.5]},"faces":{"north":{"uv":[0.75,7.625,0.6875,7.6875],"texture":"#0"},"east":{"uv":[0.6875,7.625,0.75,7.6875],"texture":"#0"},"south":{"uv":[0.6875,7.625,0.75,7.6875],"texture":"#0"},"west":{"uv":[0.6875,7.625,0.75,7.6875],"texture":"#0"},"up":{"uv":[0.6875,7.625,0.75,7.6875],"texture":"#0"},"down":{"uv":[0.6875,7.625,0.75,7.6875],"texture":"#0"}}},{"name":"icons_321","from":[10,0,7.5],"to":[11,1,8.5],"rotation":{"angle":0,"axis":"y","origin":[-8,-132,7.5]},"faces":{"north":{"uv":[1.1875,7.6875,1.125,7.75],"texture":"#0"},"east":{"uv":[1.125,7.6875,1.1875,7.75],"texture":"#0"},"south":{"uv":[1.125,7.6875,1.1875,7.75],"texture":"#0"},"west":{"uv":[1.125,7.6875,1.1875,7.75],"texture":"#0"},"up":{"uv":[1.125,7.6875,1.1875,7.75],"texture":"#0"},"down":{"uv":[1.125,7.6875,1.1875,7.75],"texture":"#0"}}},{"name":"shadows_230","from":[14,10,7.5],"to":[15,11,8.5],"rotation":{"angle":0,"axis":"y","origin":[-8,-132,7.5]},"faces":{"north":{"uv":[1.4375,7.0625,1.375,7.125],"texture":"#0"},"east":{"uv":[1.375,7.0625,1.4375,7.125],"texture":"#0"},"south":{"uv":[1.375,7.0625,1.4375,7.125],"texture":"#0"},"west":{"uv":[1.375,7.0625,1.4375,7.125],"texture":"#0"},"up":{"uv":[1.375,7.0625,1.4375,7.125],"texture":"#0"},"down":{"uv":[1.375,7.0625,1.4375,7.125],"texture":"#0"}}},{"name":"shadows_233","from":[0,5,7.5],"to":[1,6,8.5],"rotation":{"angle":0,"axis":"y","origin":[-8,-132,7.5]},"faces":{"north":{"uv":[0.5625,7.375,0.5,7.4375],"texture":"#0"},"east":{"uv":[0.5,7.375,0.5625,7.4375],"texture":"#0"},"south":{"uv":[0.5,7.375,0.5625,7.4375],"texture":"#0"},"west":{"uv":[0.5,7.375,0.5625,7.4375],"texture":"#0"},"up":{"uv":[0.5,7.375,0.5625,7.4375],"texture":"#0"},"down":{"uv":[0.5,7.375,0.5625,7.4375],"texture":"#0"}}},{"name":"shadows_234","from":[15,5,7.5],"to":[16,6,8.5],"rotation":{"angle":0,"axis":"y","origin":[-8,-132,7.5]},"faces":{"north":{"uv":[1.5,7.375,1.4375,7.4375],"texture":"#0"},"east":{"uv":[1.4375,7.375,1.5,7.4375],"texture":"#0"},"south":{"uv":[1.4375,7.375,1.5,7.4375],"texture":"#0"},"west":{"uv":[1.4375,7.375,1.5,7.4375],"texture":"#0"},"up":{"uv":[1.4375,7.375,1.5,7.4375],"texture":"#0"},"down":{"uv":[1.4375,7.375,1.5,7.4375],"texture":"#0"}}},{"name":"shadows_236","from":[1,2,7.5],"to":[2,3,8.5],"rotation":{"angle":0,"axis":"y","origin":[-8,-132,7.5]},"faces":{"north":{"uv":[0.625,7.5625,0.5625,7.625],"texture":"#0"},"east":{"uv":[0.5625,7.5625,0.625,7.625],"texture":"#0"},"south":{"uv":[0.5625,7.5625,0.625,7.625],"texture":"#0"},"west":{"uv":[0.5625,7.5625,0.625,7.625],"texture":"#0"},"up":{"uv":[0.5625,7.5625,0.625,7.625],"texture":"#0"},"down":{"uv":[0.5625,7.5625,0.625,7.625],"texture":"#0"}}},{"name":"shadows_237","from":[14,2,7.5],"to":[15,3,8.5],"rotation":{"angle":0,"axis":"y","origin":[-8,-132,7.5]},"faces":{"north":{"uv":[1.4375,7.5625,1.375,7.625],"texture":"#0"},"east":{"uv":[1.375,7.5625,1.4375,7.625],"texture":"#0"},"south":{"uv":[1.375,7.5625,1.4375,7.625],"texture":"#0"},"west":{"uv":[1.375,7.5625,1.4375,7.625],"texture":"#0"},"up":{"uv":[1.375,7.5625,1.4375,7.625],"texture":"#0"},"down":{"uv":[1.375,7.5625,1.4375,7.625],"texture":"#0"}}},{"name":"shadows_241","from":[2,1,7.5],"to":[3,2,8.5],"rotation":{"angle":0,"axis":"y","origin":[-8,-132,7.5]},"faces":{"north":{"uv":[0.6875,7.625,0.625,7.6875],"texture":"#0"},"east":{"uv":[0.625,7.625,0.6875,7.6875],"texture":"#0"},"south":{"uv":[0.625,7.625,0.6875,7.6875],"texture":"#0"},"west":{"uv":[0.625,7.625,0.6875,7.6875],"texture":"#0"},"up":{"uv":[0.625,7.625,0.6875,7.6875],"texture":"#0"},"down":{"uv":[0.625,7.625,0.6875,7.6875],"texture":"#0"}}},{"name":"shadows_242","from":[13,1,7.5],"to":[14,2,8.5],"rotation":{"angle":0,"axis":"y","origin":[-8,-132,7.5]},"faces":{"north":{"uv":[1.375,7.625,1.3125,7.6875],"texture":"#0"},"east":{"uv":[1.3125,7.625,1.375,7.6875],"texture":"#0"},"south":{"uv":[1.3125,7.625,1.375,7.6875],"texture":"#0"},"west":{"uv":[1.3125,7.625,1.375,7.6875],"texture":"#0"},"up":{"uv":[1.3125,7.625,1.375,7.6875],"texture":"#0"},"down":{"uv":[1.3125,7.625,1.375,7.6875],"texture":"#0"}}},{"name":"shadows_246","from":[3,0,7.5],"to":[5,1,8.5],"rotation":{"angle":0,"axis":"y","origin":[-8,-132,7.5]},"faces":{"north":{"uv":[0.8125,7.6875,0.6875,7.75],"texture":"#0"},"east":{"uv":[0.75,7.6875,0.8125,7.75],"texture":"#0"},"south":{"uv":[0.6875,7.6875,0.8125,7.75],"texture":"#0"},"west":{"uv":[0.6875,7.6875,0.75,7.75],"texture":"#0"},"up":{"uv":[0.6875,7.6875,0.8125,7.75],"texture":"#0"},"down":{"uv":[0.6875,7.6875,0.8125,7.75],"texture":"#0"}}},{"name":"shadows_247","from":[11,0,7.5],"to":[13,1,8.5],"rotation":{"angle":0,"axis":"y","origin":[-8,-132,7.5]},"faces":{"north":{"uv":[1.3125,7.6875,1.1875,7.75],"texture":"#0"},"east":{"uv":[1.25,7.6875,1.3125,7.75],"texture":"#0"},"south":{"uv":[1.1875,7.6875,1.3125,7.75],"texture":"#0"},"west":{"uv":[1.1875,7.6875,1.25,7.75],"texture":"#0"},"up":{"uv":[1.1875,7.6875,1.3125,7.75],"texture":"#0"},"down":{"uv":[1.1875,7.6875,1.3125,7.75],"texture":"#0"}}},{"name":"shadows_256","from":[5,-1,7.5],"to":[11,0,8.5],"rotation":{"angle":0,"axis":"y","origin":[-8,-132,7.5]},"faces":{"north":{"uv":[1.1875,7.75,0.8125,7.8125],"texture":"#0"},"east":{"uv":[1.125,7.75,1.1875,7.8125],"texture":"#0"},"south":{"uv":[0.8125,7.75,1.1875,7.8125],"texture":"#0"},"west":{"uv":[0.8125,7.75,0.875,7.8125],"texture":"#0"},"up":{"uv":[0.8125,7.75,1.1875,7.8125],"texture":"#0"},"down":{"uv":[0.8125,7.75,1.1875,7.8125],"texture":"#0"}}}],"gui_light":"front","display":{"thirdperson_righthand":{"translation":[0,3,1],"scale":[0.55,0.55,0.55]},"thirdperson_lefthand":{"translation":[0,3,1],"scale":[0.55,0.55,0.55]},"firstperson_righthand":{"rotation":[0,-90,25],"translation":[1.13,3.2,1.13],"scale":[0.68,0.68,0.68]},"firstperson_lefthand":{"rotation":[0,-90,25],"translation":[1.13,3.2,1.13],"scale":[0.68,0.68,0.68]},"ground":{"translation":[0,2,0],"scale":[0.5,0.5,0.5]},"head":{"rotation":[0,180,0],"translation":[0,13,7]},"fixed":{"rotation":[0,180,0]}},"mcmodels":"f03d6055f7da1f7cda7e3c8a45ea57c3"}