{"credit":"Made with Blockbench","textures":{"0":"social_icons_pack:icons","particle":"social_icons_pack:icons"},"elements":[{"name":"icons_364","from":[5,1,7.5],"to":[12,15,8.5],"rotation":{"angle":0,"axis":"y","origin":[-8,-96,7.5]},"faces":{"north":{"uv":[1.25,9.0625,0.8125,9.9375],"texture":"#0"},"east":{"uv":[1.1875,9.0625,1.25,9.9375],"texture":"#0"},"south":{"uv":[0.8125,9.0625,1.25,9.9375],"texture":"#0"},"west":{"uv":[0.8125,9.0625,0.875,9.9375],"texture":"#0"},"up":{"uv":[0.8125,9.0625,1.25,9.125],"texture":"#0"},"down":{"uv":[0.8125,9.875,1.25,9.9375],"texture":"#0"}}},{"name":"icons_375","from":[3,2,7.5],"to":[5,14,8.5],"rotation":{"angle":0,"axis":"y","origin":[-8,-96,7.5]},"faces":{"north":{"uv":[0.8125,9.125,0.6875,9.875],"texture":"#0"},"east":{"uv":[0.75,9.125,0.8125,9.875],"texture":"#0"},"south":{"uv":[0.6875,9.125,0.8125,9.875],"texture":"#0"},"west":{"uv":[0.6875,9.125,0.75,9.875],"texture":"#0"},"up":{"uv":[0.6875,9.125,0.8125,9.1875],"texture":"#0"},"down":{"uv":[0.6875,9.8125,0.8125,9.875],"texture":"#0"}}},{"name":"icons_376","from":[12,2,7.5],"to":[14,14,8.5],"rotation":{"angle":0,"axis":"y","origin":[-8,-96,7.5]},"faces":{"north":{"uv":[1.375,9.125,1.25,9.875],"texture":"#0"},"east":{"uv":[1.3125,9.125,1.375,9.875],"texture":"#0"},"south":{"uv":[1.25,9.125,1.375,9.875],"texture":"#0"},"west":{"uv":[1.25,9.125,1.3125,9.875],"texture":"#0"},"up":{"uv":[1.25,9.125,1.375,9.1875],"texture":"#0"},"down":{"uv":[1.25,9.8125,1.375,9.875],"texture":"#0"}}},{"name":"icons_380","from":[1,3,7.5],"to":[3,13,8.5],"rotation":{"angle":0,"axis":"y","origin":[-8,-96,7.5]},"faces":{"north":{"uv":[0.6875,9.1875,0.5625,9.8125],"texture":"#0"},"east":{"uv":[0.625,9.1875,0.6875,9.8125],"texture":"#0"},"south":{"uv":[0.5625,9.1875,0.6875,9.8125],"texture":"#0"},"west":{"uv":[0.5625,9.1875,0.625,9.8125],"texture":"#0"},"up":{"uv":[0.5625,9.1875,0.6875,9.25],"texture":"#0"},"down":{"uv":[0.5625,9.75,0.6875,9.8125],"texture":"#0"}}},{"name":"icons_381","from":[14,3,7.5],"to":[16,13,8.5],"rotation":{"angle":0,"axis":"y","origin":[-8,-96,7.5]},"faces":{"north":{"uv":[1.5,9.1875,1.375,9.8125],"texture":"#0"},"east":{"uv":[1.4375,9.1875,1.5,9.8125],"texture":"#0"},"south":{"uv":[1.375,9.1875,1.5,9.8125],"texture":"#0"},"west":{"uv":[1.375,9.1875,1.4375,9.8125],"texture":"#0"},"up":{"uv":[1.375,9.1875,1.5,9.25],"texture":"#0"},"down":{"uv":[1.375,9.75,1.5,9.8125],"texture":"#0"}}},{"name":"shadows_296","from":[1,2,7.5],"to":[3,3,8.5],"rotation":{"angle":0,"axis":"y","origin":[-8,-96,7.5]},"faces":{"north":{"uv":[0.6875,9.8125,0.5625,9.875],"texture":"#0"},"east":{"uv":[0.625,9.8125,0.6875,9.875],"texture":"#0"},"south":{"uv":[0.5625,9.8125,0.6875,9.875],"texture":"#0"},"west":{"uv":[0.5625,9.8125,0.625,9.875],"texture":"#0"},"up":{"uv":[0.5625,9.8125,0.6875,9.875],"texture":"#0"},"down":{"uv":[0.5625,9.8125,0.6875,9.875],"texture":"#0"}}},{"name":"shadows_297","from":[14,2,7.5],"to":[16,3,8.5],"rotation":{"angle":0,"axis":"y","origin":[-8,-96,7.5]},"faces":{"north":{"uv":[1.5,9.8125,1.375,9.875],"texture":"#0"},"east":{"uv":[1.4375,9.8125,1.5,9.875],"texture":"#0"},"south":{"uv":[1.375,9.8125,1.5,9.875],"texture":"#0"},"west":{"uv":[1.375,9.8125,1.4375,9.875],"texture":"#0"},"up":{"uv":[1.375,9.8125,1.5,9.875],"texture":"#0"},"down":{"uv":[1.375,9.8125,1.5,9.875],"texture":"#0"}}},{"name":"shadows_299","from":[3,1,7.5],"to":[5,2,8.5],"rotation":{"angle":0,"axis":"y","origin":[-8,-96,7.5]},"faces":{"north":{"uv":[0.8125,9.875,0.6875,9.9375],"texture":"#0"},"east":{"uv":[0.75,9.875,0.8125,9.9375],"texture":"#0"},"south":{"uv":[0.6875,9.875,0.8125,9.9375],"texture":"#0"},"west":{"uv":[0.6875,9.875,0.75,9.9375],"texture":"#0"},"up":{"uv":[0.6875,9.875,0.8125,9.9375],"texture":"#0"},"down":{"uv":[0.6875,9.875,0.8125,9.9375],"texture":"#0"}}},{"name":"shadows_300","from":[12,1,7.5],"to":[14,2,8.5],"rotation":{"angle":0,"axis":"y","origin":[-8,-96,7.5]},"faces":{"north":{"uv":[1.375,9.875,1.25,9.9375],"texture":"#0"},"east":{"uv":[1.3125,9.875,1.375,9.9375],"texture":"#0"},"south":{"uv":[1.25,9.875,1.375,9.9375],"texture":"#0"},"west":{"uv":[1.25,9.875,1.3125,9.9375],"texture":"#0"},"up":{"uv":[1.25,9.875,1.375,9.9375],"texture":"#0"},"down":{"uv":[1.25,9.875,1.375,9.9375],"texture":"#0"}}},{"name":"shadows_303","from":[5,0,7.5],"to":[12,1,8.5],"rotation":{"angle":0,"axis":"y","origin":[-8,-96,7.5]},"faces":{"north":{"uv":[1.25,9.9375,0.8125,10],"texture":"#0"},"east":{"uv":[1.1875,9.9375,1.25,10],"texture":"#0"},"south":{"uv":[0.8125,9.9375,1.25,10],"texture":"#0"},"west":{"uv":[0.8125,9.9375,0.875,10],"texture":"#0"},"up":{"uv":[0.8125,9.9375,1.25,10],"texture":"#0"},"down":{"uv":[0.8125,9.9375,1.25,10],"texture":"#0"}}}],"gui_light":"front","display":{"thirdperson_righthand":{"translation":[0,3,1],"scale":[0.55,0.55,0.55]},"thirdperson_lefthand":{"translation":[0,3,1],"scale":[0.55,0.55,0.55]},"firstperson_righthand":{"rotation":[0,-90,25],"translation":[1.13,3.2,1.13],"scale":[0.68,0.68,0.68]},"firstperson_lefthand":{"rotation":[0,-90,25],"translation":[1.13,3.2,1.13],"scale":[0.68,0.68,0.68]},"ground":{"translation":[0,2,0],"scale":[0.5,0.5,0.5]},"head":{"rotation":[0,180,0],"translation":[0,13,7]},"fixed":{"rotation":[0,180,0]}},"mcmodels":"f03d6055f7da1f7cda7e3c8a45ea57c3"}