{"credit":"Made with Blockbench","textures":{"0":"social_icons_pack:icons","particle":"social_icons_pack:icons"},"elements":[{"name":"icons_326","from":[6,1,7.5],"to":[11,15,8.5],"rotation":{"angle":0,"axis":"y","origin":[-8,-114,7.5]},"faces":{"north":{"uv":[1.1875,7.9375,0.875,8.8125],"texture":"#0"},"east":{"uv":[1.125,7.9375,1.1875,8.8125],"texture":"#0"},"south":{"uv":[0.875,7.9375,1.1875,8.8125],"texture":"#0"},"west":{"uv":[0.875,7.9375,0.9375,8.8125],"texture":"#0"},"up":{"uv":[0.875,7.9375,1.1875,8],"texture":"#0"},"down":{"uv":[0.875,8.75,1.1875,8.8125],"texture":"#0"}}},{"name":"icons_334","from":[5,2,7.5],"to":[6,14,8.5],"rotation":{"angle":0,"axis":"y","origin":[-8,-114,7.5]},"faces":{"north":{"uv":[0.875,8,0.8125,8.75],"texture":"#0"},"east":{"uv":[0.8125,8,0.875,8.75],"texture":"#0"},"south":{"uv":[0.8125,8,0.875,8.75],"texture":"#0"},"west":{"uv":[0.8125,8,0.875,8.75],"texture":"#0"},"up":{"uv":[0.8125,8,0.875,8.0625],"texture":"#0"},"down":{"uv":[0.8125,8.6875,0.875,8.75],"texture":"#0"}}},{"name":"icons_335","from":[11,2,7.5],"to":[12,14,8.5],"rotation":{"angle":0,"axis":"y","origin":[-8,-114,7.5]},"faces":{"north":{"uv":[1.25,8,1.1875,8.75],"texture":"#0"},"east":{"uv":[1.1875,8,1.25,8.75],"texture":"#0"},"south":{"uv":[1.1875,8,1.25,8.75],"texture":"#0"},"west":{"uv":[1.1875,8,1.25,8.75],"texture":"#0"},"up":{"uv":[1.1875,8,1.25,8.0625],"texture":"#0"},"down":{"uv":[1.1875,8.6875,1.25,8.75],"texture":"#0"}}},{"name":"icons_340","from":[3,9,7.5],"to":[5,12,8.5],"rotation":{"angle":0,"axis":"y","origin":[-8,-114,7.5]},"faces":{"north":{"uv":[0.8125,8.125,0.6875,8.3125],"texture":"#0"},"east":{"uv":[0.75,8.125,0.8125,8.3125],"texture":"#0"},"south":{"uv":[0.6875,8.125,0.8125,8.3125],"texture":"#0"},"west":{"uv":[0.6875,8.125,0.75,8.3125],"texture":"#0"},"up":{"uv":[0.6875,8.125,0.8125,8.1875],"texture":"#0"},"down":{"uv":[0.6875,8.25,0.8125,8.3125],"texture":"#0"}}},{"name":"icons_341","from":[12,9,7.5],"to":[14,12,8.5],"rotation":{"angle":0,"axis":"y","origin":[-8,-114,7.5]},"faces":{"north":{"uv":[1.375,8.125,1.25,8.3125],"texture":"#0"},"east":{"uv":[1.3125,8.125,1.375,8.3125],"texture":"#0"},"south":{"uv":[1.25,8.125,1.375,8.3125],"texture":"#0"},"west":{"uv":[1.25,8.125,1.3125,8.3125],"texture":"#0"},"up":{"uv":[1.25,8.125,1.375,8.1875],"texture":"#0"},"down":{"uv":[1.25,8.25,1.375,8.3125],"texture":"#0"}}},{"name":"icons_343","from":[4,2,7.5],"to":[5,9,8.5],"rotation":{"angle":0,"axis":"y","origin":[-8,-114,7.5]},"faces":{"north":{"uv":[0.8125,8.3125,0.75,8.75],"texture":"#0"},"east":{"uv":[0.75,8.3125,0.8125,8.75],"texture":"#0"},"south":{"uv":[0.75,8.3125,0.8125,8.75],"texture":"#0"},"west":{"uv":[0.75,8.3125,0.8125,8.75],"texture":"#0"},"up":{"uv":[0.75,8.3125,0.8125,8.375],"texture":"#0"},"down":{"uv":[0.75,8.6875,0.8125,8.75],"texture":"#0"}}},{"name":"icons_344","from":[12,2,7.5],"to":[13,9,8.5],"rotation":{"angle":0,"axis":"y","origin":[-8,-114,7.5]},"faces":{"north":{"uv":[1.3125,8.3125,1.25,8.75],"texture":"#0"},"east":{"uv":[1.25,8.3125,1.3125,8.75],"texture":"#0"},"south":{"uv":[1.25,8.3125,1.3125,8.75],"texture":"#0"},"west":{"uv":[1.25,8.3125,1.3125,8.75],"texture":"#0"},"up":{"uv":[1.25,8.3125,1.3125,8.375],"texture":"#0"},"down":{"uv":[1.25,8.6875,1.3125,8.75],"texture":"#0"}}},{"name":"icons_347","from":[3,3,7.5],"to":[4,8,8.5],"rotation":{"angle":0,"axis":"y","origin":[-8,-114,7.5]},"faces":{"north":{"uv":[0.75,8.375,0.6875,8.6875],"texture":"#0"},"east":{"uv":[0.6875,8.375,0.75,8.6875],"texture":"#0"},"south":{"uv":[0.6875,8.375,0.75,8.6875],"texture":"#0"},"west":{"uv":[0.6875,8.375,0.75,8.6875],"texture":"#0"},"up":{"uv":[0.6875,8.375,0.75,8.4375],"texture":"#0"},"down":{"uv":[0.6875,8.625,0.75,8.6875],"texture":"#0"}}},{"name":"icons_348","from":[13,3,7.5],"to":[14,8,8.5],"rotation":{"angle":0,"axis":"y","origin":[-8,-114,7.5]},"faces":{"north":{"uv":[1.375,8.375,1.3125,8.6875],"texture":"#0"},"east":{"uv":[1.3125,8.375,1.375,8.6875],"texture":"#0"},"south":{"uv":[1.3125,8.375,1.375,8.6875],"texture":"#0"},"west":{"uv":[1.3125,8.375,1.375,8.6875],"texture":"#0"},"up":{"uv":[1.3125,8.375,1.375,8.4375],"texture":"#0"},"down":{"uv":[1.3125,8.625,1.375,8.6875],"texture":"#0"}}},{"name":"icons_352","from":[2,4,7.5],"to":[3,7,8.5],"rotation":{"angle":0,"axis":"y","origin":[-8,-114,7.5]},"faces":{"north":{"uv":[0.6875,8.4375,0.625,8.625],"texture":"#0"},"east":{"uv":[0.625,8.4375,0.6875,8.625],"texture":"#0"},"south":{"uv":[0.625,8.4375,0.6875,8.625],"texture":"#0"},"west":{"uv":[0.625,8.4375,0.6875,8.625],"texture":"#0"},"up":{"uv":[0.625,8.4375,0.6875,8.5],"texture":"#0"},"down":{"uv":[0.625,8.5625,0.6875,8.625],"texture":"#0"}}},{"name":"icons_353","from":[14,4,7.5],"to":[15,7,8.5],"rotation":{"angle":0,"axis":"y","origin":[-8,-114,7.5]},"faces":{"north":{"uv":[1.4375,8.4375,1.375,8.625],"texture":"#0"},"east":{"uv":[1.375,8.4375,1.4375,8.625],"texture":"#0"},"south":{"uv":[1.375,8.4375,1.4375,8.625],"texture":"#0"},"west":{"uv":[1.375,8.4375,1.4375,8.625],"texture":"#0"},"up":{"uv":[1.375,8.4375,1.4375,8.5],"texture":"#0"},"down":{"uv":[1.375,8.5625,1.4375,8.625],"texture":"#0"}}},{"name":"shadows_263","from":[3,8,7.5],"to":[4,9,8.5],"rotation":{"angle":0,"axis":"y","origin":[-8,-114,7.5]},"faces":{"north":{"uv":[0.75,8.3125,0.6875,8.375],"texture":"#0"},"east":{"uv":[0.6875,8.3125,0.75,8.375],"texture":"#0"},"south":{"uv":[0.6875,8.3125,0.75,8.375],"texture":"#0"},"west":{"uv":[0.6875,8.3125,0.75,8.375],"texture":"#0"},"up":{"uv":[0.6875,8.3125,0.75,8.375],"texture":"#0"},"down":{"uv":[0.6875,8.3125,0.75,8.375],"texture":"#0"}}},{"name":"shadows_264","from":[13,8,7.5],"to":[14,9,8.5],"rotation":{"angle":0,"axis":"y","origin":[-8,-114,7.5]},"faces":{"north":{"uv":[1.375,8.3125,1.3125,8.375],"texture":"#0"},"east":{"uv":[1.3125,8.3125,1.375,8.375],"texture":"#0"},"south":{"uv":[1.3125,8.3125,1.375,8.375],"texture":"#0"},"west":{"uv":[1.3125,8.3125,1.375,8.375],"texture":"#0"},"up":{"uv":[1.3125,8.3125,1.375,8.375],"texture":"#0"},"down":{"uv":[1.3125,8.3125,1.375,8.375],"texture":"#0"}}},{"name":"shadows_270","from":[2,3,7.5],"to":[3,4,8.5],"rotation":{"angle":0,"axis":"y","origin":[-8,-114,7.5]},"faces":{"north":{"uv":[0.6875,8.625,0.625,8.6875],"texture":"#0"},"east":{"uv":[0.625,8.625,0.6875,8.6875],"texture":"#0"},"south":{"uv":[0.625,8.625,0.6875,8.6875],"texture":"#0"},"west":{"uv":[0.625,8.625,0.6875,8.6875],"texture":"#0"},"up":{"uv":[0.625,8.625,0.6875,8.6875],"texture":"#0"},"down":{"uv":[0.625,8.625,0.6875,8.6875],"texture":"#0"}}},{"name":"shadows_271","from":[14,3,7.5],"to":[15,4,8.5],"rotation":{"angle":0,"axis":"y","origin":[-8,-114,7.5]},"faces":{"north":{"uv":[1.4375,8.625,1.375,8.6875],"texture":"#0"},"east":{"uv":[1.375,8.625,1.4375,8.6875],"texture":"#0"},"south":{"uv":[1.375,8.625,1.4375,8.6875],"texture":"#0"},"west":{"uv":[1.375,8.625,1.4375,8.6875],"texture":"#0"},"up":{"uv":[1.375,8.625,1.4375,8.6875],"texture":"#0"},"down":{"uv":[1.375,8.625,1.4375,8.6875],"texture":"#0"}}},{"name":"shadows_272","from":[3,2,7.5],"to":[4,3,8.5],"rotation":{"angle":0,"axis":"y","origin":[-8,-114,7.5]},"faces":{"north":{"uv":[0.75,8.6875,0.6875,8.75],"texture":"#0"},"east":{"uv":[0.6875,8.6875,0.75,8.75],"texture":"#0"},"south":{"uv":[0.6875,8.6875,0.75,8.75],"texture":"#0"},"west":{"uv":[0.6875,8.6875,0.75,8.75],"texture":"#0"},"up":{"uv":[0.6875,8.6875,0.75,8.75],"texture":"#0"},"down":{"uv":[0.6875,8.6875,0.75,8.75],"texture":"#0"}}},{"name":"shadows_273","from":[13,2,7.5],"to":[14,3,8.5],"rotation":{"angle":0,"axis":"y","origin":[-8,-114,7.5]},"faces":{"north":{"uv":[1.375,8.6875,1.3125,8.75],"texture":"#0"},"east":{"uv":[1.3125,8.6875,1.375,8.75],"texture":"#0"},"south":{"uv":[1.3125,8.6875,1.375,8.75],"texture":"#0"},"west":{"uv":[1.3125,8.6875,1.375,8.75],"texture":"#0"},"up":{"uv":[1.3125,8.6875,1.375,8.75],"texture":"#0"},"down":{"uv":[1.3125,8.6875,1.375,8.75],"texture":"#0"}}},{"name":"shadows_276","from":[4,1,7.5],"to":[6,2,8.5],"rotation":{"angle":0,"axis":"y","origin":[-8,-114,7.5]},"faces":{"north":{"uv":[0.875,8.75,0.75,8.8125],"texture":"#0"},"east":{"uv":[0.8125,8.75,0.875,8.8125],"texture":"#0"},"south":{"uv":[0.75,8.75,0.875,8.8125],"texture":"#0"},"west":{"uv":[0.75,8.75,0.8125,8.8125],"texture":"#0"},"up":{"uv":[0.75,8.75,0.875,8.8125],"texture":"#0"},"down":{"uv":[0.75,8.75,0.875,8.8125],"texture":"#0"}}},{"name":"shadows_277","from":[11,1,7.5],"to":[13,2,8.5],"rotation":{"angle":0,"axis":"y","origin":[-8,-114,7.5]},"faces":{"north":{"uv":[1.3125,8.75,1.1875,8.8125],"texture":"#0"},"east":{"uv":[1.25,8.75,1.3125,8.8125],"texture":"#0"},"south":{"uv":[1.1875,8.75,1.3125,8.8125],"texture":"#0"},"west":{"uv":[1.1875,8.75,1.25,8.8125],"texture":"#0"},"up":{"uv":[1.1875,8.75,1.3125,8.8125],"texture":"#0"},"down":{"uv":[1.1875,8.75,1.3125,8.8125],"texture":"#0"}}},{"name":"shadows_281","from":[6,0,7.5],"to":[11,1,8.5],"rotation":{"angle":0,"axis":"y","origin":[-8,-114,7.5]},"faces":{"north":{"uv":[1.1875,8.8125,0.875,8.875],"texture":"#0"},"east":{"uv":[1.125,8.8125,1.1875,8.875],"texture":"#0"},"south":{"uv":[0.875,8.8125,1.1875,8.875],"texture":"#0"},"west":{"uv":[0.875,8.8125,0.9375,8.875],"texture":"#0"},"up":{"uv":[0.875,8.8125,1.1875,8.875],"texture":"#0"},"down":{"uv":[0.875,8.8125,1.1875,8.875],"texture":"#0"}}}],"gui_light":"front","display":{"thirdperson_righthand":{"translation":[0,3,1],"scale":[0.55,0.55,0.55]},"thirdperson_lefthand":{"translation":[0,3,1],"scale":[0.55,0.55,0.55]},"firstperson_righthand":{"rotation":[0,-90,25],"translation":[1.13,3.2,1.13],"scale":[0.68,0.68,0.68]},"firstperson_lefthand":{"rotation":[0,-90,25],"translation":[1.13,3.2,1.13],"scale":[0.68,0.68,0.68]},"ground":{"translation":[0,2,0],"scale":[0.5,0.5,0.5]},"head":{"rotation":[0,180,0],"translation":[0,13,7]},"fixed":{"rotation":[0,180,0]}},"mcmodels":"f03d6055f7da1f7cda7e3c8a45ea57c3"}