{"credit":"Made with Blockbench","textures":{"0":"social_icons_pack:icons","particle":"social_icons_pack:icons"},"elements":[{"name":"icons_387","from":[3,1,7.5],"to":[13,16,8.5],"rotation":{"angle":0,"axis":"y","origin":[-26,-78,7.5]},"faces":{"north":{"uv":[2.4375,10.125,1.8125,11.0625],"texture":"#0"},"east":{"uv":[2.375,10.125,2.4375,11.0625],"texture":"#0"},"south":{"uv":[1.8125,10.125,2.4375,11.0625],"texture":"#0"},"west":{"uv":[1.8125,10.125,1.875,11.0625],"texture":"#0"},"up":{"uv":[1.8125,10.125,2.4375,10.1875],"texture":"#0"},"down":{"uv":[1.8125,11,2.4375,11.0625],"texture":"#0"}}},{"name":"icons_394","from":[2,2,7.5],"to":[3,15,8.5],"rotation":{"angle":0,"axis":"y","origin":[-26,-78,7.5]},"faces":{"north":{"uv":[1.8125,10.1875,1.75,11],"texture":"#0"},"east":{"uv":[1.75,10.1875,1.8125,11],"texture":"#0"},"south":{"uv":[1.75,10.1875,1.8125,11],"texture":"#0"},"west":{"uv":[1.75,10.1875,1.8125,11],"texture":"#0"},"up":{"uv":[1.75,10.1875,1.8125,10.25],"texture":"#0"},"down":{"uv":[1.75,10.9375,1.8125,11],"texture":"#0"}}},{"name":"icons_395","from":[13,2,7.5],"to":[14,15,8.5],"rotation":{"angle":0,"axis":"y","origin":[-26,-78,7.5]},"faces":{"north":{"uv":[2.5,10.1875,2.4375,11],"texture":"#0"},"east":{"uv":[2.4375,10.1875,2.5,11],"texture":"#0"},"south":{"uv":[2.4375,10.1875,2.5,11],"texture":"#0"},"west":{"uv":[2.4375,10.1875,2.5,11],"texture":"#0"},"up":{"uv":[2.4375,10.1875,2.5,10.25],"texture":"#0"},"down":{"uv":[2.4375,10.9375,2.5,11],"texture":"#0"}}},{"name":"icons_404","from":[1,3,7.5],"to":[2,14,8.5],"rotation":{"angle":0,"axis":"y","origin":[-26,-78,7.5]},"faces":{"north":{"uv":[1.75,10.25,1.6875,10.9375],"texture":"#0"},"east":{"uv":[1.6875,10.25,1.75,10.9375],"texture":"#0"},"south":{"uv":[1.6875,10.25,1.75,10.9375],"texture":"#0"},"west":{"uv":[1.6875,10.25,1.75,10.9375],"texture":"#0"},"up":{"uv":[1.6875,10.25,1.75,10.3125],"texture":"#0"},"down":{"uv":[1.6875,10.875,1.75,10.9375],"texture":"#0"}}},{"name":"icons_405","from":[14,3,7.5],"to":[15,14,8.5],"rotation":{"angle":0,"axis":"y","origin":[-26,-78,7.5]},"faces":{"north":{"uv":[2.5625,10.25,2.5,10.9375],"texture":"#0"},"east":{"uv":[2.5,10.25,2.5625,10.9375],"texture":"#0"},"south":{"uv":[2.5,10.25,2.5625,10.9375],"texture":"#0"},"west":{"uv":[2.5,10.25,2.5625,10.9375],"texture":"#0"},"up":{"uv":[2.5,10.25,2.5625,10.3125],"texture":"#0"},"down":{"uv":[2.5,10.875,2.5625,10.9375],"texture":"#0"}}},{"name":"shadows_321","from":[1,2,7.5],"to":[2,3,8.5],"rotation":{"angle":0,"axis":"y","origin":[-26,-78,7.5]},"faces":{"north":{"uv":[1.75,10.9375,1.6875,11],"texture":"#0"},"east":{"uv":[1.6875,10.9375,1.75,11],"texture":"#0"},"south":{"uv":[1.6875,10.9375,1.75,11],"texture":"#0"},"west":{"uv":[1.6875,10.9375,1.75,11],"texture":"#0"},"up":{"uv":[1.6875,10.9375,1.75,11],"texture":"#0"},"down":{"uv":[1.6875,10.9375,1.75,11],"texture":"#0"}}},{"name":"shadows_322","from":[14,2,7.5],"to":[15,3,8.5],"rotation":{"angle":0,"axis":"y","origin":[-26,-78,7.5]},"faces":{"north":{"uv":[2.5625,10.9375,2.5,11],"texture":"#0"},"east":{"uv":[2.5,10.9375,2.5625,11],"texture":"#0"},"south":{"uv":[2.5,10.9375,2.5625,11],"texture":"#0"},"west":{"uv":[2.5,10.9375,2.5625,11],"texture":"#0"},"up":{"uv":[2.5,10.9375,2.5625,11],"texture":"#0"},"down":{"uv":[2.5,10.9375,2.5625,11],"texture":"#0"}}},{"name":"shadows_327","from":[2,1,7.5],"to":[3,2,8.5],"rotation":{"angle":0,"axis":"y","origin":[-26,-78,7.5]},"faces":{"north":{"uv":[1.8125,11,1.75,11.0625],"texture":"#0"},"east":{"uv":[1.75,11,1.8125,11.0625],"texture":"#0"},"south":{"uv":[1.75,11,1.8125,11.0625],"texture":"#0"},"west":{"uv":[1.75,11,1.8125,11.0625],"texture":"#0"},"up":{"uv":[1.75,11,1.8125,11.0625],"texture":"#0"},"down":{"uv":[1.75,11,1.8125,11.0625],"texture":"#0"}}},{"name":"shadows_328","from":[13,1,7.5],"to":[14,2,8.5],"rotation":{"angle":0,"axis":"y","origin":[-26,-78,7.5]},"faces":{"north":{"uv":[2.5,11,2.4375,11.0625],"texture":"#0"},"east":{"uv":[2.4375,11,2.5,11.0625],"texture":"#0"},"south":{"uv":[2.4375,11,2.5,11.0625],"texture":"#0"},"west":{"uv":[2.4375,11,2.5,11.0625],"texture":"#0"},"up":{"uv":[2.4375,11,2.5,11.0625],"texture":"#0"},"down":{"uv":[2.4375,11,2.5,11.0625],"texture":"#0"}}},{"name":"shadows_332","from":[3,0,7.5],"to":[13,1,8.5],"rotation":{"angle":0,"axis":"y","origin":[-26,-78,7.5]},"faces":{"north":{"uv":[2.4375,11.0625,1.8125,11.125],"texture":"#0"},"east":{"uv":[2.375,11.0625,2.4375,11.125],"texture":"#0"},"south":{"uv":[1.8125,11.0625,2.4375,11.125],"texture":"#0"},"west":{"uv":[1.8125,11.0625,1.875,11.125],"texture":"#0"},"up":{"uv":[1.8125,11.0625,2.4375,11.125],"texture":"#0"},"down":{"uv":[1.8125,11.0625,2.4375,11.125],"texture":"#0"}}}],"gui_light":"front","display":{"thirdperson_righthand":{"translation":[0,3,1],"scale":[0.55,0.55,0.55]},"thirdperson_lefthand":{"translation":[0,3,1],"scale":[0.55,0.55,0.55]},"firstperson_righthand":{"rotation":[0,-90,25],"translation":[1.13,3.2,1.13],"scale":[0.68,0.68,0.68]},"firstperson_lefthand":{"rotation":[0,-90,25],"translation":[1.13,3.2,1.13],"scale":[0.68,0.68,0.68]},"ground":{"translation":[0,2,0],"scale":[0.5,0.5,0.5]},"head":{"rotation":[0,180,0],"translation":[0,13,7]},"fixed":{"rotation":[0,180,0]}},"mcmodels":"f03d6055f7da1f7cda7e3c8a45ea57c3"}