{"credit":"Made with Blockbench","textures":{"0":"social_icons_pack:icons","particle":"social_icons_pack:icons"},"elements":[{"name":"icons_457","from":[4.5,1,7.5],"to":[11.5,16,8.5],"rotation":{"angle":0,"axis":"y","origin":[-43.5,-42,7.5]},"faces":{"north":{"uv":[3.4375,12.375,3,13.3125],"texture":"#0"},"east":{"uv":[3.375,12.375,3.4375,13.3125],"texture":"#0"},"south":{"uv":[3,12.375,3.4375,13.3125],"texture":"#0"},"west":{"uv":[3,12.375,3.0625,13.3125],"texture":"#0"},"up":{"uv":[3,12.375,3.4375,12.4375],"texture":"#0"},"down":{"uv":[3,13.25,3.4375,13.3125],"texture":"#0"}}},{"name":"icons_462","from":[3.5,2,7.5],"to":[4.5,15,8.5],"rotation":{"angle":0,"axis":"y","origin":[-43.5,-42,7.5]},"faces":{"north":{"uv":[3,12.4375,2.9375,13.25],"texture":"#0"},"east":{"uv":[2.9375,12.4375,3,13.25],"texture":"#0"},"south":{"uv":[2.9375,12.4375,3,13.25],"texture":"#0"},"west":{"uv":[2.9375,12.4375,3,13.25],"texture":"#0"},"up":{"uv":[2.9375,12.4375,3,12.5],"texture":"#0"},"down":{"uv":[2.9375,13.1875,3,13.25],"texture":"#0"}}},{"name":"icons_463","from":[11.5,2,7.5],"to":[12.5,15,8.5],"rotation":{"angle":0,"axis":"y","origin":[-43.5,-42,7.5]},"faces":{"north":{"uv":[3.5,12.4375,3.4375,13.25],"texture":"#0"},"east":{"uv":[3.4375,12.4375,3.5,13.25],"texture":"#0"},"south":{"uv":[3.4375,12.4375,3.5,13.25],"texture":"#0"},"west":{"uv":[3.4375,12.4375,3.5,13.25],"texture":"#0"},"up":{"uv":[3.4375,12.4375,3.5,12.5],"texture":"#0"},"down":{"uv":[3.4375,13.1875,3.5,13.25],"texture":"#0"}}},{"name":"icons_471","from":[2.5,3,7.5],"to":[3.5,14,8.5],"rotation":{"angle":0,"axis":"y","origin":[-43.5,-42,7.5]},"faces":{"north":{"uv":[2.9375,12.5,2.875,13.1875],"texture":"#0"},"east":{"uv":[2.875,12.5,2.9375,13.1875],"texture":"#0"},"south":{"uv":[2.875,12.5,2.9375,13.1875],"texture":"#0"},"west":{"uv":[2.875,12.5,2.9375,13.1875],"texture":"#0"},"up":{"uv":[2.875,12.5,2.9375,12.5625],"texture":"#0"},"down":{"uv":[2.875,13.125,2.9375,13.1875],"texture":"#0"}}},{"name":"icons_472","from":[12.5,3,7.5],"to":[13.5,14,8.5],"rotation":{"angle":0,"axis":"y","origin":[-43.5,-42,7.5]},"faces":{"north":{"uv":[3.5625,12.5,3.5,13.1875],"texture":"#0"},"east":{"uv":[3.5,12.5,3.5625,13.1875],"texture":"#0"},"south":{"uv":[3.5,12.5,3.5625,13.1875],"texture":"#0"},"west":{"uv":[3.5,12.5,3.5625,13.1875],"texture":"#0"},"up":{"uv":[3.5,12.5,3.5625,12.5625],"texture":"#0"},"down":{"uv":[3.5,13.125,3.5625,13.1875],"texture":"#0"}}},{"name":"shadows_377","from":[2.5,2,7.5],"to":[3.5,3,8.5],"rotation":{"angle":0,"axis":"y","origin":[-43.5,-42,7.5]},"faces":{"north":{"uv":[2.9375,13.1875,2.875,13.25],"texture":"#0"},"east":{"uv":[2.875,13.1875,2.9375,13.25],"texture":"#0"},"south":{"uv":[2.875,13.1875,2.9375,13.25],"texture":"#0"},"west":{"uv":[2.875,13.1875,2.9375,13.25],"texture":"#0"},"up":{"uv":[2.875,13.1875,2.9375,13.25],"texture":"#0"},"down":{"uv":[2.875,13.1875,2.9375,13.25],"texture":"#0"}}},{"name":"shadows_378","from":[12.5,2,7.5],"to":[13.5,3,8.5],"rotation":{"angle":0,"axis":"y","origin":[-43.5,-42,7.5]},"faces":{"north":{"uv":[3.5625,13.1875,3.5,13.25],"texture":"#0"},"east":{"uv":[3.5,13.1875,3.5625,13.25],"texture":"#0"},"south":{"uv":[3.5,13.1875,3.5625,13.25],"texture":"#0"},"west":{"uv":[3.5,13.1875,3.5625,13.25],"texture":"#0"},"up":{"uv":[3.5,13.1875,3.5625,13.25],"texture":"#0"},"down":{"uv":[3.5,13.1875,3.5625,13.25],"texture":"#0"}}},{"name":"shadows_380","from":[3.5,1,7.5],"to":[4.5,2,8.5],"rotation":{"angle":0,"axis":"y","origin":[-43.5,-42,7.5]},"faces":{"north":{"uv":[3,13.25,2.9375,13.3125],"texture":"#0"},"east":{"uv":[2.9375,13.25,3,13.3125],"texture":"#0"},"south":{"uv":[2.9375,13.25,3,13.3125],"texture":"#0"},"west":{"uv":[2.9375,13.25,3,13.3125],"texture":"#0"},"up":{"uv":[2.9375,13.25,3,13.3125],"texture":"#0"},"down":{"uv":[2.9375,13.25,3,13.3125],"texture":"#0"}}},{"name":"shadows_381","from":[11.5,1,7.5],"to":[12.5,2,8.5],"rotation":{"angle":0,"axis":"y","origin":[-43.5,-42,7.5]},"faces":{"north":{"uv":[3.5,13.25,3.4375,13.3125],"texture":"#0"},"east":{"uv":[3.4375,13.25,3.5,13.3125],"texture":"#0"},"south":{"uv":[3.4375,13.25,3.5,13.3125],"texture":"#0"},"west":{"uv":[3.4375,13.25,3.5,13.3125],"texture":"#0"},"up":{"uv":[3.4375,13.25,3.5,13.3125],"texture":"#0"},"down":{"uv":[3.4375,13.25,3.5,13.3125],"texture":"#0"}}},{"name":"shadows_382","from":[4.5,0,7.5],"to":[11.5,1,8.5],"rotation":{"angle":0,"axis":"y","origin":[-43.5,-42,7.5]},"faces":{"north":{"uv":[3.4375,13.3125,3,13.375],"texture":"#0"},"east":{"uv":[3.375,13.3125,3.4375,13.375],"texture":"#0"},"south":{"uv":[3,13.3125,3.4375,13.375],"texture":"#0"},"west":{"uv":[3,13.3125,3.0625,13.375],"texture":"#0"},"up":{"uv":[3,13.3125,3.4375,13.375],"texture":"#0"},"down":{"uv":[3,13.3125,3.4375,13.375],"texture":"#0"}}}],"gui_light":"front","display":{"thirdperson_righthand":{"translation":[0,3,1],"scale":[0.55,0.55,0.55]},"thirdperson_lefthand":{"translation":[0,3,1],"scale":[0.55,0.55,0.55]},"firstperson_righthand":{"rotation":[0,-90,25],"translation":[1.13,3.2,1.13],"scale":[0.68,0.68,0.68]},"firstperson_lefthand":{"rotation":[0,-90,25],"translation":[1.13,3.2,1.13],"scale":[0.68,0.68,0.68]},"ground":{"translation":[0,2,0],"scale":[0.5,0.5,0.5]},"head":{"rotation":[0,180,0],"translation":[0,13,7]},"fixed":{"rotation":[0,180,0]}},"mcmodels":"f03d6055f7da1f7cda7e3c8a45ea57c3"}