{"credit":"Made with Blockbench","textures":{"0":"social_icons_pack:icons","particle":"social_icons_pack:icons"},"elements":[{"name":"icons_136","from":[2,0,7.5],"to":[15,16,8.5],"rotation":{"angle":0,"axis":"y","origin":[-80,-186,7.5]},"faces":{"north":{"uv":[12.6875,4.5,11.875,5.5],"texture":"#0"},"east":{"uv":[12.625,4.5,12.6875,5.5],"texture":"#0"},"south":{"uv":[11.875,4.5,12.6875,5.5],"texture":"#0"},"west":{"uv":[11.875,4.5,11.9375,5.5],"texture":"#0"},"up":{"uv":[11.875,4.5,12.6875,4.5625],"texture":"#0"},"down":{"uv":[11.875,5.4375,12.6875,5.5],"texture":"#0"}}},{"name":"icons_149","from":[1,1,7.5],"to":[2,15,8.5],"rotation":{"angle":0,"axis":"y","origin":[-80,-186,7.5]},"faces":{"north":{"uv":[11.875,4.5625,11.8125,5.4375],"texture":"#0"},"east":{"uv":[11.8125,4.5625,11.875,5.4375],"texture":"#0"},"south":{"uv":[11.8125,4.5625,11.875,5.4375],"texture":"#0"},"west":{"uv":[11.8125,4.5625,11.875,5.4375],"texture":"#0"},"up":{"uv":[11.8125,4.5625,11.875,4.625],"texture":"#0"},"down":{"uv":[11.8125,5.375,11.875,5.4375],"texture":"#0"}}},{"name":"icons_150","from":[15,1,7.5],"to":[16,15,8.5],"rotation":{"angle":0,"axis":"y","origin":[-80,-186,7.5]},"faces":{"north":{"uv":[12.75,4.5625,12.6875,5.4375],"texture":"#0"},"east":{"uv":[12.6875,4.5625,12.75,5.4375],"texture":"#0"},"south":{"uv":[12.6875,4.5625,12.75,5.4375],"texture":"#0"},"west":{"uv":[12.6875,4.5625,12.75,5.4375],"texture":"#0"},"up":{"uv":[12.6875,4.5625,12.75,4.625],"texture":"#0"},"down":{"uv":[12.6875,5.375,12.75,5.4375],"texture":"#0"}}},{"name":"shadows_131","from":[1,0,7.5],"to":[2,1,8.5],"rotation":{"angle":0,"axis":"y","origin":[-80,-186,7.5]},"faces":{"north":{"uv":[11.875,5.4375,11.8125,5.5],"texture":"#0"},"east":{"uv":[11.8125,5.4375,11.875,5.5],"texture":"#0"},"south":{"uv":[11.8125,5.4375,11.875,5.5],"texture":"#0"},"west":{"uv":[11.8125,5.4375,11.875,5.5],"texture":"#0"},"up":{"uv":[11.8125,5.4375,11.875,5.5],"texture":"#0"},"down":{"uv":[11.8125,5.4375,11.875,5.5],"texture":"#0"}}},{"name":"shadows_132","from":[15,0,7.5],"to":[16,1,8.5],"rotation":{"angle":0,"axis":"y","origin":[-80,-186,7.5]},"faces":{"north":{"uv":[12.75,5.4375,12.6875,5.5],"texture":"#0"},"east":{"uv":[12.6875,5.4375,12.75,5.5],"texture":"#0"},"south":{"uv":[12.6875,5.4375,12.75,5.5],"texture":"#0"},"west":{"uv":[12.6875,5.4375,12.75,5.5],"texture":"#0"},"up":{"uv":[12.6875,5.4375,12.75,5.5],"texture":"#0"},"down":{"uv":[12.6875,5.4375,12.75,5.5],"texture":"#0"}}},{"name":"shadows_144","from":[2,-1,7.5],"to":[15,0,8.5],"rotation":{"angle":0,"axis":"y","origin":[-80,-186,7.5]},"faces":{"north":{"uv":[12.6875,5.5,11.875,5.5625],"texture":"#0"},"east":{"uv":[12.625,5.5,12.6875,5.5625],"texture":"#0"},"south":{"uv":[11.875,5.5,12.6875,5.5625],"texture":"#0"},"west":{"uv":[11.875,5.5,11.9375,5.5625],"texture":"#0"},"up":{"uv":[11.875,5.5,12.6875,5.5625],"texture":"#0"},"down":{"uv":[11.875,5.5,12.6875,5.5625],"texture":"#0"}}}],"gui_light":"front","display":{"thirdperson_righthand":{"translation":[0,3,1],"scale":[0.55,0.55,0.55]},"thirdperson_lefthand":{"translation":[0,3,1],"scale":[0.55,0.55,0.55]},"firstperson_righthand":{"rotation":[0,-90,25],"translation":[1.13,3.2,1.13],"scale":[0.68,0.68,0.68]},"firstperson_lefthand":{"rotation":[0,-90,25],"translation":[1.13,3.2,1.13],"scale":[0.68,0.68,0.68]},"ground":{"translation":[0,2,0],"scale":[0.5,0.5,0.5]},"head":{"rotation":[0,180,0],"translation":[0,13,7]},"fixed":{"rotation":[0,180,0]}},"mcmodels":"f03d6055f7da1f7cda7e3c8a45ea57c3"}