{"credit":"Made with Blockbench","textures":{"0":"social_icons_pack:icons","particle":"social_icons_pack:icons"},"elements":[{"name":"icons_196","from":[6,4,7.5],"to":[11,15,8.5],"rotation":{"angle":0,"axis":"y","origin":[-134,-168,7.5]},"faces":{"north":{"uv":[9.0625,4.5625,8.75,5.25],"texture":"#0"},"east":{"uv":[9,4.5625,9.0625,5.25],"texture":"#0"},"south":{"uv":[8.75,4.5625,9.0625,5.25],"texture":"#0"},"west":{"uv":[8.75,4.5625,8.8125,5.25],"texture":"#0"},"up":{"uv":[8.75,4.5625,9.0625,4.625],"texture":"#0"},"down":{"uv":[8.75,5.1875,9.0625,5.25],"texture":"#0"}}},{"name":"icons_207","from":[4,5,7.5],"to":[6,14,8.5],"rotation":{"angle":0,"axis":"y","origin":[-134,-168,7.5]},"faces":{"north":{"uv":[8.75,4.625,8.625,5.1875],"texture":"#0"},"east":{"uv":[8.6875,4.625,8.75,5.1875],"texture":"#0"},"south":{"uv":[8.625,4.625,8.75,5.1875],"texture":"#0"},"west":{"uv":[8.625,4.625,8.6875,5.1875],"texture":"#0"},"up":{"uv":[8.625,4.625,8.75,4.6875],"texture":"#0"},"down":{"uv":[8.625,5.125,8.75,5.1875],"texture":"#0"}}},{"name":"icons_208","from":[11,2,7.5],"to":[13,14,8.5],"rotation":{"angle":0,"axis":"y","origin":[-134,-168,7.5]},"faces":{"north":{"uv":[9.1875,4.625,9.0625,5.375],"texture":"#0"},"east":{"uv":[9.125,4.625,9.1875,5.375],"texture":"#0"},"south":{"uv":[9.0625,4.625,9.1875,5.375],"texture":"#0"},"west":{"uv":[9.0625,4.625,9.125,5.375],"texture":"#0"},"up":{"uv":[9.0625,4.625,9.1875,4.6875],"texture":"#0"},"down":{"uv":[9.0625,5.3125,9.1875,5.375],"texture":"#0"}}},{"name":"icons_215","from":[3,5,7.5],"to":[4,13,8.5],"rotation":{"angle":0,"axis":"y","origin":[-134,-168,7.5]},"faces":{"north":{"uv":[8.625,4.6875,8.5625,5.1875],"texture":"#0"},"east":{"uv":[8.5625,4.6875,8.625,5.1875],"texture":"#0"},"south":{"uv":[8.5625,4.6875,8.625,5.1875],"texture":"#0"},"west":{"uv":[8.5625,4.6875,8.625,5.1875],"texture":"#0"},"up":{"uv":[8.5625,4.6875,8.625,4.75],"texture":"#0"},"down":{"uv":[8.5625,5.125,8.625,5.1875],"texture":"#0"}}},{"name":"icons_216","from":[13,3,7.5],"to":[14,13,8.5],"rotation":{"angle":0,"axis":"y","origin":[-134,-168,7.5]},"faces":{"north":{"uv":[9.25,4.6875,9.1875,5.3125],"texture":"#0"},"east":{"uv":[9.1875,4.6875,9.25,5.3125],"texture":"#0"},"south":{"uv":[9.1875,4.6875,9.25,5.3125],"texture":"#0"},"west":{"uv":[9.1875,4.6875,9.25,5.3125],"texture":"#0"},"up":{"uv":[9.1875,4.6875,9.25,4.75],"texture":"#0"},"down":{"uv":[9.1875,5.25,9.25,5.3125],"texture":"#0"}}},{"name":"icons_221","from":[2,5,7.5],"to":[3,12,8.5],"rotation":{"angle":0,"axis":"y","origin":[-134,-168,7.5]},"faces":{"north":{"uv":[8.5625,4.75,8.5,5.1875],"texture":"#0"},"east":{"uv":[8.5,4.75,8.5625,5.1875],"texture":"#0"},"south":{"uv":[8.5,4.75,8.5625,5.1875],"texture":"#0"},"west":{"uv":[8.5,4.75,8.5625,5.1875],"texture":"#0"},"up":{"uv":[8.5,4.75,8.5625,4.8125],"texture":"#0"},"down":{"uv":[8.5,5.125,8.5625,5.1875],"texture":"#0"}}},{"name":"icons_222","from":[14,5,7.5],"to":[15,12,8.5],"rotation":{"angle":0,"axis":"y","origin":[-134,-168,7.5]},"faces":{"north":{"uv":[9.3125,4.75,9.25,5.1875],"texture":"#0"},"east":{"uv":[9.25,4.75,9.3125,5.1875],"texture":"#0"},"south":{"uv":[9.25,4.75,9.3125,5.1875],"texture":"#0"},"west":{"uv":[9.25,4.75,9.3125,5.1875],"texture":"#0"},"up":{"uv":[9.25,4.75,9.3125,4.8125],"texture":"#0"},"down":{"uv":[9.25,5.125,9.3125,5.1875],"texture":"#0"}}},{"name":"icons_227","from":[1,5,7.5],"to":[2,10,8.5],"rotation":{"angle":0,"axis":"y","origin":[-134,-168,7.5]},"faces":{"north":{"uv":[8.5,4.875,8.4375,5.1875],"texture":"#0"},"east":{"uv":[8.4375,4.875,8.5,5.1875],"texture":"#0"},"south":{"uv":[8.4375,4.875,8.5,5.1875],"texture":"#0"},"west":{"uv":[8.4375,4.875,8.5,5.1875],"texture":"#0"},"up":{"uv":[8.4375,4.875,8.5,4.9375],"texture":"#0"},"down":{"uv":[8.4375,5.125,8.5,5.1875],"texture":"#0"}}},{"name":"icons_228","from":[15,5,7.5],"to":[16,10,8.5],"rotation":{"angle":0,"axis":"y","origin":[-134,-168,7.5]},"faces":{"north":{"uv":[9.375,4.875,9.3125,5.1875],"texture":"#0"},"east":{"uv":[9.3125,4.875,9.375,5.1875],"texture":"#0"},"south":{"uv":[9.3125,4.875,9.375,5.1875],"texture":"#0"},"west":{"uv":[9.3125,4.875,9.375,5.1875],"texture":"#0"},"up":{"uv":[9.3125,4.875,9.375,4.9375],"texture":"#0"},"down":{"uv":[9.3125,5.125,9.375,5.1875],"texture":"#0"}}},{"name":"icons_239","from":[5,4,7.5],"to":[6,5,8.5],"rotation":{"angle":0,"axis":"y","origin":[-134,-168,7.5]},"faces":{"north":{"uv":[8.75,5.1875,8.6875,5.25],"texture":"#0"},"east":{"uv":[8.6875,5.1875,8.75,5.25],"texture":"#0"},"south":{"uv":[8.6875,5.1875,8.75,5.25],"texture":"#0"},"west":{"uv":[8.6875,5.1875,8.75,5.25],"texture":"#0"},"up":{"uv":[8.6875,5.1875,8.75,5.25],"texture":"#0"},"down":{"uv":[8.6875,5.1875,8.75,5.25],"texture":"#0"}}},{"name":"icons_240","from":[8,1,7.5],"to":[11,4,8.5],"rotation":{"angle":0,"axis":"y","origin":[-134,-168,7.5]},"faces":{"north":{"uv":[9.0625,5.25,8.875,5.4375],"texture":"#0"},"east":{"uv":[9,5.25,9.0625,5.4375],"texture":"#0"},"south":{"uv":[8.875,5.25,9.0625,5.4375],"texture":"#0"},"west":{"uv":[8.875,5.25,8.9375,5.4375],"texture":"#0"},"up":{"uv":[8.875,5.25,9.0625,5.3125],"texture":"#0"},"down":{"uv":[8.875,5.375,9.0625,5.4375],"texture":"#0"}}},{"name":"icons_247","from":[11,1,7.5],"to":[12,2,8.5],"rotation":{"angle":0,"axis":"y","origin":[-134,-168,7.5]},"faces":{"north":{"uv":[9.125,5.375,9.0625,5.4375],"texture":"#0"},"east":{"uv":[9.0625,5.375,9.125,5.4375],"texture":"#0"},"south":{"uv":[9.0625,5.375,9.125,5.4375],"texture":"#0"},"west":{"uv":[9.0625,5.375,9.125,5.4375],"texture":"#0"},"up":{"uv":[9.0625,5.375,9.125,5.4375],"texture":"#0"},"down":{"uv":[9.0625,5.375,9.125,5.4375],"texture":"#0"}}},{"name":"shadows_165","from":[1,4,7.5],"to":[5,5,8.5],"rotation":{"angle":0,"axis":"y","origin":[-134,-168,7.5]},"faces":{"north":{"uv":[8.6875,5.1875,8.4375,5.25],"texture":"#0"},"east":{"uv":[8.625,5.1875,8.6875,5.25],"texture":"#0"},"south":{"uv":[8.4375,5.1875,8.6875,5.25],"texture":"#0"},"west":{"uv":[8.4375,5.1875,8.5,5.25],"texture":"#0"},"up":{"uv":[8.4375,5.1875,8.6875,5.25],"texture":"#0"},"down":{"uv":[8.4375,5.1875,8.6875,5.25],"texture":"#0"}}},{"name":"shadows_166","from":[14,4,7.5],"to":[16,5,8.5],"rotation":{"angle":0,"axis":"y","origin":[-134,-168,7.5]},"faces":{"north":{"uv":[9.375,5.1875,9.25,5.25],"texture":"#0"},"east":{"uv":[9.3125,5.1875,9.375,5.25],"texture":"#0"},"south":{"uv":[9.25,5.1875,9.375,5.25],"texture":"#0"},"west":{"uv":[9.25,5.1875,9.3125,5.25],"texture":"#0"},"up":{"uv":[9.25,5.1875,9.375,5.25],"texture":"#0"},"down":{"uv":[9.25,5.1875,9.375,5.25],"texture":"#0"}}},{"name":"shadows_167","from":[5,3,7.5],"to":[8,4,8.5],"rotation":{"angle":0,"axis":"y","origin":[-134,-168,7.5]},"faces":{"north":{"uv":[8.875,5.25,8.6875,5.3125],"texture":"#0"},"east":{"uv":[8.8125,5.25,8.875,5.3125],"texture":"#0"},"south":{"uv":[8.6875,5.25,8.875,5.3125],"texture":"#0"},"west":{"uv":[8.6875,5.25,8.75,5.3125],"texture":"#0"},"up":{"uv":[8.6875,5.25,8.875,5.3125],"texture":"#0"},"down":{"uv":[8.6875,5.25,8.875,5.3125],"texture":"#0"}}},{"name":"shadows_172","from":[13,2,7.5],"to":[14,3,8.5],"rotation":{"angle":0,"axis":"y","origin":[-134,-168,7.5]},"faces":{"north":{"uv":[9.25,5.3125,9.1875,5.375],"texture":"#0"},"east":{"uv":[9.1875,5.3125,9.25,5.375],"texture":"#0"},"south":{"uv":[9.1875,5.3125,9.25,5.375],"texture":"#0"},"west":{"uv":[9.1875,5.3125,9.25,5.375],"texture":"#0"},"up":{"uv":[9.1875,5.3125,9.25,5.375],"texture":"#0"},"down":{"uv":[9.1875,5.3125,9.25,5.375],"texture":"#0"}}},{"name":"shadows_180","from":[12,1,7.5],"to":[13,2,8.5],"rotation":{"angle":0,"axis":"y","origin":[-134,-168,7.5]},"faces":{"north":{"uv":[9.1875,5.375,9.125,5.4375],"texture":"#0"},"east":{"uv":[9.125,5.375,9.1875,5.4375],"texture":"#0"},"south":{"uv":[9.125,5.375,9.1875,5.4375],"texture":"#0"},"west":{"uv":[9.125,5.375,9.1875,5.4375],"texture":"#0"},"up":{"uv":[9.125,5.375,9.1875,5.4375],"texture":"#0"},"down":{"uv":[9.125,5.375,9.1875,5.4375],"texture":"#0"}}},{"name":"shadows_191","from":[8,0,7.5],"to":[12,1,8.5],"rotation":{"angle":0,"axis":"y","origin":[-134,-168,7.5]},"faces":{"north":{"uv":[9.125,5.4375,8.875,5.5],"texture":"#0"},"east":{"uv":[9.0625,5.4375,9.125,5.5],"texture":"#0"},"south":{"uv":[8.875,5.4375,9.125,5.5],"texture":"#0"},"west":{"uv":[8.875,5.4375,8.9375,5.5],"texture":"#0"},"up":{"uv":[8.875,5.4375,9.125,5.5],"texture":"#0"},"down":{"uv":[8.875,5.4375,9.125,5.5],"texture":"#0"}}}],"gui_light":"front","display":{"thirdperson_righthand":{"translation":[0,3,1],"scale":[0.55,0.55,0.55]},"thirdperson_lefthand":{"translation":[0,3,1],"scale":[0.55,0.55,0.55]},"firstperson_righthand":{"rotation":[0,-90,25],"translation":[1.13,3.2,1.13],"scale":[0.68,0.68,0.68]},"firstperson_lefthand":{"rotation":[0,-90,25],"translation":[1.13,3.2,1.13],"scale":[0.68,0.68,0.68]},"ground":{"translation":[0,2,0],"scale":[0.5,0.5,0.5]},"head":{"rotation":[0,180,0],"translation":[0,13,7]},"fixed":{"rotation":[0,180,0]}},"mcmodels":"f03d6055f7da1f7cda7e3c8a45ea57c3"}