{"credit":"Made with Blockbench","textures":{"0":"social_icons_pack:icons","particle":"social_icons_pack:icons"},"elements":[{"name":"icons_484","from":[4,0,7.5],"to":[13,16,8.5],"rotation":{"angle":0,"axis":"y","origin":[-44,-24,7.5]},"faces":{"north":{"uv":[3.5625,13.5,3,14.5],"texture":"#0"},"east":{"uv":[3.5,13.5,3.5625,14.5],"texture":"#0"},"south":{"uv":[3,13.5,3.5625,14.5],"texture":"#0"},"west":{"uv":[3,13.5,3.0625,14.5],"texture":"#0"},"up":{"uv":[3,13.5,3.5625,13.5625],"texture":"#0"},"down":{"uv":[3,14.4375,3.5625,14.5],"texture":"#0"}}},{"name":"icons_488","from":[3,1,7.5],"to":[4,15,8.5],"rotation":{"angle":0,"axis":"y","origin":[-44,-24,7.5]},"faces":{"north":{"uv":[3,13.5625,2.9375,14.4375],"texture":"#0"},"east":{"uv":[2.9375,13.5625,3,14.4375],"texture":"#0"},"south":{"uv":[2.9375,13.5625,3,14.4375],"texture":"#0"},"west":{"uv":[2.9375,13.5625,3,14.4375],"texture":"#0"},"up":{"uv":[2.9375,13.5625,3,13.625],"texture":"#0"},"down":{"uv":[2.9375,14.375,3,14.4375],"texture":"#0"}}},{"name":"icons_489","from":[13,1,7.5],"to":[14,15,8.5],"rotation":{"angle":0,"axis":"y","origin":[-44,-24,7.5]},"faces":{"north":{"uv":[3.625,13.5625,3.5625,14.4375],"texture":"#0"},"east":{"uv":[3.5625,13.5625,3.625,14.4375],"texture":"#0"},"south":{"uv":[3.5625,13.5625,3.625,14.4375],"texture":"#0"},"west":{"uv":[3.5625,13.5625,3.625,14.4375],"texture":"#0"},"up":{"uv":[3.5625,13.5625,3.625,13.625],"texture":"#0"},"down":{"uv":[3.5625,14.375,3.625,14.4375],"texture":"#0"}}},{"name":"icons_497","from":[2,2,7.5],"to":[3,14,8.5],"rotation":{"angle":0,"axis":"y","origin":[-44,-24,7.5]},"faces":{"north":{"uv":[2.9375,13.625,2.875,14.375],"texture":"#0"},"east":{"uv":[2.875,13.625,2.9375,14.375],"texture":"#0"},"south":{"uv":[2.875,13.625,2.9375,14.375],"texture":"#0"},"west":{"uv":[2.875,13.625,2.9375,14.375],"texture":"#0"},"up":{"uv":[2.875,13.625,2.9375,13.6875],"texture":"#0"},"down":{"uv":[2.875,14.3125,2.9375,14.375],"texture":"#0"}}},{"name":"icons_498","from":[14,9,7.5],"to":[15,14,8.5],"rotation":{"angle":0,"axis":"y","origin":[-44,-24,7.5]},"faces":{"north":{"uv":[3.6875,13.625,3.625,13.9375],"texture":"#0"},"east":{"uv":[3.625,13.625,3.6875,13.9375],"texture":"#0"},"south":{"uv":[3.625,13.625,3.6875,13.9375],"texture":"#0"},"west":{"uv":[3.625,13.625,3.6875,13.9375],"texture":"#0"},"up":{"uv":[3.625,13.625,3.6875,13.6875],"texture":"#0"},"down":{"uv":[3.625,13.875,3.6875,13.9375],"texture":"#0"}}},{"name":"icons_500","from":[1,4,7.5],"to":[2,12,8.5],"rotation":{"angle":0,"axis":"y","origin":[-44,-24,7.5]},"faces":{"north":{"uv":[2.875,13.75,2.8125,14.25],"texture":"#0"},"east":{"uv":[2.8125,13.75,2.875,14.25],"texture":"#0"},"south":{"uv":[2.8125,13.75,2.875,14.25],"texture":"#0"},"west":{"uv":[2.8125,13.75,2.875,14.25],"texture":"#0"},"up":{"uv":[2.8125,13.75,2.875,13.8125],"texture":"#0"},"down":{"uv":[2.8125,14.1875,2.875,14.25],"texture":"#0"}}},{"name":"icons_507","from":[14,2,7.5],"to":[15,8,8.5],"rotation":{"angle":0,"axis":"y","origin":[-44,-24,7.5]},"faces":{"north":{"uv":[3.6875,14,3.625,14.375],"texture":"#0"},"east":{"uv":[3.625,14,3.6875,14.375],"texture":"#0"},"south":{"uv":[3.625,14,3.6875,14.375],"texture":"#0"},"west":{"uv":[3.625,14,3.6875,14.375],"texture":"#0"},"up":{"uv":[3.625,14,3.6875,14.0625],"texture":"#0"},"down":{"uv":[3.625,14.3125,3.6875,14.375],"texture":"#0"}}},{"name":"shadows_395","from":[14,8,7.5],"to":[15,9,8.5],"rotation":{"angle":0,"axis":"y","origin":[-44,-24,7.5]},"faces":{"north":{"uv":[3.6875,13.9375,3.625,14],"texture":"#0"},"east":{"uv":[3.625,13.9375,3.6875,14],"texture":"#0"},"south":{"uv":[3.625,13.9375,3.6875,14],"texture":"#0"},"west":{"uv":[3.625,13.9375,3.6875,14],"texture":"#0"},"up":{"uv":[3.625,13.9375,3.6875,14],"texture":"#0"},"down":{"uv":[3.625,13.9375,3.6875,14],"texture":"#0"}}},{"name":"shadows_399","from":[1,3,7.5],"to":[2,4,8.5],"rotation":{"angle":0,"axis":"y","origin":[-44,-24,7.5]},"faces":{"north":{"uv":[2.875,14.25,2.8125,14.3125],"texture":"#0"},"east":{"uv":[2.8125,14.25,2.875,14.3125],"texture":"#0"},"south":{"uv":[2.8125,14.25,2.875,14.3125],"texture":"#0"},"west":{"uv":[2.8125,14.25,2.875,14.3125],"texture":"#0"},"up":{"uv":[2.8125,14.25,2.875,14.3125],"texture":"#0"},"down":{"uv":[2.8125,14.25,2.875,14.3125],"texture":"#0"}}},{"name":"shadows_401","from":[2,1,7.5],"to":[3,2,8.5],"rotation":{"angle":0,"axis":"y","origin":[-44,-24,7.5]},"faces":{"north":{"uv":[2.9375,14.375,2.875,14.4375],"texture":"#0"},"east":{"uv":[2.875,14.375,2.9375,14.4375],"texture":"#0"},"south":{"uv":[2.875,14.375,2.9375,14.4375],"texture":"#0"},"west":{"uv":[2.875,14.375,2.9375,14.4375],"texture":"#0"},"up":{"uv":[2.875,14.375,2.9375,14.4375],"texture":"#0"},"down":{"uv":[2.875,14.375,2.9375,14.4375],"texture":"#0"}}},{"name":"shadows_402","from":[14,1,7.5],"to":[15,2,8.5],"rotation":{"angle":0,"axis":"y","origin":[-44,-24,7.5]},"faces":{"north":{"uv":[3.6875,14.375,3.625,14.4375],"texture":"#0"},"east":{"uv":[3.625,14.375,3.6875,14.4375],"texture":"#0"},"south":{"uv":[3.625,14.375,3.6875,14.4375],"texture":"#0"},"west":{"uv":[3.625,14.375,3.6875,14.4375],"texture":"#0"},"up":{"uv":[3.625,14.375,3.6875,14.4375],"texture":"#0"},"down":{"uv":[3.625,14.375,3.6875,14.4375],"texture":"#0"}}},{"name":"shadows_405","from":[3,0,7.5],"to":[4,1,8.5],"rotation":{"angle":0,"axis":"y","origin":[-44,-24,7.5]},"faces":{"north":{"uv":[3,14.4375,2.9375,14.5],"texture":"#0"},"east":{"uv":[2.9375,14.4375,3,14.5],"texture":"#0"},"south":{"uv":[2.9375,14.4375,3,14.5],"texture":"#0"},"west":{"uv":[2.9375,14.4375,3,14.5],"texture":"#0"},"up":{"uv":[2.9375,14.4375,3,14.5],"texture":"#0"},"down":{"uv":[2.9375,14.4375,3,14.5],"texture":"#0"}}},{"name":"shadows_406","from":[13,0,7.5],"to":[14,1,8.5],"rotation":{"angle":0,"axis":"y","origin":[-44,-24,7.5]},"faces":{"north":{"uv":[3.625,14.4375,3.5625,14.5],"texture":"#0"},"east":{"uv":[3.5625,14.4375,3.625,14.5],"texture":"#0"},"south":{"uv":[3.5625,14.4375,3.625,14.5],"texture":"#0"},"west":{"uv":[3.5625,14.4375,3.625,14.5],"texture":"#0"},"up":{"uv":[3.5625,14.4375,3.625,14.5],"texture":"#0"},"down":{"uv":[3.5625,14.4375,3.625,14.5],"texture":"#0"}}},{"name":"shadows_413","from":[4,-1,7.5],"to":[13,0,8.5],"rotation":{"angle":0,"axis":"y","origin":[-44,-24,7.5]},"faces":{"north":{"uv":[3.5625,14.5,3,14.5625],"texture":"#0"},"east":{"uv":[3.5,14.5,3.5625,14.5625],"texture":"#0"},"south":{"uv":[3,14.5,3.5625,14.5625],"texture":"#0"},"west":{"uv":[3,14.5,3.0625,14.5625],"texture":"#0"},"up":{"uv":[3,14.5,3.5625,14.5625],"texture":"#0"},"down":{"uv":[3,14.5,3.5625,14.5625],"texture":"#0"}}}],"gui_light":"front","display":{"thirdperson_righthand":{"translation":[0,3,1],"scale":[0.55,0.55,0.55]},"thirdperson_lefthand":{"translation":[0,3,1],"scale":[0.55,0.55,0.55]},"firstperson_righthand":{"rotation":[0,-90,25],"translation":[1.13,3.2,1.13],"scale":[0.68,0.68,0.68]},"firstperson_lefthand":{"rotation":[0,-90,25],"translation":[1.13,3.2,1.13],"scale":[0.68,0.68,0.68]},"ground":{"translation":[0,2,0],"scale":[0.5,0.5,0.5]},"head":{"rotation":[0,180,0],"translation":[0,13,7]},"fixed":{"rotation":[0,180,0]}},"mcmodels":"f03d6055f7da1f7cda7e3c8a45ea57c3"}