{"credit":"Made with Blockbench","textures":{"0":"social_icons_pack:icons","particle":"social_icons_pack:icons"},"elements":[{"name":"icons_0","from":[6,1,7.5],"to":[11,16,8.5],"rotation":{"angle":0,"axis":"y","origin":[-26,-222,7.5]},"faces":{"north":{"uv":[2.3125,1.125,2,2.0625],"texture":"#0"},"east":{"uv":[2.25,1.125,2.3125,2.0625],"texture":"#0"},"south":{"uv":[2,1.125,2.3125,2.0625],"texture":"#0"},"west":{"uv":[2,1.125,2.0625,2.0625],"texture":"#0"},"up":{"uv":[2,1.125,2.3125,1.1875],"texture":"#0"},"down":{"uv":[2,2,2.3125,2.0625],"texture":"#0"}}},{"name":"icons_10","from":[11,2,7.5],"to":[12,15,8.5],"rotation":{"angle":0,"axis":"y","origin":[-26,-222,7.5]},"faces":{"north":{"uv":[2.375,1.1875,2.3125,2],"texture":"#0"},"east":{"uv":[2.3125,1.1875,2.375,2],"texture":"#0"},"south":{"uv":[2.3125,1.1875,2.375,2],"texture":"#0"},"west":{"uv":[2.3125,1.1875,2.375,2],"texture":"#0"},"up":{"uv":[2.3125,1.1875,2.375,1.25],"texture":"#0"},"down":{"uv":[2.3125,1.9375,2.375,2],"texture":"#0"}}},{"name":"icons_31","from":[12,8,7.5],"to":[15,14,8.5],"rotation":{"angle":0,"axis":"y","origin":[-26,-222,7.5]},"faces":{"north":{"uv":[2.5625,1.25,2.375,1.625],"texture":"#0"},"east":{"uv":[2.5,1.25,2.5625,1.625],"texture":"#0"},"south":{"uv":[2.375,1.25,2.5625,1.625],"texture":"#0"},"west":{"uv":[2.375,1.25,2.4375,1.625],"texture":"#0"},"up":{"uv":[2.375,1.25,2.5625,1.3125],"texture":"#0"},"down":{"uv":[2.375,1.5625,2.5625,1.625],"texture":"#0"}}},{"name":"icons_44","from":[3,0,7.5],"to":[6,11,8.5],"rotation":{"angle":0,"axis":"y","origin":[-26,-222,7.5]},"faces":{"north":{"uv":[2,1.4375,1.8125,2.125],"texture":"#0"},"east":{"uv":[1.9375,1.4375,2,2.125],"texture":"#0"},"south":{"uv":[1.8125,1.4375,2,2.125],"texture":"#0"},"west":{"uv":[1.8125,1.4375,1.875,2.125],"texture":"#0"},"up":{"uv":[1.8125,1.4375,2,1.5],"texture":"#0"},"down":{"uv":[1.8125,2.0625,2,2.125],"texture":"#0"}}},{"name":"icons_46","from":[2,1,7.5],"to":[3,10,8.5],"rotation":{"angle":0,"axis":"y","origin":[-26,-222,7.5]},"faces":{"north":{"uv":[1.8125,1.5,1.75,2.0625],"texture":"#0"},"east":{"uv":[1.75,1.5,1.8125,2.0625],"texture":"#0"},"south":{"uv":[1.75,1.5,1.8125,2.0625],"texture":"#0"},"west":{"uv":[1.75,1.5,1.8125,2.0625],"texture":"#0"},"up":{"uv":[1.75,1.5,1.8125,1.5625],"texture":"#0"},"down":{"uv":[1.75,2,1.8125,2.0625],"texture":"#0"}}},{"name":"icons_49","from":[1,2,7.5],"to":[2,9,8.5],"rotation":{"angle":0,"axis":"y","origin":[-26,-222,7.5]},"faces":{"north":{"uv":[1.75,1.5625,1.6875,2],"texture":"#0"},"east":{"uv":[1.6875,1.5625,1.75,2],"texture":"#0"},"south":{"uv":[1.6875,1.5625,1.75,2],"texture":"#0"},"west":{"uv":[1.6875,1.5625,1.75,2],"texture":"#0"},"up":{"uv":[1.6875,1.5625,1.75,1.625],"texture":"#0"},"down":{"uv":[1.6875,1.9375,1.75,2],"texture":"#0"}}},{"name":"icons_71","from":[6,0,7.5],"to":[10,1,8.5],"rotation":{"angle":0,"axis":"y","origin":[-26,-222,7.5]},"faces":{"north":{"uv":[2.25,2.0625,2,2.125],"texture":"#0"},"east":{"uv":[2.1875,2.0625,2.25,2.125],"texture":"#0"},"south":{"uv":[2,2.0625,2.25,2.125],"texture":"#0"},"west":{"uv":[2,2.0625,2.0625,2.125],"texture":"#0"},"up":{"uv":[2,2.0625,2.25,2.125],"texture":"#0"},"down":{"uv":[2,2.0625,2.25,2.125],"texture":"#0"}}},{"name":"shadows_8","from":[12,7,7.5],"to":[15,8,8.5],"rotation":{"angle":0,"axis":"y","origin":[-26,-222,7.5]},"faces":{"north":{"uv":[2.5625,1.625,2.375,1.6875],"texture":"#0"},"east":{"uv":[2.5,1.625,2.5625,1.6875],"texture":"#0"},"south":{"uv":[2.375,1.625,2.5625,1.6875],"texture":"#0"},"west":{"uv":[2.375,1.625,2.4375,1.6875],"texture":"#0"},"up":{"uv":[2.375,1.625,2.5625,1.6875],"texture":"#0"},"down":{"uv":[2.375,1.625,2.5625,1.6875],"texture":"#0"}}},{"name":"shadows_23","from":[1,1,7.5],"to":[2,2,8.5],"rotation":{"angle":0,"axis":"y","origin":[-26,-222,7.5]},"faces":{"north":{"uv":[1.75,2,1.6875,2.0625],"texture":"#0"},"east":{"uv":[1.6875,2,1.75,2.0625],"texture":"#0"},"south":{"uv":[1.6875,2,1.75,2.0625],"texture":"#0"},"west":{"uv":[1.6875,2,1.75,2.0625],"texture":"#0"},"up":{"uv":[1.6875,2,1.75,2.0625],"texture":"#0"},"down":{"uv":[1.6875,2,1.75,2.0625],"texture":"#0"}}},{"name":"shadows_24","from":[11,1,7.5],"to":[12,2,8.5],"rotation":{"angle":0,"axis":"y","origin":[-26,-222,7.5]},"faces":{"north":{"uv":[2.375,2,2.3125,2.0625],"texture":"#0"},"east":{"uv":[2.3125,2,2.375,2.0625],"texture":"#0"},"south":{"uv":[2.3125,2,2.375,2.0625],"texture":"#0"},"west":{"uv":[2.3125,2,2.375,2.0625],"texture":"#0"},"up":{"uv":[2.3125,2,2.375,2.0625],"texture":"#0"},"down":{"uv":[2.3125,2,2.375,2.0625],"texture":"#0"}}},{"name":"shadows_30","from":[2,0,7.5],"to":[3,1,8.5],"rotation":{"angle":0,"axis":"y","origin":[-26,-222,7.5]},"faces":{"north":{"uv":[1.8125,2.0625,1.75,2.125],"texture":"#0"},"east":{"uv":[1.75,2.0625,1.8125,2.125],"texture":"#0"},"south":{"uv":[1.75,2.0625,1.8125,2.125],"texture":"#0"},"west":{"uv":[1.75,2.0625,1.8125,2.125],"texture":"#0"},"up":{"uv":[1.75,2.0625,1.8125,2.125],"texture":"#0"},"down":{"uv":[1.75,2.0625,1.8125,2.125],"texture":"#0"}}},{"name":"shadows_31","from":[10,0,7.5],"to":[11,1,8.5],"rotation":{"angle":0,"axis":"y","origin":[-26,-222,7.5]},"faces":{"north":{"uv":[2.3125,2.0625,2.25,2.125],"texture":"#0"},"east":{"uv":[2.25,2.0625,2.3125,2.125],"texture":"#0"},"south":{"uv":[2.25,2.0625,2.3125,2.125],"texture":"#0"},"west":{"uv":[2.25,2.0625,2.3125,2.125],"texture":"#0"},"up":{"uv":[2.25,2.0625,2.3125,2.125],"texture":"#0"},"down":{"uv":[2.25,2.0625,2.3125,2.125],"texture":"#0"}}},{"name":"shadows_48","from":[3,-1,7.5],"to":[10,0,8.5],"rotation":{"angle":0,"axis":"y","origin":[-26,-222,7.5]},"faces":{"north":{"uv":[2.25,2.125,1.8125,2.1875],"texture":"#0"},"east":{"uv":[2.1875,2.125,2.25,2.1875],"texture":"#0"},"south":{"uv":[1.8125,2.125,2.25,2.1875],"texture":"#0"},"west":{"uv":[1.8125,2.125,1.875,2.1875],"texture":"#0"},"up":{"uv":[1.8125,2.125,2.25,2.1875],"texture":"#0"},"down":{"uv":[1.8125,2.125,2.25,2.1875],"texture":"#0"}}}],"gui_light":"front","display":{"thirdperson_righthand":{"translation":[0,3,1],"scale":[0.55,0.55,0.55]},"thirdperson_lefthand":{"translation":[0,3,1],"scale":[0.55,0.55,0.55]},"firstperson_righthand":{"rotation":[0,-90,25],"translation":[1.13,3.2,1.13],"scale":[0.68,0.68,0.68]},"firstperson_lefthand":{"rotation":[0,-90,25],"translation":[1.13,3.2,1.13],"scale":[0.68,0.68,0.68]},"ground":{"translation":[0,2,0],"scale":[0.5,0.5,0.5]},"head":{"rotation":[0,180,0],"translation":[0,13,7]},"fixed":{"rotation":[0,180,0]}},"mcmodels":"f03d6055f7da1f7cda7e3c8a45ea57c3"}