{"credit":"Made with Blockbench","textures":{"0":"social_icons_pack:icons","particle":"social_icons_pack:icons"},"elements":[{"name":"icons_2","from":[2,0,7.5],"to":[15,16,8.5],"rotation":{"angle":0,"axis":"y","origin":[-80,-222,7.5]},"faces":{"north":{"uv":[5.9375,1.125,5.125,2.125],"texture":"#0"},"east":{"uv":[5.875,1.125,5.9375,2.125],"texture":"#0"},"south":{"uv":[5.125,1.125,5.9375,2.125],"texture":"#0"},"west":{"uv":[5.125,1.125,5.1875,2.125],"texture":"#0"},"up":{"uv":[5.125,1.125,5.9375,1.1875],"texture":"#0"},"down":{"uv":[5.125,2.0625,5.9375,2.125],"texture":"#0"}}},{"name":"icons_15","from":[1,1,7.5],"to":[2,15,8.5],"rotation":{"angle":0,"axis":"y","origin":[-80,-222,7.5]},"faces":{"north":{"uv":[5.125,1.1875,5.0625,2.0625],"texture":"#0"},"east":{"uv":[5.0625,1.1875,5.125,2.0625],"texture":"#0"},"south":{"uv":[5.0625,1.1875,5.125,2.0625],"texture":"#0"},"west":{"uv":[5.0625,1.1875,5.125,2.0625],"texture":"#0"},"up":{"uv":[5.0625,1.1875,5.125,1.25],"texture":"#0"},"down":{"uv":[5.0625,2,5.125,2.0625],"texture":"#0"}}},{"name":"icons_16","from":[15,1,7.5],"to":[16,15,8.5],"rotation":{"angle":0,"axis":"y","origin":[-80,-222,7.5]},"faces":{"north":{"uv":[6,1.1875,5.9375,2.0625],"texture":"#0"},"east":{"uv":[5.9375,1.1875,6,2.0625],"texture":"#0"},"south":{"uv":[5.9375,1.1875,6,2.0625],"texture":"#0"},"west":{"uv":[5.9375,1.1875,6,2.0625],"texture":"#0"},"up":{"uv":[5.9375,1.1875,6,1.25],"texture":"#0"},"down":{"uv":[5.9375,2,6,2.0625],"texture":"#0"}}},{"name":"shadows_35","from":[1,0,7.5],"to":[2,1,8.5],"rotation":{"angle":0,"axis":"y","origin":[-80,-222,7.5]},"faces":{"north":{"uv":[5.125,2.0625,5.0625,2.125],"texture":"#0"},"east":{"uv":[5.0625,2.0625,5.125,2.125],"texture":"#0"},"south":{"uv":[5.0625,2.0625,5.125,2.125],"texture":"#0"},"west":{"uv":[5.0625,2.0625,5.125,2.125],"texture":"#0"},"up":{"uv":[5.0625,2.0625,5.125,2.125],"texture":"#0"},"down":{"uv":[5.0625,2.0625,5.125,2.125],"texture":"#0"}}},{"name":"shadows_36","from":[15,0,7.5],"to":[16,1,8.5],"rotation":{"angle":0,"axis":"y","origin":[-80,-222,7.5]},"faces":{"north":{"uv":[6,2.0625,5.9375,2.125],"texture":"#0"},"east":{"uv":[5.9375,2.0625,6,2.125],"texture":"#0"},"south":{"uv":[5.9375,2.0625,6,2.125],"texture":"#0"},"west":{"uv":[5.9375,2.0625,6,2.125],"texture":"#0"},"up":{"uv":[5.9375,2.0625,6,2.125],"texture":"#0"},"down":{"uv":[5.9375,2.0625,6,2.125],"texture":"#0"}}},{"name":"shadows_51","from":[2,-1,7.5],"to":[15,0,8.5],"rotation":{"angle":0,"axis":"y","origin":[-80,-222,7.5]},"faces":{"north":{"uv":[5.9375,2.125,5.125,2.1875],"texture":"#0"},"east":{"uv":[5.875,2.125,5.9375,2.1875],"texture":"#0"},"south":{"uv":[5.125,2.125,5.9375,2.1875],"texture":"#0"},"west":{"uv":[5.125,2.125,5.1875,2.1875],"texture":"#0"},"up":{"uv":[5.125,2.125,5.9375,2.1875],"texture":"#0"},"down":{"uv":[5.125,2.125,5.9375,2.1875],"texture":"#0"}}}],"gui_light":"front","display":{"thirdperson_righthand":{"translation":[0,3,1],"scale":[0.55,0.55,0.55]},"thirdperson_lefthand":{"translation":[0,3,1],"scale":[0.55,0.55,0.55]},"firstperson_righthand":{"rotation":[0,-90,25],"translation":[1.13,3.2,1.13],"scale":[0.68,0.68,0.68]},"firstperson_lefthand":{"rotation":[0,-90,25],"translation":[1.13,3.2,1.13],"scale":[0.68,0.68,0.68]},"ground":{"translation":[0,2,0],"scale":[0.5,0.5,0.5]},"head":{"rotation":[0,180,0],"translation":[0,13,7]},"fixed":{"rotation":[0,180,0]}},"mcmodels":"f03d6055f7da1f7cda7e3c8a45ea57c3"}