{"credit":"Made with Blockbench","textures":{"0":"social_icons_pack:icons","particle":"social_icons_pack:icons"},"elements":[{"name":"icons_89","from":[3,2,7.5],"to":[13,15,8.5],"rotation":{"angle":0,"axis":"y","origin":[-134,-204,7.5]},"faces":{"north":{"uv":[9.1875,2.3125,8.5625,3.125],"texture":"#0"},"east":{"uv":[9.125,2.3125,9.1875,3.125],"texture":"#0"},"south":{"uv":[8.5625,2.3125,9.1875,3.125],"texture":"#0"},"west":{"uv":[8.5625,2.3125,8.625,3.125],"texture":"#0"},"up":{"uv":[8.5625,2.3125,9.1875,2.375],"texture":"#0"},"down":{"uv":[8.5625,3.0625,9.1875,3.125],"texture":"#0"}}},{"name":"icons_106","from":[2,3,7.5],"to":[3,14,8.5],"rotation":{"angle":0,"axis":"y","origin":[-134,-204,7.5]},"faces":{"north":{"uv":[8.5625,2.375,8.5,3.0625],"texture":"#0"},"east":{"uv":[8.5,2.375,8.5625,3.0625],"texture":"#0"},"south":{"uv":[8.5,2.375,8.5625,3.0625],"texture":"#0"},"west":{"uv":[8.5,2.375,8.5625,3.0625],"texture":"#0"},"up":{"uv":[8.5,2.375,8.5625,2.4375],"texture":"#0"},"down":{"uv":[8.5,3,8.5625,3.0625],"texture":"#0"}}},{"name":"icons_107","from":[13,3,7.5],"to":[14,14,8.5],"rotation":{"angle":0,"axis":"y","origin":[-134,-204,7.5]},"faces":{"north":{"uv":[9.25,2.375,9.1875,3.0625],"texture":"#0"},"east":{"uv":[9.1875,2.375,9.25,3.0625],"texture":"#0"},"south":{"uv":[9.1875,2.375,9.25,3.0625],"texture":"#0"},"west":{"uv":[9.1875,2.375,9.25,3.0625],"texture":"#0"},"up":{"uv":[9.1875,2.375,9.25,2.4375],"texture":"#0"},"down":{"uv":[9.1875,3,9.25,3.0625],"texture":"#0"}}},{"name":"shadows_79","from":[2,2,7.5],"to":[3,3,8.5],"rotation":{"angle":0,"axis":"y","origin":[-134,-204,7.5]},"faces":{"north":{"uv":[8.5625,3.0625,8.5,3.125],"texture":"#0"},"east":{"uv":[8.5,3.0625,8.5625,3.125],"texture":"#0"},"south":{"uv":[8.5,3.0625,8.5625,3.125],"texture":"#0"},"west":{"uv":[8.5,3.0625,8.5625,3.125],"texture":"#0"},"up":{"uv":[8.5,3.0625,8.5625,3.125],"texture":"#0"},"down":{"uv":[8.5,3.0625,8.5625,3.125],"texture":"#0"}}},{"name":"shadows_80","from":[13,2,7.5],"to":[14,3,8.5],"rotation":{"angle":0,"axis":"y","origin":[-134,-204,7.5]},"faces":{"north":{"uv":[9.25,3.0625,9.1875,3.125],"texture":"#0"},"east":{"uv":[9.1875,3.0625,9.25,3.125],"texture":"#0"},"south":{"uv":[9.1875,3.0625,9.25,3.125],"texture":"#0"},"west":{"uv":[9.1875,3.0625,9.25,3.125],"texture":"#0"},"up":{"uv":[9.1875,3.0625,9.25,3.125],"texture":"#0"},"down":{"uv":[9.1875,3.0625,9.25,3.125],"texture":"#0"}}},{"name":"shadows_89","from":[3,1,7.5],"to":[13,2,8.5],"rotation":{"angle":0,"axis":"y","origin":[-134,-204,7.5]},"faces":{"north":{"uv":[9.1875,3.125,8.5625,3.1875],"texture":"#0"},"east":{"uv":[9.125,3.125,9.1875,3.1875],"texture":"#0"},"south":{"uv":[8.5625,3.125,9.1875,3.1875],"texture":"#0"},"west":{"uv":[8.5625,3.125,8.625,3.1875],"texture":"#0"},"up":{"uv":[8.5625,3.125,9.1875,3.1875],"texture":"#0"},"down":{"uv":[8.5625,3.125,9.1875,3.1875],"texture":"#0"}}}],"gui_light":"front","display":{"thirdperson_righthand":{"translation":[0,3,1],"scale":[0.55,0.55,0.55]},"thirdperson_lefthand":{"translation":[0,3,1],"scale":[0.55,0.55,0.55]},"firstperson_righthand":{"rotation":[0,-90,25],"translation":[1.13,3.2,1.13],"scale":[0.68,0.68,0.68]},"firstperson_lefthand":{"rotation":[0,-90,25],"translation":[1.13,3.2,1.13],"scale":[0.68,0.68,0.68]},"ground":{"translation":[0,2,0],"scale":[0.5,0.5,0.5]},"head":{"rotation":[0,180,0],"translation":[0,13,7]},"fixed":{"rotation":[0,180,0]}},"mcmodels":"f03d6055f7da1f7cda7e3c8a45ea57c3"}