{"credit":"Made with Blockbench","textures":{"0":"social_icons_pack:icons","particle":"social_icons_pack:icons"},"elements":[{"name":"icons_496","from":[0,10,7.5],"to":[6,15,8.5],"rotation":{"angle":0,"axis":"y","origin":[-8,-23,7.5]},"faces":{"north":{"uv":[0.875,13.625,0.5,13.9375],"texture":"#0"},"east":{"uv":[0.8125,13.625,0.875,13.9375],"texture":"#0"},"south":{"uv":[0.5,13.625,0.875,13.9375],"texture":"#0"},"west":{"uv":[0.5,13.625,0.5625,13.9375],"texture":"#0"},"up":{"uv":[0.5,13.625,0.875,13.6875],"texture":"#0"},"down":{"uv":[0.5,13.875,0.875,13.9375],"texture":"#0"}}},{"name":"icons_499","from":[10,9,7.5],"to":[16,14,8.5],"rotation":{"angle":0,"axis":"y","origin":[-8,-23,7.5]},"faces":{"north":{"uv":[1.5,13.6875,1.125,14],"texture":"#0"},"east":{"uv":[1.4375,13.6875,1.5,14],"texture":"#0"},"south":{"uv":[1.125,13.6875,1.5,14],"texture":"#0"},"west":{"uv":[1.125,13.6875,1.1875,14],"texture":"#0"},"up":{"uv":[1.125,13.6875,1.5,13.75],"texture":"#0"},"down":{"uv":[1.125,13.9375,1.5,14],"texture":"#0"}}},{"name":"icons_501","from":[6,3,7.5],"to":[10,12,8.5],"rotation":{"angle":0,"axis":"y","origin":[-8,-23,7.5]},"faces":{"north":{"uv":[1.125,13.8125,0.875,14.375],"texture":"#0"},"east":{"uv":[1.0625,13.8125,1.125,14.375],"texture":"#0"},"south":{"uv":[0.875,13.8125,1.125,14.375],"texture":"#0"},"west":{"uv":[0.875,13.8125,0.9375,14.375],"texture":"#0"},"up":{"uv":[0.875,13.8125,1.125,13.875],"texture":"#0"},"down":{"uv":[0.875,14.3125,1.125,14.375],"texture":"#0"}}},{"name":"icons_504","from":[1,7,7.5],"to":[6,10,8.5],"rotation":{"angle":0,"axis":"y","origin":[-8,-23,7.5]},"faces":{"north":{"uv":[0.875,13.9375,0.5625,14.125],"texture":"#0"},"east":{"uv":[0.8125,13.9375,0.875,14.125],"texture":"#0"},"south":{"uv":[0.5625,13.9375,0.875,14.125],"texture":"#0"},"west":{"uv":[0.5625,13.9375,0.625,14.125],"texture":"#0"},"up":{"uv":[0.5625,13.9375,0.875,14],"texture":"#0"},"down":{"uv":[0.5625,14.0625,0.875,14.125],"texture":"#0"}}},{"name":"icons_505","from":[10,2,7.5],"to":[14,9,8.5],"rotation":{"angle":0,"axis":"y","origin":[-8,-23,7.5]},"faces":{"north":{"uv":[1.375,14,1.125,14.4375],"texture":"#0"},"east":{"uv":[1.3125,14,1.375,14.4375],"texture":"#0"},"south":{"uv":[1.125,14,1.375,14.4375],"texture":"#0"},"west":{"uv":[1.125,14,1.1875,14.4375],"texture":"#0"},"up":{"uv":[1.125,14,1.375,14.0625],"texture":"#0"},"down":{"uv":[1.125,14.375,1.375,14.4375],"texture":"#0"}}},{"name":"icons_506","from":[14,6,7.5],"to":[15,9,8.5],"rotation":{"angle":0,"axis":"y","origin":[-8,-23,7.5]},"faces":{"north":{"uv":[1.4375,14,1.375,14.1875],"texture":"#0"},"east":{"uv":[1.375,14,1.4375,14.1875],"texture":"#0"},"south":{"uv":[1.375,14,1.4375,14.1875],"texture":"#0"},"west":{"uv":[1.375,14,1.4375,14.1875],"texture":"#0"},"up":{"uv":[1.375,14,1.4375,14.0625],"texture":"#0"},"down":{"uv":[1.375,14.125,1.4375,14.1875],"texture":"#0"}}},{"name":"icons_508","from":[2,3,7.5],"to":[6,7,8.5],"rotation":{"angle":0,"axis":"y","origin":[-8,-23,7.5]},"faces":{"north":{"uv":[0.875,14.125,0.625,14.375],"texture":"#0"},"east":{"uv":[0.8125,14.125,0.875,14.375],"texture":"#0"},"south":{"uv":[0.625,14.125,0.875,14.375],"texture":"#0"},"west":{"uv":[0.625,14.125,0.6875,14.375],"texture":"#0"},"up":{"uv":[0.625,14.125,0.875,14.1875],"texture":"#0"},"down":{"uv":[0.625,14.3125,0.875,14.375],"texture":"#0"}}},{"name":"icons_509","from":[7,2,7.5],"to":[10,3,8.5],"rotation":{"angle":0,"axis":"y","origin":[-8,-23,7.5]},"faces":{"north":{"uv":[1.125,14.375,0.9375,14.4375],"texture":"#0"},"east":{"uv":[1.0625,14.375,1.125,14.4375],"texture":"#0"},"south":{"uv":[0.9375,14.375,1.125,14.4375],"texture":"#0"},"west":{"uv":[0.9375,14.375,1,14.4375],"texture":"#0"},"up":{"uv":[0.9375,14.375,1.125,14.4375],"texture":"#0"},"down":{"uv":[0.9375,14.375,1.125,14.4375],"texture":"#0"}}},{"name":"shadows_394","from":[0,9,7.5],"to":[1,10,8.5],"rotation":{"angle":0,"axis":"y","origin":[-8,-23,7.5]},"faces":{"north":{"uv":[0.5625,13.9375,0.5,14],"texture":"#0"},"east":{"uv":[0.5,13.9375,0.5625,14],"texture":"#0"},"south":{"uv":[0.5,13.9375,0.5625,14],"texture":"#0"},"west":{"uv":[0.5,13.9375,0.5625,14],"texture":"#0"},"up":{"uv":[0.5,13.9375,0.5625,14],"texture":"#0"},"down":{"uv":[0.5,13.9375,0.5625,14],"texture":"#0"}}},{"name":"shadows_396","from":[15,8,7.5],"to":[16,9,8.5],"rotation":{"angle":0,"axis":"y","origin":[-8,-23,7.5]},"faces":{"north":{"uv":[1.5,14,1.4375,14.0625],"texture":"#0"},"east":{"uv":[1.4375,14,1.5,14.0625],"texture":"#0"},"south":{"uv":[1.4375,14,1.5,14.0625],"texture":"#0"},"west":{"uv":[1.4375,14,1.5,14.0625],"texture":"#0"},"up":{"uv":[1.4375,14,1.5,14.0625],"texture":"#0"},"down":{"uv":[1.4375,14,1.5,14.0625],"texture":"#0"}}},{"name":"shadows_397","from":[1,6,7.5],"to":[2,7,8.5],"rotation":{"angle":0,"axis":"y","origin":[-8,-23,7.5]},"faces":{"north":{"uv":[0.625,14.125,0.5625,14.1875],"texture":"#0"},"east":{"uv":[0.5625,14.125,0.625,14.1875],"texture":"#0"},"south":{"uv":[0.5625,14.125,0.625,14.1875],"texture":"#0"},"west":{"uv":[0.5625,14.125,0.625,14.1875],"texture":"#0"},"up":{"uv":[0.5625,14.125,0.625,14.1875],"texture":"#0"},"down":{"uv":[0.5625,14.125,0.625,14.1875],"texture":"#0"}}},{"name":"shadows_398","from":[14,5,7.5],"to":[15,6,8.5],"rotation":{"angle":0,"axis":"y","origin":[-8,-23,7.5]},"faces":{"north":{"uv":[1.4375,14.1875,1.375,14.25],"texture":"#0"},"east":{"uv":[1.375,14.1875,1.4375,14.25],"texture":"#0"},"south":{"uv":[1.375,14.1875,1.4375,14.25],"texture":"#0"},"west":{"uv":[1.375,14.1875,1.4375,14.25],"texture":"#0"},"up":{"uv":[1.375,14.1875,1.4375,14.25],"texture":"#0"},"down":{"uv":[1.375,14.1875,1.4375,14.25],"texture":"#0"}}},{"name":"shadows_400","from":[2,2,7.5],"to":[7,3,8.5],"rotation":{"angle":0,"axis":"y","origin":[-8,-23,7.5]},"faces":{"north":{"uv":[0.9375,14.375,0.625,14.4375],"texture":"#0"},"east":{"uv":[0.875,14.375,0.9375,14.4375],"texture":"#0"},"south":{"uv":[0.625,14.375,0.9375,14.4375],"texture":"#0"},"west":{"uv":[0.625,14.375,0.6875,14.4375],"texture":"#0"},"up":{"uv":[0.625,14.375,0.9375,14.4375],"texture":"#0"},"down":{"uv":[0.625,14.375,0.9375,14.4375],"texture":"#0"}}},{"name":"shadows_403","from":[7,1,7.5],"to":[14,2,8.5],"rotation":{"angle":0,"axis":"y","origin":[-8,-23,7.5]},"faces":{"north":{"uv":[1.375,14.4375,0.9375,14.5],"texture":"#0"},"east":{"uv":[1.3125,14.4375,1.375,14.5],"texture":"#0"},"south":{"uv":[0.9375,14.4375,1.375,14.5],"texture":"#0"},"west":{"uv":[0.9375,14.4375,1,14.5],"texture":"#0"},"up":{"uv":[0.9375,14.4375,1.375,14.5],"texture":"#0"},"down":{"uv":[0.9375,14.4375,1.375,14.5],"texture":"#0"}}}],"gui_light":"front","display":{"thirdperson_righthand":{"translation":[0,3,1],"scale":[0.55,0.55,0.55]},"thirdperson_lefthand":{"translation":[0,3,1],"scale":[0.55,0.55,0.55]},"firstperson_righthand":{"rotation":[0,-90,25],"translation":[1.13,3.2,1.13],"scale":[0.68,0.68,0.68]},"firstperson_lefthand":{"rotation":[0,-90,25],"translation":[1.13,3.2,1.13],"scale":[0.68,0.68,0.68]},"ground":{"translation":[0,2,0],"scale":[0.5,0.5,0.5]},"head":{"rotation":[0,180,0],"translation":[0,13,7]},"fixed":{"rotation":[0,180,0]}},"mcmodels":"f03d6055f7da1f7cda7e3c8a45ea57c3"}