{"credit":"Made with Blockbench","textures":{"0":"social_icons_pack:icons","particle":"social_icons_pack:icons"},"elements":[{"name":"icons_249","from":[5.25,2,7.5],"to":[10.25,16,8.5],"rotation":{"angle":0,"axis":"y","origin":[-43.75,-150,7.5]},"faces":{"north":{"uv":[3.375,5.625,3.0625,6.5],"texture":"#0"},"east":{"uv":[3.3125,5.625,3.375,6.5],"texture":"#0"},"south":{"uv":[3.0625,5.625,3.375,6.5],"texture":"#0"},"west":{"uv":[3.0625,5.625,3.125,6.5],"texture":"#0"},"up":{"uv":[3.0625,5.625,3.375,5.6875],"texture":"#0"},"down":{"uv":[3.0625,6.4375,3.375,6.5],"texture":"#0"}}},{"name":"icons_265","from":[4.25,8,7.5],"to":[5.25,14,8.5],"rotation":{"angle":0,"axis":"y","origin":[-43.75,-150,7.5]},"faces":{"north":{"uv":[3.0625,5.75,3,6.125],"texture":"#0"},"east":{"uv":[3,5.75,3.0625,6.125],"texture":"#0"},"south":{"uv":[3,5.75,3.0625,6.125],"texture":"#0"},"west":{"uv":[3,5.75,3.0625,6.125],"texture":"#0"},"up":{"uv":[3,5.75,3.0625,5.8125],"texture":"#0"},"down":{"uv":[3,6.0625,3.0625,6.125],"texture":"#0"}}},{"name":"icons_268","from":[3.25,8,7.5],"to":[4.25,13,8.5],"rotation":{"angle":0,"axis":"y","origin":[-43.75,-150,7.5]},"faces":{"north":{"uv":[3,5.8125,2.9375,6.125],"texture":"#0"},"east":{"uv":[2.9375,5.8125,3,6.125],"texture":"#0"},"south":{"uv":[2.9375,5.8125,3,6.125],"texture":"#0"},"west":{"uv":[2.9375,5.8125,3,6.125],"texture":"#0"},"up":{"uv":[2.9375,5.8125,3,5.875],"texture":"#0"},"down":{"uv":[2.9375,6.0625,3,6.125],"texture":"#0"}}},{"name":"icons_269","from":[10.25,8,7.5],"to":[13.25,13,8.5],"rotation":{"angle":0,"axis":"y","origin":[-43.75,-150,7.5]},"faces":{"north":{"uv":[3.5625,5.8125,3.375,6.125],"texture":"#0"},"east":{"uv":[3.5,5.8125,3.5625,6.125],"texture":"#0"},"south":{"uv":[3.375,5.8125,3.5625,6.125],"texture":"#0"},"west":{"uv":[3.375,5.8125,3.4375,6.125],"texture":"#0"},"up":{"uv":[3.375,5.8125,3.5625,5.875],"texture":"#0"},"down":{"uv":[3.375,6.0625,3.5625,6.125],"texture":"#0"}}},{"name":"icons_275","from":[10.25,0,7.5],"to":[11.25,6,8.5],"rotation":{"angle":0,"axis":"y","origin":[-43.75,-150,7.5]},"faces":{"north":{"uv":[3.4375,6.25,3.375,6.625],"texture":"#0"},"east":{"uv":[3.375,6.25,3.4375,6.625],"texture":"#0"},"south":{"uv":[3.375,6.25,3.4375,6.625],"texture":"#0"},"west":{"uv":[3.375,6.25,3.4375,6.625],"texture":"#0"},"up":{"uv":[3.375,6.25,3.4375,6.3125],"texture":"#0"},"down":{"uv":[3.375,6.5625,3.4375,6.625],"texture":"#0"}}},{"name":"icons_276","from":[11.25,0,7.5],"to":[13.25,5,8.5],"rotation":{"angle":0,"axis":"y","origin":[-43.75,-150,7.5]},"faces":{"north":{"uv":[3.5625,6.3125,3.4375,6.625],"texture":"#0"},"east":{"uv":[3.5,6.3125,3.5625,6.625],"texture":"#0"},"south":{"uv":[3.4375,6.3125,3.5625,6.625],"texture":"#0"},"west":{"uv":[3.4375,6.3125,3.5,6.625],"texture":"#0"},"up":{"uv":[3.4375,6.3125,3.5625,6.375],"texture":"#0"},"down":{"uv":[3.4375,6.5625,3.5625,6.625],"texture":"#0"}}},{"name":"icons_277","from":[6.25,1,7.5],"to":[10.25,2,8.5],"rotation":{"angle":0,"axis":"y","origin":[-43.75,-150,7.5]},"faces":{"north":{"uv":[3.375,6.5,3.125,6.5625],"texture":"#0"},"east":{"uv":[3.3125,6.5,3.375,6.5625],"texture":"#0"},"south":{"uv":[3.125,6.5,3.375,6.5625],"texture":"#0"},"west":{"uv":[3.125,6.5,3.1875,6.5625],"texture":"#0"},"up":{"uv":[3.125,6.5,3.375,6.5625],"texture":"#0"},"down":{"uv":[3.125,6.5,3.375,6.5625],"texture":"#0"}}},{"name":"icons_278","from":[7.25,0,7.5],"to":[10.25,1,8.5],"rotation":{"angle":0,"axis":"y","origin":[-43.75,-150,7.5]},"faces":{"north":{"uv":[3.375,6.5625,3.1875,6.625],"texture":"#0"},"east":{"uv":[3.3125,6.5625,3.375,6.625],"texture":"#0"},"south":{"uv":[3.1875,6.5625,3.375,6.625],"texture":"#0"},"west":{"uv":[3.1875,6.5625,3.25,6.625],"texture":"#0"},"up":{"uv":[3.1875,6.5625,3.375,6.625],"texture":"#0"},"down":{"uv":[3.1875,6.5625,3.375,6.625],"texture":"#0"}}},{"name":"shadows_204","from":[3.25,7,7.5],"to":[5.25,8,8.5],"rotation":{"angle":0,"axis":"y","origin":[-43.75,-150,7.5]},"faces":{"north":{"uv":[3.0625,6.125,2.9375,6.1875],"texture":"#0"},"east":{"uv":[3,6.125,3.0625,6.1875],"texture":"#0"},"south":{"uv":[2.9375,6.125,3.0625,6.1875],"texture":"#0"},"west":{"uv":[2.9375,6.125,3,6.1875],"texture":"#0"},"up":{"uv":[2.9375,6.125,3.0625,6.1875],"texture":"#0"},"down":{"uv":[2.9375,6.125,3.0625,6.1875],"texture":"#0"}}},{"name":"shadows_205","from":[10.25,7,7.5],"to":[13.25,8,8.5],"rotation":{"angle":0,"axis":"y","origin":[-43.75,-150,7.5]},"faces":{"north":{"uv":[3.5625,6.125,3.375,6.1875],"texture":"#0"},"east":{"uv":[3.5,6.125,3.5625,6.1875],"texture":"#0"},"south":{"uv":[3.375,6.125,3.5625,6.1875],"texture":"#0"},"west":{"uv":[3.375,6.125,3.4375,6.1875],"texture":"#0"},"up":{"uv":[3.375,6.125,3.5625,6.1875],"texture":"#0"},"down":{"uv":[3.375,6.125,3.5625,6.1875],"texture":"#0"}}},{"name":"shadows_215","from":[5.25,1,7.5],"to":[6.25,2,8.5],"rotation":{"angle":0,"axis":"y","origin":[-43.75,-150,7.5]},"faces":{"north":{"uv":[3.125,6.5,3.0625,6.5625],"texture":"#0"},"east":{"uv":[3.0625,6.5,3.125,6.5625],"texture":"#0"},"south":{"uv":[3.0625,6.5,3.125,6.5625],"texture":"#0"},"west":{"uv":[3.0625,6.5,3.125,6.5625],"texture":"#0"},"up":{"uv":[3.0625,6.5,3.125,6.5625],"texture":"#0"},"down":{"uv":[3.0625,6.5,3.125,6.5625],"texture":"#0"}}},{"name":"shadows_218","from":[6.25,0,7.5],"to":[7.25,1,8.5],"rotation":{"angle":0,"axis":"y","origin":[-43.75,-150,7.5]},"faces":{"north":{"uv":[3.1875,6.5625,3.125,6.625],"texture":"#0"},"east":{"uv":[3.125,6.5625,3.1875,6.625],"texture":"#0"},"south":{"uv":[3.125,6.5625,3.1875,6.625],"texture":"#0"},"west":{"uv":[3.125,6.5625,3.1875,6.625],"texture":"#0"},"up":{"uv":[3.125,6.5625,3.1875,6.625],"texture":"#0"},"down":{"uv":[3.125,6.5625,3.1875,6.625],"texture":"#0"}}},{"name":"shadows_226","from":[7.25,-1,7.5],"to":[13.25,0,8.5],"rotation":{"angle":0,"axis":"y","origin":[-43.75,-150,7.5]},"faces":{"north":{"uv":[3.5625,6.625,3.1875,6.6875],"texture":"#0"},"east":{"uv":[3.5,6.625,3.5625,6.6875],"texture":"#0"},"south":{"uv":[3.1875,6.625,3.5625,6.6875],"texture":"#0"},"west":{"uv":[3.1875,6.625,3.25,6.6875],"texture":"#0"},"up":{"uv":[3.1875,6.625,3.5625,6.6875],"texture":"#0"},"down":{"uv":[3.1875,6.625,3.5625,6.6875],"texture":"#0"}}}],"gui_light":"front","display":{"thirdperson_righthand":{"translation":[0,3,1],"scale":[0.55,0.55,0.55]},"thirdperson_lefthand":{"translation":[0,3,1],"scale":[0.55,0.55,0.55]},"firstperson_righthand":{"rotation":[0,-90,25],"translation":[1.13,3.2,1.13],"scale":[0.68,0.68,0.68]},"firstperson_lefthand":{"rotation":[0,-90,25],"translation":[1.13,3.2,1.13],"scale":[0.68,0.68,0.68]},"ground":{"translation":[0,2,0],"scale":[0.5,0.5,0.5]},"head":{"rotation":[0,180,0],"translation":[0,13,7]},"fixed":{"rotation":[0,180,0]}},"mcmodels":"f03d6055f7da1f7cda7e3c8a45ea57c3"}