{"credit":"Made with Blockbench","textures":{"0":"social_icons_pack:icons","particle":"social_icons_pack:icons"},"elements":[{"name":"icons_136","from":[2,0,7.5],"to":[15,16,8.5],"rotation":{"angle":0,"axis":"y","origin":[-80,-186,7.5]},"faces":{"north":{"uv":[7.0625,5.625,6.25,6.625],"texture":"#0"},"east":{"uv":[7,5.625,7.0625,6.625],"texture":"#0"},"south":{"uv":[6.25,5.625,7.0625,6.625],"texture":"#0"},"west":{"uv":[6.25,5.625,6.3125,6.625],"texture":"#0"},"up":{"uv":[6.25,5.625,7.0625,5.6875],"texture":"#0"},"down":{"uv":[6.25,6.5625,7.0625,6.625],"texture":"#0"}}},{"name":"icons_149","from":[1,1,7.5],"to":[2,15,8.5],"rotation":{"angle":0,"axis":"y","origin":[-80,-186,7.5]},"faces":{"north":{"uv":[6.25,5.6875,6.1875,6.5625],"texture":"#0"},"east":{"uv":[6.1875,5.6875,6.25,6.5625],"texture":"#0"},"south":{"uv":[6.1875,5.6875,6.25,6.5625],"texture":"#0"},"west":{"uv":[6.1875,5.6875,6.25,6.5625],"texture":"#0"},"up":{"uv":[6.1875,5.6875,6.25,5.75],"texture":"#0"},"down":{"uv":[6.1875,6.5,6.25,6.5625],"texture":"#0"}}},{"name":"icons_150","from":[15,1,7.5],"to":[16,15,8.5],"rotation":{"angle":0,"axis":"y","origin":[-80,-186,7.5]},"faces":{"north":{"uv":[7.125,5.6875,7.0625,6.5625],"texture":"#0"},"east":{"uv":[7.0625,5.6875,7.125,6.5625],"texture":"#0"},"south":{"uv":[7.0625,5.6875,7.125,6.5625],"texture":"#0"},"west":{"uv":[7.0625,5.6875,7.125,6.5625],"texture":"#0"},"up":{"uv":[7.0625,5.6875,7.125,5.75],"texture":"#0"},"down":{"uv":[7.0625,6.5,7.125,6.5625],"texture":"#0"}}},{"name":"shadows_131","from":[1,0,7.5],"to":[2,1,8.5],"rotation":{"angle":0,"axis":"y","origin":[-80,-186,7.5]},"faces":{"north":{"uv":[6.25,6.5625,6.1875,6.625],"texture":"#0"},"east":{"uv":[6.1875,6.5625,6.25,6.625],"texture":"#0"},"south":{"uv":[6.1875,6.5625,6.25,6.625],"texture":"#0"},"west":{"uv":[6.1875,6.5625,6.25,6.625],"texture":"#0"},"up":{"uv":[6.1875,6.5625,6.25,6.625],"texture":"#0"},"down":{"uv":[6.1875,6.5625,6.25,6.625],"texture":"#0"}}},{"name":"shadows_132","from":[15,0,7.5],"to":[16,1,8.5],"rotation":{"angle":0,"axis":"y","origin":[-80,-186,7.5]},"faces":{"north":{"uv":[7.125,6.5625,7.0625,6.625],"texture":"#0"},"east":{"uv":[7.0625,6.5625,7.125,6.625],"texture":"#0"},"south":{"uv":[7.0625,6.5625,7.125,6.625],"texture":"#0"},"west":{"uv":[7.0625,6.5625,7.125,6.625],"texture":"#0"},"up":{"uv":[7.0625,6.5625,7.125,6.625],"texture":"#0"},"down":{"uv":[7.0625,6.5625,7.125,6.625],"texture":"#0"}}},{"name":"shadows_144","from":[2,-1,7.5],"to":[15,0,8.5],"rotation":{"angle":0,"axis":"y","origin":[-80,-186,7.5]},"faces":{"north":{"uv":[7.0625,6.625,6.25,6.6875],"texture":"#0"},"east":{"uv":[7,6.625,7.0625,6.6875],"texture":"#0"},"south":{"uv":[6.25,6.625,7.0625,6.6875],"texture":"#0"},"west":{"uv":[6.25,6.625,6.3125,6.6875],"texture":"#0"},"up":{"uv":[6.25,6.625,7.0625,6.6875],"texture":"#0"},"down":{"uv":[6.25,6.625,7.0625,6.6875],"texture":"#0"}}}],"gui_light":"front","display":{"thirdperson_righthand":{"translation":[0,3,1],"scale":[0.55,0.55,0.55]},"thirdperson_lefthand":{"translation":[0,3,1],"scale":[0.55,0.55,0.55]},"firstperson_righthand":{"rotation":[0,-90,25],"translation":[1.13,3.2,1.13],"scale":[0.68,0.68,0.68]},"firstperson_lefthand":{"rotation":[0,-90,25],"translation":[1.13,3.2,1.13],"scale":[0.68,0.68,0.68]},"ground":{"translation":[0,2,0],"scale":[0.5,0.5,0.5]},"head":{"rotation":[0,180,0],"translation":[0,13,7]},"fixed":{"rotation":[0,180,0]}},"mcmodels":"f03d6055f7da1f7cda7e3c8a45ea57c3"}