{"credit":"Made with Blockbench","textures":{"0":"social_icons_pack:icons","particle":"social_icons_pack:icons"},"elements":[{"name":"icons_80","from":[7,4,7.5],"to":[13,15,8.5],"rotation":{"angle":0,"axis":"y","origin":[-8,-204,7.5]},"faces":{"north":{"uv":[1.3125,2.3125,0.9375,3],"texture":"#0"},"east":{"uv":[1.25,2.3125,1.3125,3],"texture":"#0"},"south":{"uv":[0.9375,2.3125,1.3125,3],"texture":"#0"},"west":{"uv":[0.9375,2.3125,1,3],"texture":"#0"},"up":{"uv":[0.9375,2.3125,1.3125,2.375],"texture":"#0"},"down":{"uv":[0.9375,2.9375,1.3125,3],"texture":"#0"}}},{"name":"icons_98","from":[0,9,7.5],"to":[3,14,8.5],"rotation":{"angle":0,"axis":"y","origin":[-8,-204,7.5]},"faces":{"north":{"uv":[0.6875,2.375,0.5,2.6875],"texture":"#0"},"east":{"uv":[0.625,2.375,0.6875,2.6875],"texture":"#0"},"south":{"uv":[0.5,2.375,0.6875,2.6875],"texture":"#0"},"west":{"uv":[0.5,2.375,0.5625,2.6875],"texture":"#0"},"up":{"uv":[0.5,2.375,0.6875,2.4375],"texture":"#0"},"down":{"uv":[0.5,2.625,0.6875,2.6875],"texture":"#0"}}},{"name":"icons_99","from":[6,1,7.5],"to":[7,14,8.5],"rotation":{"angle":0,"axis":"y","origin":[-8,-204,7.5]},"faces":{"north":{"uv":[0.9375,2.375,0.875,3.1875],"texture":"#0"},"east":{"uv":[0.875,2.375,0.9375,3.1875],"texture":"#0"},"south":{"uv":[0.875,2.375,0.9375,3.1875],"texture":"#0"},"west":{"uv":[0.875,2.375,0.9375,3.1875],"texture":"#0"},"up":{"uv":[0.875,2.375,0.9375,2.4375],"texture":"#0"},"down":{"uv":[0.875,3.125,0.9375,3.1875],"texture":"#0"}}},{"name":"icons_100","from":[13,5,7.5],"to":[14,14,8.5],"rotation":{"angle":0,"axis":"y","origin":[-8,-204,7.5]},"faces":{"north":{"uv":[1.375,2.375,1.3125,2.9375],"texture":"#0"},"east":{"uv":[1.3125,2.375,1.375,2.9375],"texture":"#0"},"south":{"uv":[1.3125,2.375,1.375,2.9375],"texture":"#0"},"west":{"uv":[1.3125,2.375,1.375,2.9375],"texture":"#0"},"up":{"uv":[1.3125,2.375,1.375,2.4375],"texture":"#0"},"down":{"uv":[1.3125,2.875,1.375,2.9375],"texture":"#0"}}},{"name":"icons_110","from":[3,1,7.5],"to":[6,13,8.5],"rotation":{"angle":0,"axis":"y","origin":[-8,-204,7.5]},"faces":{"north":{"uv":[0.875,2.4375,0.6875,3.1875],"texture":"#0"},"east":{"uv":[0.8125,2.4375,0.875,3.1875],"texture":"#0"},"south":{"uv":[0.6875,2.4375,0.875,3.1875],"texture":"#0"},"west":{"uv":[0.6875,2.4375,0.75,3.1875],"texture":"#0"},"up":{"uv":[0.6875,2.4375,0.875,2.5],"texture":"#0"},"down":{"uv":[0.6875,3.125,0.875,3.1875],"texture":"#0"}}},{"name":"icons_111","from":[14,9,7.5],"to":[16,13,8.5],"rotation":{"angle":0,"axis":"y","origin":[-8,-204,7.5]},"faces":{"north":{"uv":[1.5,2.4375,1.375,2.6875],"texture":"#0"},"east":{"uv":[1.4375,2.4375,1.5,2.6875],"texture":"#0"},"south":{"uv":[1.375,2.4375,1.5,2.6875],"texture":"#0"},"west":{"uv":[1.375,2.4375,1.4375,2.6875],"texture":"#0"},"up":{"uv":[1.375,2.4375,1.5,2.5],"texture":"#0"},"down":{"uv":[1.375,2.625,1.5,2.6875],"texture":"#0"}}},{"name":"icons_127","from":[1,6,7.5],"to":[3,9,8.5],"rotation":{"angle":0,"axis":"y","origin":[-8,-204,7.5]},"faces":{"north":{"uv":[0.6875,2.6875,0.5625,2.875],"texture":"#0"},"east":{"uv":[0.625,2.6875,0.6875,2.875],"texture":"#0"},"south":{"uv":[0.5625,2.6875,0.6875,2.875],"texture":"#0"},"west":{"uv":[0.5625,2.6875,0.625,2.875],"texture":"#0"},"up":{"uv":[0.5625,2.6875,0.6875,2.75],"texture":"#0"},"down":{"uv":[0.5625,2.8125,0.6875,2.875],"texture":"#0"}}},{"name":"icons_128","from":[14,8,7.5],"to":[15,9,8.5],"rotation":{"angle":0,"axis":"y","origin":[-8,-204,7.5]},"faces":{"north":{"uv":[1.4375,2.6875,1.375,2.75],"texture":"#0"},"east":{"uv":[1.375,2.6875,1.4375,2.75],"texture":"#0"},"south":{"uv":[1.375,2.6875,1.4375,2.75],"texture":"#0"},"west":{"uv":[1.375,2.6875,1.4375,2.75],"texture":"#0"},"up":{"uv":[1.375,2.6875,1.4375,2.75],"texture":"#0"},"down":{"uv":[1.375,2.6875,1.4375,2.75],"texture":"#0"}}},{"name":"icons_129","from":[2,1,7.5],"to":[3,6,8.5],"rotation":{"angle":0,"axis":"y","origin":[-8,-204,7.5]},"faces":{"north":{"uv":[0.6875,2.875,0.625,3.1875],"texture":"#0"},"east":{"uv":[0.625,2.875,0.6875,3.1875],"texture":"#0"},"south":{"uv":[0.625,2.875,0.6875,3.1875],"texture":"#0"},"west":{"uv":[0.625,2.875,0.6875,3.1875],"texture":"#0"},"up":{"uv":[0.625,2.875,0.6875,2.9375],"texture":"#0"},"down":{"uv":[0.625,3.125,0.6875,3.1875],"texture":"#0"}}},{"name":"icons_130","from":[1,1,7.5],"to":[2,5,8.5],"rotation":{"angle":0,"axis":"y","origin":[-8,-204,7.5]},"faces":{"north":{"uv":[0.625,2.9375,0.5625,3.1875],"texture":"#0"},"east":{"uv":[0.5625,2.9375,0.625,3.1875],"texture":"#0"},"south":{"uv":[0.5625,2.9375,0.625,3.1875],"texture":"#0"},"west":{"uv":[0.5625,2.9375,0.625,3.1875],"texture":"#0"},"up":{"uv":[0.5625,2.9375,0.625,3],"texture":"#0"},"down":{"uv":[0.5625,3.125,0.625,3.1875],"texture":"#0"}}},{"name":"icons_131","from":[7,2,7.5],"to":[11,4,8.5],"rotation":{"angle":0,"axis":"y","origin":[-8,-204,7.5]},"faces":{"north":{"uv":[1.1875,3,0.9375,3.125],"texture":"#0"},"east":{"uv":[1.125,3,1.1875,3.125],"texture":"#0"},"south":{"uv":[0.9375,3,1.1875,3.125],"texture":"#0"},"west":{"uv":[0.9375,3,1,3.125],"texture":"#0"},"up":{"uv":[0.9375,3,1.1875,3.0625],"texture":"#0"},"down":{"uv":[0.9375,3.0625,1.1875,3.125],"texture":"#0"}}},{"name":"icons_132","from":[11,3,7.5],"to":[12,4,8.5],"rotation":{"angle":0,"axis":"y","origin":[-8,-204,7.5]},"faces":{"north":{"uv":[1.25,3,1.1875,3.0625],"texture":"#0"},"east":{"uv":[1.1875,3,1.25,3.0625],"texture":"#0"},"south":{"uv":[1.1875,3,1.25,3.0625],"texture":"#0"},"west":{"uv":[1.1875,3,1.25,3.0625],"texture":"#0"},"up":{"uv":[1.1875,3,1.25,3.0625],"texture":"#0"},"down":{"uv":[1.1875,3,1.25,3.0625],"texture":"#0"}}},{"name":"icons_133","from":[7,1,7.5],"to":[9,2,8.5],"rotation":{"angle":0,"axis":"y","origin":[-8,-204,7.5]},"faces":{"north":{"uv":[1.0625,3.125,0.9375,3.1875],"texture":"#0"},"east":{"uv":[1,3.125,1.0625,3.1875],"texture":"#0"},"south":{"uv":[0.9375,3.125,1.0625,3.1875],"texture":"#0"},"west":{"uv":[0.9375,3.125,1,3.1875],"texture":"#0"},"up":{"uv":[0.9375,3.125,1.0625,3.1875],"texture":"#0"},"down":{"uv":[0.9375,3.125,1.0625,3.1875],"texture":"#0"}}},{"name":"shadows_57","from":[0,8,7.5],"to":[1,9,8.5],"rotation":{"angle":0,"axis":"y","origin":[-8,-204,7.5]},"faces":{"north":{"uv":[0.5625,2.6875,0.5,2.75],"texture":"#0"},"east":{"uv":[0.5,2.6875,0.5625,2.75],"texture":"#0"},"south":{"uv":[0.5,2.6875,0.5625,2.75],"texture":"#0"},"west":{"uv":[0.5,2.6875,0.5625,2.75],"texture":"#0"},"up":{"uv":[0.5,2.6875,0.5625,2.75],"texture":"#0"},"down":{"uv":[0.5,2.6875,0.5625,2.75],"texture":"#0"}}},{"name":"shadows_58","from":[15,8,7.5],"to":[16,9,8.5],"rotation":{"angle":0,"axis":"y","origin":[-8,-204,7.5]},"faces":{"north":{"uv":[1.5,2.6875,1.4375,2.75],"texture":"#0"},"east":{"uv":[1.4375,2.6875,1.5,2.75],"texture":"#0"},"south":{"uv":[1.4375,2.6875,1.5,2.75],"texture":"#0"},"west":{"uv":[1.4375,2.6875,1.5,2.75],"texture":"#0"},"up":{"uv":[1.4375,2.6875,1.5,2.75],"texture":"#0"},"down":{"uv":[1.4375,2.6875,1.5,2.75],"texture":"#0"}}},{"name":"shadows_59","from":[14,7,7.5],"to":[15,8,8.5],"rotation":{"angle":0,"axis":"y","origin":[-8,-204,7.5]},"faces":{"north":{"uv":[1.4375,2.75,1.375,2.8125],"texture":"#0"},"east":{"uv":[1.375,2.75,1.4375,2.8125],"texture":"#0"},"south":{"uv":[1.375,2.75,1.4375,2.8125],"texture":"#0"},"west":{"uv":[1.375,2.75,1.4375,2.8125],"texture":"#0"},"up":{"uv":[1.375,2.75,1.4375,2.8125],"texture":"#0"},"down":{"uv":[1.375,2.75,1.4375,2.8125],"texture":"#0"}}},{"name":"shadows_60","from":[1,5,7.5],"to":[2,6,8.5],"rotation":{"angle":0,"axis":"y","origin":[-8,-204,7.5]},"faces":{"north":{"uv":[0.625,2.875,0.5625,2.9375],"texture":"#0"},"east":{"uv":[0.5625,2.875,0.625,2.9375],"texture":"#0"},"south":{"uv":[0.5625,2.875,0.625,2.9375],"texture":"#0"},"west":{"uv":[0.5625,2.875,0.625,2.9375],"texture":"#0"},"up":{"uv":[0.5625,2.875,0.625,2.9375],"texture":"#0"},"down":{"uv":[0.5625,2.875,0.625,2.9375],"texture":"#0"}}},{"name":"shadows_61","from":[13,4,7.5],"to":[14,5,8.5],"rotation":{"angle":0,"axis":"y","origin":[-8,-204,7.5]},"faces":{"north":{"uv":[1.375,2.9375,1.3125,3],"texture":"#0"},"east":{"uv":[1.3125,2.9375,1.375,3],"texture":"#0"},"south":{"uv":[1.3125,2.9375,1.375,3],"texture":"#0"},"west":{"uv":[1.3125,2.9375,1.375,3],"texture":"#0"},"up":{"uv":[1.3125,2.9375,1.375,3],"texture":"#0"},"down":{"uv":[1.3125,2.9375,1.375,3],"texture":"#0"}}},{"name":"shadows_66","from":[12,3,7.5],"to":[13,4,8.5],"rotation":{"angle":0,"axis":"y","origin":[-8,-204,7.5]},"faces":{"north":{"uv":[1.3125,3,1.25,3.0625],"texture":"#0"},"east":{"uv":[1.25,3,1.3125,3.0625],"texture":"#0"},"south":{"uv":[1.25,3,1.3125,3.0625],"texture":"#0"},"west":{"uv":[1.25,3,1.3125,3.0625],"texture":"#0"},"up":{"uv":[1.25,3,1.3125,3.0625],"texture":"#0"},"down":{"uv":[1.25,3,1.3125,3.0625],"texture":"#0"}}},{"name":"shadows_72","from":[11,2,7.5],"to":[12,3,8.5],"rotation":{"angle":0,"axis":"y","origin":[-8,-204,7.5]},"faces":{"north":{"uv":[1.25,3.0625,1.1875,3.125],"texture":"#0"},"east":{"uv":[1.1875,3.0625,1.25,3.125],"texture":"#0"},"south":{"uv":[1.1875,3.0625,1.25,3.125],"texture":"#0"},"west":{"uv":[1.1875,3.0625,1.25,3.125],"texture":"#0"},"up":{"uv":[1.1875,3.0625,1.25,3.125],"texture":"#0"},"down":{"uv":[1.1875,3.0625,1.25,3.125],"texture":"#0"}}},{"name":"shadows_83","from":[9,1,7.5],"to":[11,2,8.5],"rotation":{"angle":0,"axis":"y","origin":[-8,-204,7.5]},"faces":{"north":{"uv":[1.1875,3.125,1.0625,3.1875],"texture":"#0"},"east":{"uv":[1.125,3.125,1.1875,3.1875],"texture":"#0"},"south":{"uv":[1.0625,3.125,1.1875,3.1875],"texture":"#0"},"west":{"uv":[1.0625,3.125,1.125,3.1875],"texture":"#0"},"up":{"uv":[1.0625,3.125,1.1875,3.1875],"texture":"#0"},"down":{"uv":[1.0625,3.125,1.1875,3.1875],"texture":"#0"}}},{"name":"shadows_92","from":[1,0,7.5],"to":[9,1,8.5],"rotation":{"angle":0,"axis":"y","origin":[-8,-204,7.5]},"faces":{"north":{"uv":[1.0625,3.1875,0.5625,3.25],"texture":"#0"},"east":{"uv":[1,3.1875,1.0625,3.25],"texture":"#0"},"south":{"uv":[0.5625,3.1875,1.0625,3.25],"texture":"#0"},"west":{"uv":[0.5625,3.1875,0.625,3.25],"texture":"#0"},"up":{"uv":[0.5625,3.1875,1.0625,3.25],"texture":"#0"},"down":{"uv":[0.5625,3.1875,1.0625,3.25],"texture":"#0"}}}],"gui_light":"front","display":{"thirdperson_righthand":{"translation":[0,3,1],"scale":[0.55,0.55,0.55]},"thirdperson_lefthand":{"translation":[0,3,1],"scale":[0.55,0.55,0.55]},"firstperson_righthand":{"rotation":[0,-90,25],"translation":[1.13,3.2,1.13],"scale":[0.68,0.68,0.68]},"firstperson_lefthand":{"rotation":[0,-90,25],"translation":[1.13,3.2,1.13],"scale":[0.68,0.68,0.68]},"ground":{"translation":[0,2,0],"scale":[0.5,0.5,0.5]},"head":{"rotation":[0,180,0],"translation":[0,13,7]},"fixed":{"rotation":[0,180,0]}},"mcmodels":"f03d6055f7da1f7cda7e3c8a45ea57c3"}