{"credit":"Made with Blockbench","textures":{"0":"social_icons_pack:icons","particle":"social_icons_pack:icons"},"elements":[{"name":"icons_3","from":[2,0,7.5],"to":[15,16,8.5],"rotation":{"angle":0,"axis":"y","origin":[-98,-222,7.5]},"faces":{"north":{"uv":[7.0625,1.125,6.25,2.125],"texture":"#0"},"east":{"uv":[7,1.125,7.0625,2.125],"texture":"#0"},"south":{"uv":[6.25,1.125,7.0625,2.125],"texture":"#0"},"west":{"uv":[6.25,1.125,6.3125,2.125],"texture":"#0"},"up":{"uv":[6.25,1.125,7.0625,1.1875],"texture":"#0"},"down":{"uv":[6.25,2.0625,7.0625,2.125],"texture":"#0"}}},{"name":"icons_17","from":[1,1,7.5],"to":[2,15,8.5],"rotation":{"angle":0,"axis":"y","origin":[-98,-222,7.5]},"faces":{"north":{"uv":[6.25,1.1875,6.1875,2.0625],"texture":"#0"},"east":{"uv":[6.1875,1.1875,6.25,2.0625],"texture":"#0"},"south":{"uv":[6.1875,1.1875,6.25,2.0625],"texture":"#0"},"west":{"uv":[6.1875,1.1875,6.25,2.0625],"texture":"#0"},"up":{"uv":[6.1875,1.1875,6.25,1.25],"texture":"#0"},"down":{"uv":[6.1875,2,6.25,2.0625],"texture":"#0"}}},{"name":"icons_18","from":[15,1,7.5],"to":[16,15,8.5],"rotation":{"angle":0,"axis":"y","origin":[-98,-222,7.5]},"faces":{"north":{"uv":[7.125,1.1875,7.0625,2.0625],"texture":"#0"},"east":{"uv":[7.0625,1.1875,7.125,2.0625],"texture":"#0"},"south":{"uv":[7.0625,1.1875,7.125,2.0625],"texture":"#0"},"west":{"uv":[7.0625,1.1875,7.125,2.0625],"texture":"#0"},"up":{"uv":[7.0625,1.1875,7.125,1.25],"texture":"#0"},"down":{"uv":[7.0625,2,7.125,2.0625],"texture":"#0"}}},{"name":"shadows_37","from":[1,0,7.5],"to":[2,1,8.5],"rotation":{"angle":0,"axis":"y","origin":[-98,-222,7.5]},"faces":{"north":{"uv":[6.25,2.0625,6.1875,2.125],"texture":"#0"},"east":{"uv":[6.1875,2.0625,6.25,2.125],"texture":"#0"},"south":{"uv":[6.1875,2.0625,6.25,2.125],"texture":"#0"},"west":{"uv":[6.1875,2.0625,6.25,2.125],"texture":"#0"},"up":{"uv":[6.1875,2.0625,6.25,2.125],"texture":"#0"},"down":{"uv":[6.1875,2.0625,6.25,2.125],"texture":"#0"}}},{"name":"shadows_38","from":[15,0,7.5],"to":[16,1,8.5],"rotation":{"angle":0,"axis":"y","origin":[-98,-222,7.5]},"faces":{"north":{"uv":[7.125,2.0625,7.0625,2.125],"texture":"#0"},"east":{"uv":[7.0625,2.0625,7.125,2.125],"texture":"#0"},"south":{"uv":[7.0625,2.0625,7.125,2.125],"texture":"#0"},"west":{"uv":[7.0625,2.0625,7.125,2.125],"texture":"#0"},"up":{"uv":[7.0625,2.0625,7.125,2.125],"texture":"#0"},"down":{"uv":[7.0625,2.0625,7.125,2.125],"texture":"#0"}}},{"name":"shadows_52","from":[2,-1,7.5],"to":[15,0,8.5],"rotation":{"angle":0,"axis":"y","origin":[-98,-222,7.5]},"faces":{"north":{"uv":[7.0625,2.125,6.25,2.1875],"texture":"#0"},"east":{"uv":[7,2.125,7.0625,2.1875],"texture":"#0"},"south":{"uv":[6.25,2.125,7.0625,2.1875],"texture":"#0"},"west":{"uv":[6.25,2.125,6.3125,2.1875],"texture":"#0"},"up":{"uv":[6.25,2.125,7.0625,2.1875],"texture":"#0"},"down":{"uv":[6.25,2.125,7.0625,2.1875],"texture":"#0"}}}],"gui_light":"front","display":{"thirdperson_righthand":{"translation":[0,3,1],"scale":[0.55,0.55,0.55]},"thirdperson_lefthand":{"translation":[0,3,1],"scale":[0.55,0.55,0.55]},"firstperson_righthand":{"rotation":[0,-90,25],"translation":[1.13,3.2,1.13],"scale":[0.68,0.68,0.68]},"firstperson_lefthand":{"rotation":[0,-90,25],"translation":[1.13,3.2,1.13],"scale":[0.68,0.68,0.68]},"ground":{"translation":[0,2,0],"scale":[0.5,0.5,0.5]},"head":{"rotation":[0,180,0],"translation":[0,13,7]},"fixed":{"rotation":[0,180,0]}},"mcmodels":"f03d6055f7da1f7cda7e3c8a45ea57c3"}