{"credit":"Made with Blockbench","textures":{"0":"social_icons_pack:icons","particle":"social_icons_pack:icons"},"elements":[{"name":"icons_11","from":[2,4,7.5],"to":[13,15,8.5],"rotation":{"angle":0,"axis":"y","origin":[-44,-222,7.5]},"faces":{"north":{"uv":[3.5625,1.1875,2.875,1.875],"texture":"#0"},"east":{"uv":[3.5,1.1875,3.5625,1.875],"texture":"#0"},"south":{"uv":[2.875,1.1875,3.5625,1.875],"texture":"#0"},"west":{"uv":[2.875,1.1875,2.9375,1.875],"texture":"#0"},"up":{"uv":[2.875,1.1875,3.5625,1.25],"texture":"#0"},"down":{"uv":[2.875,1.8125,3.5625,1.875],"texture":"#0"}}},{"name":"icons_12","from":[13,7,7.5],"to":[16,15,8.5],"rotation":{"angle":0,"axis":"y","origin":[-44,-222,7.5]},"faces":{"north":{"uv":[3.75,1.1875,3.5625,1.6875],"texture":"#0"},"east":{"uv":[3.6875,1.1875,3.75,1.6875],"texture":"#0"},"south":{"uv":[3.5625,1.1875,3.75,1.6875],"texture":"#0"},"west":{"uv":[3.5625,1.1875,3.625,1.6875],"texture":"#0"},"up":{"uv":[3.5625,1.1875,3.75,1.25],"texture":"#0"},"down":{"uv":[3.5625,1.625,3.75,1.6875],"texture":"#0"}}},{"name":"icons_32","from":[1,2,7.5],"to":[2,14,8.5],"rotation":{"angle":0,"axis":"y","origin":[-44,-222,7.5]},"faces":{"north":{"uv":[2.875,1.25,2.8125,2],"texture":"#0"},"east":{"uv":[2.8125,1.25,2.875,2],"texture":"#0"},"south":{"uv":[2.8125,1.25,2.875,2],"texture":"#0"},"west":{"uv":[2.8125,1.25,2.875,2],"texture":"#0"},"up":{"uv":[2.8125,1.25,2.875,1.3125],"texture":"#0"},"down":{"uv":[2.8125,1.9375,2.875,2],"texture":"#0"}}},{"name":"icons_37","from":[0,2,7.5],"to":[1,13,8.5],"rotation":{"angle":0,"axis":"y","origin":[-44,-222,7.5]},"faces":{"north":{"uv":[2.8125,1.3125,2.75,2],"texture":"#0"},"east":{"uv":[2.75,1.3125,2.8125,2],"texture":"#0"},"south":{"uv":[2.75,1.3125,2.8125,2],"texture":"#0"},"west":{"uv":[2.75,1.3125,2.8125,2],"texture":"#0"},"up":{"uv":[2.75,1.3125,2.8125,1.375],"texture":"#0"},"down":{"uv":[2.75,1.9375,2.8125,2],"texture":"#0"}}},{"name":"icons_57","from":[13,6,7.5],"to":[15,7,8.5],"rotation":{"angle":0,"axis":"y","origin":[-44,-222,7.5]},"faces":{"north":{"uv":[3.6875,1.6875,3.5625,1.75],"texture":"#0"},"east":{"uv":[3.625,1.6875,3.6875,1.75],"texture":"#0"},"south":{"uv":[3.5625,1.6875,3.6875,1.75],"texture":"#0"},"west":{"uv":[3.5625,1.6875,3.625,1.75],"texture":"#0"},"up":{"uv":[3.5625,1.6875,3.6875,1.75],"texture":"#0"},"down":{"uv":[3.5625,1.6875,3.6875,1.75],"texture":"#0"}}},{"name":"icons_63","from":[13,5,7.5],"to":[14,6,8.5],"rotation":{"angle":0,"axis":"y","origin":[-44,-222,7.5]},"faces":{"north":{"uv":[3.625,1.75,3.5625,1.8125],"texture":"#0"},"east":{"uv":[3.5625,1.75,3.625,1.8125],"texture":"#0"},"south":{"uv":[3.5625,1.75,3.625,1.8125],"texture":"#0"},"west":{"uv":[3.5625,1.75,3.625,1.8125],"texture":"#0"},"up":{"uv":[3.5625,1.75,3.625,1.8125],"texture":"#0"},"down":{"uv":[3.5625,1.75,3.625,1.8125],"texture":"#0"}}},{"name":"icons_65","from":[2,2,7.5],"to":[9,4,8.5],"rotation":{"angle":0,"axis":"y","origin":[-44,-222,7.5]},"faces":{"north":{"uv":[3.3125,1.875,2.875,2],"texture":"#0"},"east":{"uv":[3.25,1.875,3.3125,2],"texture":"#0"},"south":{"uv":[2.875,1.875,3.3125,2],"texture":"#0"},"west":{"uv":[2.875,1.875,2.9375,2],"texture":"#0"},"up":{"uv":[2.875,1.875,3.3125,1.9375],"texture":"#0"},"down":{"uv":[2.875,1.9375,3.3125,2],"texture":"#0"}}},{"name":"icons_66","from":[9,3,7.5],"to":[12,4,8.5],"rotation":{"angle":0,"axis":"y","origin":[-44,-222,7.5]},"faces":{"north":{"uv":[3.5,1.875,3.3125,1.9375],"texture":"#0"},"east":{"uv":[3.4375,1.875,3.5,1.9375],"texture":"#0"},"south":{"uv":[3.3125,1.875,3.5,1.9375],"texture":"#0"},"west":{"uv":[3.3125,1.875,3.375,1.9375],"texture":"#0"},"up":{"uv":[3.3125,1.875,3.5,1.9375],"texture":"#0"},"down":{"uv":[3.3125,1.875,3.5,1.9375],"texture":"#0"}}},{"name":"icons_69","from":[3,0,7.5],"to":[7,2,8.5],"rotation":{"angle":0,"axis":"y","origin":[-44,-222,7.5]},"faces":{"north":{"uv":[3.1875,2,2.9375,2.125],"texture":"#0"},"east":{"uv":[3.125,2,3.1875,2.125],"texture":"#0"},"south":{"uv":[2.9375,2,3.1875,2.125],"texture":"#0"},"west":{"uv":[2.9375,2,3,2.125],"texture":"#0"},"up":{"uv":[2.9375,2,3.1875,2.0625],"texture":"#0"},"down":{"uv":[2.9375,2.0625,3.1875,2.125],"texture":"#0"}}},{"name":"icons_70","from":[7,1,7.5],"to":[8,2,8.5],"rotation":{"angle":0,"axis":"y","origin":[-44,-222,7.5]},"faces":{"north":{"uv":[3.25,2,3.1875,2.0625],"texture":"#0"},"east":{"uv":[3.1875,2,3.25,2.0625],"texture":"#0"},"south":{"uv":[3.1875,2,3.25,2.0625],"texture":"#0"},"west":{"uv":[3.1875,2,3.25,2.0625],"texture":"#0"},"up":{"uv":[3.1875,2,3.25,2.0625],"texture":"#0"},"down":{"uv":[3.1875,2,3.25,2.0625],"texture":"#0"}}},{"name":"shadows_9","from":[15,6,7.5],"to":[16,7,8.5],"rotation":{"angle":0,"axis":"y","origin":[-44,-222,7.5]},"faces":{"north":{"uv":[3.75,1.6875,3.6875,1.75],"texture":"#0"},"east":{"uv":[3.6875,1.6875,3.75,1.75],"texture":"#0"},"south":{"uv":[3.6875,1.6875,3.75,1.75],"texture":"#0"},"west":{"uv":[3.6875,1.6875,3.75,1.75],"texture":"#0"},"up":{"uv":[3.6875,1.6875,3.75,1.75],"texture":"#0"},"down":{"uv":[3.6875,1.6875,3.75,1.75],"texture":"#0"}}},{"name":"shadows_10","from":[14,5,7.5],"to":[15,6,8.5],"rotation":{"angle":0,"axis":"y","origin":[-44,-222,7.5]},"faces":{"north":{"uv":[3.6875,1.75,3.625,1.8125],"texture":"#0"},"east":{"uv":[3.625,1.75,3.6875,1.8125],"texture":"#0"},"south":{"uv":[3.625,1.75,3.6875,1.8125],"texture":"#0"},"west":{"uv":[3.625,1.75,3.6875,1.8125],"texture":"#0"},"up":{"uv":[3.625,1.75,3.6875,1.8125],"texture":"#0"},"down":{"uv":[3.625,1.75,3.6875,1.8125],"texture":"#0"}}},{"name":"shadows_11","from":[13,4,7.5],"to":[14,5,8.5],"rotation":{"angle":0,"axis":"y","origin":[-44,-222,7.5]},"faces":{"north":{"uv":[3.625,1.8125,3.5625,1.875],"texture":"#0"},"east":{"uv":[3.5625,1.8125,3.625,1.875],"texture":"#0"},"south":{"uv":[3.5625,1.8125,3.625,1.875],"texture":"#0"},"west":{"uv":[3.5625,1.8125,3.625,1.875],"texture":"#0"},"up":{"uv":[3.5625,1.8125,3.625,1.875],"texture":"#0"},"down":{"uv":[3.5625,1.8125,3.625,1.875],"texture":"#0"}}},{"name":"shadows_14","from":[12,3,7.5],"to":[13,4,8.5],"rotation":{"angle":0,"axis":"y","origin":[-44,-222,7.5]},"faces":{"north":{"uv":[3.5625,1.875,3.5,1.9375],"texture":"#0"},"east":{"uv":[3.5,1.875,3.5625,1.9375],"texture":"#0"},"south":{"uv":[3.5,1.875,3.5625,1.9375],"texture":"#0"},"west":{"uv":[3.5,1.875,3.5625,1.9375],"texture":"#0"},"up":{"uv":[3.5,1.875,3.5625,1.9375],"texture":"#0"},"down":{"uv":[3.5,1.875,3.5625,1.9375],"texture":"#0"}}},{"name":"shadows_18","from":[9,2,7.5],"to":[12,3,8.5],"rotation":{"angle":0,"axis":"y","origin":[-44,-222,7.5]},"faces":{"north":{"uv":[3.5,1.9375,3.3125,2],"texture":"#0"},"east":{"uv":[3.4375,1.9375,3.5,2],"texture":"#0"},"south":{"uv":[3.3125,1.9375,3.5,2],"texture":"#0"},"west":{"uv":[3.3125,1.9375,3.375,2],"texture":"#0"},"up":{"uv":[3.3125,1.9375,3.5,2],"texture":"#0"},"down":{"uv":[3.3125,1.9375,3.5,2],"texture":"#0"}}},{"name":"shadows_25","from":[0,1,7.5],"to":[3,2,8.5],"rotation":{"angle":0,"axis":"y","origin":[-44,-222,7.5]},"faces":{"north":{"uv":[2.9375,2,2.75,2.0625],"texture":"#0"},"east":{"uv":[2.875,2,2.9375,2.0625],"texture":"#0"},"south":{"uv":[2.75,2,2.9375,2.0625],"texture":"#0"},"west":{"uv":[2.75,2,2.8125,2.0625],"texture":"#0"},"up":{"uv":[2.75,2,2.9375,2.0625],"texture":"#0"},"down":{"uv":[2.75,2,2.9375,2.0625],"texture":"#0"}}},{"name":"shadows_26","from":[8,1,7.5],"to":[9,2,8.5],"rotation":{"angle":0,"axis":"y","origin":[-44,-222,7.5]},"faces":{"north":{"uv":[3.3125,2,3.25,2.0625],"texture":"#0"},"east":{"uv":[3.25,2,3.3125,2.0625],"texture":"#0"},"south":{"uv":[3.25,2,3.3125,2.0625],"texture":"#0"},"west":{"uv":[3.25,2,3.3125,2.0625],"texture":"#0"},"up":{"uv":[3.25,2,3.3125,2.0625],"texture":"#0"},"down":{"uv":[3.25,2,3.3125,2.0625],"texture":"#0"}}},{"name":"shadows_32","from":[7,0,7.5],"to":[8,1,8.5],"rotation":{"angle":0,"axis":"y","origin":[-44,-222,7.5]},"faces":{"north":{"uv":[3.25,2.0625,3.1875,2.125],"texture":"#0"},"east":{"uv":[3.1875,2.0625,3.25,2.125],"texture":"#0"},"south":{"uv":[3.1875,2.0625,3.25,2.125],"texture":"#0"},"west":{"uv":[3.1875,2.0625,3.25,2.125],"texture":"#0"},"up":{"uv":[3.1875,2.0625,3.25,2.125],"texture":"#0"},"down":{"uv":[3.1875,2.0625,3.25,2.125],"texture":"#0"}}},{"name":"shadows_49","from":[3,-1,7.5],"to":[7,0,8.5],"rotation":{"angle":0,"axis":"y","origin":[-44,-222,7.5]},"faces":{"north":{"uv":[3.1875,2.125,2.9375,2.1875],"texture":"#0"},"east":{"uv":[3.125,2.125,3.1875,2.1875],"texture":"#0"},"south":{"uv":[2.9375,2.125,3.1875,2.1875],"texture":"#0"},"west":{"uv":[2.9375,2.125,3,2.1875],"texture":"#0"},"up":{"uv":[2.9375,2.125,3.1875,2.1875],"texture":"#0"},"down":{"uv":[2.9375,2.125,3.1875,2.1875],"texture":"#0"}}}],"gui_light":"front","display":{"thirdperson_righthand":{"translation":[0,3,1],"scale":[0.55,0.55,0.55]},"thirdperson_lefthand":{"translation":[0,3,1],"scale":[0.55,0.55,0.55]},"firstperson_righthand":{"rotation":[0,-90,25],"translation":[1.13,3.2,1.13],"scale":[0.68,0.68,0.68]},"firstperson_lefthand":{"rotation":[0,-90,25],"translation":[1.13,3.2,1.13],"scale":[0.68,0.68,0.68]},"ground":{"translation":[0,2,0],"scale":[0.5,0.5,0.5]},"head":{"rotation":[0,180,0],"translation":[0,13,7]},"fixed":{"rotation":[0,180,0]}},"mcmodels":"f03d6055f7da1f7cda7e3c8a45ea57c3"}