{"credit":"Made with Blockbench","textures":{"0":"social_icons_pack:icons","particle":"social_icons_pack:icons"},"elements":[{"name":"icons_75","from":[5,1,7.5],"to":[11,16,8.5],"rotation":{"angle":0,"axis":"y","origin":[-116,-204,7.5]},"faces":{"north":{"uv":[10.1875,2.25,9.8125,3.1875],"texture":"#0"},"east":{"uv":[10.125,2.25,10.1875,3.1875],"texture":"#0"},"south":{"uv":[9.8125,2.25,10.1875,3.1875],"texture":"#0"},"west":{"uv":[9.8125,2.25,9.875,3.1875],"texture":"#0"},"up":{"uv":[9.8125,2.25,10.1875,2.3125],"texture":"#0"},"down":{"uv":[9.8125,3.125,10.1875,3.1875],"texture":"#0"}}},{"name":"icons_87","from":[4,2,7.5],"to":[5,15,8.5],"rotation":{"angle":0,"axis":"y","origin":[-116,-204,7.5]},"faces":{"north":{"uv":[9.8125,2.3125,9.75,3.125],"texture":"#0"},"east":{"uv":[9.75,2.3125,9.8125,3.125],"texture":"#0"},"south":{"uv":[9.75,2.3125,9.8125,3.125],"texture":"#0"},"west":{"uv":[9.75,2.3125,9.8125,3.125],"texture":"#0"},"up":{"uv":[9.75,2.3125,9.8125,2.375],"texture":"#0"},"down":{"uv":[9.75,3.0625,9.8125,3.125],"texture":"#0"}}},{"name":"icons_88","from":[11,2,7.5],"to":[12,15,8.5],"rotation":{"angle":0,"axis":"y","origin":[-116,-204,7.5]},"faces":{"north":{"uv":[10.25,2.3125,10.1875,3.125],"texture":"#0"},"east":{"uv":[10.1875,2.3125,10.25,3.125],"texture":"#0"},"south":{"uv":[10.1875,2.3125,10.25,3.125],"texture":"#0"},"west":{"uv":[10.1875,2.3125,10.25,3.125],"texture":"#0"},"up":{"uv":[10.1875,2.3125,10.25,2.375],"texture":"#0"},"down":{"uv":[10.1875,3.0625,10.25,3.125],"texture":"#0"}}},{"name":"icons_104","from":[3,3,7.5],"to":[4,14,8.5],"rotation":{"angle":0,"axis":"y","origin":[-116,-204,7.5]},"faces":{"north":{"uv":[9.75,2.375,9.6875,3.0625],"texture":"#0"},"east":{"uv":[9.6875,2.375,9.75,3.0625],"texture":"#0"},"south":{"uv":[9.6875,2.375,9.75,3.0625],"texture":"#0"},"west":{"uv":[9.6875,2.375,9.75,3.0625],"texture":"#0"},"up":{"uv":[9.6875,2.375,9.75,2.4375],"texture":"#0"},"down":{"uv":[9.6875,3,9.75,3.0625],"texture":"#0"}}},{"name":"icons_105","from":[12,3,7.5],"to":[13,14,8.5],"rotation":{"angle":0,"axis":"y","origin":[-116,-204,7.5]},"faces":{"north":{"uv":[10.3125,2.375,10.25,3.0625],"texture":"#0"},"east":{"uv":[10.25,2.375,10.3125,3.0625],"texture":"#0"},"south":{"uv":[10.25,2.375,10.3125,3.0625],"texture":"#0"},"west":{"uv":[10.25,2.375,10.3125,3.0625],"texture":"#0"},"up":{"uv":[10.25,2.375,10.3125,2.4375],"texture":"#0"},"down":{"uv":[10.25,3,10.3125,3.0625],"texture":"#0"}}},{"name":"icons_117","from":[2,4,7.5],"to":[3,13,8.5],"rotation":{"angle":0,"axis":"y","origin":[-116,-204,7.5]},"faces":{"north":{"uv":[9.6875,2.4375,9.625,3],"texture":"#0"},"east":{"uv":[9.625,2.4375,9.6875,3],"texture":"#0"},"south":{"uv":[9.625,2.4375,9.6875,3],"texture":"#0"},"west":{"uv":[9.625,2.4375,9.6875,3],"texture":"#0"},"up":{"uv":[9.625,2.4375,9.6875,2.5],"texture":"#0"},"down":{"uv":[9.625,2.9375,9.6875,3],"texture":"#0"}}},{"name":"icons_118","from":[13,4,7.5],"to":[14,13,8.5],"rotation":{"angle":0,"axis":"y","origin":[-116,-204,7.5]},"faces":{"north":{"uv":[10.375,2.4375,10.3125,3],"texture":"#0"},"east":{"uv":[10.3125,2.4375,10.375,3],"texture":"#0"},"south":{"uv":[10.3125,2.4375,10.375,3],"texture":"#0"},"west":{"uv":[10.3125,2.4375,10.375,3],"texture":"#0"},"up":{"uv":[10.3125,2.4375,10.375,2.5],"texture":"#0"},"down":{"uv":[10.3125,2.9375,10.375,3],"texture":"#0"}}},{"name":"icons_121","from":[1,5,7.5],"to":[2,12,8.5],"rotation":{"angle":0,"axis":"y","origin":[-116,-204,7.5]},"faces":{"north":{"uv":[9.625,2.5,9.5625,2.9375],"texture":"#0"},"east":{"uv":[9.5625,2.5,9.625,2.9375],"texture":"#0"},"south":{"uv":[9.5625,2.5,9.625,2.9375],"texture":"#0"},"west":{"uv":[9.5625,2.5,9.625,2.9375],"texture":"#0"},"up":{"uv":[9.5625,2.5,9.625,2.5625],"texture":"#0"},"down":{"uv":[9.5625,2.875,9.625,2.9375],"texture":"#0"}}},{"name":"icons_122","from":[14,5,7.5],"to":[15,12,8.5],"rotation":{"angle":0,"axis":"y","origin":[-116,-204,7.5]},"faces":{"north":{"uv":[10.4375,2.5,10.375,2.9375],"texture":"#0"},"east":{"uv":[10.375,2.5,10.4375,2.9375],"texture":"#0"},"south":{"uv":[10.375,2.5,10.4375,2.9375],"texture":"#0"},"west":{"uv":[10.375,2.5,10.4375,2.9375],"texture":"#0"},"up":{"uv":[10.375,2.5,10.4375,2.5625],"texture":"#0"},"down":{"uv":[10.375,2.875,10.4375,2.9375],"texture":"#0"}}},{"name":"shadows_62","from":[1,4,7.5],"to":[2,5,8.5],"rotation":{"angle":0,"axis":"y","origin":[-116,-204,7.5]},"faces":{"north":{"uv":[9.625,2.9375,9.5625,3],"texture":"#0"},"east":{"uv":[9.5625,2.9375,9.625,3],"texture":"#0"},"south":{"uv":[9.5625,2.9375,9.625,3],"texture":"#0"},"west":{"uv":[9.5625,2.9375,9.625,3],"texture":"#0"},"up":{"uv":[9.5625,2.9375,9.625,3],"texture":"#0"},"down":{"uv":[9.5625,2.9375,9.625,3],"texture":"#0"}}},{"name":"shadows_63","from":[14,4,7.5],"to":[15,5,8.5],"rotation":{"angle":0,"axis":"y","origin":[-116,-204,7.5]},"faces":{"north":{"uv":[10.4375,2.9375,10.375,3],"texture":"#0"},"east":{"uv":[10.375,2.9375,10.4375,3],"texture":"#0"},"south":{"uv":[10.375,2.9375,10.4375,3],"texture":"#0"},"west":{"uv":[10.375,2.9375,10.4375,3],"texture":"#0"},"up":{"uv":[10.375,2.9375,10.4375,3],"texture":"#0"},"down":{"uv":[10.375,2.9375,10.4375,3],"texture":"#0"}}},{"name":"shadows_68","from":[2,3,7.5],"to":[3,4,8.5],"rotation":{"angle":0,"axis":"y","origin":[-116,-204,7.5]},"faces":{"north":{"uv":[9.6875,3,9.625,3.0625],"texture":"#0"},"east":{"uv":[9.625,3,9.6875,3.0625],"texture":"#0"},"south":{"uv":[9.625,3,9.6875,3.0625],"texture":"#0"},"west":{"uv":[9.625,3,9.6875,3.0625],"texture":"#0"},"up":{"uv":[9.625,3,9.6875,3.0625],"texture":"#0"},"down":{"uv":[9.625,3,9.6875,3.0625],"texture":"#0"}}},{"name":"shadows_69","from":[13,3,7.5],"to":[14,4,8.5],"rotation":{"angle":0,"axis":"y","origin":[-116,-204,7.5]},"faces":{"north":{"uv":[10.375,3,10.3125,3.0625],"texture":"#0"},"east":{"uv":[10.3125,3,10.375,3.0625],"texture":"#0"},"south":{"uv":[10.3125,3,10.375,3.0625],"texture":"#0"},"west":{"uv":[10.3125,3,10.375,3.0625],"texture":"#0"},"up":{"uv":[10.3125,3,10.375,3.0625],"texture":"#0"},"down":{"uv":[10.3125,3,10.375,3.0625],"texture":"#0"}}},{"name":"shadows_77","from":[3,2,7.5],"to":[4,3,8.5],"rotation":{"angle":0,"axis":"y","origin":[-116,-204,7.5]},"faces":{"north":{"uv":[9.75,3.0625,9.6875,3.125],"texture":"#0"},"east":{"uv":[9.6875,3.0625,9.75,3.125],"texture":"#0"},"south":{"uv":[9.6875,3.0625,9.75,3.125],"texture":"#0"},"west":{"uv":[9.6875,3.0625,9.75,3.125],"texture":"#0"},"up":{"uv":[9.6875,3.0625,9.75,3.125],"texture":"#0"},"down":{"uv":[9.6875,3.0625,9.75,3.125],"texture":"#0"}}},{"name":"shadows_78","from":[12,2,7.5],"to":[13,3,8.5],"rotation":{"angle":0,"axis":"y","origin":[-116,-204,7.5]},"faces":{"north":{"uv":[10.3125,3.0625,10.25,3.125],"texture":"#0"},"east":{"uv":[10.25,3.0625,10.3125,3.125],"texture":"#0"},"south":{"uv":[10.25,3.0625,10.3125,3.125],"texture":"#0"},"west":{"uv":[10.25,3.0625,10.3125,3.125],"texture":"#0"},"up":{"uv":[10.25,3.0625,10.3125,3.125],"texture":"#0"},"down":{"uv":[10.25,3.0625,10.3125,3.125],"texture":"#0"}}},{"name":"shadows_87","from":[4,1,7.5],"to":[5,2,8.5],"rotation":{"angle":0,"axis":"y","origin":[-116,-204,7.5]},"faces":{"north":{"uv":[9.8125,3.125,9.75,3.1875],"texture":"#0"},"east":{"uv":[9.75,3.125,9.8125,3.1875],"texture":"#0"},"south":{"uv":[9.75,3.125,9.8125,3.1875],"texture":"#0"},"west":{"uv":[9.75,3.125,9.8125,3.1875],"texture":"#0"},"up":{"uv":[9.75,3.125,9.8125,3.1875],"texture":"#0"},"down":{"uv":[9.75,3.125,9.8125,3.1875],"texture":"#0"}}},{"name":"shadows_88","from":[11,1,7.5],"to":[12,2,8.5],"rotation":{"angle":0,"axis":"y","origin":[-116,-204,7.5]},"faces":{"north":{"uv":[10.25,3.125,10.1875,3.1875],"texture":"#0"},"east":{"uv":[10.1875,3.125,10.25,3.1875],"texture":"#0"},"south":{"uv":[10.1875,3.125,10.25,3.1875],"texture":"#0"},"west":{"uv":[10.1875,3.125,10.25,3.1875],"texture":"#0"},"up":{"uv":[10.1875,3.125,10.25,3.1875],"texture":"#0"},"down":{"uv":[10.1875,3.125,10.25,3.1875],"texture":"#0"}}},{"name":"shadows_99","from":[5,0,7.5],"to":[11,1,8.5],"rotation":{"angle":0,"axis":"y","origin":[-116,-204,7.5]},"faces":{"north":{"uv":[10.1875,3.1875,9.8125,3.25],"texture":"#0"},"east":{"uv":[10.125,3.1875,10.1875,3.25],"texture":"#0"},"south":{"uv":[9.8125,3.1875,10.1875,3.25],"texture":"#0"},"west":{"uv":[9.8125,3.1875,9.875,3.25],"texture":"#0"},"up":{"uv":[9.8125,3.1875,10.1875,3.25],"texture":"#0"},"down":{"uv":[9.8125,3.1875,10.1875,3.25],"texture":"#0"}}}],"gui_light":"front","display":{"thirdperson_righthand":{"translation":[0,3,1],"scale":[0.55,0.55,0.55]},"thirdperson_lefthand":{"translation":[0,3,1],"scale":[0.55,0.55,0.55]},"firstperson_righthand":{"rotation":[0,-90,25],"translation":[1.13,3.2,1.13],"scale":[0.68,0.68,0.68]},"firstperson_lefthand":{"rotation":[0,-90,25],"translation":[1.13,3.2,1.13],"scale":[0.68,0.68,0.68]},"ground":{"translation":[0,2,0],"scale":[0.5,0.5,0.5]},"head":{"rotation":[0,180,0],"translation":[0,13,7]},"fixed":{"rotation":[0,180,0]}},"mcmodels":"f03d6055f7da1f7cda7e3c8a45ea57c3"}