{"credit":"Made with Blockbench","textures":{"0":"social_icons_pack:icons","particle":"social_icons_pack:icons"},"elements":[{"name":"icons_360","from":[4,2,7.5],"to":[13,16,8.5],"rotation":{"angle":0,"axis":"y","origin":[-44,-96,7.5]},"faces":{"north":{"uv":[3.5625,9,3,9.875],"texture":"#0"},"east":{"uv":[3.5,9,3.5625,9.875],"texture":"#0"},"south":{"uv":[3,9,3.5625,9.875],"texture":"#0"},"west":{"uv":[3,9,3.0625,9.875],"texture":"#0"},"up":{"uv":[3,9,3.5625,9.0625],"texture":"#0"},"down":{"uv":[3,9.8125,3.5625,9.875],"texture":"#0"}}},{"name":"icons_367","from":[3,0,7.5],"to":[4,15,8.5],"rotation":{"angle":0,"axis":"y","origin":[-44,-96,7.5]},"faces":{"north":{"uv":[3,9.0625,2.9375,10],"texture":"#0"},"east":{"uv":[2.9375,9.0625,3,10],"texture":"#0"},"south":{"uv":[2.9375,9.0625,3,10],"texture":"#0"},"west":{"uv":[2.9375,9.0625,3,10],"texture":"#0"},"up":{"uv":[2.9375,9.0625,3,9.125],"texture":"#0"},"down":{"uv":[2.9375,9.9375,3,10],"texture":"#0"}}},{"name":"icons_368","from":[13,3,7.5],"to":[14,15,8.5],"rotation":{"angle":0,"axis":"y","origin":[-44,-96,7.5]},"faces":{"north":{"uv":[3.625,9.0625,3.5625,9.8125],"texture":"#0"},"east":{"uv":[3.5625,9.0625,3.625,9.8125],"texture":"#0"},"south":{"uv":[3.5625,9.0625,3.625,9.8125],"texture":"#0"},"west":{"uv":[3.5625,9.0625,3.625,9.8125],"texture":"#0"},"up":{"uv":[3.5625,9.0625,3.625,9.125],"texture":"#0"},"down":{"uv":[3.5625,9.75,3.625,9.8125],"texture":"#0"}}},{"name":"icons_378","from":[2,4,7.5],"to":[3,14,8.5],"rotation":{"angle":0,"axis":"y","origin":[-44,-96,7.5]},"faces":{"north":{"uv":[2.9375,9.125,2.875,9.75],"texture":"#0"},"east":{"uv":[2.875,9.125,2.9375,9.75],"texture":"#0"},"south":{"uv":[2.875,9.125,2.9375,9.75],"texture":"#0"},"west":{"uv":[2.875,9.125,2.9375,9.75],"texture":"#0"},"up":{"uv":[2.875,9.125,2.9375,9.1875],"texture":"#0"},"down":{"uv":[2.875,9.6875,2.9375,9.75],"texture":"#0"}}},{"name":"icons_379","from":[14,4,7.5],"to":[15,14,8.5],"rotation":{"angle":0,"axis":"y","origin":[-44,-96,7.5]},"faces":{"north":{"uv":[3.6875,9.125,3.625,9.75],"texture":"#0"},"east":{"uv":[3.625,9.125,3.6875,9.75],"texture":"#0"},"south":{"uv":[3.625,9.125,3.6875,9.75],"texture":"#0"},"west":{"uv":[3.625,9.125,3.6875,9.75],"texture":"#0"},"up":{"uv":[3.625,9.125,3.6875,9.1875],"texture":"#0"},"down":{"uv":[3.625,9.6875,3.6875,9.75],"texture":"#0"}}},{"name":"icons_384","from":[4,0,7.5],"to":[6,2,8.5],"rotation":{"angle":0,"axis":"y","origin":[-44,-96,7.5]},"faces":{"north":{"uv":[3.125,9.875,3,10],"texture":"#0"},"east":{"uv":[3.0625,9.875,3.125,10],"texture":"#0"},"south":{"uv":[3,9.875,3.125,10],"texture":"#0"},"west":{"uv":[3,9.875,3.0625,10],"texture":"#0"},"up":{"uv":[3,9.875,3.125,9.9375],"texture":"#0"},"down":{"uv":[3,9.9375,3.125,10],"texture":"#0"}}},{"name":"icons_385","from":[6,1,7.5],"to":[7,2,8.5],"rotation":{"angle":0,"axis":"y","origin":[-44,-96,7.5]},"faces":{"north":{"uv":[3.1875,9.875,3.125,9.9375],"texture":"#0"},"east":{"uv":[3.125,9.875,3.1875,9.9375],"texture":"#0"},"south":{"uv":[3.125,9.875,3.1875,9.9375],"texture":"#0"},"west":{"uv":[3.125,9.875,3.1875,9.9375],"texture":"#0"},"up":{"uv":[3.125,9.875,3.1875,9.9375],"texture":"#0"},"down":{"uv":[3.125,9.875,3.1875,9.9375],"texture":"#0"}}},{"name":"shadows_294","from":[2,3,7.5],"to":[3,4,8.5],"rotation":{"angle":0,"axis":"y","origin":[-44,-96,7.5]},"faces":{"north":{"uv":[2.9375,9.75,2.875,9.8125],"texture":"#0"},"east":{"uv":[2.875,9.75,2.9375,9.8125],"texture":"#0"},"south":{"uv":[2.875,9.75,2.9375,9.8125],"texture":"#0"},"west":{"uv":[2.875,9.75,2.9375,9.8125],"texture":"#0"},"up":{"uv":[2.875,9.75,2.9375,9.8125],"texture":"#0"},"down":{"uv":[2.875,9.75,2.9375,9.8125],"texture":"#0"}}},{"name":"shadows_295","from":[14,3,7.5],"to":[15,4,8.5],"rotation":{"angle":0,"axis":"y","origin":[-44,-96,7.5]},"faces":{"north":{"uv":[3.6875,9.75,3.625,9.8125],"texture":"#0"},"east":{"uv":[3.625,9.75,3.6875,9.8125],"texture":"#0"},"south":{"uv":[3.625,9.75,3.6875,9.8125],"texture":"#0"},"west":{"uv":[3.625,9.75,3.6875,9.8125],"texture":"#0"},"up":{"uv":[3.625,9.75,3.6875,9.8125],"texture":"#0"},"down":{"uv":[3.625,9.75,3.6875,9.8125],"texture":"#0"}}},{"name":"shadows_298","from":[13,2,7.5],"to":[14,3,8.5],"rotation":{"angle":0,"axis":"y","origin":[-44,-96,7.5]},"faces":{"north":{"uv":[3.625,9.8125,3.5625,9.875],"texture":"#0"},"east":{"uv":[3.5625,9.8125,3.625,9.875],"texture":"#0"},"south":{"uv":[3.5625,9.8125,3.625,9.875],"texture":"#0"},"west":{"uv":[3.5625,9.8125,3.625,9.875],"texture":"#0"},"up":{"uv":[3.5625,9.8125,3.625,9.875],"texture":"#0"},"down":{"uv":[3.5625,9.8125,3.625,9.875],"texture":"#0"}}},{"name":"shadows_302","from":[7,1,7.5],"to":[13,2,8.5],"rotation":{"angle":0,"axis":"y","origin":[-44,-96,7.5]},"faces":{"north":{"uv":[3.5625,9.875,3.1875,9.9375],"texture":"#0"},"east":{"uv":[3.5,9.875,3.5625,9.9375],"texture":"#0"},"south":{"uv":[3.1875,9.875,3.5625,9.9375],"texture":"#0"},"west":{"uv":[3.1875,9.875,3.25,9.9375],"texture":"#0"},"up":{"uv":[3.1875,9.875,3.5625,9.9375],"texture":"#0"},"down":{"uv":[3.1875,9.875,3.5625,9.9375],"texture":"#0"}}},{"name":"shadows_306","from":[6,0,7.5],"to":[7,1,8.5],"rotation":{"angle":0,"axis":"y","origin":[-44,-96,7.5]},"faces":{"north":{"uv":[3.1875,9.9375,3.125,10],"texture":"#0"},"east":{"uv":[3.125,9.9375,3.1875,10],"texture":"#0"},"south":{"uv":[3.125,9.9375,3.1875,10],"texture":"#0"},"west":{"uv":[3.125,9.9375,3.1875,10],"texture":"#0"},"up":{"uv":[3.125,9.9375,3.1875,10],"texture":"#0"},"down":{"uv":[3.125,9.9375,3.1875,10],"texture":"#0"}}},{"name":"shadows_313","from":[3,-1,7.5],"to":[6,0,8.5],"rotation":{"angle":0,"axis":"y","origin":[-44,-96,7.5]},"faces":{"north":{"uv":[3.125,10,2.9375,10.0625],"texture":"#0"},"east":{"uv":[3.0625,10,3.125,10.0625],"texture":"#0"},"south":{"uv":[2.9375,10,3.125,10.0625],"texture":"#0"},"west":{"uv":[2.9375,10,3,10.0625],"texture":"#0"},"up":{"uv":[2.9375,10,3.125,10.0625],"texture":"#0"},"down":{"uv":[2.9375,10,3.125,10.0625],"texture":"#0"}}}],"gui_light":"front","display":{"thirdperson_righthand":{"translation":[0,3,1],"scale":[0.55,0.55,0.55]},"thirdperson_lefthand":{"translation":[0,3,1],"scale":[0.55,0.55,0.55]},"firstperson_righthand":{"rotation":[0,-90,25],"translation":[1.13,3.2,1.13],"scale":[0.68,0.68,0.68]},"firstperson_lefthand":{"rotation":[0,-90,25],"translation":[1.13,3.2,1.13],"scale":[0.68,0.68,0.68]},"ground":{"translation":[0,2,0],"scale":[0.5,0.5,0.5]},"head":{"rotation":[0,180,0],"translation":[0,13,7]},"fixed":{"rotation":[0,180,0]}},"mcmodels":"f03d6055f7da1f7cda7e3c8a45ea57c3"}