{"credit":"Made with Blockbench","textures":{"0":"social_icons_pack:icons","particle":"social_icons_pack:icons"},"elements":[{"name":"icons_420","from":[4,2,7.5],"to":[8,16,8.5],"rotation":{"angle":0,"axis":"y","origin":[-8,-60,7.5]},"faces":{"north":{"uv":[1,11.25,0.75,12.125],"texture":"#0"},"east":{"uv":[0.9375,11.25,1,12.125],"texture":"#0"},"south":{"uv":[0.75,11.25,1,12.125],"texture":"#0"},"west":{"uv":[0.75,11.25,0.8125,12.125],"texture":"#0"},"up":{"uv":[0.75,11.25,1,11.3125],"texture":"#0"},"down":{"uv":[0.75,12.0625,1,12.125],"texture":"#0"}}},{"name":"icons_421","from":[10,2,7.5],"to":[13,16,8.5],"rotation":{"angle":0,"axis":"y","origin":[-8,-60,7.5]},"faces":{"north":{"uv":[1.3125,11.25,1.125,12.125],"texture":"#0"},"east":{"uv":[1.25,11.25,1.3125,12.125],"texture":"#0"},"south":{"uv":[1.125,11.25,1.3125,12.125],"texture":"#0"},"west":{"uv":[1.125,11.25,1.1875,12.125],"texture":"#0"},"up":{"uv":[1.125,11.25,1.3125,11.3125],"texture":"#0"},"down":{"uv":[1.125,12.0625,1.3125,12.125],"texture":"#0"}}},{"name":"icons_426","from":[3,2,7.5],"to":[4,15,8.5],"rotation":{"angle":0,"axis":"y","origin":[-8,-60,7.5]},"faces":{"north":{"uv":[0.75,11.3125,0.6875,12.125],"texture":"#0"},"east":{"uv":[0.6875,11.3125,0.75,12.125],"texture":"#0"},"south":{"uv":[0.6875,11.3125,0.75,12.125],"texture":"#0"},"west":{"uv":[0.6875,11.3125,0.75,12.125],"texture":"#0"},"up":{"uv":[0.6875,11.3125,0.75,11.375],"texture":"#0"},"down":{"uv":[0.6875,12.0625,0.75,12.125],"texture":"#0"}}},{"name":"icons_427","from":[8,1,7.5],"to":[10,15,8.5],"rotation":{"angle":0,"axis":"y","origin":[-8,-60,7.5]},"faces":{"north":{"uv":[1.125,11.3125,1,12.1875],"texture":"#0"},"east":{"uv":[1.0625,11.3125,1.125,12.1875],"texture":"#0"},"south":{"uv":[1,11.3125,1.125,12.1875],"texture":"#0"},"west":{"uv":[1,11.3125,1.0625,12.1875],"texture":"#0"},"up":{"uv":[1,11.3125,1.125,11.375],"texture":"#0"},"down":{"uv":[1,12.125,1.125,12.1875],"texture":"#0"}}},{"name":"icons_428","from":[13,2,7.5],"to":[14,15,8.5],"rotation":{"angle":0,"axis":"y","origin":[-8,-60,7.5]},"faces":{"north":{"uv":[1.375,11.3125,1.3125,12.125],"texture":"#0"},"east":{"uv":[1.3125,11.3125,1.375,12.125],"texture":"#0"},"south":{"uv":[1.3125,11.3125,1.375,12.125],"texture":"#0"},"west":{"uv":[1.3125,11.3125,1.375,12.125],"texture":"#0"},"up":{"uv":[1.3125,11.3125,1.375,11.375],"texture":"#0"},"down":{"uv":[1.3125,12.0625,1.375,12.125],"texture":"#0"}}},{"name":"icons_438","from":[2,3,7.5],"to":[3,14,8.5],"rotation":{"angle":0,"axis":"y","origin":[-8,-60,7.5]},"faces":{"north":{"uv":[0.6875,11.375,0.625,12.0625],"texture":"#0"},"east":{"uv":[0.625,11.375,0.6875,12.0625],"texture":"#0"},"south":{"uv":[0.625,11.375,0.6875,12.0625],"texture":"#0"},"west":{"uv":[0.625,11.375,0.6875,12.0625],"texture":"#0"},"up":{"uv":[0.625,11.375,0.6875,11.4375],"texture":"#0"},"down":{"uv":[0.625,12,0.6875,12.0625],"texture":"#0"}}},{"name":"icons_439","from":[14,3,7.5],"to":[15,14,8.5],"rotation":{"angle":0,"axis":"y","origin":[-8,-60,7.5]},"faces":{"north":{"uv":[1.4375,11.375,1.375,12.0625],"texture":"#0"},"east":{"uv":[1.375,11.375,1.4375,12.0625],"texture":"#0"},"south":{"uv":[1.375,11.375,1.4375,12.0625],"texture":"#0"},"west":{"uv":[1.375,11.375,1.4375,12.0625],"texture":"#0"},"up":{"uv":[1.375,11.375,1.4375,11.4375],"texture":"#0"},"down":{"uv":[1.375,12,1.4375,12.0625],"texture":"#0"}}},{"name":"icons_442","from":[1,5,7.5],"to":[2,13,8.5],"rotation":{"angle":0,"axis":"y","origin":[-8,-60,7.5]},"faces":{"north":{"uv":[0.625,11.4375,0.5625,11.9375],"texture":"#0"},"east":{"uv":[0.5625,11.4375,0.625,11.9375],"texture":"#0"},"south":{"uv":[0.5625,11.4375,0.625,11.9375],"texture":"#0"},"west":{"uv":[0.5625,11.4375,0.625,11.9375],"texture":"#0"},"up":{"uv":[0.5625,11.4375,0.625,11.5],"texture":"#0"},"down":{"uv":[0.5625,11.875,0.625,11.9375],"texture":"#0"}}},{"name":"icons_443","from":[15,5,7.5],"to":[16,13,8.5],"rotation":{"angle":0,"axis":"y","origin":[-8,-60,7.5]},"faces":{"north":{"uv":[1.5,11.4375,1.4375,11.9375],"texture":"#0"},"east":{"uv":[1.4375,11.4375,1.5,11.9375],"texture":"#0"},"south":{"uv":[1.4375,11.4375,1.5,11.9375],"texture":"#0"},"west":{"uv":[1.4375,11.4375,1.5,11.9375],"texture":"#0"},"up":{"uv":[1.4375,11.4375,1.5,11.5],"texture":"#0"},"down":{"uv":[1.4375,11.875,1.5,11.9375],"texture":"#0"}}},{"name":"icons_452","from":[5,1,7.5],"to":[8,2,8.5],"rotation":{"angle":0,"axis":"y","origin":[-8,-60,7.5]},"faces":{"north":{"uv":[1,12.125,0.8125,12.1875],"texture":"#0"},"east":{"uv":[0.9375,12.125,1,12.1875],"texture":"#0"},"south":{"uv":[0.8125,12.125,1,12.1875],"texture":"#0"},"west":{"uv":[0.8125,12.125,0.875,12.1875],"texture":"#0"},"up":{"uv":[0.8125,12.125,1,12.1875],"texture":"#0"},"down":{"uv":[0.8125,12.125,1,12.1875],"texture":"#0"}}},{"name":"icons_453","from":[10,1,7.5],"to":[12,2,8.5],"rotation":{"angle":0,"axis":"y","origin":[-8,-60,7.5]},"faces":{"north":{"uv":[1.25,12.125,1.125,12.1875],"texture":"#0"},"east":{"uv":[1.1875,12.125,1.25,12.1875],"texture":"#0"},"south":{"uv":[1.125,12.125,1.25,12.1875],"texture":"#0"},"west":{"uv":[1.125,12.125,1.1875,12.1875],"texture":"#0"},"up":{"uv":[1.125,12.125,1.25,12.1875],"texture":"#0"},"down":{"uv":[1.125,12.125,1.25,12.1875],"texture":"#0"}}},{"name":"shadows_345","from":[1,4,7.5],"to":[2,5,8.5],"rotation":{"angle":0,"axis":"y","origin":[-8,-60,7.5]},"faces":{"north":{"uv":[0.625,11.9375,0.5625,12],"texture":"#0"},"east":{"uv":[0.5625,11.9375,0.625,12],"texture":"#0"},"south":{"uv":[0.5625,11.9375,0.625,12],"texture":"#0"},"west":{"uv":[0.5625,11.9375,0.625,12],"texture":"#0"},"up":{"uv":[0.5625,11.9375,0.625,12],"texture":"#0"},"down":{"uv":[0.5625,11.9375,0.625,12],"texture":"#0"}}},{"name":"shadows_346","from":[15,4,7.5],"to":[16,5,8.5],"rotation":{"angle":0,"axis":"y","origin":[-8,-60,7.5]},"faces":{"north":{"uv":[1.5,11.9375,1.4375,12],"texture":"#0"},"east":{"uv":[1.4375,11.9375,1.5,12],"texture":"#0"},"south":{"uv":[1.4375,11.9375,1.5,12],"texture":"#0"},"west":{"uv":[1.4375,11.9375,1.5,12],"texture":"#0"},"up":{"uv":[1.4375,11.9375,1.5,12],"texture":"#0"},"down":{"uv":[1.4375,11.9375,1.5,12],"texture":"#0"}}},{"name":"shadows_347","from":[2,2,7.5],"to":[3,3,8.5],"rotation":{"angle":0,"axis":"y","origin":[-8,-60,7.5]},"faces":{"north":{"uv":[0.6875,12.0625,0.625,12.125],"texture":"#0"},"east":{"uv":[0.625,12.0625,0.6875,12.125],"texture":"#0"},"south":{"uv":[0.625,12.0625,0.6875,12.125],"texture":"#0"},"west":{"uv":[0.625,12.0625,0.6875,12.125],"texture":"#0"},"up":{"uv":[0.625,12.0625,0.6875,12.125],"texture":"#0"},"down":{"uv":[0.625,12.0625,0.6875,12.125],"texture":"#0"}}},{"name":"shadows_348","from":[14,2,7.5],"to":[15,3,8.5],"rotation":{"angle":0,"axis":"y","origin":[-8,-60,7.5]},"faces":{"north":{"uv":[1.4375,12.0625,1.375,12.125],"texture":"#0"},"east":{"uv":[1.375,12.0625,1.4375,12.125],"texture":"#0"},"south":{"uv":[1.375,12.0625,1.4375,12.125],"texture":"#0"},"west":{"uv":[1.375,12.0625,1.4375,12.125],"texture":"#0"},"up":{"uv":[1.375,12.0625,1.4375,12.125],"texture":"#0"},"down":{"uv":[1.375,12.0625,1.4375,12.125],"texture":"#0"}}},{"name":"shadows_350","from":[3,1,7.5],"to":[5,2,8.5],"rotation":{"angle":0,"axis":"y","origin":[-8,-60,7.5]},"faces":{"north":{"uv":[0.8125,12.125,0.6875,12.1875],"texture":"#0"},"east":{"uv":[0.75,12.125,0.8125,12.1875],"texture":"#0"},"south":{"uv":[0.6875,12.125,0.8125,12.1875],"texture":"#0"},"west":{"uv":[0.6875,12.125,0.75,12.1875],"texture":"#0"},"up":{"uv":[0.6875,12.125,0.8125,12.1875],"texture":"#0"},"down":{"uv":[0.6875,12.125,0.8125,12.1875],"texture":"#0"}}},{"name":"shadows_351","from":[12,1,7.5],"to":[14,2,8.5],"rotation":{"angle":0,"axis":"y","origin":[-8,-60,7.5]},"faces":{"north":{"uv":[1.375,12.125,1.25,12.1875],"texture":"#0"},"east":{"uv":[1.3125,12.125,1.375,12.1875],"texture":"#0"},"south":{"uv":[1.25,12.125,1.375,12.1875],"texture":"#0"},"west":{"uv":[1.25,12.125,1.3125,12.1875],"texture":"#0"},"up":{"uv":[1.25,12.125,1.375,12.1875],"texture":"#0"},"down":{"uv":[1.25,12.125,1.375,12.1875],"texture":"#0"}}},{"name":"shadows_356","from":[5,0,7.5],"to":[12,1,8.5],"rotation":{"angle":0,"axis":"y","origin":[-8,-60,7.5]},"faces":{"north":{"uv":[1.25,12.1875,0.8125,12.25],"texture":"#0"},"east":{"uv":[1.1875,12.1875,1.25,12.25],"texture":"#0"},"south":{"uv":[0.8125,12.1875,1.25,12.25],"texture":"#0"},"west":{"uv":[0.8125,12.1875,0.875,12.25],"texture":"#0"},"up":{"uv":[0.8125,12.1875,1.25,12.25],"texture":"#0"},"down":{"uv":[0.8125,12.1875,1.25,12.25],"texture":"#0"}}}],"gui_light":"front","display":{"thirdperson_righthand":{"translation":[0,3,1],"scale":[0.55,0.55,0.55]},"thirdperson_lefthand":{"translation":[0,3,1],"scale":[0.55,0.55,0.55]},"firstperson_righthand":{"rotation":[0,-90,25],"translation":[1.13,3.2,1.13],"scale":[0.68,0.68,0.68]},"firstperson_lefthand":{"rotation":[0,-90,25],"translation":[1.13,3.2,1.13],"scale":[0.68,0.68,0.68]},"ground":{"translation":[0,2,0],"scale":[0.5,0.5,0.5]},"head":{"rotation":[0,180,0],"translation":[0,13,7]},"fixed":{"rotation":[0,180,0]}},"mcmodels":"f03d6055f7da1f7cda7e3c8a45ea57c3"}