{"credit":"Made with Blockbench","textures":{"0":"social_icons_pack:icons","particle":"social_icons_pack:icons"},"elements":[{"name":"icons_153","from":[2,1,7.5],"to":[15,15,8.5],"rotation":{"angle":0,"axis":"y","origin":[-116,-186,7.5]},"faces":{"north":{"uv":[8.1875,3.4375,7.375,4.3125],"texture":"#0"},"east":{"uv":[8.125,3.4375,8.1875,4.3125],"texture":"#0"},"south":{"uv":[7.375,3.4375,8.1875,4.3125],"texture":"#0"},"west":{"uv":[7.375,3.4375,7.4375,4.3125],"texture":"#0"},"up":{"uv":[7.375,3.4375,8.1875,3.5],"texture":"#0"},"down":{"uv":[7.375,4.25,8.1875,4.3125],"texture":"#0"}}},{"name":"shadows_135","from":[2,0,7.5],"to":[15,1,8.5],"rotation":{"angle":0,"axis":"y","origin":[-116,-186,7.5]},"faces":{"north":{"uv":[8.1875,4.3125,7.375,4.375],"texture":"#0"},"east":{"uv":[8.125,4.3125,8.1875,4.375],"texture":"#0"},"south":{"uv":[7.375,4.3125,8.1875,4.375],"texture":"#0"},"west":{"uv":[7.375,4.3125,7.4375,4.375],"texture":"#0"},"up":{"uv":[7.375,4.3125,8.1875,4.375],"texture":"#0"},"down":{"uv":[7.375,4.3125,8.1875,4.375],"texture":"#0"}}}],"gui_light":"front","display":{"thirdperson_righthand":{"translation":[0,3,1],"scale":[0.55,0.55,0.55]},"thirdperson_lefthand":{"translation":[0,3,1],"scale":[0.55,0.55,0.55]},"firstperson_righthand":{"rotation":[0,-90,25],"translation":[1.13,3.2,1.13],"scale":[0.68,0.68,0.68]},"firstperson_lefthand":{"rotation":[0,-90,25],"translation":[1.13,3.2,1.13],"scale":[0.68,0.68,0.68]},"ground":{"translation":[0,2,0],"scale":[0.5,0.5,0.5]},"head":{"rotation":[0,180,0],"translation":[0,13,7]},"fixed":{"rotation":[0,180,0]}},"mcmodels":"f03d6055f7da1f7cda7e3c8a45ea57c3"}