{"credit":"Made with Blockbench","textures":{"0":"social_icons_pack:icons","particle":"social_icons_pack:icons"},"elements":[{"name":"icons_457","from":[2,13,7.5],"to":[3,16,8.5],"rotation":{"angle":0,"axis":"y","origin":[-25,-42,7.5]},"faces":{"north":{"uv":[1.75,12.375,1.6875,12.5625],"texture":"#0"},"east":{"uv":[2.5,12.375,2.5625,12.5625],"texture":"#0"},"south":{"uv":[1.6875,12.375,1.75,12.5625],"texture":"#0"},"west":{"uv":[1.6875,12.375,1.75,12.5625],"texture":"#0"},"up":{"uv":[1.6875,12.375,1.75,12.4375],"texture":"#0"},"down":{"uv":[1.6875,12.5625,1.75,12.625],"texture":"#0"}}},{"name":"icons_457","from":[3,12,7.5],"to":[16,16,8.5],"rotation":{"angle":0,"axis":"y","origin":[-25,-42,7.5]},"faces":{"north":{"uv":[2.5625,12.375,1.75,12.625],"texture":"#0"},"east":{"uv":[2.5,12.375,2.5625,12.625],"texture":"#0"},"south":{"uv":[1.75,12.375,2.5625,12.625],"texture":"#0"},"west":{"uv":[1.6875,12.375,1.75,12.625],"texture":"#0"},"up":{"uv":[1.75,12.375,2.5625,12.4375],"texture":"#0"},"down":{"uv":[1.75,12.5625,2.5625,12.625],"texture":"#0"}}},{"name":"icons_473","from":[3,5,7.5],"to":[14,10,8.5],"rotation":{"angle":0,"axis":"y","origin":[-25,-42,7.5]},"faces":{"north":{"uv":[2.4375,12.75,1.75,13.0625],"texture":"#0"},"east":{"uv":[2.375,12.75,2.4375,13.0625],"texture":"#0"},"south":{"uv":[1.75,12.75,2.4375,13.0625],"texture":"#0"},"west":{"uv":[1.75,12.75,1.8125,13.0625],"texture":"#0"},"up":{"uv":[1.75,12.625,2.4375,12.6875],"texture":"#0"},"down":{"uv":[1.75,13,2.4375,13.0625],"texture":"#0"}}},{"name":"icons_475","from":[4,10,7.5],"to":[14,12,8.5],"rotation":{"angle":0,"axis":"y","origin":[-25,-42,7.5]},"faces":{"north":{"uv":[2.4375,12.625,1.8125,12.75],"texture":"#0"},"east":{"uv":[2.375,12.625,2.4375,12.75],"texture":"#0"},"south":{"uv":[1.8125,12.625,2.4375,12.75],"texture":"#0"},"west":{"uv":[1.75,12.625,1.8125,12.75],"texture":"#0"},"up":{"uv":[1.8125,12.625,2.4375,12.6875],"texture":"#0"},"down":{"uv":[1.8125,13,2.4375,13.0625],"texture":"#0"}}},{"name":"icons_474","from":[14,11,7.5],"to":[16,12,8.5],"rotation":{"angle":0,"axis":"y","origin":[-25,-42,7.5]},"faces":{"north":{"uv":[2.5625,12.625,2.4375,12.6875],"texture":"#0"},"east":{"uv":[2.5,12.625,2.5625,12.6875],"texture":"#0"},"south":{"uv":[2.4375,12.625,2.5625,12.6875],"texture":"#0"},"west":{"uv":[2.4375,12.625,2.5,12.6875],"texture":"#0"},"up":{"uv":[2.4375,12.625,2.5625,12.6875],"texture":"#0"},"down":{"uv":[2.4375,12.625,2.5625,12.6875],"texture":"#0"}}},{"name":"icons_477","from":[14,8,7.5],"to":[15,11,8.5],"rotation":{"angle":0,"axis":"y","origin":[-25,-42,7.5]},"faces":{"north":{"uv":[2.5,12.6875,2.4375,12.875],"texture":"#0"},"east":{"uv":[2.4375,12.6875,2.5,12.875],"texture":"#0"},"south":{"uv":[2.4375,12.6875,2.5,12.875],"texture":"#0"},"west":{"uv":[2.4375,12.6875,2.5,12.875],"texture":"#0"},"up":{"uv":[2.4375,12.6875,2.5,12.75],"texture":"#0"},"down":{"uv":[2.4375,12.8125,2.5,12.875],"texture":"#0"}}},{"name":"icons_478","from":[2,5,7.5],"to":[3,9,8.5],"rotation":{"angle":0,"axis":"y","origin":[-25,-42,7.5]},"faces":{"north":{"uv":[1.75,12.8125,1.6875,13.0625],"texture":"#0"},"east":{"uv":[1.6875,12.8125,1.75,13.0625],"texture":"#0"},"south":{"uv":[1.6875,12.8125,1.75,13.0625],"texture":"#0"},"west":{"uv":[1.6875,12.8125,1.75,13.0625],"texture":"#0"},"up":{"uv":[1.6875,12.75,1.75,12.8125],"texture":"#0"},"down":{"uv":[1.6875,13,1.75,13.0625],"texture":"#0"}}},{"name":"icons_479","from":[1,5,7.5],"to":[2,8,8.5],"rotation":{"angle":0,"axis":"y","origin":[-25,-42,7.5]},"faces":{"north":{"uv":[1.6875,12.875,1.625,13.0625],"texture":"#0"},"east":{"uv":[1.625,12.875,1.6875,13.0625],"texture":"#0"},"south":{"uv":[1.625,12.875,1.6875,13.0625],"texture":"#0"},"west":{"uv":[1.625,12.875,1.6875,13.0625],"texture":"#0"},"up":{"uv":[1.625,12.8125,1.6875,12.875],"texture":"#0"},"down":{"uv":[1.625,13,1.6875,13.0625],"texture":"#0"}}},{"name":"icons_480","from":[8,0,7.5],"to":[13,5,8.5],"rotation":{"angle":0,"axis":"y","origin":[-25,-42,7.5]},"faces":{"north":{"uv":[2.375,13.0625,2.0625,13.375],"texture":"#0"},"east":{"uv":[2.3125,13.0625,2.375,13.375],"texture":"#0"},"south":{"uv":[2.0625,13.0625,2.375,13.375],"texture":"#0"},"west":{"uv":[2.0625,13.0625,2.125,13.375],"texture":"#0"},"up":{"uv":[2.0625,13.0625,2.375,13.125],"texture":"#0"},"down":{"uv":[2.0625,13.3125,2.375,13.375],"texture":"#0"}}},{"name":"shadows_369","from":[2,12,7.5],"to":[3,13,8.5],"rotation":{"angle":0,"axis":"y","origin":[-25,-41,7.5]},"faces":{"north":{"uv":[1.75,12.625,1.6875,12.6875],"texture":"#0"},"south":{"uv":[1.6875,12.625,1.75,12.6875],"texture":"#0"},"west":{"uv":[1.6875,12.625,1.75,12.6875],"texture":"#0"},"down":{"uv":[1.6875,12.625,1.75,12.6875],"texture":"#0"}}},{"name":"shadows_370","from":[3,11,7.5],"to":[4,12,8.5],"rotation":{"angle":0,"axis":"y","origin":[-24,-42,7.5]},"faces":{"north":{"uv":[1.75,12.625,1.6875,12.6875],"texture":"#0"},"south":{"uv":[1.6875,12.625,1.75,12.6875],"texture":"#0"},"west":{"uv":[1.6875,12.625,1.75,12.6875],"texture":"#0"},"down":{"uv":[1.6875,12.625,1.75,12.6875],"texture":"#0"}}},{"name":"shadows_370","from":[15,10,7.5],"to":[16,11,8.5],"rotation":{"angle":0,"axis":"y","origin":[-25,-42,7.5]},"faces":{"north":{"uv":[2.5625,12.6875,2.5,12.75],"texture":"#0"},"east":{"uv":[2.5,12.6875,2.5625,12.75],"texture":"#0"},"south":{"uv":[2.5,12.6875,2.5625,12.75],"texture":"#0"},"west":{"uv":[2.5,12.6875,2.5625,12.75],"texture":"#0"},"up":{"uv":[2.5,12.6875,2.5625,12.75],"texture":"#0"},"down":{"uv":[2.5,12.6875,2.5625,12.75],"texture":"#0"}}},{"name":"shadows_371","from":[14,7,7.5],"to":[15,8,8.5],"rotation":{"angle":0,"axis":"y","origin":[-25,-42,7.5]},"faces":{"north":{"uv":[2.5,12.875,2.4375,12.9375],"texture":"#0"},"east":{"uv":[2.4375,12.875,2.5,12.9375],"texture":"#0"},"south":{"uv":[2.4375,12.875,2.5,12.9375],"texture":"#0"},"west":{"uv":[2.4375,12.875,2.5,12.9375],"texture":"#0"},"up":{"uv":[2.4375,12.875,2.5,12.9375],"texture":"#0"},"down":{"uv":[2.4375,12.875,2.5,12.9375],"texture":"#0"}}},{"name":"shadows_373","from":[1,4,7.5],"to":[8,5,8.5],"rotation":{"angle":0,"axis":"y","origin":[-25,-42,7.5]},"faces":{"north":{"uv":[2.0625,13.0625,1.625,13.125],"texture":"#0"},"east":{"uv":[2,13.0625,2.0625,13.125],"texture":"#0"},"south":{"uv":[1.625,13.0625,2.0625,13.125],"texture":"#0"},"west":{"uv":[1.625,13.0625,1.6875,13.125],"texture":"#0"},"up":{"uv":[1.625,13.0625,2.0625,13.125],"texture":"#0"},"down":{"uv":[1.625,13.0625,2.0625,13.125],"texture":"#0"}}},{"name":"shadows_374","from":[13,4,7.5],"to":[14,5,8.5],"rotation":{"angle":0,"axis":"y","origin":[-25,-42,7.5]},"faces":{"north":{"uv":[2.4375,13.0625,2.375,13.125],"texture":"#0"},"east":{"uv":[2.375,13.0625,2.4375,13.125],"texture":"#0"},"south":{"uv":[2.375,13.0625,2.4375,13.125],"texture":"#0"},"west":{"uv":[2.375,13.0625,2.4375,13.125],"texture":"#0"},"up":{"uv":[2.375,13.0625,2.4375,13.125],"texture":"#0"},"down":{"uv":[2.375,13.0625,2.4375,13.125],"texture":"#0"}}},{"name":"shadows_390","from":[8,-1,7.5],"to":[13,0,8.5],"rotation":{"angle":0,"axis":"y","origin":[-25,-42,7.5]},"faces":{"north":{"uv":[2.375,13.375,2.0625,13.4375],"texture":"#0"},"east":{"uv":[2.3125,13.375,2.375,13.4375],"texture":"#0"},"south":{"uv":[2.0625,13.375,2.375,13.4375],"texture":"#0"},"west":{"uv":[2.0625,13.375,2.125,13.4375],"texture":"#0"},"up":{"uv":[2.0625,13.375,2.375,13.4375],"texture":"#0"},"down":{"uv":[2.0625,13.375,2.375,13.4375],"texture":"#0"}}}],"gui_light":"front","display":{"thirdperson_righthand":{"translation":[0,3,1],"scale":[0.55,0.55,0.55]},"thirdperson_lefthand":{"translation":[0,3,1],"scale":[0.55,0.55,0.55]},"firstperson_righthand":{"rotation":[0,-90,25],"translation":[1.13,3.2,1.13],"scale":[0.68,0.68,0.68]},"firstperson_lefthand":{"rotation":[0,-90,25],"translation":[1.13,3.2,1.13],"scale":[0.68,0.68,0.68]},"ground":{"translation":[0,2,0],"scale":[0.5,0.5,0.5]},"head":{"rotation":[0,180,0],"translation":[0,13,7]},"fixed":{"rotation":[0,180,0]}},"mcmodels":"f03d6055f7da1f7cda7e3c8a45ea57c3"}