{"credit":"Made with Blockbench","textures":{"0":"social_icons_pack:icons","particle":"social_icons_pack:icons"},"elements":[{"name":"icons_8","from":[1,10,7.5],"to":[6,15,8.5],"rotation":{"angle":0,"axis":"y","origin":[-8,-222,7.5]},"faces":{"north":{"uv":[0.875,1.1875,0.5625,1.5],"texture":"#0"},"east":{"uv":[0.8125,1.1875,0.875,1.5],"texture":"#0"},"south":{"uv":[0.5625,1.1875,0.875,1.5],"texture":"#0"},"west":{"uv":[0.5625,1.1875,0.625,1.5],"texture":"#0"},"up":{"uv":[0.5625,1.1875,0.875,1.25],"texture":"#0"},"down":{"uv":[0.5625,1.4375,0.875,1.5],"texture":"#0"}}},{"name":"icons_9","from":[11,11,7.5],"to":[15,15,8.5],"rotation":{"angle":0,"axis":"y","origin":[-8,-222,7.5]},"faces":{"north":{"uv":[1.4375,1.1875,1.1875,1.4375],"texture":"#0"},"east":{"uv":[1.375,1.1875,1.4375,1.4375],"texture":"#0"},"south":{"uv":[1.1875,1.1875,1.4375,1.4375],"texture":"#0"},"west":{"uv":[1.1875,1.1875,1.25,1.4375],"texture":"#0"},"up":{"uv":[1.1875,1.1875,1.4375,1.25],"texture":"#0"},"down":{"uv":[1.1875,1.375,1.4375,1.4375],"texture":"#0"}}},{"name":"icons_29","from":[6,3,7.5],"to":[7,14,8.5],"rotation":{"angle":0,"axis":"y","origin":[-8,-222,7.5]},"faces":{"north":{"uv":[0.9375,1.25,0.875,1.9375],"texture":"#0"},"east":{"uv":[0.875,1.25,0.9375,1.9375],"texture":"#0"},"south":{"uv":[0.875,1.25,0.9375,1.9375],"texture":"#0"},"west":{"uv":[0.875,1.25,0.9375,1.9375],"texture":"#0"},"up":{"uv":[0.875,1.25,0.9375,1.3125],"texture":"#0"},"down":{"uv":[0.875,1.875,0.9375,1.9375],"texture":"#0"}}},{"name":"icons_30","from":[10,1,7.5],"to":[11,14,8.5],"rotation":{"angle":0,"axis":"y","origin":[-8,-222,7.5]},"faces":{"north":{"uv":[1.1875,1.25,1.125,2.0625],"texture":"#0"},"east":{"uv":[1.125,1.25,1.1875,2.0625],"texture":"#0"},"south":{"uv":[1.125,1.25,1.1875,2.0625],"texture":"#0"},"west":{"uv":[1.125,1.25,1.1875,2.0625],"texture":"#0"},"up":{"uv":[1.125,1.25,1.1875,1.3125],"texture":"#0"},"down":{"uv":[1.125,2,1.1875,2.0625],"texture":"#0"}}},{"name":"icons_35","from":[7,4,7.5],"to":[8,13,8.5],"rotation":{"angle":0,"axis":"y","origin":[-8,-222,7.5]},"faces":{"north":{"uv":[1,1.3125,0.9375,1.875],"texture":"#0"},"east":{"uv":[0.9375,1.3125,1,1.875],"texture":"#0"},"south":{"uv":[0.9375,1.3125,1,1.875],"texture":"#0"},"west":{"uv":[0.9375,1.3125,1,1.875],"texture":"#0"},"up":{"uv":[0.9375,1.3125,1,1.375],"texture":"#0"},"down":{"uv":[0.9375,1.8125,1,1.875],"texture":"#0"}}},{"name":"icons_36","from":[9,2,7.5],"to":[10,13,8.5],"rotation":{"angle":0,"axis":"y","origin":[-8,-222,7.5]},"faces":{"north":{"uv":[1.125,1.3125,1.0625,2],"texture":"#0"},"east":{"uv":[1.0625,1.3125,1.125,2],"texture":"#0"},"south":{"uv":[1.0625,1.3125,1.125,2],"texture":"#0"},"west":{"uv":[1.0625,1.3125,1.125,2],"texture":"#0"},"up":{"uv":[1.0625,1.3125,1.125,1.375],"texture":"#0"},"down":{"uv":[1.0625,1.9375,1.125,2],"texture":"#0"}}},{"name":"icons_41","from":[8,3,7.5],"to":[9,12,8.5],"rotation":{"angle":0,"axis":"y","origin":[-8,-222,7.5]},"faces":{"north":{"uv":[1.0625,1.375,1,1.9375],"texture":"#0"},"east":{"uv":[1,1.375,1.0625,1.9375],"texture":"#0"},"south":{"uv":[1,1.375,1.0625,1.9375],"texture":"#0"},"west":{"uv":[1,1.375,1.0625,1.9375],"texture":"#0"},"up":{"uv":[1,1.375,1.0625,1.4375],"texture":"#0"},"down":{"uv":[1,1.875,1.0625,1.9375],"texture":"#0"}}},{"name":"icons_42","from":[11,9,7.5],"to":[13,11,8.5],"rotation":{"angle":0,"axis":"y","origin":[-8,-222,7.5]},"faces":{"north":{"uv":[1.3125,1.4375,1.1875,1.5625],"texture":"#0"},"east":{"uv":[1.25,1.4375,1.3125,1.5625],"texture":"#0"},"south":{"uv":[1.1875,1.4375,1.3125,1.5625],"texture":"#0"},"west":{"uv":[1.1875,1.4375,1.25,1.5625],"texture":"#0"},"up":{"uv":[1.1875,1.4375,1.3125,1.5],"texture":"#0"},"down":{"uv":[1.1875,1.5,1.3125,1.5625],"texture":"#0"}}},{"name":"icons_43","from":[13,10,7.5],"to":[14,11,8.5],"rotation":{"angle":0,"axis":"y","origin":[-8,-222,7.5]},"faces":{"north":{"uv":[1.375,1.4375,1.3125,1.5],"texture":"#0"},"east":{"uv":[1.3125,1.4375,1.375,1.5],"texture":"#0"},"south":{"uv":[1.3125,1.4375,1.375,1.5],"texture":"#0"},"west":{"uv":[1.3125,1.4375,1.375,1.5],"texture":"#0"},"up":{"uv":[1.3125,1.4375,1.375,1.5],"texture":"#0"},"down":{"uv":[1.3125,1.4375,1.375,1.5],"texture":"#0"}}},{"name":"icons_45","from":[2,9,7.5],"to":[6,10,8.5],"rotation":{"angle":0,"axis":"y","origin":[-8,-222,7.5]},"faces":{"north":{"uv":[0.875,1.5,0.625,1.5625],"texture":"#0"},"east":{"uv":[0.8125,1.5,0.875,1.5625],"texture":"#0"},"south":{"uv":[0.625,1.5,0.875,1.5625],"texture":"#0"},"west":{"uv":[0.625,1.5,0.6875,1.5625],"texture":"#0"},"up":{"uv":[0.625,1.5,0.875,1.5625],"texture":"#0"},"down":{"uv":[0.625,1.5,0.875,1.5625],"texture":"#0"}}},{"name":"icons_47","from":[3,8,7.5],"to":[6,9,8.5],"rotation":{"angle":0,"axis":"y","origin":[-8,-222,7.5]},"faces":{"north":{"uv":[0.875,1.5625,0.6875,1.625],"texture":"#0"},"east":{"uv":[0.8125,1.5625,0.875,1.625],"texture":"#0"},"south":{"uv":[0.6875,1.5625,0.875,1.625],"texture":"#0"},"west":{"uv":[0.6875,1.5625,0.75,1.625],"texture":"#0"},"up":{"uv":[0.6875,1.5625,0.875,1.625],"texture":"#0"},"down":{"uv":[0.6875,1.5625,0.875,1.625],"texture":"#0"}}},{"name":"icons_48","from":[11,1,7.5],"to":[12,9,8.5],"rotation":{"angle":0,"axis":"y","origin":[-8,-222,7.5]},"faces":{"north":{"uv":[1.25,1.5625,1.1875,2.0625],"texture":"#0"},"east":{"uv":[1.1875,1.5625,1.25,2.0625],"texture":"#0"},"south":{"uv":[1.1875,1.5625,1.25,2.0625],"texture":"#0"},"west":{"uv":[1.1875,1.5625,1.25,2.0625],"texture":"#0"},"up":{"uv":[1.1875,1.5625,1.25,1.625],"texture":"#0"},"down":{"uv":[1.1875,2,1.25,2.0625],"texture":"#0"}}},{"name":"icons_52","from":[4,2,7.5],"to":[6,8,8.5],"rotation":{"angle":0,"axis":"y","origin":[-8,-222,7.5]},"faces":{"north":{"uv":[0.875,1.625,0.75,2],"texture":"#0"},"east":{"uv":[0.8125,1.625,0.875,2],"texture":"#0"},"south":{"uv":[0.75,1.625,0.875,2],"texture":"#0"},"west":{"uv":[0.75,1.625,0.8125,2],"texture":"#0"},"up":{"uv":[0.75,1.625,0.875,1.6875],"texture":"#0"},"down":{"uv":[0.75,1.9375,0.875,2],"texture":"#0"}}},{"name":"icons_53","from":[12,1,7.5],"to":[13,8,8.5],"rotation":{"angle":0,"axis":"y","origin":[-8,-222,7.5]},"faces":{"north":{"uv":[1.3125,1.625,1.25,2.0625],"texture":"#0"},"east":{"uv":[1.25,1.625,1.3125,2.0625],"texture":"#0"},"south":{"uv":[1.25,1.625,1.3125,2.0625],"texture":"#0"},"west":{"uv":[1.25,1.625,1.3125,2.0625],"texture":"#0"},"up":{"uv":[1.25,1.625,1.3125,1.6875],"texture":"#0"},"down":{"uv":[1.25,2,1.3125,2.0625],"texture":"#0"}}},{"name":"icons_55","from":[3,1,7.5],"to":[4,7,8.5],"rotation":{"angle":0,"axis":"y","origin":[-8,-222,7.5]},"faces":{"north":{"uv":[0.75,1.6875,0.6875,2.0625],"texture":"#0"},"east":{"uv":[0.6875,1.6875,0.75,2.0625],"texture":"#0"},"south":{"uv":[0.6875,1.6875,0.75,2.0625],"texture":"#0"},"west":{"uv":[0.6875,1.6875,0.75,2.0625],"texture":"#0"},"up":{"uv":[0.6875,1.6875,0.75,1.75],"texture":"#0"},"down":{"uv":[0.6875,2,0.75,2.0625],"texture":"#0"}}},{"name":"icons_56","from":[13,1,7.5],"to":[14,7,8.5],"rotation":{"angle":0,"axis":"y","origin":[-8,-222,7.5]},"faces":{"north":{"uv":[1.375,1.6875,1.3125,2.0625],"texture":"#0"},"east":{"uv":[1.3125,1.6875,1.375,2.0625],"texture":"#0"},"south":{"uv":[1.3125,1.6875,1.375,2.0625],"texture":"#0"},"west":{"uv":[1.3125,1.6875,1.375,2.0625],"texture":"#0"},"up":{"uv":[1.3125,1.6875,1.375,1.75],"texture":"#0"},"down":{"uv":[1.3125,2,1.375,2.0625],"texture":"#0"}}},{"name":"icons_61","from":[2,1,7.5],"to":[3,6,8.5],"rotation":{"angle":0,"axis":"y","origin":[-8,-222,7.5]},"faces":{"north":{"uv":[0.6875,1.75,0.625,2.0625],"texture":"#0"},"east":{"uv":[0.625,1.75,0.6875,2.0625],"texture":"#0"},"south":{"uv":[0.625,1.75,0.6875,2.0625],"texture":"#0"},"west":{"uv":[0.625,1.75,0.6875,2.0625],"texture":"#0"},"up":{"uv":[0.625,1.75,0.6875,1.8125],"texture":"#0"},"down":{"uv":[0.625,2,0.6875,2.0625],"texture":"#0"}}},{"name":"icons_62","from":[14,1,7.5],"to":[15,6,8.5],"rotation":{"angle":0,"axis":"y","origin":[-8,-222,7.5]},"faces":{"north":{"uv":[1.4375,1.75,1.375,2.0625],"texture":"#0"},"east":{"uv":[1.375,1.75,1.4375,2.0625],"texture":"#0"},"south":{"uv":[1.375,1.75,1.4375,2.0625],"texture":"#0"},"west":{"uv":[1.375,1.75,1.4375,2.0625],"texture":"#0"},"up":{"uv":[1.375,1.75,1.4375,1.8125],"texture":"#0"},"down":{"uv":[1.375,2,1.4375,2.0625],"texture":"#0"}}},{"name":"icons_64","from":[1,1,7.5],"to":[2,5,8.5],"rotation":{"angle":0,"axis":"y","origin":[-8,-222,7.5]},"faces":{"north":{"uv":[0.625,1.8125,0.5625,2.0625],"texture":"#0"},"east":{"uv":[0.5625,1.8125,0.625,2.0625],"texture":"#0"},"south":{"uv":[0.5625,1.8125,0.625,2.0625],"texture":"#0"},"west":{"uv":[0.5625,1.8125,0.625,2.0625],"texture":"#0"},"up":{"uv":[0.5625,1.8125,0.625,1.875],"texture":"#0"},"down":{"uv":[0.5625,2,0.625,2.0625],"texture":"#0"}}},{"name":"icons_68","from":[4,1,7.5],"to":[5,2,8.5],"rotation":{"angle":0,"axis":"y","origin":[-8,-222,7.5]},"faces":{"north":{"uv":[0.8125,2,0.75,2.0625],"texture":"#0"},"east":{"uv":[0.75,2,0.8125,2.0625],"texture":"#0"},"south":{"uv":[0.75,2,0.8125,2.0625],"texture":"#0"},"west":{"uv":[0.75,2,0.8125,2.0625],"texture":"#0"},"up":{"uv":[0.75,2,0.8125,2.0625],"texture":"#0"},"down":{"uv":[0.75,2,0.8125,2.0625],"texture":"#0"}}},{"name":"shadows_0","from":[14,10,7.5],"to":[15,11,8.5],"rotation":{"angle":0,"axis":"y","origin":[-8,-222,7.5]},"faces":{"north":{"uv":[1.4375,1.4375,1.375,1.5],"texture":"#0"},"east":{"uv":[1.375,1.4375,1.4375,1.5],"texture":"#0"},"south":{"uv":[1.375,1.4375,1.4375,1.5],"texture":"#0"},"west":{"uv":[1.375,1.4375,1.4375,1.5],"texture":"#0"},"up":{"uv":[1.375,1.4375,1.4375,1.5],"texture":"#0"},"down":{"uv":[1.375,1.4375,1.4375,1.5],"texture":"#0"}}},{"name":"shadows_1","from":[1,9,7.5],"to":[2,10,8.5],"rotation":{"angle":0,"axis":"y","origin":[-8,-222,7.5]},"faces":{"north":{"uv":[0.625,1.5,0.5625,1.5625],"texture":"#0"},"east":{"uv":[0.5625,1.5,0.625,1.5625],"texture":"#0"},"south":{"uv":[0.5625,1.5,0.625,1.5625],"texture":"#0"},"west":{"uv":[0.5625,1.5,0.625,1.5625],"texture":"#0"},"up":{"uv":[0.5625,1.5,0.625,1.5625],"texture":"#0"},"down":{"uv":[0.5625,1.5,0.625,1.5625],"texture":"#0"}}},{"name":"shadows_2","from":[13,9,7.5],"to":[14,10,8.5],"rotation":{"angle":0,"axis":"y","origin":[-8,-222,7.5]},"faces":{"north":{"uv":[1.375,1.5,1.3125,1.5625],"texture":"#0"},"east":{"uv":[1.3125,1.5,1.375,1.5625],"texture":"#0"},"south":{"uv":[1.3125,1.5,1.375,1.5625],"texture":"#0"},"west":{"uv":[1.3125,1.5,1.375,1.5625],"texture":"#0"},"up":{"uv":[1.3125,1.5,1.375,1.5625],"texture":"#0"},"down":{"uv":[1.3125,1.5,1.375,1.5625],"texture":"#0"}}},{"name":"shadows_3","from":[2,8,7.5],"to":[3,9,8.5],"rotation":{"angle":0,"axis":"y","origin":[-8,-222,7.5]},"faces":{"north":{"uv":[0.6875,1.5625,0.625,1.625],"texture":"#0"},"east":{"uv":[0.625,1.5625,0.6875,1.625],"texture":"#0"},"south":{"uv":[0.625,1.5625,0.6875,1.625],"texture":"#0"},"west":{"uv":[0.625,1.5625,0.6875,1.625],"texture":"#0"},"up":{"uv":[0.625,1.5625,0.6875,1.625],"texture":"#0"},"down":{"uv":[0.625,1.5625,0.6875,1.625],"texture":"#0"}}},{"name":"shadows_4","from":[12,8,7.5],"to":[13,9,8.5],"rotation":{"angle":0,"axis":"y","origin":[-8,-222,7.5]},"faces":{"north":{"uv":[1.3125,1.5625,1.25,1.625],"texture":"#0"},"east":{"uv":[1.25,1.5625,1.3125,1.625],"texture":"#0"},"south":{"uv":[1.25,1.5625,1.3125,1.625],"texture":"#0"},"west":{"uv":[1.25,1.5625,1.3125,1.625],"texture":"#0"},"up":{"uv":[1.25,1.5625,1.3125,1.625],"texture":"#0"},"down":{"uv":[1.25,1.5625,1.3125,1.625],"texture":"#0"}}},{"name":"shadows_7","from":[3,7,7.5],"to":[4,8,8.5],"rotation":{"angle":0,"axis":"y","origin":[-8,-222,7.5]},"faces":{"north":{"uv":[0.75,1.625,0.6875,1.6875],"texture":"#0"},"east":{"uv":[0.6875,1.625,0.75,1.6875],"texture":"#0"},"south":{"uv":[0.6875,1.625,0.75,1.6875],"texture":"#0"},"west":{"uv":[0.6875,1.625,0.75,1.6875],"texture":"#0"},"up":{"uv":[0.6875,1.625,0.75,1.6875],"texture":"#0"},"down":{"uv":[0.6875,1.625,0.75,1.6875],"texture":"#0"}}},{"name":"shadows_13","from":[7,3,7.5],"to":[8,4,8.5],"rotation":{"angle":0,"axis":"y","origin":[-8,-222,7.5]},"faces":{"north":{"uv":[1,1.875,0.9375,1.9375],"texture":"#0"},"east":{"uv":[0.9375,1.875,1,1.9375],"texture":"#0"},"south":{"uv":[0.9375,1.875,1,1.9375],"texture":"#0"},"west":{"uv":[0.9375,1.875,1,1.9375],"texture":"#0"},"up":{"uv":[0.9375,1.875,1,1.9375],"texture":"#0"},"down":{"uv":[0.9375,1.875,1,1.9375],"texture":"#0"}}},{"name":"shadows_16","from":[6,2,7.5],"to":[7,3,8.5],"rotation":{"angle":0,"axis":"y","origin":[-8,-222,7.5]},"faces":{"north":{"uv":[0.9375,1.9375,0.875,2],"texture":"#0"},"east":{"uv":[0.875,1.9375,0.9375,2],"texture":"#0"},"south":{"uv":[0.875,1.9375,0.9375,2],"texture":"#0"},"west":{"uv":[0.875,1.9375,0.9375,2],"texture":"#0"},"up":{"uv":[0.875,1.9375,0.9375,2],"texture":"#0"},"down":{"uv":[0.875,1.9375,0.9375,2],"texture":"#0"}}},{"name":"shadows_17","from":[8,2,7.5],"to":[9,3,8.5],"rotation":{"angle":0,"axis":"y","origin":[-8,-222,7.5]},"faces":{"north":{"uv":[1.0625,1.9375,1,2],"texture":"#0"},"east":{"uv":[1,1.9375,1.0625,2],"texture":"#0"},"south":{"uv":[1,1.9375,1.0625,2],"texture":"#0"},"west":{"uv":[1,1.9375,1.0625,2],"texture":"#0"},"up":{"uv":[1,1.9375,1.0625,2],"texture":"#0"},"down":{"uv":[1,1.9375,1.0625,2],"texture":"#0"}}},{"name":"shadows_21","from":[5,1,7.5],"to":[6,2,8.5],"rotation":{"angle":0,"axis":"y","origin":[-8,-222,7.5]},"faces":{"north":{"uv":[0.875,2,0.8125,2.0625],"texture":"#0"},"east":{"uv":[0.8125,2,0.875,2.0625],"texture":"#0"},"south":{"uv":[0.8125,2,0.875,2.0625],"texture":"#0"},"west":{"uv":[0.8125,2,0.875,2.0625],"texture":"#0"},"up":{"uv":[0.8125,2,0.875,2.0625],"texture":"#0"},"down":{"uv":[0.8125,2,0.875,2.0625],"texture":"#0"}}},{"name":"shadows_22","from":[9,1,7.5],"to":[10,2,8.5],"rotation":{"angle":0,"axis":"y","origin":[-8,-222,7.5]},"faces":{"north":{"uv":[1.125,2,1.0625,2.0625],"texture":"#0"},"east":{"uv":[1.0625,2,1.125,2.0625],"texture":"#0"},"south":{"uv":[1.0625,2,1.125,2.0625],"texture":"#0"},"west":{"uv":[1.0625,2,1.125,2.0625],"texture":"#0"},"up":{"uv":[1.0625,2,1.125,2.0625],"texture":"#0"},"down":{"uv":[1.0625,2,1.125,2.0625],"texture":"#0"}}},{"name":"shadows_28","from":[1,0,7.5],"to":[5,1,8.5],"rotation":{"angle":0,"axis":"y","origin":[-8,-222,7.5]},"faces":{"north":{"uv":[0.8125,2.0625,0.5625,2.125],"texture":"#0"},"east":{"uv":[0.75,2.0625,0.8125,2.125],"texture":"#0"},"south":{"uv":[0.5625,2.0625,0.8125,2.125],"texture":"#0"},"west":{"uv":[0.5625,2.0625,0.625,2.125],"texture":"#0"},"up":{"uv":[0.5625,2.0625,0.8125,2.125],"texture":"#0"},"down":{"uv":[0.5625,2.0625,0.8125,2.125],"texture":"#0"}}},{"name":"shadows_29","from":[10,0,7.5],"to":[15,1,8.5],"rotation":{"angle":0,"axis":"y","origin":[-8,-222,7.5]},"faces":{"north":{"uv":[1.4375,2.0625,1.125,2.125],"texture":"#0"},"east":{"uv":[1.375,2.0625,1.4375,2.125],"texture":"#0"},"south":{"uv":[1.125,2.0625,1.4375,2.125],"texture":"#0"},"west":{"uv":[1.125,2.0625,1.1875,2.125],"texture":"#0"},"up":{"uv":[1.125,2.0625,1.4375,2.125],"texture":"#0"},"down":{"uv":[1.125,2.0625,1.4375,2.125],"texture":"#0"}}}],"gui_light":"front","display":{"thirdperson_righthand":{"translation":[0,3,1],"scale":[0.55,0.55,0.55]},"thirdperson_lefthand":{"translation":[0,3,1],"scale":[0.55,0.55,0.55]},"firstperson_righthand":{"rotation":[0,-90,25],"translation":[1.13,3.2,1.13],"scale":[0.68,0.68,0.68]},"firstperson_lefthand":{"rotation":[0,-90,25],"translation":[1.13,3.2,1.13],"scale":[0.68,0.68,0.68]},"ground":{"translation":[0,2,0],"scale":[0.5,0.5,0.5]},"head":{"rotation":[0,180,0],"translation":[0,13,7]},"fixed":{"rotation":[0,180,0]}},"mcmodels":"f03d6055f7da1f7cda7e3c8a45ea57c3"}