{"credit":"Made with Blockbench","textures":{"0":"social_icons_pack:icons","particle":"social_icons_pack:icons"},"elements":[{"name":"icons_101","from":[1,2,7.5],"to":[15,14,8.5],"rotation":{"angle":0,"axis":"y","origin":[-26,-204,7.5]},"faces":{"north":{"uv":[2.5625,2.375,1.6875,3.125],"texture":"#0"},"east":{"uv":[2.5,2.375,2.5625,3.125],"texture":"#0"},"south":{"uv":[1.6875,2.375,2.5625,3.125],"texture":"#0"},"west":{"uv":[1.6875,2.375,1.75,3.125],"texture":"#0"},"up":{"uv":[1.6875,2.375,2.5625,2.4375],"texture":"#0"},"down":{"uv":[1.6875,3.0625,2.5625,3.125],"texture":"#0"}}},{"name":"icons_112","from":[0,3,7.5],"to":[1,13,8.5],"rotation":{"angle":0,"axis":"y","origin":[-26,-204,7.5]},"faces":{"north":{"uv":[1.6875,2.4375,1.625,3.0625],"texture":"#0"},"east":{"uv":[1.625,2.4375,1.6875,3.0625],"texture":"#0"},"south":{"uv":[1.625,2.4375,1.6875,3.0625],"texture":"#0"},"west":{"uv":[1.625,2.4375,1.6875,3.0625],"texture":"#0"},"up":{"uv":[1.625,2.4375,1.6875,2.5],"texture":"#0"},"down":{"uv":[1.625,3,1.6875,3.0625],"texture":"#0"}}},{"name":"icons_113","from":[15,3,7.5],"to":[16,13,8.5],"rotation":{"angle":0,"axis":"y","origin":[-26,-204,7.5]},"faces":{"north":{"uv":[2.625,2.4375,2.5625,3.0625],"texture":"#0"},"east":{"uv":[2.5625,2.4375,2.625,3.0625],"texture":"#0"},"south":{"uv":[2.5625,2.4375,2.625,3.0625],"texture":"#0"},"west":{"uv":[2.5625,2.4375,2.625,3.0625],"texture":"#0"},"up":{"uv":[2.5625,2.4375,2.625,2.5],"texture":"#0"},"down":{"uv":[2.5625,3,2.625,3.0625],"texture":"#0"}}},{"name":"shadows_73","from":[0,2,7.5],"to":[1,3,8.5],"rotation":{"angle":0,"axis":"y","origin":[-26,-204,7.5]},"faces":{"north":{"uv":[1.6875,3.0625,1.625,3.125],"texture":"#0"},"east":{"uv":[1.625,3.0625,1.6875,3.125],"texture":"#0"},"south":{"uv":[1.625,3.0625,1.6875,3.125],"texture":"#0"},"west":{"uv":[1.625,3.0625,1.6875,3.125],"texture":"#0"},"up":{"uv":[1.625,3.0625,1.6875,3.125],"texture":"#0"},"down":{"uv":[1.625,3.0625,1.6875,3.125],"texture":"#0"}}},{"name":"shadows_74","from":[15,2,7.5],"to":[16,3,8.5],"rotation":{"angle":0,"axis":"y","origin":[-26,-204,7.5]},"faces":{"north":{"uv":[2.625,3.0625,2.5625,3.125],"texture":"#0"},"east":{"uv":[2.5625,3.0625,2.625,3.125],"texture":"#0"},"south":{"uv":[2.5625,3.0625,2.625,3.125],"texture":"#0"},"west":{"uv":[2.5625,3.0625,2.625,3.125],"texture":"#0"},"up":{"uv":[2.5625,3.0625,2.625,3.125],"texture":"#0"},"down":{"uv":[2.5625,3.0625,2.625,3.125],"texture":"#0"}}},{"name":"shadows_84","from":[1,1,7.5],"to":[15,2,8.5],"rotation":{"angle":0,"axis":"y","origin":[-26,-204,7.5]},"faces":{"north":{"uv":[2.5625,3.125,1.6875,3.1875],"texture":"#0"},"east":{"uv":[2.5,3.125,2.5625,3.1875],"texture":"#0"},"south":{"uv":[1.6875,3.125,2.5625,3.1875],"texture":"#0"},"west":{"uv":[1.6875,3.125,1.75,3.1875],"texture":"#0"},"up":{"uv":[1.6875,3.125,2.5625,3.1875],"texture":"#0"},"down":{"uv":[1.6875,3.125,2.5625,3.1875],"texture":"#0"}}}],"gui_light":"front","display":{"thirdperson_righthand":{"translation":[0,3,1],"scale":[0.55,0.55,0.55]},"thirdperson_lefthand":{"translation":[0,3,1],"scale":[0.55,0.55,0.55]},"firstperson_righthand":{"rotation":[0,-90,25],"translation":[1.13,3.2,1.13],"scale":[0.68,0.68,0.68]},"firstperson_lefthand":{"rotation":[0,-90,25],"translation":[1.13,3.2,1.13],"scale":[0.68,0.68,0.68]},"ground":{"translation":[0,2,0],"scale":[0.5,0.5,0.5]},"head":{"rotation":[0,180,0],"translation":[0,13,7]},"fixed":{"rotation":[0,180,0]}},"mcmodels":"f03d6055f7da1f7cda7e3c8a45ea57c3"}