{"credit":"Made with Blockbench","textures":{"0":"social_icons_pack:icons","particle":"social_icons_pack:icons"},"elements":[{"name":"icons_73","from":[2,0,7.5],"to":[15,16,8.5],"rotation":{"angle":0,"axis":"y","origin":[-80,-204,7.5]},"faces":{"north":{"uv":[5.9375,2.25,5.125,3.25],"texture":"#0"},"east":{"uv":[5.875,2.25,5.9375,3.25],"texture":"#0"},"south":{"uv":[5.125,2.25,5.9375,3.25],"texture":"#0"},"west":{"uv":[5.125,2.25,5.1875,3.25],"texture":"#0"},"up":{"uv":[5.125,2.25,5.9375,2.3125],"texture":"#0"},"down":{"uv":[5.125,3.1875,5.9375,3.25],"texture":"#0"}}},{"name":"icons_83","from":[1,1,7.5],"to":[2,15,8.5],"rotation":{"angle":0,"axis":"y","origin":[-80,-204,7.5]},"faces":{"north":{"uv":[5.125,2.3125,5.0625,3.1875],"texture":"#0"},"east":{"uv":[5.0625,2.3125,5.125,3.1875],"texture":"#0"},"south":{"uv":[5.0625,2.3125,5.125,3.1875],"texture":"#0"},"west":{"uv":[5.0625,2.3125,5.125,3.1875],"texture":"#0"},"up":{"uv":[5.0625,2.3125,5.125,2.375],"texture":"#0"},"down":{"uv":[5.0625,3.125,5.125,3.1875],"texture":"#0"}}},{"name":"icons_84","from":[15,1,7.5],"to":[16,15,8.5],"rotation":{"angle":0,"axis":"y","origin":[-80,-204,7.5]},"faces":{"north":{"uv":[6,2.3125,5.9375,3.1875],"texture":"#0"},"east":{"uv":[5.9375,2.3125,6,3.1875],"texture":"#0"},"south":{"uv":[5.9375,2.3125,6,3.1875],"texture":"#0"},"west":{"uv":[5.9375,2.3125,6,3.1875],"texture":"#0"},"up":{"uv":[5.9375,2.3125,6,2.375],"texture":"#0"},"down":{"uv":[5.9375,3.125,6,3.1875],"texture":"#0"}}},{"name":"shadows_95","from":[1,0,7.5],"to":[2,1,8.5],"rotation":{"angle":0,"axis":"y","origin":[-80,-204,7.5]},"faces":{"north":{"uv":[5.125,3.1875,5.0625,3.25],"texture":"#0"},"east":{"uv":[5.0625,3.1875,5.125,3.25],"texture":"#0"},"south":{"uv":[5.0625,3.1875,5.125,3.25],"texture":"#0"},"west":{"uv":[5.0625,3.1875,5.125,3.25],"texture":"#0"},"up":{"uv":[5.0625,3.1875,5.125,3.25],"texture":"#0"},"down":{"uv":[5.0625,3.1875,5.125,3.25],"texture":"#0"}}},{"name":"shadows_96","from":[15,0,7.5],"to":[16,1,8.5],"rotation":{"angle":0,"axis":"y","origin":[-80,-204,7.5]},"faces":{"north":{"uv":[6,3.1875,5.9375,3.25],"texture":"#0"},"east":{"uv":[5.9375,3.1875,6,3.25],"texture":"#0"},"south":{"uv":[5.9375,3.1875,6,3.25],"texture":"#0"},"west":{"uv":[5.9375,3.1875,6,3.25],"texture":"#0"},"up":{"uv":[5.9375,3.1875,6,3.25],"texture":"#0"},"down":{"uv":[5.9375,3.1875,6,3.25],"texture":"#0"}}},{"name":"shadows_108","from":[2,-1,7.5],"to":[15,0,8.5],"rotation":{"angle":0,"axis":"y","origin":[-80,-204,7.5]},"faces":{"north":{"uv":[5.9375,3.25,5.125,3.3125],"texture":"#0"},"east":{"uv":[5.875,3.25,5.9375,3.3125],"texture":"#0"},"south":{"uv":[5.125,3.25,5.9375,3.3125],"texture":"#0"},"west":{"uv":[5.125,3.25,5.1875,3.3125],"texture":"#0"},"up":{"uv":[5.125,3.25,5.9375,3.3125],"texture":"#0"},"down":{"uv":[5.125,3.25,5.9375,3.3125],"texture":"#0"}}}],"gui_light":"front","display":{"thirdperson_righthand":{"translation":[0,3,1],"scale":[0.55,0.55,0.55]},"thirdperson_lefthand":{"translation":[0,3,1],"scale":[0.55,0.55,0.55]},"firstperson_righthand":{"rotation":[0,-90,25],"translation":[1.13,3.2,1.13],"scale":[0.68,0.68,0.68]},"firstperson_lefthand":{"rotation":[0,-90,25],"translation":[1.13,3.2,1.13],"scale":[0.68,0.68,0.68]},"ground":{"translation":[0,2,0],"scale":[0.5,0.5,0.5]},"head":{"rotation":[0,180,0],"translation":[0,13,7]},"fixed":{"rotation":[0,180,0]}},"mcmodels":"f03d6055f7da1f7cda7e3c8a45ea57c3"}