{"textures":{"0":"modelengine:entity/hv_grimleaf_stones","particle":"#0"},"elements":[{"from":[3.5,6.0,5.0],"to":[12.5,10.0,11.0],"faces":{"east":{"uv":[3.0,6.0,6.0,8.0],"tintindex":0,"rotation":0,"texture":"#0"},"south":{"uv":[4.5,2.0,9.0,4.0],"tintindex":0,"rotation":0,"texture":"#0"},"north":{"uv":[4.5,0.0,9.0,2.0],"tintindex":0,"rotation":0,"texture":"#0"},"west":{"uv":[6.0,6.0,9.0,8.0],"tintindex":0,"rotation":0,"texture":"#0"},"up":{"uv":[4.5,3.0,0.0,0.0],"tintindex":0,"rotation":0,"texture":"#0"},"down":{"uv":[4.5,3.0,0.0,6.0],"tintindex":0,"rotation":0,"texture":"#0"}}}],"display":{"head":{"rotation":[0.0,0.0,0.0]},"firstperson_righthand":{"rotation":[0.0,0.0,0.0]},"thirdperson_lefthand":{"rotation":[0.0,-0.0,-0.0]},"firstperson_lefthand":{"rotation":[0.0,-0.0,-0.0]},"fixed":{"rotation":[0.0,0.0,0.0]},"ground":{"rotation":[0.0,0.0,0.0]},"thirdperson_righthand":{"rotation":[0.0,0.0,0.0]},"gui":{"rotation":[-150.0,-45.0,180.0]}}}