{"textures":{"0":"modelengine:entity/hv_grimleaf_stones","particle":"#0"},"elements":[{"from":[5.0,6.5,6.0],"to":[11.0,9.5,10.0],"faces":{"east":{"uv":[3.0,8.0,5.0,9.5],"tintindex":0,"rotation":0,"texture":"#0"},"south":{"uv":[0.0,8.0,3.0,9.5],"tintindex":0,"rotation":0,"texture":"#0"},"north":{"uv":[7.5,4.0,10.5,5.5],"tintindex":0,"rotation":0,"texture":"#0"},"west":{"uv":[5.0,8.0,7.0,9.5],"tintindex":0,"rotation":0,"texture":"#0"},"up":{"uv":[7.5,6.0,4.5,4.0],"tintindex":0,"rotation":0,"texture":"#0"},"down":{"uv":[3.0,6.0,0.0,8.0],"tintindex":0,"rotation":0,"texture":"#0"}}}],"display":{"head":{"rotation":[0.0,0.0,0.0]},"firstperson_righthand":{"rotation":[0.0,0.0,0.0]},"thirdperson_lefthand":{"rotation":[0.0,-0.0,-0.0]},"firstperson_lefthand":{"rotation":[0.0,-0.0,-0.0]},"fixed":{"rotation":[0.0,0.0,0.0]},"ground":{"rotation":[0.0,0.0,0.0]},"thirdperson_righthand":{"rotation":[0.0,0.0,0.0]},"gui":{"rotation":[-150.0,-45.0,180.0]}}}