{"textures":{"0":"modelengine:entity/hv_grimleaf_stones","particle":"#0"},"elements":[{"from":[13.0,8.0,9.0],"to":[16.0,10.0,12.0],"faces":{"east":{"uv":[9.0,1.0,10.5,2.0],"tintindex":0,"rotation":0,"texture":"#0"},"south":{"uv":[9.0,2.0,10.5,3.0],"tintindex":0,"rotation":0,"texture":"#0"},"north":{"uv":[9.0,0.0,10.5,1.0],"tintindex":0,"rotation":0,"texture":"#0"},"west":{"uv":[9.0,3.0,10.5,4.0],"tintindex":0,"rotation":0,"texture":"#0"},"up":{"uv":[8.5,9.5,7.0,8.0],"tintindex":0,"rotation":0,"texture":"#0"},"down":{"uv":[10.0,8.0,8.5,9.5],"tintindex":0,"rotation":0,"texture":"#0"}}}],"display":{"head":{"rotation":[0.0,0.0,0.0]},"firstperson_righthand":{"rotation":[0.0,0.0,0.0]},"thirdperson_lefthand":{"rotation":[0.0,-0.0,-0.0]},"firstperson_lefthand":{"rotation":[0.0,-0.0,-0.0]},"fixed":{"rotation":[0.0,0.0,0.0]},"ground":{"rotation":[0.0,0.0,0.0]},"thirdperson_righthand":{"rotation":[0.0,0.0,0.0]},"gui":{"rotation":[-150.0,-45.0,180.0]}}}