{"textures":{"0":"modelengine:entity/hv_grimleaf_roots","particle":"#0"},"elements":[{"from":[4.5,-4.5,5.799999],"to":[11.0,19.5,12.300001],"faces":{"east":{"uv":[11.333333,8.222222,12.0,10.888889],"tintindex":0,"rotation":0,"texture":"#0"},"south":{"uv":[11.222222,0.0,12.0,2.6666667],"tintindex":0,"rotation":0,"texture":"#0"},"north":{"uv":[11.0,2.6666667,11.777778,5.3333335],"tintindex":0,"rotation":0,"texture":"#0"},"west":{"uv":[9.777778,11.333333,10.444445,14.0],"tintindex":0,"rotation":0,"texture":"#0"},"up":{"uv":[3.6666667,14.666667,2.8888888,14.0],"tintindex":0,"rotation":0,"texture":"#0"},"down":{"uv":[14.777778,3.1111112,14.0,3.777778],"tintindex":0,"rotation":0,"texture":"#0"}}}],"display":{"head":{"rotation":[0.0,0.0,0.0]},"firstperson_righthand":{"rotation":[0.0,0.0,0.0]},"thirdperson_lefthand":{"rotation":[0.0,-0.0,-0.0]},"firstperson_lefthand":{"rotation":[0.0,-0.0,-0.0]},"fixed":{"rotation":[0.0,0.0,0.0]},"ground":{"rotation":[0.0,0.0,0.0]},"thirdperson_righthand":{"rotation":[0.0,0.0,0.0]},"gui":{"rotation":[-150.0,-45.0,180.0]}}}