{"textures":{"0":"modelengine:entity/hv_grimleaf_roots","particle":"#0"},"elements":[{"from":[6.0,8.0,4.7683716E-7],"to":[16.0,30.0,10.0],"faces":{"east":{"uv":[2.2222223,2.4444444,3.3333333,4.888889],"tintindex":0,"rotation":0,"texture":"#0"},"south":{"uv":[3.3333333,0.0,4.4444447,2.4444444],"tintindex":0,"rotation":0,"texture":"#0"},"north":{"uv":[1.1111112,2.4444444,2.2222223,4.888889],"tintindex":0,"rotation":0,"texture":"#0"},"west":{"uv":[3.3333333,2.4444444,4.4444447,4.888889],"tintindex":0,"rotation":0,"texture":"#0"},"up":{"uv":[4.6666665,14.0,3.5555556,12.888889],"tintindex":0,"rotation":0,"texture":"#0"},"down":{"uv":[5.7777777,12.888889,4.6666665,14.0],"tintindex":0,"rotation":0,"texture":"#0"}}}],"display":{"head":{"rotation":[0.0,0.0,0.0]},"firstperson_righthand":{"rotation":[0.0,0.0,0.0]},"thirdperson_lefthand":{"rotation":[0.0,-0.0,-0.0]},"firstperson_lefthand":{"rotation":[0.0,-0.0,-0.0]},"fixed":{"rotation":[0.0,0.0,0.0]},"ground":{"rotation":[0.0,0.0,0.0]},"thirdperson_righthand":{"rotation":[0.0,0.0,0.0]},"gui":{"rotation":[-150.0,-45.0,180.0]}}}