{"textures":{"0":"modelengine:entity/hv_grimleaf_roots","particle":"#0"},"elements":[{"from":[0.0,8.0,4.7683716E-7],"to":[10.0,30.0,10.0],"faces":{"east":{"uv":[4.4444447,2.4444444,5.555556,4.888889],"tintindex":0,"rotation":0,"texture":"#0"},"south":{"uv":[0.0,4.888889,1.1111112,7.3333335],"tintindex":0,"rotation":0,"texture":"#0"},"north":{"uv":[4.4444447,0.0,5.555556,2.4444444],"tintindex":0,"rotation":0,"texture":"#0"},"west":{"uv":[1.1111112,4.888889,2.2222223,7.3333335],"tintindex":0,"rotation":0,"texture":"#0"},"up":{"uv":[14.222222,3.1111112,13.111112,2.0],"tintindex":0,"rotation":0,"texture":"#0"},"down":{"uv":[14.444445,0.0,13.333333,1.1111112],"tintindex":0,"rotation":0,"texture":"#0"}}}],"display":{"head":{"rotation":[0.0,0.0,0.0]},"firstperson_righthand":{"rotation":[0.0,0.0,0.0]},"thirdperson_lefthand":{"rotation":[0.0,-0.0,-0.0]},"firstperson_lefthand":{"rotation":[0.0,-0.0,-0.0]},"fixed":{"rotation":[0.0,0.0,0.0]},"ground":{"rotation":[0.0,0.0,0.0]},"thirdperson_righthand":{"rotation":[0.0,0.0,0.0]},"gui":{"rotation":[-150.0,-45.0,180.0]}}}