{"textures":{"0":"modelengine:entity/hv_grimleaf_roots","particle":"#0"},"elements":[{"from":[4.0,-4.25,7.0],"to":[9.5,13.75,12.5],"faces":{"east":{"uv":[10.444445,11.333333,11.111112,13.333333],"tintindex":0,"rotation":0,"texture":"#0"},"south":{"uv":[11.333333,10.888889,12.0,12.888889],"tintindex":0,"rotation":0,"texture":"#0"},"north":{"uv":[7.7777777,2.8888888,8.444445,4.888889],"tintindex":0,"rotation":0,"texture":"#0"},"west":{"uv":[11.444445,5.3333335,12.111112,7.3333335],"tintindex":0,"rotation":0,"texture":"#0"},"up":{"uv":[12.666667,14.0,12.0,13.333333],"tintindex":0,"rotation":0,"texture":"#0"},"down":{"uv":[4.3333335,14.0,3.6666667,14.666667],"tintindex":0,"rotation":0,"texture":"#0"}}}],"display":{"head":{"rotation":[0.0,0.0,0.0]},"firstperson_righthand":{"rotation":[0.0,0.0,0.0]},"thirdperson_lefthand":{"rotation":[0.0,-0.0,-0.0]},"firstperson_lefthand":{"rotation":[0.0,-0.0,-0.0]},"fixed":{"rotation":[0.0,0.0,0.0]},"ground":{"rotation":[0.0,0.0,0.0]},"thirdperson_righthand":{"rotation":[0.0,0.0,0.0]},"gui":{"rotation":[-150.0,-45.0,180.0]}}}