{"textures":{"0":"modelengine:entity/hv_grimleaf_roots","particle":"#0"},"elements":[{"from":[6.0,-4.0,6.75],"to":[11.5,14.0,12.25],"faces":{"east":{"uv":[11.777778,2.6666667,12.444445,4.6666665],"tintindex":0,"rotation":0,"texture":"#0"},"south":{"uv":[12.0,0.0,12.666667,2.0],"tintindex":0,"rotation":0,"texture":"#0"},"north":{"uv":[8.555555,11.555555,9.222222,13.555555],"tintindex":0,"rotation":0,"texture":"#0"},"west":{"uv":[12.0,7.3333335,12.666667,9.333333],"tintindex":0,"rotation":0,"texture":"#0"},"up":{"uv":[5.0,14.666667,4.3333335,14.0],"tintindex":0,"rotation":0,"texture":"#0"},"down":{"uv":[5.6666665,14.0,5.0,14.666667],"tintindex":0,"rotation":0,"texture":"#0"}}}],"display":{"head":{"rotation":[0.0,0.0,0.0]},"firstperson_righthand":{"rotation":[0.0,0.0,0.0]},"thirdperson_lefthand":{"rotation":[0.0,-0.0,-0.0]},"firstperson_lefthand":{"rotation":[0.0,-0.0,-0.0]},"fixed":{"rotation":[0.0,0.0,0.0]},"ground":{"rotation":[0.0,0.0,0.0]},"thirdperson_righthand":{"rotation":[0.0,0.0,0.0]},"gui":{"rotation":[-150.0,-45.0,180.0]}}}