{"textures":{"0":"modelengine:entity/hv_grimleaf_roots","particle":"#0"},"elements":[{"from":[4.5,-4.25,7.0],"to":[10.0,13.75,12.5],"faces":{"east":{"uv":[12.0,11.333333,12.666667,13.333333],"tintindex":0,"rotation":0,"texture":"#0"},"south":{"uv":[12.111112,4.6666665,12.777778,6.6666665],"tintindex":0,"rotation":0,"texture":"#0"},"north":{"uv":[12.0,9.333333,12.666667,11.333333],"tintindex":0,"rotation":0,"texture":"#0"},"west":{"uv":[12.444445,2.0,13.111112,4.0],"tintindex":0,"rotation":0,"texture":"#0"},"up":{"uv":[10.222222,14.666667,9.555555,14.0],"tintindex":0,"rotation":0,"texture":"#0"},"down":{"uv":[12.666667,14.0,12.0,14.666667],"tintindex":0,"rotation":0,"texture":"#0"}}}],"display":{"head":{"rotation":[0.0,0.0,0.0]},"firstperson_righthand":{"rotation":[0.0,0.0,0.0]},"thirdperson_lefthand":{"rotation":[0.0,-0.0,-0.0]},"firstperson_lefthand":{"rotation":[0.0,-0.0,-0.0]},"fixed":{"rotation":[0.0,0.0,0.0]},"ground":{"rotation":[0.0,0.0,0.0]},"thirdperson_righthand":{"rotation":[0.0,0.0,0.0]},"gui":{"rotation":[-150.0,-45.0,180.0]}}}