{"textures":{"0":"modelengine:entity/hv_grimleaf_roots","particle":"#0"},"elements":[{"from":[4.5,-4.75,5.8],"to":[11.0,19.25,12.3],"faces":{"east":{"uv":[0.0,10.222222,0.7777778,12.888889],"tintindex":0,"rotation":0,"texture":"#0"},"south":{"uv":[0.7777778,10.222222,1.5555556,12.888889],"tintindex":0,"rotation":0,"texture":"#0"},"north":{"uv":[9.777778,8.666667,10.555555,11.333333],"tintindex":0,"rotation":0,"texture":"#0"},"west":{"uv":[1.5555556,10.222222,2.3333333,12.888889],"tintindex":0,"rotation":0,"texture":"#0"},"up":{"uv":[14.222222,5.6666665,13.444445,4.888889],"tintindex":0,"rotation":0,"texture":"#0"},"down":{"uv":[8.777778,13.555555,8.0,14.333333],"tintindex":0,"rotation":0,"texture":"#0"}}}],"display":{"head":{"rotation":[0.0,0.0,0.0]},"firstperson_righthand":{"rotation":[0.0,0.0,0.0]},"thirdperson_lefthand":{"rotation":[0.0,-0.0,-0.0]},"firstperson_lefthand":{"rotation":[0.0,-0.0,-0.0]},"fixed":{"rotation":[0.0,0.0,0.0]},"ground":{"rotation":[0.0,0.0,0.0]},"thirdperson_righthand":{"rotation":[0.0,0.0,0.0]},"gui":{"rotation":[-150.0,-45.0,180.0]}}}