{"textures":{"0":"modelengine:entity/hv_grimleaf_roots","particle":"#0"},"elements":[{"from":[4.500002,-4.5,3.7000008],"to":[11.0,19.5,10.200001],"faces":{"east":{"uv":[6.2222223,10.666667,7.0,13.333333],"tintindex":0,"rotation":0,"texture":"#0"},"south":{"uv":[7.0,10.666667,7.7777777,13.333333],"tintindex":0,"rotation":0,"texture":"#0"},"north":{"uv":[10.666667,5.555556,11.444445,8.222222],"tintindex":0,"rotation":0,"texture":"#0"},"west":{"uv":[7.7777777,10.666667,8.555555,13.333333],"tintindex":0,"rotation":0,"texture":"#0"},"up":{"uv":[2.1111112,14.777778,1.3333334,14.0],"tintindex":0,"rotation":0,"texture":"#0"},"down":{"uv":[2.8888888,14.0,2.1111112,14.777778],"tintindex":0,"rotation":0,"texture":"#0"}}}],"display":{"head":{"rotation":[0.0,0.0,0.0]},"firstperson_righthand":{"rotation":[0.0,0.0,0.0]},"thirdperson_lefthand":{"rotation":[0.0,-0.0,-0.0]},"firstperson_lefthand":{"rotation":[0.0,-0.0,-0.0]},"fixed":{"rotation":[0.0,0.0,0.0]},"ground":{"rotation":[0.0,0.0,0.0]},"thirdperson_righthand":{"rotation":[0.0,0.0,0.0]},"gui":{"rotation":[-150.0,-45.0,180.0]}}}