{"textures":{"0":"modelengine:entity/hv_grimleaf_roots","particle":"#0"},"elements":[{"from":[5.0,-4.5,5.8],"to":[11.5,19.5,12.300001],"faces":{"east":{"uv":[10.222222,2.8888888,11.0,5.555556],"tintindex":0,"rotation":0,"texture":"#0"},"south":{"uv":[3.1111112,10.222222,3.8888888,12.888889],"tintindex":0,"rotation":0,"texture":"#0"},"north":{"uv":[2.3333333,10.222222,3.1111112,12.888889],"tintindex":0,"rotation":0,"texture":"#0"},"west":{"uv":[3.8888888,10.222222,4.6666665,12.888889],"tintindex":0,"rotation":0,"texture":"#0"},"up":{"uv":[9.555555,14.333333,8.777778,13.555555],"tintindex":0,"rotation":0,"texture":"#0"},"down":{"uv":[14.111112,13.555555,13.333333,14.333333],"tintindex":0,"rotation":0,"texture":"#0"}}}],"display":{"head":{"rotation":[0.0,0.0,0.0]},"firstperson_righthand":{"rotation":[0.0,0.0,0.0]},"thirdperson_lefthand":{"rotation":[0.0,-0.0,-0.0]},"firstperson_lefthand":{"rotation":[0.0,-0.0,-0.0]},"fixed":{"rotation":[0.0,0.0,0.0]},"ground":{"rotation":[0.0,0.0,0.0]},"thirdperson_righthand":{"rotation":[0.0,0.0,0.0]},"gui":{"rotation":[-150.0,-45.0,180.0]}}}