{"textures":{"0":"modelengine:entity/hv_grimleaf_roots","particle":"#0"},"elements":[{"from":[4.5,-4.5,5.8],"to":[11.0,19.5,12.300001],"faces":{"east":{"uv":[5.4444447,10.222222,6.2222223,12.888889],"tintindex":0,"rotation":0,"texture":"#0"},"south":{"uv":[10.444445,0.0,11.222222,2.6666667],"tintindex":0,"rotation":0,"texture":"#0"},"north":{"uv":[4.6666665,10.222222,5.4444447,12.888889],"tintindex":0,"rotation":0,"texture":"#0"},"west":{"uv":[10.555555,8.666667,11.333333,11.333333],"tintindex":0,"rotation":0,"texture":"#0"},"up":{"uv":[11.222222,14.555555,10.444445,13.777778],"tintindex":0,"rotation":0,"texture":"#0"},"down":{"uv":[12.0,13.777778,11.222222,14.555555],"tintindex":0,"rotation":0,"texture":"#0"}}}],"display":{"head":{"rotation":[0.0,0.0,0.0]},"firstperson_righthand":{"rotation":[0.0,0.0,0.0]},"thirdperson_lefthand":{"rotation":[0.0,-0.0,-0.0]},"firstperson_lefthand":{"rotation":[0.0,-0.0,-0.0]},"fixed":{"rotation":[0.0,0.0,0.0]},"ground":{"rotation":[0.0,0.0,0.0]},"thirdperson_righthand":{"rotation":[0.0,0.0,0.0]},"gui":{"rotation":[-150.0,-45.0,180.0]}}}