{"textures":{"0":"modelengine:entity/hv_grimleaf_roots","particle":"#0"},"elements":[{"from":[7.0,4.5,1.5000005],"to":[15.0,30.0,9.5],"faces":{"east":{"uv":[3.5555556,7.3333335,4.4444447,10.222222],"tintindex":0,"rotation":0,"texture":"#0"},"south":{"uv":[4.4444447,7.3333335,5.3333335,10.222222],"tintindex":0,"rotation":0,"texture":"#0"},"north":{"uv":[2.6666667,7.3333335,3.5555556,10.222222],"tintindex":0,"rotation":0,"texture":"#0"},"west":{"uv":[5.3333335,7.3333335,6.2222223,10.222222],"tintindex":0,"rotation":0,"texture":"#0"},"up":{"uv":[14.222222,2.0,13.333333,1.1111112],"tintindex":0,"rotation":0,"texture":"#0"},"down":{"uv":[14.222222,8.222222,13.333333,9.111112],"tintindex":0,"rotation":0,"texture":"#0"}}}],"display":{"head":{"rotation":[0.0,0.0,0.0]},"firstperson_righthand":{"rotation":[0.0,0.0,0.0]},"thirdperson_lefthand":{"rotation":[0.0,-0.0,-0.0]},"firstperson_lefthand":{"rotation":[0.0,-0.0,-0.0]},"fixed":{"rotation":[0.0,0.0,0.0]},"ground":{"rotation":[0.0,0.0,0.0]},"thirdperson_righthand":{"rotation":[0.0,0.0,0.0]},"gui":{"rotation":[-150.0,-45.0,180.0]}}}