{"textures":{"0":"modelengine:entity/hv_grimleaf_roots","particle":"#0"},"elements":[{"from":[4.5,-4.0,3.5],"to":[10.0,14.0,9.0],"faces":{"east":{"uv":[12.666667,6.6666665,13.333333,8.666667],"tintindex":0,"rotation":0,"texture":"#0"},"south":{"uv":[12.666667,8.666667,13.333333,10.666667],"tintindex":0,"rotation":0,"texture":"#0"},"north":{"uv":[12.666667,0.0,13.333333,2.0],"tintindex":0,"rotation":0,"texture":"#0"},"west":{"uv":[12.666667,10.666667,13.333333,12.666667],"tintindex":0,"rotation":0,"texture":"#0"},"up":{"uv":[14.777778,14.222222,14.111112,13.555555],"tintindex":0,"rotation":0,"texture":"#0"},"down":{"uv":[14.888889,1.1111112,14.222222,1.7777778],"tintindex":0,"rotation":0,"texture":"#0"}}}],"display":{"head":{"rotation":[0.0,0.0,0.0]},"firstperson_righthand":{"rotation":[0.0,0.0,0.0]},"thirdperson_lefthand":{"rotation":[0.0,-0.0,-0.0]},"firstperson_lefthand":{"rotation":[0.0,-0.0,-0.0]},"fixed":{"rotation":[0.0,0.0,0.0]},"ground":{"rotation":[0.0,0.0,0.0]},"thirdperson_righthand":{"rotation":[0.0,0.0,0.0]},"gui":{"rotation":[-150.0,-45.0,180.0]}}}