{"textures":{"0":"modelengine:entity/hv_grimleaf_roots","particle":"#0"},"elements":[{"from":[1.0,4.5,1.4999995],"to":[9.0,30.0,9.5],"faces":{"east":{"uv":[0.0,7.3333335,0.8888889,10.222222],"tintindex":0,"rotation":0,"texture":"#0"},"south":{"uv":[0.8888889,7.3333335,1.7777778,10.222222],"tintindex":0,"rotation":0,"texture":"#0"},"north":{"uv":[6.6666665,4.888889,7.555556,7.7777777],"tintindex":0,"rotation":0,"texture":"#0"},"west":{"uv":[1.7777778,7.3333335,2.6666667,10.222222],"tintindex":0,"rotation":0,"texture":"#0"},"up":{"uv":[12.0,13.777778,11.111112,12.888889],"tintindex":0,"rotation":0,"texture":"#0"},"down":{"uv":[14.0,3.1111112,13.111112,4.0],"tintindex":0,"rotation":0,"texture":"#0"}}}],"display":{"head":{"rotation":[0.0,0.0,0.0]},"firstperson_righthand":{"rotation":[0.0,0.0,0.0]},"thirdperson_lefthand":{"rotation":[0.0,-0.0,-0.0]},"firstperson_lefthand":{"rotation":[0.0,-0.0,-0.0]},"fixed":{"rotation":[0.0,0.0,0.0]},"ground":{"rotation":[0.0,0.0,0.0]},"thirdperson_righthand":{"rotation":[0.0,0.0,0.0]},"gui":{"rotation":[-150.0,-45.0,180.0]}}}