{"textures":{"0":"modelengine:entity/hv_grimleaf_roots","particle":"#0"},"elements":[{"from":[0.0,8.0,0.0],"to":[10.0,30.0,10.0],"faces":{"east":{"uv":[5.555556,4.888889,6.6666665,7.3333335],"tintindex":0,"rotation":0,"texture":"#0"},"south":{"uv":[6.6666665,0.0,7.7777777,2.4444444],"tintindex":0,"rotation":0,"texture":"#0"},"north":{"uv":[5.555556,2.4444444,6.6666665,4.888889],"tintindex":0,"rotation":0,"texture":"#0"},"west":{"uv":[6.6666665,2.4444444,7.7777777,4.888889],"tintindex":0,"rotation":0,"texture":"#0"},"up":{"uv":[8.0,14.444445,6.888889,13.333333],"tintindex":0,"rotation":0,"texture":"#0"},"down":{"uv":[14.444445,7.111111,13.333333,8.222222],"tintindex":0,"rotation":0,"texture":"#0"}}}],"display":{"head":{"rotation":[0.0,0.0,0.0]},"firstperson_righthand":{"rotation":[0.0,0.0,0.0]},"thirdperson_lefthand":{"rotation":[0.0,-0.0,-0.0]},"firstperson_lefthand":{"rotation":[0.0,-0.0,-0.0]},"fixed":{"rotation":[0.0,0.0,0.0]},"ground":{"rotation":[0.0,0.0,0.0]},"thirdperson_righthand":{"rotation":[0.0,0.0,0.0]},"gui":{"rotation":[-150.0,-45.0,180.0]}}}