{"textures":{"0":"modelengine:entity/hv_grimleaf_roots","particle":"#0"},"elements":[{"from":[1.0,4.5,1.5],"to":[9.0,30.0,9.5],"faces":{"east":{"uv":[9.333333,2.8888888,10.222222,5.7777777],"tintindex":0,"rotation":0,"texture":"#0"},"south":{"uv":[9.555555,0.0,10.444445,2.8888888],"tintindex":0,"rotation":0,"texture":"#0"},"north":{"uv":[8.888889,8.666667,9.777778,11.555555],"tintindex":0,"rotation":0,"texture":"#0"},"west":{"uv":[9.777778,5.7777777,10.666667,8.666667],"tintindex":0,"rotation":0,"texture":"#0"},"up":{"uv":[14.222222,13.555555,13.333333,12.666667],"tintindex":0,"rotation":0,"texture":"#0"},"down":{"uv":[14.333333,4.0,13.444445,4.888889],"tintindex":0,"rotation":0,"texture":"#0"}}}],"display":{"head":{"rotation":[0.0,0.0,0.0]},"firstperson_righthand":{"rotation":[0.0,0.0,0.0]},"thirdperson_lefthand":{"rotation":[0.0,-0.0,-0.0]},"firstperson_lefthand":{"rotation":[0.0,-0.0,-0.0]},"fixed":{"rotation":[0.0,0.0,0.0]},"ground":{"rotation":[0.0,0.0,0.0]},"thirdperson_righthand":{"rotation":[0.0,0.0,0.0]},"gui":{"rotation":[-150.0,-45.0,180.0]}}}