{"textures":{"0":"modelengine:entity/hv_grimleaf_roots","particle":"#0"},"elements":[{"from":[0.0,8.0,5.999999],"to":[10.0,30.0,16.0],"faces":{"east":{"uv":[3.3333333,4.888889,4.4444447,7.3333335],"tintindex":0,"rotation":0,"texture":"#0"},"south":{"uv":[4.4444447,4.888889,5.555556,7.3333335],"tintindex":0,"rotation":0,"texture":"#0"},"north":{"uv":[2.2222223,4.888889,3.3333333,7.3333335],"tintindex":0,"rotation":0,"texture":"#0"},"west":{"uv":[5.555556,0.0,6.6666665,2.4444444],"tintindex":0,"rotation":0,"texture":"#0"},"up":{"uv":[6.888889,14.444445,5.7777777,13.333333],"tintindex":0,"rotation":0,"texture":"#0"},"down":{"uv":[14.444445,6.0,13.333333,7.111111],"tintindex":0,"rotation":0,"texture":"#0"}}}],"display":{"head":{"rotation":[0.0,0.0,0.0]},"firstperson_righthand":{"rotation":[0.0,0.0,0.0]},"thirdperson_lefthand":{"rotation":[0.0,-0.0,-0.0]},"firstperson_lefthand":{"rotation":[0.0,-0.0,-0.0]},"fixed":{"rotation":[0.0,0.0,0.0]},"ground":{"rotation":[0.0,0.0,0.0]},"thirdperson_righthand":{"rotation":[0.0,0.0,0.0]},"gui":{"rotation":[-150.0,-45.0,180.0]}}}