{"textures":{"0":"modelengine:entity/hv_grimleaf_roots","particle":"#0"},"elements":[{"from":[3.5,-3.75,6.75],"to":[9.0,14.25,12.25],"faces":{"east":{"uv":[12.777778,4.0,13.444445,6.0],"tintindex":0,"rotation":0,"texture":"#0"},"south":{"uv":[0.0,12.888889,0.6666667,14.888889],"tintindex":0,"rotation":0,"texture":"#0"},"north":{"uv":[12.666667,12.666667,13.333333,14.666667],"tintindex":0,"rotation":0,"texture":"#0"},"west":{"uv":[0.6666667,12.888889,1.3333334,14.888889],"tintindex":0,"rotation":0,"texture":"#0"},"up":{"uv":[14.888889,2.4444444,14.222222,1.7777778],"tintindex":0,"rotation":0,"texture":"#0"},"down":{"uv":[14.888889,2.4444444,14.222222,3.1111112],"tintindex":0,"rotation":0,"texture":"#0"}}}],"display":{"head":{"rotation":[0.0,0.0,0.0]},"firstperson_righthand":{"rotation":[0.0,0.0,0.0]},"thirdperson_lefthand":{"rotation":[0.0,-0.0,-0.0]},"firstperson_lefthand":{"rotation":[0.0,-0.0,-0.0]},"fixed":{"rotation":[0.0,0.0,0.0]},"ground":{"rotation":[0.0,0.0,0.0]},"thirdperson_righthand":{"rotation":[0.0,0.0,0.0]},"gui":{"rotation":[-150.0,-45.0,180.0]}}}