{"textures":{"0":"modelengine:entity/hv_grimleaf_roots","particle":"#0"},"elements":[{"from":[1.0,4.5,6.499999],"to":[9.0,30.0,14.5],"faces":{"east":{"uv":[8.444445,2.8888888,9.333333,5.7777777],"tintindex":0,"rotation":0,"texture":"#0"},"south":{"uv":[8.666667,0.0,9.555555,2.8888888],"tintindex":0,"rotation":0,"texture":"#0"},"north":{"uv":[8.0,7.7777777,8.888889,10.666667],"tintindex":0,"rotation":0,"texture":"#0"},"west":{"uv":[8.888889,5.7777777,9.777778,8.666667],"tintindex":0,"rotation":0,"texture":"#0"},"up":{"uv":[14.222222,11.777778,13.333333,10.888889],"tintindex":0,"rotation":0,"texture":"#0"},"down":{"uv":[14.222222,11.777778,13.333333,12.666667],"tintindex":0,"rotation":0,"texture":"#0"}}}],"display":{"head":{"rotation":[0.0,0.0,0.0]},"firstperson_righthand":{"rotation":[0.0,0.0,0.0]},"thirdperson_lefthand":{"rotation":[0.0,-0.0,-0.0]},"firstperson_lefthand":{"rotation":[0.0,-0.0,-0.0]},"fixed":{"rotation":[0.0,0.0,0.0]},"ground":{"rotation":[0.0,0.0,0.0]},"thirdperson_righthand":{"rotation":[0.0,0.0,0.0]},"gui":{"rotation":[-150.0,-45.0,180.0]}}}