{"textures":{"0":"modelengine:entity/hv_grimleaf_roots","particle":"#0"},"elements":[{"from":[0.0,8.0,0.0],"to":[10.0,30.0,10.0],"faces":{"east":{"uv":[1.1111112,0.0,2.2222223,2.4444444],"tintindex":0,"rotation":0,"texture":"#0"},"south":{"uv":[2.2222223,0.0,3.3333333,2.4444444],"tintindex":0,"rotation":0,"texture":"#0"},"north":{"uv":[0.0,0.0,1.1111112,2.4444444],"tintindex":0,"rotation":0,"texture":"#0"},"west":{"uv":[0.0,2.4444444,1.1111112,4.888889],"tintindex":0,"rotation":0,"texture":"#0"},"up":{"uv":[2.4444444,14.0,1.3333334,12.888889],"tintindex":0,"rotation":0,"texture":"#0"},"down":{"uv":[3.5555556,12.888889,2.4444444,14.0],"tintindex":0,"rotation":0,"texture":"#0"}}}],"display":{"head":{"rotation":[0.0,0.0,0.0]},"firstperson_righthand":{"rotation":[0.0,0.0,0.0]},"thirdperson_lefthand":{"rotation":[0.0,-0.0,-0.0]},"firstperson_lefthand":{"rotation":[0.0,-0.0,-0.0]},"fixed":{"rotation":[0.0,0.0,0.0]},"ground":{"rotation":[0.0,0.0,0.0]},"thirdperson_righthand":{"rotation":[0.0,0.0,0.0]},"gui":{"rotation":[-150.0,-45.0,180.0]}}}