{"textures":{"0":"modelengine:entity/hv_grimleaf_roots","particle":"#0"},"elements":[{"from":[1.0,4.5,1.5000005],"to":[9.0,30.0,9.5],"faces":{"east":{"uv":[7.7777777,0.0,8.666667,2.8888888],"tintindex":0,"rotation":0,"texture":"#0"},"south":{"uv":[6.2222223,7.7777777,7.111111,10.666667],"tintindex":0,"rotation":0,"texture":"#0"},"north":{"uv":[7.555556,4.888889,8.444445,7.7777777],"tintindex":0,"rotation":0,"texture":"#0"},"west":{"uv":[7.111111,7.7777777,8.0,10.666667],"tintindex":0,"rotation":0,"texture":"#0"},"up":{"uv":[14.222222,10.0,13.333333,9.111112],"tintindex":0,"rotation":0,"texture":"#0"},"down":{"uv":[14.222222,10.0,13.333333,10.888889],"tintindex":0,"rotation":0,"texture":"#0"}}}],"display":{"head":{"rotation":[0.0,0.0,0.0]},"firstperson_righthand":{"rotation":[0.0,0.0,0.0]},"thirdperson_lefthand":{"rotation":[0.0,-0.0,-0.0]},"firstperson_lefthand":{"rotation":[0.0,-0.0,-0.0]},"fixed":{"rotation":[0.0,0.0,0.0]},"ground":{"rotation":[0.0,0.0,0.0]},"thirdperson_righthand":{"rotation":[0.0,0.0,0.0]},"gui":{"rotation":[-150.0,-45.0,180.0]}}}