{"parent":"minecraft:item/handheld","textures":{"layer0":"minecraft:item/netherite_sword"},"overrides":[{"predicate":{"custom_model_data":10010},"model":"nexusset:greatsword"},{"predicate":{"custom_model_data":10011},"model":"nexusset:hammer"},{"predicate":{"custom_model_data":10012},"model":"nexusset:scythe"},{"predicate":{"custom_model_data":10013},"model":"nexusset:spear"},{"predicate":{"custom_model_data":10014},"model":"nexusset:staff"},{"predicate":{"custom_model_data":10015},"model":"nexusset:sword"},{"predicate":{"custom_model_data":10016},"model":"nexusset:trident"},{"predicate":{"custom_model_data":10017},"model":"item/netherite_sword"}]}