{"format_version":"1.9.0","credit":"Pologony Creation Co.,Ltd.","texture_size":[24,24],"textures":{"3":"plny_halloween_pumpkin_set:animated/animated_3","4":"plny_halloween_pumpkin_set:animated/animated_2","6":"plny_halloween_pumpkin_set:animated/animated_6","7":"plny_halloween_pumpkin_set:axe","particle":"#3"},"elements":[{"from":[7,-2,7],"to":[9,0,9],"rotation":{"angle":0,"axis":"y","origin":[7,-2,7]},"faces":{"north":{"uv":[1.77778,9.77778,2.66667,10.66667],"texture":"#7"},"east":{"uv":[10.22222,0,11.11111,0.88889],"texture":"#7"},"south":{"uv":[10.22222,1.33333,11.11111,2.22222],"texture":"#7"},"west":{"uv":[9.33333,10.22222,10.22222,11.11111],"texture":"#7"},"up":{"uv":[5.33333,11.55556,4.44444,10.66667],"texture":"#7"},"down":{"uv":[6.66667,10.66667,5.77778,11.55556],"texture":"#7"}}},{"from":[7.25,0,7.25],"to":[8.75,0.5,8.75],"rotation":{"angle":45,"axis":"y","origin":[8,0.25,8]},"faces":{"north":{"uv":[10.22222,12.88889,10.88889,13.11111],"texture":"#7"},"east":{"uv":[4.44444,13.33333,5.11111,13.55556],"texture":"#7"},"south":{"uv":[13.33333,4.44444,14,4.66667],"texture":"#7"},"west":{"uv":[13.33333,5.33333,14,5.55556],"texture":"#7"},"up":{"uv":[11.77778,5.11111,11.11111,4.44444],"texture":"#7"},"down":{"uv":[11.77778,5.77778,11.11111,6.44444],"texture":"#7"}}},{"from":[7.5,0.5,7.42678],"to":[8.75,1,8.67678],"rotation":{"angle":45,"axis":"y","origin":[8,0.75,8.17678]},"faces":{"north":{"uv":[7.11111,13.77778,7.66667,14],"texture":"#7"},"east":{"uv":[8.44444,13.77778,9,14],"texture":"#7"},"south":{"uv":[9.77778,13.77778,10.33333,14],"texture":"#7"},"west":{"uv":[11.11111,13.77778,11.66667,14],"texture":"#7"}}},{"from":[7.5,1.5,7.5],"to":[8.5,7.75,8.5],"rotation":{"angle":45,"axis":"y","origin":[8,5.75,8]},"faces":{"north":{"uv":[8.44444,4.44444,8.88889,7.22222],"texture":"#7"},"east":{"uv":[8.44444,8,8.88889,10.77778],"texture":"#7"},"south":{"uv":[9.33333,0,9.77778,2.77778],"texture":"#7"},"west":{"uv":[3.55556,9.33333,4,12.11111],"texture":"#7"}}},{"from":[7.5,8.25,7.42678],"to":[8.75,8.75,8.67678],"rotation":{"angle":45,"axis":"y","origin":[8,8.5,8.17678]},"faces":{"north":{"uv":[13.77778,12.44444,14.33333,12.66667],"texture":"#7"},"east":{"uv":[13.77778,13.33333,14.33333,13.55556],"texture":"#7"},"south":{"uv":[14.22222,0,14.77778,0.22222],"texture":"#7"},"west":{"uv":[1.33333,14.22222,1.88889,14.44444],"texture":"#7"}}},{"from":[6,9.25,6],"to":[10,13.25,10],"rotation":{"angle":0,"axis":"y","origin":[6,9.25,6]},"faces":{"north":{"uv":[4,4.88889,5.77778,6.66667],"texture":"#7"},"east":{"uv":[6.22222,4.88889,8,6.66667],"texture":"#7"},"south":{"uv":[7.11111,0,8.88889,1.77778],"texture":"#7"},"west":{"uv":[7.11111,2.22222,8.88889,4],"texture":"#7"},"up":{"uv":[5.77778,8.88889,4,7.11111],"texture":"#7"},"down":{"uv":[8,7.11111,6.22222,8.88889],"texture":"#7"}}},{"from":[7.25,10.5,4.5],"to":[8.75,12,7],"rotation":{"angle":45,"axis":"x","origin":[8,11.25,6]},"faces":{"north":{"uv":[11.11111,7.11111,11.77778,7.77778],"texture":"#7"},"east":{"uv":[10.66667,10.22222,11.77778,10.88889],"texture":"#7"},"west":{"uv":[0,11.11111,1.11111,11.77778],"texture":"#7"},"up":{"uv":[2.44444,12.22222,1.77778,11.11111],"texture":"#7"},"down":{"uv":[11.77778,2.66667,11.11111,3.77778],"texture":"#7"}}},{"from":[7.5,12.65301,4.23899],"to":[8.5,13.65301,5.73899],"rotation":{"angle":22.5,"axis":"x","origin":[8,13.41551,3.03899]},"faces":{"north":{"uv":[10.22222,2.66667,10.66667,3.11111],"texture":"#7"},"east":{"uv":[12.44444,2.66667,13.11111,3.11111],"texture":"#7"},"west":{"uv":[12.44444,3.55556,13.11111,4],"texture":"#7"},"up":{"uv":[12.88889,5.11111,12.44444,4.44444],"texture":"#7"},"down":{"uv":[12.88889,5.77778,12.44444,6.44444],"texture":"#7"}}},{"from":[7.5,11.15301,4.23899],"to":[8.5,12.65301,5.23899],"rotation":{"angle":22.5,"axis":"x","origin":[8,13.41551,3.03899]},"faces":{"north":{"uv":[12.44444,7.11111,12.88889,7.77778],"texture":"#7"},"east":{"uv":[12.44444,8.44444,12.88889,9.11111],"texture":"#7"},"south":{"uv":[12.44444,9.77778,12.88889,10.44444],"texture":"#7"},"west":{"uv":[12.44444,11.11111,12.88889,11.77778],"texture":"#7"},"down":{"uv":[3.11111,12.88889,2.66667,13.33333],"texture":"#7"}}},{"from":[7.5,11.15301,2.48899],"to":[8.5,12.15301,4.23899],"rotation":{"angle":22.5,"axis":"x","origin":[8,13.41551,3.03899]},"faces":{"north":{"uv":[3.55556,12.88889,4,13.33333],"texture":"#7"},"east":{"uv":[5.77778,12,6.55556,12.44444],"texture":"#7"},"west":{"uv":[7.11111,12,7.88889,12.44444],"texture":"#7"},"up":{"uv":[0.44444,13.22222,0,12.44444],"texture":"#7"},"down":{"uv":[1.33333,12.44444,0.88889,13.22222],"texture":"#7"}}},{"from":[7.625,12.15301,2.48899],"to":[8.375,13.15301,3.23899],"rotation":{"angle":22.5,"axis":"x","origin":[8,13.41551,3.03899]},"faces":{"north":{"uv":[11.55556,12.88889,11.88889,13.33333],"texture":"#7"},"east":{"uv":[13.33333,6.22222,13.66667,6.66667],"texture":"#7"},"south":{"uv":[13.33333,7.11111,13.66667,7.55556],"texture":"#7"},"west":{"uv":[13.33333,8,13.66667,8.44444],"texture":"#7"},"up":{"uv":[4.33333,14.55556,4,14.22222],"texture":"#7"}}},{"from":[7.625,12.65301,3.23899],"to":[8.375,13.15301,3.73899],"rotation":{"angle":22.5,"axis":"x","origin":[8,13.41551,3.03899]},"faces":{"east":{"uv":[7.55556,14.66667,7.77778,14.88889],"texture":"#7"},"south":{"uv":[0,14.66667,0.33333,14.88889],"texture":"#7"},"west":{"uv":[8.44444,14.66667,8.66667,14.88889],"texture":"#7"},"up":{"uv":[3,14.88889,2.66667,14.66667],"texture":"#7"},"down":{"uv":[15,4.44444,14.66667,4.66667],"texture":"#7"}}},{"from":[7.25,1,7.25],"to":[8.75,1.5,8.75],"rotation":{"angle":45,"axis":"y","origin":[8,1.25,8]},"faces":{"north":{"uv":[13.33333,8.88889,14,9.11111],"texture":"#7"},"east":{"uv":[13.33333,9.77778,14,10],"texture":"#7"},"south":{"uv":[13.33333,10.66667,14,10.88889],"texture":"#7"},"west":{"uv":[13.33333,11.55556,14,11.77778],"texture":"#7"},"up":{"uv":[11.77778,9.11111,11.11111,8.44444],"texture":"#7"},"down":{"uv":[12.22222,0,11.55556,0.66667],"texture":"#7"}}},{"from":[7.25,7.75,7.25],"to":[8.75,8.25,8.75],"rotation":{"angle":45,"axis":"y","origin":[8,8,8]},"faces":{"north":{"uv":[12.44444,13.33333,13.11111,13.55556],"texture":"#7"},"east":{"uv":[0,13.77778,0.66667,14],"texture":"#7"},"south":{"uv":[13.77778,0.88889,14.44444,1.11111],"texture":"#7"},"west":{"uv":[13.77778,1.77778,14.44444,2],"texture":"#7"},"up":{"uv":[12.22222,2,11.55556,1.33333],"texture":"#7"},"down":{"uv":[9.11111,11.55556,8.44444,12.22222],"texture":"#7"}}},{"from":[7.25,8.75,7.25],"to":[8.75,9.25,8.75],"rotation":{"angle":45,"axis":"y","origin":[8,9,8]},"faces":{"north":{"uv":[2.66667,13.77778,3.33333,14],"texture":"#7"},"east":{"uv":[13.77778,2.66667,14.44444,2.88889],"texture":"#7"},"south":{"uv":[13.77778,3.55556,14.44444,3.77778],"texture":"#7"},"west":{"uv":[5.77778,13.77778,6.44444,14],"texture":"#7"},"up":{"uv":[10.44444,12.22222,9.77778,11.55556],"texture":"#7"},"down":{"uv":[11.77778,11.55556,11.11111,12.22222],"texture":"#7"}}},{"from":[7.99646,8,4.00354],"to":[8.00646,16,12.00354],"rotation":{"angle":45,"axis":"y","origin":[7.99646,12,8.00354]},"faces":{"east":{"uv":[3.55556,0,0,3.55556],"texture":"#7"},"west":{"uv":[0,0,3.55556,3.55556],"texture":"#7"}}},{"from":[7.99646,8,3.99646],"to":[8.00646,16,11.99646],"rotation":{"angle":-45,"axis":"y","origin":[7.99646,12,7.99646]},"faces":{"east":{"uv":[3.55556,4,0,7.55556],"texture":"#7"},"west":{"uv":[0,4,3.55556,7.55556],"texture":"#7"}}},{"from":[7.995,-5.5,5.5],"to":[8.005,0.5,10.5],"light_emission":15,"rotation":{"angle":45,"axis":"y","origin":[8,-2.5,8]},"faces":{"east":{"uv":[10,0,0,12],"texture":"#3"},"west":{"uv":[0,0,10,12],"texture":"#3"}}},{"from":[5.5,-5.5,7.995],"to":[10.5,0.5,8.005],"light_emission":15,"rotation":{"angle":45,"axis":"y","origin":[8,-2.5,8]},"faces":{"north":{"uv":[0,0,10,12],"texture":"#3"},"south":{"uv":[10,0,0,12],"texture":"#3"}}},{"from":[5.75,8.75,5.75],"to":[5.76,13.75,10.25],"light_emission":15,"rotation":{"angle":0,"axis":"y","origin":[5.75,9.5,6.5]},"faces":{"east":{"uv":[8.66667,0,2.66667,6.66667],"texture":"#4"},"west":{"uv":[2.66667,0,8.66667,6.66667],"texture":"#4"}}},{"from":[5.67579,8.75,10.62306],"to":[7.67579,13.75,10.63306],"light_emission":15,"rotation":{"angle":-22.5,"axis":"y","origin":[6.67579,11.25,10.62806]},"faces":{"north":{"uv":[0,0,2.66667,6.66667],"texture":"#4"},"south":{"uv":[2.66667,0,0,6.66667],"texture":"#4"}}},{"from":[5.67388,8.75,5.36732],"to":[7.67388,13.75,5.37732],"light_emission":15,"rotation":{"angle":22.5,"axis":"y","origin":[6.67388,11.25,5.36732]},"faces":{"north":{"uv":[0,0,2.66667,6.66667],"texture":"#4"},"south":{"uv":[2.66667,0,0,6.66667],"texture":"#4"}}},{"from":[7.9985,10.25,3],"to":[8.0015,17.25,8],"light_emission":15,"rotation":{"angle":-22.5,"axis":"x","origin":[8,13.75,5.5]},"faces":{"east":{"uv":[10,0,0,14],"texture":"#6"},"west":{"uv":[0,0,10,14],"texture":"#6"}}},{"from":[7.9985,10.25,8],"to":[8.0015,17.25,13],"light_emission":15,"rotation":{"angle":22.5,"axis":"x","origin":[8,13.75,10.5]},"faces":{"east":{"uv":[0,0,10,14],"texture":"#6"},"west":{"uv":[10,0,0,14],"texture":"#6"}}},{"from":[7.99,12.75,4.5],"to":[8.01,14.75,6.5],"rotation":{"angle":-22.5,"axis":"x","origin":[8,13.75,5.5]},"faces":{"east":{"uv":[7.11111,11.55556,8,10.66667],"rotation":90,"texture":"#7"},"west":{"uv":[7.11111,10.66667,8,11.55556],"rotation":90,"texture":"#7"}}},{"from":[7.99,6.75,4.75],"to":[8.01,8.25,6.25],"rotation":{"angle":22.5,"axis":"x","origin":[7.995,7.5,5.5]},"faces":{"east":{"uv":[4.44444,12.66667,5.11111,12],"rotation":270,"texture":"#7"},"west":{"uv":[4.44444,12,5.11111,12.66667],"rotation":270,"texture":"#7"}}},{"from":[7.99,12.75,9.5],"to":[8.01,14.75,11.5],"rotation":{"angle":22.5,"axis":"x","origin":[8,13.75,10.5]},"faces":{"east":{"uv":[7.11111,10.66667,8,11.55556],"rotation":90,"texture":"#7"},"west":{"uv":[7.11111,11.55556,8,10.66667],"rotation":90,"texture":"#7"}}},{"from":[7.99,6.75,9.75],"to":[8.01,8.25,11.25],"rotation":{"angle":-22.5,"axis":"x","origin":[7.995,7.5,10.5]},"faces":{"east":{"uv":[4.44444,12,5.11111,12.66667],"rotation":270,"texture":"#7"},"west":{"uv":[4.44444,12.66667,5.11111,12],"rotation":270,"texture":"#7"}}},{"from":[7.25,10.5,9],"to":[8.75,12,11.5],"rotation":{"angle":-45,"axis":"x","origin":[8,11.25,10]},"faces":{"east":{"uv":[11.77778,10.22222,10.66667,10.88889],"texture":"#7"},"south":{"uv":[11.77778,7.11111,11.11111,7.77778],"texture":"#7"},"west":{"uv":[1.11111,11.11111,0,11.77778],"texture":"#7"},"up":{"uv":[2.44444,11.11111,1.77778,12.22222],"texture":"#7"},"down":{"uv":[11.77778,3.77778,11.11111,2.66667],"texture":"#7"}}},{"from":[7.5,12.65301,10.26101],"to":[8.5,13.65301,11.76101],"rotation":{"angle":-22.5,"axis":"x","origin":[8,13.41551,12.96101]},"faces":{"east":{"uv":[13.11111,2.66667,12.44444,3.11111],"texture":"#7"},"south":{"uv":[10.66667,2.66667,10.22222,3.11111],"texture":"#7"},"west":{"uv":[13.11111,3.55556,12.44444,4],"texture":"#7"},"up":{"uv":[12.88889,4.44444,12.44444,5.11111],"texture":"#7"},"down":{"uv":[12.88889,6.44444,12.44444,5.77778],"texture":"#7"}}},{"from":[7.5,11.15301,10.76101],"to":[8.5,12.65301,11.76101],"rotation":{"angle":-22.5,"axis":"x","origin":[8,13.41551,12.96101]},"faces":{"north":{"uv":[12.88889,9.77778,12.44444,10.44444],"texture":"#7"},"east":{"uv":[12.88889,8.44444,12.44444,9.11111],"texture":"#7"},"south":{"uv":[12.88889,7.11111,12.44444,7.77778],"texture":"#7"},"west":{"uv":[12.88889,11.11111,12.44444,11.77778],"texture":"#7"},"down":{"uv":[3.11111,13.33333,2.66667,12.88889],"texture":"#7"}}},{"from":[7.5,11.15301,11.76101],"to":[8.5,12.15301,13.51101],"rotation":{"angle":-22.5,"axis":"x","origin":[8,13.41551,12.96101]},"faces":{"east":{"uv":[6.55556,12,5.77778,12.44444],"texture":"#7"},"south":{"uv":[4,12.88889,3.55556,13.33333],"texture":"#7"},"west":{"uv":[7.88889,12,7.11111,12.44444],"texture":"#7"},"up":{"uv":[0.44444,12.44444,0,13.22222],"texture":"#7"},"down":{"uv":[1.33333,13.22222,0.88889,12.44444],"texture":"#7"}}},{"from":[7.625,12.15301,12.76101],"to":[8.375,13.15301,13.51101],"rotation":{"angle":-22.5,"axis":"x","origin":[8,13.41551,12.96101]},"faces":{"north":{"uv":[13.66667,7.11111,13.33333,7.55556],"texture":"#7"},"east":{"uv":[13.66667,6.22222,13.33333,6.66667],"texture":"#7"},"south":{"uv":[11.88889,12.88889,11.55556,13.33333],"texture":"#7"},"west":{"uv":[13.66667,8,13.33333,8.44444],"texture":"#7"},"up":{"uv":[4.33333,14.22222,4,14.55556],"texture":"#7"}}},{"from":[7.625,12.65301,12.26101],"to":[8.375,13.15301,12.76101],"rotation":{"angle":-22.5,"axis":"x","origin":[8,13.41551,12.96101]},"faces":{"north":{"uv":[0.33333,14.66667,0,14.88889],"texture":"#7"},"east":{"uv":[7.77778,14.66667,7.55556,14.88889],"texture":"#7"},"west":{"uv":[8.66667,14.66667,8.44444,14.88889],"texture":"#7"},"up":{"uv":[3,14.66667,2.66667,14.88889],"texture":"#7"},"down":{"uv":[15,4.66667,14.66667,4.44444],"texture":"#7"}}},{"from":[6.725,7.25,6.725],"to":[9.275,9.25,9.275],"rotation":{"angle":45,"axis":"y","origin":[8,8.25,8]},"faces":{"north":{"uv":[9.33333,3.55556,10.44444,4.44444],"texture":"#7"},"east":{"uv":[4.44444,9.33333,5.55556,10.22222],"texture":"#7"},"south":{"uv":[9.33333,4.88889,10.44444,5.77778],"texture":"#7"},"west":{"uv":[6.22222,9.33333,7.33333,10.22222],"texture":"#7"},"up":{"uv":[1.11111,9.11111,0,8],"texture":"#7"}}},{"name":"cube inverted","from":[9.25,9.25,9.25],"to":[6.75,7.25,6.75],"rotation":{"angle":45,"axis":"y","origin":[8,8.25,8]},"faces":{"north":{"uv":[9.33333,6.22222,10.44444,7.11111],"texture":"#7"},"east":{"uv":[9.33333,7.55556,10.44444,8.44444],"texture":"#7"},"south":{"uv":[9.33333,8.88889,10.44444,9.77778],"texture":"#7"},"west":{"uv":[0,9.77778,1.11111,10.66667],"texture":"#7"},"down":{"uv":[2.88889,8,1.77778,9.11111],"texture":"#7"}}},{"from":[7.5,10.57322,4.90901],"to":[8.5,11.57322,5.90901],"rotation":{"angle":45,"axis":"x","origin":[8,11.07322,4.40901]},"faces":{"north":{"uv":[5.77778,12.88889,6.22222,13.33333],"texture":"#7"},"east":{"uv":[6.66667,12.88889,7.11111,13.33333],"texture":"#7"},"south":{"uv":[7.55556,12.88889,8,13.33333],"texture":"#7"},"west":{"uv":[8.44444,12.88889,8.88889,13.33333],"texture":"#7"},"down":{"uv":[9.77778,12.88889,9.33333,13.33333],"texture":"#7"}}},{"from":[7.625,9.82322,5.15901],"to":[8.375,10.57322,7.15901],"rotation":{"angle":45,"axis":"x","origin":[7.875,11.07322,4.40901]},"faces":{"north":{"uv":[4.88889,14.22222,5.22222,14.55556],"texture":"#7"},"east":{"uv":[12.44444,12.44444,13.33333,12.77778],"texture":"#7"},"south":{"uv":[14.22222,6.22222,14.55556,6.55556],"texture":"#7"},"west":{"uv":[12.88889,0,13.77778,0.33333],"texture":"#7"},"up":{"uv":[13.22222,1.77778,12.88889,0.88889],"texture":"#7"},"down":{"uv":[2.11111,12.88889,1.77778,13.77778],"texture":"#7"}}},{"from":[7.625,9.07322,6.40901],"to":[8.375,9.82322,7.15901],"rotation":{"angle":45,"axis":"x","origin":[7.875,11.07322,4.40901]},"faces":{"north":{"uv":[14.22222,7.11111,14.55556,7.44444],"texture":"#7"},"east":{"uv":[14.22222,8,14.55556,8.33333],"texture":"#7"},"south":{"uv":[12.44444,14.22222,12.77778,14.55556],"texture":"#7"},"west":{"uv":[13.33333,14.22222,13.66667,14.55556],"texture":"#7"},"down":{"uv":[14.55556,14.22222,14.22222,14.55556],"texture":"#7"}}},{"from":[7.625,9.07322,5.90901],"to":[8.375,9.57322,6.40901],"rotation":{"angle":45,"axis":"x","origin":[7.875,11.07322,4.40901]},"faces":{"north":{"uv":[14.66667,5.33333,15,5.55556],"texture":"#7"},"east":{"uv":[14.66667,8.88889,14.88889,9.11111],"texture":"#7"},"west":{"uv":[9.33333,14.66667,9.55556,14.88889],"texture":"#7"},"up":{"uv":[6.11111,14.88889,5.77778,14.66667],"texture":"#7"},"down":{"uv":[7,14.66667,6.66667,14.88889],"texture":"#7"}}},{"from":[7.995,5.25,0],"to":[8.005,15.25,6],"rotation":{"angle":0,"axis":"y","origin":[7.995,0,0]},"faces":{"east":{"uv":[6.66667,0,4,4.44444],"texture":"#7"},"west":{"uv":[4,0,6.66667,4.44444],"texture":"#7"}}},{"from":[7.995,5.25,10],"to":[8.005,15.25,16],"rotation":{"angle":0,"axis":"y","origin":[7.995,0,16]},"faces":{"east":{"uv":[4,0,6.66667,4.44444],"texture":"#7"},"west":{"uv":[6.66667,0,4,4.44444],"texture":"#7"}}},{"from":[7.5,10.57322,10.09099],"to":[8.5,11.57322,11.09099],"rotation":{"angle":-45,"axis":"x","origin":[8,11.07322,11.59099]},"faces":{"north":{"uv":[8,12.88889,7.55556,13.33333],"texture":"#7"},"east":{"uv":[7.11111,12.88889,6.66667,13.33333],"texture":"#7"},"south":{"uv":[6.22222,12.88889,5.77778,13.33333],"texture":"#7"},"west":{"uv":[8.88889,12.88889,8.44444,13.33333],"texture":"#7"},"down":{"uv":[9.77778,13.33333,9.33333,12.88889],"texture":"#7"}}},{"from":[7.625,9.82322,8.84099],"to":[8.375,10.57322,10.84099],"rotation":{"angle":-45,"axis":"x","origin":[7.875,11.07322,11.59099]},"faces":{"north":{"uv":[14.55556,6.22222,14.22222,6.55556],"texture":"#7"},"east":{"uv":[13.33333,12.44444,12.44444,12.77778],"texture":"#7"},"south":{"uv":[5.22222,14.22222,4.88889,14.55556],"texture":"#7"},"west":{"uv":[13.77778,0,12.88889,0.33333],"texture":"#7"},"up":{"uv":[13.22222,0.88889,12.88889,1.77778],"texture":"#7"},"down":{"uv":[2.11111,13.77778,1.77778,12.88889],"texture":"#7"}}},{"from":[7.625,9.07322,8.84099],"to":[8.375,9.82322,9.59099],"rotation":{"angle":-45,"axis":"x","origin":[7.875,11.07322,11.59099]},"faces":{"north":{"uv":[12.77778,14.22222,12.44444,14.55556],"texture":"#7"},"east":{"uv":[14.55556,8,14.22222,8.33333],"texture":"#7"},"south":{"uv":[14.55556,7.11111,14.22222,7.44444],"texture":"#7"},"west":{"uv":[13.66667,14.22222,13.33333,14.55556],"texture":"#7"},"down":{"uv":[14.55556,14.55556,14.22222,14.22222],"texture":"#7"}}},{"from":[7.625,9.07322,9.59099],"to":[8.375,9.57322,10.09099],"rotation":{"angle":-45,"axis":"x","origin":[7.875,11.07322,11.59099]},"faces":{"east":{"uv":[14.88889,8.88889,14.66667,9.11111],"texture":"#7"},"south":{"uv":[15,5.33333,14.66667,5.55556],"texture":"#7"},"west":{"uv":[9.55556,14.66667,9.33333,14.88889],"texture":"#7"},"up":{"uv":[6.11111,14.66667,5.77778,14.88889],"texture":"#7"},"down":{"uv":[7,14.88889,6.66667,14.66667],"texture":"#7"}}}],"gui_light":"front","display":{"thirdperson_righthand":{"translation":[0,2.75,1]},"thirdperson_lefthand":{"rotation":[0,-180,0],"translation":[0,2.75,1]},"firstperson_righthand":{"rotation":[5,0,0],"translation":[0.5,4.5,2],"scale":[0.7,0.7,0.7]},"firstperson_lefthand":{"rotation":[5,-180,0],"translation":[0.5,4.5,2],"scale":[0.7,0.7,0.7]},"ground":{"rotation":[45,0,0],"translation":[0,5,0],"scale":[0.7,0.7,0.7]},"gui":{"rotation":[-90,135,90],"translation":[-0.5,-0.5,0],"scale":[0.95,0.95,0.95]},"head":{"rotation":[0,-90,0]},"fixed":{"rotation":[0,-90,0],"translation":[0,0,-2.25],"scale":[2,2,2]}},"USER":"50013","NONCE":"430d0073b58197462836d499990f5627","TIMESTAMP":"1760095829","RESOURCE":"14952","MCMODELS":"1","mcmodels":"430d0073b58197462836d499990f5627"}