{"format_version":"1.9.0","credit":"Pologony Creation Co.,Ltd.","textures":{"0":"plny_halloween_pumpkin_set:helmet","1":"plny_halloween_pumpkin_set:animated/animated_8","particle":"plny_halloween_pumpkin_set:helmet"},"elements":[{"from":[3,3,3],"to":[13,13,13],"rotation":{"angle":0,"axis":"y","origin":[3,3,3]},"faces":{"north":{"uv":[0,5.5,5,10.5],"texture":"#0","tintindex":0},"east":{"uv":[5.5,5.5,10.5,10.5],"texture":"#0","tintindex":0},"south":{"uv":[8.5,0,13.5,5],"texture":"#0","tintindex":0},"west":{"uv":[0,11,5,16],"texture":"#0","tintindex":0},"up":{"uv":[10.5,16,5.5,11],"texture":"#0","tintindex":0},"down":{"uv":[16,5.5,11,10.5],"texture":"#0","tintindex":0}}},{"from":[3,3,2.75],"to":[13,13,2.75],"light_emission":15,"rotation":{"angle":0,"axis":"y","origin":[3,3,2.75]},"faces":{"north":{"uv":[0,0,10,10],"texture":"#1","tintindex":0}}},{"from":[0,6.5,7.995],"to":[16,16.5,8.005],"rotation":{"angle":0,"axis":"y","origin":[0,12.5,7.995]},"faces":{"north":{"uv":[0,0,8,5],"texture":"#0","tintindex":0},"south":{"uv":[8,0,0,5],"texture":"#0","tintindex":0}}}],"gui_light":"front","display":{"thirdperson_righthand":{"rotation":[53.25,0,0],"translation":[0,3.25,2],"scale":[0.7,0.7,0.7]},"thirdperson_lefthand":{"rotation":[53.25,0,0],"translation":[0,3.25,2],"scale":[0.7,0.7,0.7]},"firstperson_righthand":{"rotation":[153.75,0,-180],"translation":[0,3.25,0],"scale":[0.7,0.7,0.7]},"firstperson_lefthand":{"rotation":[153.75,0,-180],"translation":[0,3.25,0],"scale":[0.7,0.7,0.7]},"ground":{"translation":[0,5,0],"scale":[0.7,0.7,0.7]},"gui":{"rotation":[0,-180,0],"translation":[0,-1.5,0],"scale":[1.23,1.23,1.23]},"head":{"scale":[1.6,1.6,1.6]},"fixed":{"rotation":[-90,0,0],"translation":[0,0,-10],"scale":[2,2,2]}},"mcmodels":"430d0073b58197462836d499990f5627"}