{"format_version":"1.9.0","credit":"Pologony Creation Co.,Ltd.","textures":{"2":"plny_halloween_pumpkin_set:animated/animated_6","4":"plny_halloween_pumpkin_set:animated/animated_2","7":"plny_halloween_pumpkin_set:animated/wings","particle":"plny_halloween_pumpkin_set:animated/animated_6"},"elements":[{"from":[7,-11.8125,6.62673],"to":[9,-9.8125,8.62673],"rotation":{"angle":0,"axis":"y","origin":[8,-10.625,7.62673]},"faces":{"north":{"uv":[9,9,11,11],"texture":"#7","tintindex":0},"east":{"uv":[9,11.5,11,13.5],"texture":"#7","tintindex":0},"south":{"uv":[11.5,9,13.5,11],"texture":"#7","tintindex":0},"west":{"uv":[11.5,11.5,13.5,13.5],"texture":"#7","tintindex":0},"up":{"uv":[14,2,12,0],"texture":"#7","tintindex":0},"down":{"uv":[14,2.5,12,4.5],"texture":"#7","tintindex":0}}},{"from":[9.17011,-11.08081,7.37673],"to":[10.17011,-10.58081,7.87673],"rotation":{"angle":22.5,"axis":"z","origin":[8,-10,8]},"faces":{"north":{"uv":[11,14,12,14.5],"texture":"#7","tintindex":0},"east":{"uv":[2,15,2.5,15.5],"texture":"#7","tintindex":0},"south":{"uv":[14,11,15,11.5],"texture":"#7","tintindex":0},"up":{"uv":[15,12.5,14,12],"texture":"#7","tintindex":0},"down":{"uv":[13.5,14,12.5,14.5],"texture":"#7","tintindex":0}}},{"from":[9.67011,-11.83081,7.37673],"to":[10.17011,-11.08081,7.87673],"rotation":{"angle":22.5,"axis":"z","origin":[8,-10,8]},"faces":{"north":{"uv":[14.5,2,15,2.75],"texture":"#7","tintindex":0},"east":{"uv":[14.5,3.5,15,4.25],"texture":"#7","tintindex":0},"south":{"uv":[0,15,0.5,15.75],"texture":"#7","tintindex":0},"west":{"uv":[1,15,1.5,15.75],"texture":"#7","tintindex":0},"down":{"uv":[3.5,15,3,15.5],"texture":"#7","tintindex":0}}},{"from":[10.17011,-11.83081,7.37673],"to":[11.04511,-11.33081,7.87673],"rotation":{"angle":22.5,"axis":"z","origin":[8,-10,8]},"faces":{"north":{"uv":[14,13,14.875,13.5],"texture":"#7","tintindex":0},"east":{"uv":[4,15,4.5,15.5],"texture":"#7","tintindex":0},"south":{"uv":[14,14,14.875,14.5],"texture":"#7","tintindex":0},"up":{"uv":[15.375,0.5,14.5,0],"texture":"#7","tintindex":0},"down":{"uv":[15.375,1,14.5,1.5],"texture":"#7","tintindex":0}}},{"from":[10.67011,-11.33081,7.43923],"to":[11.04511,-10.83081,7.81423],"rotation":{"angle":22.5,"axis":"z","origin":[8,-10,8]},"faces":{"north":{"uv":[5,15,5.375,15.5],"texture":"#7","tintindex":0},"east":{"uv":[6,15,6.375,15.5],"texture":"#7","tintindex":0},"south":{"uv":[11,15,11.375,15.5],"texture":"#7","tintindex":0},"west":{"uv":[12,15,12.375,15.5],"texture":"#7","tintindex":0},"up":{"uv":[13.375,15.375,13,15],"texture":"#7","tintindex":0}}},{"from":[10.42011,-11.08081,7.43923],"to":[10.67011,-10.83081,7.81423],"rotation":{"angle":22.5,"axis":"z","origin":[8,-10,8]},"faces":{"north":{"uv":[15.5,3,15.75,3.25],"texture":"#7","tintindex":0},"south":{"uv":[15.5,4,15.75,4.25],"texture":"#7","tintindex":0},"west":{"uv":[14,15,14.375,15.25],"texture":"#7","tintindex":0},"up":{"uv":[15.25,15.375,15,15],"texture":"#7","tintindex":0},"down":{"uv":[15.75,2,15.5,2.375],"texture":"#7","tintindex":0}}},{"from":[6.875,-12.0625,8.74327],"to":[9.125,-9.5625,8.74827],"light_emission":15,"rotation":{"angle":0,"axis":"y","origin":[8,-10,7.25]},"faces":{"north":{"uv":[2.66667,0,8.66667,6.66667],"texture":"#4","tintindex":0},"south":{"uv":[8.66667,0,2.66667,6.66667],"texture":"#4","tintindex":0}}},{"from":[6.38728,-12.0625,7.2037],"to":[6.39228,-9.5625,8.2037],"light_emission":15,"rotation":{"angle":22.5,"axis":"y","origin":[8,-10,7.25]},"faces":{"east":{"uv":[2.66667,0,0,6.66667],"texture":"#4","tintindex":0},"west":{"uv":[0,0,2.66667,6.66667],"texture":"#4","tintindex":0}}},{"from":[9.60773,-12.0625,7.2037],"to":[9.61273,-9.5625,8.2037],"light_emission":15,"rotation":{"angle":-22.5,"axis":"y","origin":[8,-10,7.25]},"faces":{"east":{"uv":[2.66667,0,0,6.66667],"texture":"#4","tintindex":0},"west":{"uv":[0,0,2.66667,6.66667],"texture":"#4","tintindex":0}}},{"from":[9.95731,-10.7737,7.62423],"to":[10.95731,-9.7737,7.62923],"rotation":{"angle":22.5,"axis":"z","origin":[8,-10,8]},"faces":{"north":{"uv":[6,13.5,7,14.5],"texture":"#7","tintindex":0},"south":{"uv":[7,13.5,6,14.5],"texture":"#7","tintindex":0}}},{"from":[10.75,-11.4375,7.62423],"to":[11.5,-10.6875,7.62923],"rotation":{"angle":0,"axis":"y","origin":[8,-10,8]},"faces":{"north":{"uv":[9.5,14,10.25,14.75],"texture":"#7","tintindex":0},"south":{"uv":[10.25,14,9.5,14.75],"texture":"#7","tintindex":0}}},{"from":[4.5,-11.4375,7.62423],"to":[5.25,-10.6875,7.62923],"rotation":{"angle":0,"axis":"y","origin":[8,-10,8]},"faces":{"north":{"uv":[10.25,14,9.5,14.75],"texture":"#7","tintindex":0},"south":{"uv":[9.5,14,10.25,14.75],"texture":"#7","tintindex":0}}},{"from":[8.92402,-14.1875,7.5856],"to":[12.42402,-5.6875,7.5906],"rotation":{"angle":-22.5,"axis":"y","origin":[8,-10,7.7125]},"faces":{"north":{"uv":[7,0,10.5,8.5],"texture":"#7","tintindex":0},"south":{"uv":[10.5,0,7,8.5],"texture":"#7","tintindex":0}}},{"from":[12.13391,-14.1875,9.28788],"to":[15.63391,-5.6875,9.29288],"rotation":{"angle":0,"axis":"y","origin":[8,-10,7.7125]},"faces":{"north":{"uv":[3.5,0,7,8.5],"texture":"#7","tintindex":0},"south":{"uv":[7,0,3.5,8.5],"texture":"#7","tintindex":0}}},{"from":[14.44803,-14.1875,12.08895],"to":[17.94803,-5.6875,12.09395],"rotation":{"angle":22.5,"axis":"y","origin":[8,-10,7.7125]},"faces":{"north":{"uv":[0,0,3.5,8.5],"texture":"#7","tintindex":0},"south":{"uv":[3.5,0,0,8.5],"texture":"#7","tintindex":0}}},{"from":[3.57599,-14.1875,7.5856],"to":[7.07599,-5.6875,7.5906],"rotation":{"angle":22.5,"axis":"y","origin":[8,-10,7.7125]},"faces":{"north":{"uv":[10.5,0,7,8.5],"texture":"#7","tintindex":0},"south":{"uv":[7,0,10.5,8.5],"texture":"#7","tintindex":0}}},{"from":[-1.94803,-14.1875,12.08895],"to":[1.55198,-5.6875,12.09395],"rotation":{"angle":-22.5,"axis":"y","origin":[8,-10,7.7125]},"faces":{"north":{"uv":[3.5,0,0,8.5],"texture":"#7","tintindex":0},"south":{"uv":[0,0,3.5,8.5],"texture":"#7","tintindex":0}}},{"from":[0.36609,-14.1875,9.28788],"to":[3.86609,-5.6875,9.29288],"rotation":{"angle":0,"axis":"y","origin":[8,-10,7.7125]},"faces":{"north":{"uv":[7,0,3.5,8.5],"texture":"#7","tintindex":0},"south":{"uv":[3.5,0,7,8.5],"texture":"#7","tintindex":0}}},{"from":[6,-12.4375,7.6225],"to":[10,-8.4375,7.6275],"rotation":{"angle":-45,"axis":"y","origin":[8,-10.4375,7.625]},"faces":{"north":{"uv":[8.5,9,4.5,13],"texture":"#7","tintindex":0},"south":{"uv":[4.5,9,8.5,13],"texture":"#7","tintindex":0}}},{"from":[7.9975,-12.4375,5.625],"to":[8.0025,-8.4375,9.625],"rotation":{"angle":-45,"axis":"y","origin":[8,-10.4375,7.625]},"faces":{"east":{"uv":[0,9,4,13],"texture":"#7","tintindex":0},"west":{"uv":[4,9,0,13],"texture":"#7","tintindex":0}}},{"from":[7.3625,-12.8125,6.9875],"to":[8.6375,-11.8125,8.2625],"rotation":{"angle":45,"axis":"y","origin":[8,-12.3125,7.625]},"faces":{"north":{"uv":[12,7,13.25,8],"texture":"#7","tintindex":0},"east":{"uv":[0,13.5,1.25,14.5],"texture":"#7","tintindex":0},"south":{"uv":[2,13.5,3.25,14.5],"texture":"#7","tintindex":0},"west":{"uv":[4,13.5,5.25,14.5],"texture":"#7","tintindex":0},"up":{"uv":[13.25,6.25,12,5],"texture":"#7","tintindex":0}}},{"from":[8.46339,-11.09911,7.25173],"to":[9.71339,-10.34911,8.00173],"rotation":{"angle":45,"axis":"z","origin":[9.08839,-10.72411,7.62673]},"faces":{"north":{"uv":[14,5,15.25,5.75],"texture":"#7","tintindex":0},"east":{"uv":[14,9.5,14.75,10.25],"texture":"#7","tintindex":0},"south":{"uv":[14,6.5,15.25,7.25],"texture":"#7","tintindex":0},"up":{"uv":[14,8.75,15.25,8],"texture":"#7","tintindex":0},"down":{"uv":[8.75,14,7.5,14.75],"texture":"#7","tintindex":0}}},{"from":[6.28661,-11.09911,7.25173],"to":[7.53661,-10.34911,8.00173],"rotation":{"angle":-45,"axis":"z","origin":[6.91161,-10.72411,7.62673]},"faces":{"north":{"uv":[15.25,5,14,5.75],"texture":"#7","tintindex":0},"south":{"uv":[15.25,6.5,14,7.25],"texture":"#7","tintindex":0},"west":{"uv":[14.75,9.5,14,10.25],"texture":"#7","tintindex":0},"up":{"uv":[15.25,8.75,14,8],"texture":"#7","tintindex":0},"down":{"uv":[7.5,14,8.75,14.75],"texture":"#7","tintindex":0}}},{"from":[5.82989,-11.08081,7.37673],"to":[6.82989,-10.58081,7.87673],"rotation":{"angle":-22.5,"axis":"z","origin":[8,-10,8]},"faces":{"north":{"uv":[12,14,11,14.5],"texture":"#7","tintindex":0},"south":{"uv":[15,11,14,11.5],"texture":"#7","tintindex":0},"west":{"uv":[2.5,15,2,15.5],"texture":"#7","tintindex":0},"up":{"uv":[14,12.5,15,12],"texture":"#7","tintindex":0},"down":{"uv":[12.5,14,13.5,14.5],"texture":"#7","tintindex":0}}},{"from":[5.04269,-10.7737,7.62423],"to":[6.04269,-9.7737,7.62923],"rotation":{"angle":-22.5,"axis":"z","origin":[8,-10,8]},"faces":{"north":{"uv":[7,13.5,6,14.5],"texture":"#7","tintindex":0},"south":{"uv":[6,13.5,7,14.5],"texture":"#7","tintindex":0}}},{"from":[4.95489,-11.83081,7.37673],"to":[5.82989,-11.33081,7.87673],"rotation":{"angle":-22.5,"axis":"z","origin":[8,-10,8]},"faces":{"north":{"uv":[14.875,13,14,13.5],"texture":"#7","tintindex":0},"south":{"uv":[14.875,14,14,14.5],"texture":"#7","tintindex":0},"west":{"uv":[4.5,15,4,15.5],"texture":"#7","tintindex":0},"up":{"uv":[14.5,0.5,15.375,0],"texture":"#7","tintindex":0},"down":{"uv":[14.5,1,15.375,1.5],"texture":"#7","tintindex":0}}},{"from":[4.95489,-11.33081,7.43923],"to":[5.32989,-10.83081,7.81423],"rotation":{"angle":-22.5,"axis":"z","origin":[8,-10,8]},"faces":{"north":{"uv":[5.375,15,5,15.5],"texture":"#7","tintindex":0},"east":{"uv":[12.375,15,12,15.5],"texture":"#7","tintindex":0},"south":{"uv":[11.375,15,11,15.5],"texture":"#7","tintindex":0},"west":{"uv":[6.375,15,6,15.5],"texture":"#7","tintindex":0},"up":{"uv":[13,15.375,13.375,15],"texture":"#7","tintindex":0}}},{"from":[5.32989,-11.08081,7.43923],"to":[5.57989,-10.83081,7.81423],"rotation":{"angle":-22.5,"axis":"z","origin":[8,-10,8]},"faces":{"north":{"uv":[15.75,3,15.5,3.25],"texture":"#7","tintindex":0},"east":{"uv":[14.375,15,14,15.25],"texture":"#7","tintindex":0},"south":{"uv":[15.75,4,15.5,4.25],"texture":"#7","tintindex":0},"up":{"uv":[15,15.375,15.25,15],"texture":"#7","tintindex":0},"down":{"uv":[15.5,2,15.75,2.375],"texture":"#7","tintindex":0}}},{"from":[5.82989,-11.83081,7.37673],"to":[6.32989,-11.08081,7.87673],"rotation":{"angle":-22.5,"axis":"z","origin":[8,-10,8]},"faces":{"north":{"uv":[15,2,14.5,2.75],"texture":"#7","tintindex":0},"east":{"uv":[1.5,15,1,15.75],"texture":"#7","tintindex":0},"south":{"uv":[0.5,15,0,15.75],"texture":"#7","tintindex":0},"west":{"uv":[15,3.5,14.5,4.25],"texture":"#7","tintindex":0},"down":{"uv":[3,15,3.5,15.5],"texture":"#7","tintindex":0}}},{"name":"cube inverted","from":[8.6375,-11.8125,8.2625],"to":[7.3625,-12.8125,6.9875],"rotation":{"angle":45,"axis":"y","origin":[8,-12.3125,7.625]},"faces":{"north":{"uv":[2,14.5,3.25,13.5],"texture":"#7","tintindex":0},"east":{"uv":[4,14.5,5.25,13.5],"texture":"#7","tintindex":0},"south":{"uv":[12,8,13.25,7],"texture":"#7","tintindex":0},"west":{"uv":[0,14.5,1.25,13.5],"texture":"#7","tintindex":0},"down":{"uv":[12,6.25,13.25,5],"texture":"#7","tintindex":0}}},{"from":[9.625,-11.5,7.62425],"to":[12.125,-8,7.62575],"light_emission":15,"rotation":{"angle":0,"axis":"y","origin":[10.875,-9.75,7.625]},"faces":{"north":{"uv":[0,0,10,14],"texture":"#2","tintindex":0},"south":{"uv":[10,0,0,14],"texture":"#2","tintindex":0}}},{"from":[3.875,-11.5,7.62425],"to":[6.375,-8,7.62575],"light_emission":15,"rotation":{"angle":0,"axis":"y","origin":[5.125,-9.75,7.625]},"faces":{"north":{"uv":[10,0,0,14],"texture":"#2","tintindex":0},"south":{"uv":[0,0,10,14],"texture":"#2","tintindex":0}}}],"gui_light":"front","display":{"thirdperson_righthand":{"rotation":[36,-180,0],"translation":[0,2.5,0.5],"scale":[0.7,0.7,0.7]},"thirdperson_lefthand":{"rotation":[66.75,0,0],"translation":[-5.5,-8.25,11.25]},"firstperson_righthand":{"rotation":[-25.75,0,0],"translation":[0,3.5,1.25],"scale":[0.7,0.7,0.7]},"firstperson_lefthand":{"rotation":[-25.75,0,0],"translation":[0,3.5,1.25],"scale":[0,0,0]},"ground":{"rotation":[-45,0,0],"translation":[0,5,0],"scale":[0.7,0.7,0.7]},"gui":{"translation":[0,17.75,0],"scale":[0.96,0.96,0.96]},"head":{"translation":[0,-38,11.5],"scale":[4,4,4]},"fixed":{"rotation":[0,-180,0],"translation":[0,2.5,-4.5],"scale":[2,2,2]}},"mcmodels":"430d0073b58197462836d499990f5627"}