{"format_version":"1.9.0","credit":"Pologony Creation Co.,Ltd.","texture_size":[40,40],"textures":{"2":"plny_aurion_set:gold_gems","4":"plny_aurion_set:gold_gems_outline","5":"plny_aurion_set:animated/animated_1","7":"plny_aurion_set:animated/animated_2","10":"plny_aurion_set:bow","particle":"plny_aurion_set:gold_gems_outline"},"elements":[{"from":[7.25,11.20711,6.5],"to":[8.75,13.20711,8],"rotation":{"angle":-45,"axis":"x","origin":[8,12.2071,7.25]},"faces":{"north":{"uv":[7.6,9.2,8.2,10],"texture":"#10"},"east":{"uv":[8.8,9.2,9.4,10],"texture":"#10"},"south":{"uv":[0,9.6,0.6,10.4],"texture":"#10"},"west":{"uv":[9.6,0,10.2,0.8],"texture":"#10"}}},{"from":[7.7535,13.01459,4.15828],"to":[8.2465,14.01459,5.15828],"rotation":{"angle":-22.5,"axis":"x","origin":[8,14.19425,3.94769]},"faces":{"east":{"uv":[12,9.2,12.4,9.6],"texture":"#10"},"south":{"uv":[13.6,12.4,13.8,12.8],"texture":"#10"},"west":{"uv":[12.4,3.2,12.8,3.6],"texture":"#10"},"up":{"uv":[13.8,13.6,13.6,13.2],"texture":"#10"}}},{"from":[7.75,12.96613,4.22364],"to":[8.25,14.21613,5.22364],"rotation":{"angle":22.5,"axis":"x","origin":[8,14.19425,3.94769]},"faces":{"north":{"uv":[0.8,13.6,1,14.1],"texture":"#10"},"east":{"uv":[11.6,2,12,2.5],"texture":"#10"},"west":{"uv":[11.6,4.4,12,4.9],"texture":"#10"},"up":{"uv":[0.2,14.4,0,14],"texture":"#10"},"down":{"uv":[14.2,0.8,14,1.2],"texture":"#10"}}},{"from":[7.5035,17.70434,6.38921],"to":[8.4965,19.20434,7.38921],"rotation":{"angle":-22.5,"axis":"x","origin":[8,17.67614,9.27946]},"faces":{"north":{"uv":[9.6,10.4,10,11],"texture":"#10"},"east":{"uv":[10.4,10.4,10.8,11],"texture":"#10"},"south":{"uv":[0,10.8,0.4,11.4],"texture":"#10"},"west":{"uv":[10.8,0,11.2,0.6],"texture":"#10"},"up":{"uv":[12.8,4.4,12.4,4],"texture":"#10"}}},{"from":[7.5,15.10947,6.92291],"to":[8.5,16.35947,7.92291],"rotation":{"angle":22.5,"axis":"x","origin":[8,17.67614,9.27946]},"faces":{"north":{"uv":[5.6,11.6,6,12.1],"texture":"#10"},"east":{"uv":[11.6,5.6,12,6.1],"texture":"#10"},"south":{"uv":[9.6,11.6,10,12.1],"texture":"#10"},"west":{"uv":[10.4,11.6,10.8,12.1],"texture":"#10"},"up":{"uv":[12.8,5.2,12.4,4.8],"texture":"#10"},"down":{"uv":[12.8,5.6,12.4,6],"texture":"#10"}}},{"from":[7.8785,15.00354,3.47378],"to":[8.1215,16.00354,4.47378],"rotation":{"angle":0,"axis":"x","origin":[8,14.19425,3.94769]},"faces":{"east":{"uv":[6.4,12.4,6.8,12.8],"texture":"#10"},"south":{"uv":[4.8,14,4.9,14.4],"texture":"#10"},"west":{"uv":[7.2,12.4,7.6,12.8],"texture":"#10"},"up":{"uv":[14.1,5.2,14,4.8],"texture":"#10"},"down":{"uv":[6.5,14,6.4,14.4],"texture":"#10"}}},{"from":[7.875,14.43445,2.81746],"to":[8.125,15.68445,3.81746],"rotation":{"angle":22.5,"axis":"x","origin":[8,14.19425,3.94769]},"faces":{"north":{"uv":[14,3.6,14.1,4.1],"texture":"#10"},"east":{"uv":[11.2,11.6,11.6,12.1],"texture":"#10"},"south":{"uv":[4,14,4.1,14.5],"texture":"#10"},"west":{"uv":[0,12,0.4,12.5],"texture":"#10"},"up":{"uv":[7.3,14.4,7.2,14],"texture":"#10"},"down":{"uv":[8.1,14,8,14.4],"texture":"#10"}}},{"from":[7.8835,13.16329,3.31835],"to":[8.1165,15.16329,4.31835],"rotation":{"angle":-22.5,"axis":"x","origin":[8,14.19425,3.94769]},"faces":{"north":{"uv":[1.6,14,1.7,14.8],"texture":"#10"},"east":{"uv":[10,1.2,10.4,2],"texture":"#10"},"south":{"uv":[14,1.6,14.1,2.4],"texture":"#10"},"west":{"uv":[10,2.4,10.4,3.2],"texture":"#10"}}},{"from":[7.63388,15.84878,8.84149],"to":[8.36688,16.84878,10.34149],"rotation":{"angle":-22.5,"axis":"x","origin":[8,17.48479,8.81753]},"faces":{"east":{"uv":[10,3.6,10.6,4],"texture":"#10"},"west":{"uv":[0.8,10.8,1.4,11.2],"texture":"#10"},"up":{"uv":[8.3,12.6,8,12],"texture":"#10"},"down":{"uv":[12.3,8,12,8.6],"texture":"#10"}}},{"from":[7.63388,16.04012,7.80343],"to":[8.36688,17.79012,8.80343],"rotation":{"angle":-22.5,"axis":"x","origin":[8,17.67614,9.27946]},"faces":{"north":{"uv":[0.8,11.6,1.1,12.3],"texture":"#10"},"east":{"uv":[10,9.2,10.4,9.9],"texture":"#10"},"south":{"uv":[11.6,0.8,11.9,1.5],"texture":"#10"},"west":{"uv":[5.6,10.4,6,11.1],"texture":"#10"},"up":{"uv":[13.1,12,12.8,11.6],"texture":"#10"},"down":{"uv":[12.3,12.8,12,13.2],"texture":"#10"}}},{"from":[7.63425,15.92013,6.86226],"to":[8.36425,17.42013,9.11226],"rotation":{"angle":22.5,"axis":"x","origin":[8,17.67614,9.27946]},"faces":{"east":{"uv":[9.2,4.4,10.1,5],"texture":"#10"},"west":{"uv":[9.2,5.6,10.1,6.2],"texture":"#10"},"up":{"uv":[8.3,11.3,8,10.4],"texture":"#10"},"down":{"uv":[9.1,10.4,8.8,11.3],"texture":"#10"}}},{"from":[7.6335,13.4644,5.90304],"to":[8.3665,14.9644,6.90304],"rotation":{"angle":22.5,"axis":"x","origin":[8,13.46439,5.84239]},"faces":{"north":{"uv":[8.8,12,9.1,12.6],"texture":"#10"},"east":{"uv":[10.8,1.2,11.2,1.8],"texture":"#10"},"south":{"uv":[12,11.6,12.3,12.2],"texture":"#10"},"west":{"uv":[2,10.8,2.4,11.4],"texture":"#10"},"up":{"uv":[13.1,12.8,12.8,12.4],"texture":"#10"},"down":{"uv":[0.3,13.2,0,13.6],"texture":"#10"}}},{"from":[7.635,12.71439,4.84238],"to":[8.365,14.21439,6.84238],"rotation":{"angle":-22.5,"axis":"x","origin":[8,13.46439,5.84239]},"faces":{"east":{"uv":[1.2,9.6,2,10.2],"texture":"#10"},"west":{"uv":[2.4,9.6,3.2,10.2],"texture":"#10"},"up":{"uv":[11.1,3.2,10.8,2.4],"texture":"#10"},"down":{"uv":[3.1,10.8,2.8,11.6],"texture":"#10"}}},{"from":[7.6335,11.96439,4.78173],"to":[8.3665,13.46439,5.78173],"rotation":{"angle":22.5,"axis":"x","origin":[8,13.46439,5.84239]},"faces":{"north":{"uv":[12.4,0.8,12.7,1.4],"texture":"#10"},"east":{"uv":[10.8,4.4,11.2,5],"texture":"#10"},"south":{"uv":[12.4,2,12.7,2.6],"texture":"#10"},"west":{"uv":[10.8,5.6,11.2,6.2],"texture":"#10"},"up":{"uv":[13.5,1.2,13.2,0.8],"texture":"#10"},"down":{"uv":[1.9,13.2,1.6,13.6],"texture":"#10"}}},{"from":[7.76,12.67013,6.86225],"to":[8.24,16.17013,8.36225],"rotation":{"angle":22.5,"axis":"x","origin":[8,17.67614,9.27946]},"faces":{"north":{"uv":[6.4,10.4,6.6,11.8],"texture":"#10"},"east":{"uv":[7.6,7.2,8.2,8.6],"texture":"#10"},"south":{"uv":[7.2,10.4,7.4,11.8],"texture":"#10"},"west":{"uv":[8.4,0,9,1.4],"texture":"#10"},"down":{"uv":[13.4,1.6,13.2,2.2],"texture":"#10"}}},{"from":[7.62463,17.94055,10.29489],"to":[8.37463,19.19055,11.29489],"rotation":{"angle":45,"axis":"x","origin":[8,17.48479,8.81753]},"faces":{"north":{"uv":[10.4,12.8,10.7,13.3],"texture":"#10"},"east":{"uv":[1.6,12,2,12.5],"texture":"#10"},"south":{"uv":[11.2,12.8,11.5,13.3],"texture":"#10"},"west":{"uv":[2.4,12,2.8,12.5],"texture":"#10"},"up":{"uv":[2.7,13.6,2.4,13.2],"texture":"#10"},"down":{"uv":[13.5,2.8,13.2,3.2],"texture":"#10"}}},{"from":[7.63388,15.84878,10.34149],"to":[8.36688,16.84878,11.34149],"rotation":{"angle":-22.5,"axis":"x","origin":[8,17.48479,8.81753]},"faces":{"north":{"uv":[3.2,13.2,3.5,13.6],"texture":"#10"},"east":{"uv":[12.4,10,12.8,10.4],"texture":"#10"},"south":{"uv":[13.2,3.6,13.5,4],"texture":"#10"},"west":{"uv":[12.4,10.8,12.8,11.2],"texture":"#10"},"up":{"uv":[4.3,13.6,4,13.2],"texture":"#10"}}},{"from":[7.64,17.48038,10.46888],"to":[8.36,18.23038,11.39388],"rotation":{"angle":0,"axis":"x","origin":[8,17.48479,8.81753]},"faces":{"north":{"uv":[13.6,8.8,13.9,9.1],"texture":"#10"},"east":{"uv":[13.2,4.4,13.6,4.7],"texture":"#10"},"south":{"uv":[12,13.6,12.3,13.9],"texture":"#10"},"west":{"uv":[4.8,13.2,5.2,13.5],"texture":"#10"},"up":{"uv":[13.5,5.6,13.2,5.2],"texture":"#10"}}},{"from":[7.75425,15.50155,7.01656],"to":[8.24725,16.50155,8.01656],"rotation":{"angle":-22.5,"axis":"x","origin":[8,17.67614,9.27946]},"faces":{"north":{"uv":[2.4,14,2.6,14.4],"texture":"#10"},"east":{"uv":[12.8,0,13.2,0.4],"texture":"#10"},"south":{"uv":[14,2.8,14.2,3.2],"texture":"#10"},"west":{"uv":[0.8,12.8,1.2,13.2],"texture":"#10"}}},{"from":[7.75075,15.13599,9.49867],"to":[8.25075,16.38599,10.49867],"rotation":{"angle":45,"axis":"x","origin":[8,17.67614,9.27946]},"faces":{"north":{"uv":[5.6,13.6,5.8,14.1],"texture":"#10"},"east":{"uv":[3.2,12,3.6,12.5],"texture":"#10"},"south":{"uv":[13.6,6,13.8,6.5],"texture":"#10"},"west":{"uv":[12,6.8,12.4,7.3],"texture":"#10"},"down":{"uv":[3.4,14,3.2,14.4],"texture":"#10"}}},{"from":[7.75425,15.00155,6.76656],"to":[8.24725,15.50155,8.01656],"rotation":{"angle":-22.5,"axis":"x","origin":[8,17.67614,9.27946]},"faces":{"north":{"uv":[8.8,14,9,14.2],"texture":"#10"},"east":{"uv":[13.6,7.2,14.1,7.4],"texture":"#10"},"south":{"uv":[10.4,14,10.6,14.2],"texture":"#10"},"west":{"uv":[13.6,8,14.1,8.2],"texture":"#10"},"up":{"uv":[9.8,14.1,9.6,13.6],"texture":"#10"},"down":{"uv":[13.8,11.2,13.6,11.7],"texture":"#10"}}},{"from":[7.2475,12.38271,6.01139],"to":[8.7525,13.44571,7.07439],"rotation":{"angle":0,"axis":"x","origin":[8,12.2071,7.25]},"faces":{"north":{"uv":[10.8,6.8,11.4,7.2],"texture":"#10"},"east":{"uv":[5.6,12.8,6,13.2],"texture":"#10"},"south":{"uv":[10.8,7.6,11.4,8],"texture":"#10"},"west":{"uv":[12.8,6.4,13.2,6.8],"texture":"#10"},"up":{"uv":[11.4,8.8,10.8,8.4],"texture":"#10"},"down":{"uv":[11.4,9.2,10.8,9.6],"texture":"#10"}}},{"from":[7.2475,10.9685,7.42561],"to":[8.7525,12.0315,8.48861],"rotation":{"angle":0,"axis":"x","origin":[8,12.2071,7.25]},"faces":{"north":{"uv":[11.2,3.6,11.8,4],"texture":"#10"},"east":{"uv":[12.8,7.2,13.2,7.6],"texture":"#10"},"south":{"uv":[11.2,10,11.8,10.4],"texture":"#10"},"west":{"uv":[12.8,8,13.2,8.4],"texture":"#10"},"up":{"uv":[11.8,11.2,11.2,10.8],"texture":"#10"},"down":{"uv":[12.2,0,11.6,0.4],"texture":"#10"}}},{"from":[7.04289,10.5,7.75],"to":[8.54289,11,9.25],"rotation":{"angle":45,"axis":"y","origin":[7.29289,7.5,8]},"faces":{"north":{"uv":[6.4,13.2,7,13.4],"texture":"#10"},"east":{"uv":[7.6,13.2,8.2,13.4],"texture":"#10"},"south":{"uv":[13.2,9.6,13.8,9.8],"texture":"#10"},"west":{"uv":[13.2,10.4,13.8,10.6],"texture":"#10"},"up":{"uv":[10.2,7.4,9.6,6.8],"texture":"#10"},"down":{"uv":[10.2,8,9.6,8.6],"texture":"#10"}}},{"from":[7.29289,5.5,8],"to":[8.29289,10.5,9],"rotation":{"angle":45,"axis":"y","origin":[7.29289,2,8]},"faces":{"north":{"uv":[8.4,2,8.8,4],"texture":"#10"},"east":{"uv":[8.4,4.4,8.8,6.4],"texture":"#10"},"south":{"uv":[8.8,6.8,9.2,8.8],"texture":"#10"},"west":{"uv":[9.2,2,9.6,4],"texture":"#10"}}},{"from":[7.6425,19.00291,9.63477],"to":[8.3575,20.00291,10.30477],"rotation":{"angle":45,"axis":"x","origin":[8,17.48479,8.81753]},"faces":{"north":{"uv":[8.8,13.2,9.1,13.6],"texture":"#10"},"east":{"uv":[12.8,8.8,13.2,9.2],"texture":"#10"},"south":{"uv":[12.8,13.2,13.1,13.6],"texture":"#10"},"west":{"uv":[9.6,12.8,10,13.2],"texture":"#10"},"up":{"uv":[13.9,0.4,13.6,0],"texture":"#10"}}},{"from":[7.995,13.52168,1.76511],"to":[8.005,20.02168,5.76511],"rotation":{"angle":22.5,"axis":"x","origin":[8,16.69668,3.74011]},"faces":{"east":{"uv":[5.6,7.2,7.2,9.8],"rotation":180,"texture":"#10"},"west":{"uv":[5.6,9.8,7.2,7.2],"texture":"#10"}}},{"from":[7.995,-4.02168,1.76511],"to":[8.005,2.47832,5.76511],"rotation":{"angle":-22.5,"axis":"x","origin":[8,-0.69668,3.74011]},"faces":{"east":{"uv":[5.6,9.8,7.2,7.2],"rotation":180,"texture":"#10"},"west":{"uv":[5.6,7.2,7.2,9.8],"texture":"#10"}}},{"from":[7.985,14.50155,6.01655],"to":[8.015,19.25155,14.26655],"rotation":{"angle":-22.5,"axis":"x","origin":[8,17.67614,9.27946]},"faces":{"east":{"uv":[3.3,7.2,0,9.1],"texture":"#10"},"west":{"uv":[0,7.2,3.3,9.1],"texture":"#10"}}},{"from":[7.965,16.50155,10.26655],"to":[8.035,21.25155,14.51655],"rotation":{"angle":-22.5,"axis":"x","origin":[8,17.67614,9.27946]},"faces":{"east":{"uv":[0,0,8.5,9.5],"texture":"#7"},"west":{"uv":[8.5,0,0,9.5],"texture":"#7"}}},{"from":[7.965,-5.25155,10.26655],"to":[8.035,-0.50155,14.51655],"rotation":{"angle":22.5,"axis":"x","origin":[8,-1.67614,9.27946]},"faces":{"east":{"uv":[0,9.5,8.5,0],"texture":"#7"},"west":{"uv":[8.5,9.5,0,0],"texture":"#7"}}},{"from":[9.31321,0.675,4.05735],"to":[10.31321,2.675,5.05735],"rotation":{"angle":-22.5,"axis":"y","origin":[9.64989,2.175,4.625]},"faces":{"north":{"uv":[0,0,0.8,1.6],"texture":"#2"},"east":{"uv":[1.6,0,2.4,1.6],"texture":"#2"},"south":{"uv":[0,2.4,0.8,4],"texture":"#2"},"west":{"uv":[1.6,2.4,2.4,4],"texture":"#2"},"up":{"uv":[7.2,0.8,6.4,0],"texture":"#2"},"down":{"uv":[7.2,1.6,6.4,2.4],"texture":"#2"}}},{"from":[10.02489,0.925,4.65],"to":[10.52489,2.925,5.15],"rotation":{"angle":-45,"axis":"y","origin":[9.64989,2.175,4.525]},"faces":{"north":{"uv":[6.4,3.2,6.8,4.8],"texture":"#2"},"east":{"uv":[6.4,5.6,6.8,7.2],"texture":"#2"},"south":{"uv":[0,7.2,0.4,8.8],"texture":"#2"},"west":{"uv":[1.6,7.2,2,8.8],"texture":"#2"},"up":{"uv":[5.2,14,4.8,13.6],"texture":"#2"},"down":{"uv":[8.4,13.6,8,14],"texture":"#2"}}},{"from":[8.97489,0.425,4],"to":[9.47489,2.425,4.5],"rotation":{"angle":-45,"axis":"y","origin":[9.84989,2.175,4.625]},"faces":{"north":{"uv":[3.2,7.2,3.6,8.8],"texture":"#2"},"east":{"uv":[4.8,7.2,5.2,8.8],"texture":"#2"},"south":{"uv":[8,0,8.4,1.6],"texture":"#2"},"west":{"uv":[8,2.4,8.4,4],"texture":"#2"},"up":{"uv":[11.6,14,11.2,13.6],"texture":"#2"},"down":{"uv":[14.8,0,14.4,0.4],"texture":"#2"}}},{"from":[9.42494,2.675,4.14974],"to":[10.17494,3.175,4.89974],"rotation":{"angle":-22.5,"axis":"y","origin":[9.64989,2.175,4.625]},"faces":{"north":{"uv":[8,12,8.6,12.4],"texture":"#2"},"east":{"uv":[11.2,12,11.8,12.4],"texture":"#2"},"south":{"uv":[12.8,0,13.4,0.4],"texture":"#2"},"west":{"uv":[1.6,12.8,2.2,13.2],"texture":"#2"},"up":{"uv":[2.2,11.8,1.6,11.2],"texture":"#2"}}},{"from":[9.42494,0.175,4.14974],"to":[10.17494,0.675,4.89974],"rotation":{"angle":-22.5,"axis":"y","origin":[9.64989,2.175,4.625]},"faces":{"north":{"uv":[12.8,1.6,13.4,2],"texture":"#2"},"east":{"uv":[3.2,12.8,3.8,13.2],"texture":"#2"},"south":{"uv":[12.8,3.2,13.4,3.6],"texture":"#2"},"west":{"uv":[12.8,4.8,13.4,5.2],"texture":"#2"},"down":{"uv":[11.8,2.4,11.2,3],"texture":"#2"}}},{"name":"cube_outline","from":[10.41321,2.775,5.15735],"to":[9.21321,0.575,3.95735],"rotation":{"angle":-22.5,"axis":"y","origin":[9.64989,2.175,4.625]},"faces":{"north":{"uv":[0,0,0.83333,1.5],"texture":"#4"},"east":{"uv":[2,0,2.83333,1.5],"texture":"#4"},"south":{"uv":[0,2.66667,0.83333,4.16667],"texture":"#4"},"west":{"uv":[2,2.66667,2.83333,4.16667],"texture":"#4"},"up":{"uv":[10.16667,0.83333,9.33333,0],"texture":"#4"},"down":{"uv":[6.16667,9.33333,5.33333,10.16667],"texture":"#4"}}},{"name":"cube_outline","from":[10.62489,3.025,5.25],"to":[9.92489,0.825,4.55],"rotation":{"angle":-45,"axis":"y","origin":[9.64989,2.175,4.525]},"faces":{"north":{"uv":[6,4,6.5,5.5],"texture":"#4"},"east":{"uv":[6,6.66667,6.5,8.16667],"texture":"#4"},"south":{"uv":[0,7.33333,0.5,8.83333],"texture":"#4"},"west":{"uv":[1.33333,7.33333,1.83333,8.83333],"texture":"#4"},"up":{"uv":[5.83333,13.83333,5.33333,13.33333],"texture":"#4"},"down":{"uv":[9.83333,13.33333,9.33333,13.83333],"texture":"#4"}}},{"name":"cube_outline","from":[9.57489,2.525,4.6],"to":[8.87489,0.325,3.9],"rotation":{"angle":-45,"axis":"y","origin":[9.84989,2.175,4.625]},"faces":{"north":{"uv":[2.66667,7.33333,3.16667,8.83333],"texture":"#4"},"east":{"uv":[7.33333,4,7.83333,5.5],"texture":"#4"},"south":{"uv":[7.33333,6.66667,7.83333,8.16667],"texture":"#4"},"west":{"uv":[8,0,8.5,1.5],"texture":"#4"},"up":{"uv":[13.16667,13.83333,12.66667,13.33333],"texture":"#4"},"down":{"uv":[0.5,14,0,14.5],"texture":"#4"}}},{"name":"cube_outline","from":[10.27494,3.275,4.99974],"to":[9.32494,2.575,4.04974],"rotation":{"angle":-22.5,"axis":"y","origin":[9.64989,2.175,4.625]},"faces":{"north":{"uv":[12,4,12.66667,4.5],"texture":"#4"},"east":{"uv":[10,12,10.66667,12.5],"texture":"#4"},"south":{"uv":[12.66667,0,13.33333,0.5],"texture":"#4"},"west":{"uv":[4,12.66667,4.66667,13.16667],"texture":"#4"},"down":{"uv":[12,6,11.33333,6.66667],"texture":"#4"}}},{"name":"cube_outline","from":[10.27494,0.775,4.99974],"to":[9.32494,0.075,4.04974],"rotation":{"angle":-22.5,"axis":"y","origin":[9.64989,2.175,4.625]},"faces":{"north":{"uv":[12.66667,5.33333,13.33333,5.83333],"texture":"#4"},"east":{"uv":[6.66667,12.66667,7.33333,13.16667],"texture":"#4"},"south":{"uv":[12.66667,6.66667,13.33333,7.16667],"texture":"#4"},"west":{"uv":[8,12.66667,8.66667,13.16667],"texture":"#4"},"up":{"uv":[7.33333,12,6.66667,11.33333],"texture":"#4"}}},{"from":[5.65005,14.675,3.89974],"to":[6.40005,15.175,4.64974],"rotation":{"angle":-22.5,"axis":"y","origin":[5.875,16.675,4.375]},"faces":{"north":{"uv":[6.4,12.8,7,13.2],"texture":"#2"},"east":{"uv":[12.8,6.4,13.4,6.8],"texture":"#2"},"south":{"uv":[12.8,8,13.4,8.4],"texture":"#2"},"west":{"uv":[9.6,12.8,10.2,13.2],"texture":"#2"},"down":{"uv":[3.8,11.2,3.2,11.8],"texture":"#2"}}},{"from":[5.65005,16.675,3.89974],"to":[6.40005,17.175,4.64974],"rotation":{"angle":-22.5,"axis":"y","origin":[5.875,16.175,4.375]},"faces":{"north":{"uv":[12.8,9.6,13.4,10],"texture":"#2"},"east":{"uv":[12.8,11.2,13.4,11.6],"texture":"#2"},"south":{"uv":[12.8,12.8,13.4,13.2],"texture":"#2"},"west":{"uv":[0,13.6,0.6,14],"texture":"#2"},"up":{"uv":[11.8,4.6,11.2,4],"texture":"#2"}}},{"from":[5.2,15.425,4],"to":[5.7,17.425,4.5],"rotation":{"angle":-45,"axis":"y","origin":[6.075,17.175,4.625]},"faces":{"north":{"uv":[8,4.8,8.4,6.4],"texture":"#2"},"east":{"uv":[6.4,8,6.8,9.6],"texture":"#2"},"south":{"uv":[8,7.2,8.4,8.8],"texture":"#2"},"west":{"uv":[0,9.6,0.4,11.2],"texture":"#2"},"up":{"uv":[2,14.8,1.6,14.4],"texture":"#2"},"down":{"uv":[14.8,1.6,14.4,2],"texture":"#2"}}},{"from":[6.25,15.025,4.4],"to":[6.75,16.775,4.9],"rotation":{"angle":-45,"axis":"y","origin":[5.875,16.275,4.275]},"faces":{"north":{"uv":[9.6,3.2,10,4.6],"texture":"#2"},"east":{"uv":[4.8,9.6,5.2,11],"texture":"#2"},"south":{"uv":[9.6,5.6,10,7],"texture":"#2"},"west":{"uv":[8,9.6,8.4,11],"texture":"#2"},"up":{"uv":[3.6,14.8,3.2,14.4],"texture":"#2"},"down":{"uv":[14.8,3.2,14.4,3.6],"texture":"#2"}}},{"from":[5.53832,15.175,3.80735],"to":[6.53832,16.675,4.80735],"rotation":{"angle":-22.5,"axis":"y","origin":[5.875,16.425,4.375]},"faces":{"north":{"uv":[3.2,0,4,1.2],"texture":"#2"},"east":{"uv":[3.2,2.4,4,3.6],"texture":"#2"},"south":{"uv":[0,4.8,0.8,6],"texture":"#2"},"west":{"uv":[4.8,0,5.6,1.2],"texture":"#2"},"up":{"uv":[10.4,0.8,9.6,0],"texture":"#2"},"down":{"uv":[2.4,9.6,1.6,10.4],"texture":"#2"}}},{"name":"cube_outline","from":[6.50005,15.275,4.74974],"to":[5.55005,14.575,3.79974],"rotation":{"angle":-22.5,"axis":"y","origin":[5.875,16.675,4.375]},"faces":{"north":{"uv":[12.66667,8,13.33333,8.5],"texture":"#4"},"east":{"uv":[12.66667,9.33333,13.33333,9.83333],"texture":"#4"},"south":{"uv":[12.66667,10.66667,13.33333,11.16667],"texture":"#4"},"west":{"uv":[11.33333,12.66667,12,13.16667],"texture":"#4"},"up":{"uv":[12,8,11.33333,7.33333],"texture":"#4"}}},{"name":"cube_outline","from":[6.50005,17.275,4.74974],"to":[5.55005,16.575,3.79974],"rotation":{"angle":-22.5,"axis":"y","origin":[5.875,16.175,4.375]},"faces":{"north":{"uv":[12.66667,12,13.33333,12.5],"texture":"#4"},"east":{"uv":[13.33333,1.33333,14,1.83333],"texture":"#4"},"south":{"uv":[13.33333,2.66667,14,3.16667],"texture":"#4"},"west":{"uv":[13.33333,4,14,4.5],"texture":"#4"},"down":{"uv":[12,8.66667,11.33333,9.33333],"texture":"#4"}}},{"name":"cube_outline","from":[5.8,17.525,4.6],"to":[5.1,15.325,3.9],"rotation":{"angle":-45,"axis":"y","origin":[6.075,17.175,4.625]},"faces":{"north":{"uv":[4,8,4.5,9.5],"texture":"#4"},"east":{"uv":[8.66667,2.66667,9.16667,4.16667],"texture":"#4"},"south":{"uv":[8.66667,5.33333,9.16667,6.83333],"texture":"#4"},"west":{"uv":[8.66667,8,9.16667,9.5],"texture":"#4"},"up":{"uv":[14.5,0.5,14,0],"texture":"#4"},"down":{"uv":[1.83333,14,1.33333,14.5],"texture":"#4"}}},{"name":"cube_outline","from":[6.85,16.875,5],"to":[6.15,14.925,4.3],"rotation":{"angle":-45,"axis":"y","origin":[5.875,16.275,4.275]},"faces":{"north":{"uv":[7.33333,9.33333,7.83333,10.66667],"texture":"#4"},"east":{"uv":[10,6,10.5,7.33333],"texture":"#4"},"south":{"uv":[10,8,10.5,9.33333],"texture":"#4"},"west":{"uv":[10,10,10.5,11.33333],"texture":"#4"},"up":{"uv":[3.16667,14.5,2.66667,14],"texture":"#4"},"down":{"uv":[4.5,14,4,14.5],"texture":"#4"}}},{"name":"cube_outline","from":[6.63832,16.775,4.90735],"to":[5.43832,15.075,3.70735],"rotation":{"angle":-22.5,"axis":"y","origin":[5.875,16.425,4.375]},"faces":{"north":{"uv":[4,0,4.83333,1.16667],"texture":"#4"},"east":{"uv":[4,2,4.83333,3.16667],"texture":"#4"},"south":{"uv":[4,4,4.83333,5.16667],"texture":"#4"},"west":{"uv":[0,5.33333,0.83333,6.5],"texture":"#4"},"up":{"uv":[0.83333,10.83333,0,10],"texture":"#4"},"down":{"uv":[2.83333,10,2,10.83333],"texture":"#4"}}},{"from":[5.90386,-0.575,3.94376],"to":[6.65386,-0.325,4.69376],"rotation":{"angle":-22.5,"axis":"y","origin":[6.25,0.3,4.45]},"faces":{"north":{"uv":[9.6,14.4,10.2,14.6],"texture":"#2"},"east":{"uv":[14.4,9.6,15,9.8],"texture":"#2"},"south":{"uv":[14.4,11.2,15,11.4],"texture":"#2"},"west":{"uv":[12.8,14.4,13.4,14.6],"texture":"#2"},"down":{"uv":[11.8,5.6,11.2,6.2],"texture":"#2"}}},{"from":[5.79213,-0.325,3.85137],"to":[6.79213,0.925,4.85137],"rotation":{"angle":-22.5,"axis":"y","origin":[6.25,0.3,4.45]},"faces":{"north":{"uv":[1.6,4.8,2.4,5.8],"texture":"#2"},"east":{"uv":[4.8,2.4,5.6,3.4],"texture":"#2"},"south":{"uv":[3.2,4.8,4,5.8],"texture":"#2"},"west":{"uv":[4.8,4.8,5.6,5.8],"texture":"#2"},"up":{"uv":[10.4,2.4,9.6,1.6],"texture":"#2"},"down":{"uv":[4,9.6,3.2,10.4],"texture":"#2"}}},{"from":[6.43047,-0.825,4.52205],"to":[6.93047,0.175,5.02205],"rotation":{"angle":-45,"axis":"y","origin":[6.25,0.3,4.45]},"faces":{"north":{"uv":[11.2,8.8,11.6,9.6],"texture":"#2"},"east":{"uv":[11.2,10.4,11.6,11.2],"texture":"#2"},"south":{"uv":[0,12,0.4,12.8],"texture":"#2"},"west":{"uv":[4.8,12,5.2,12.8],"texture":"#2"},"up":{"uv":[14.8,5.2,14.4,4.8],"texture":"#2"},"down":{"uv":[6.8,14.4,6.4,14.8],"texture":"#2"}}},{"from":[5.56938,-0.075,3.87811],"to":[6.06938,1.425,4.37811],"rotation":{"angle":-45,"axis":"y","origin":[6.25,0.3,4.45]},"faces":{"north":{"uv":[9.6,8,10,9.2],"texture":"#2"},"east":{"uv":[6.4,10.4,6.8,11.6],"texture":"#2"},"south":{"uv":[9.6,10.4,10,11.6],"texture":"#2"},"west":{"uv":[11.2,0,11.6,1.2],"texture":"#2"},"up":{"uv":[14.8,6.8,14.4,6.4],"texture":"#2"},"down":{"uv":[14.8,8,14.4,8.4],"texture":"#2"}}},{"from":[5.90386,0.925,3.94376],"to":[6.65386,1.175,4.69376],"rotation":{"angle":-22.5,"axis":"y","origin":[6.25,0.3,4.45]},"faces":{"north":{"uv":[14.4,12.8,15,13],"texture":"#2"},"east":{"uv":[14.4,14.4,15,14.6],"texture":"#2"},"south":{"uv":[0,15.2,0.6,15.4],"texture":"#2"},"west":{"uv":[4.8,15.2,5.4,15.4],"texture":"#2"},"up":{"uv":[11.8,7.8,11.2,7.2],"texture":"#2"}}},{"name":"cube_outline","from":[6.75386,-0.225,4.79376],"to":[5.80386,-0.675,3.84376],"rotation":{"angle":-22.5,"axis":"y","origin":[6.25,0.3,4.45]},"faces":{"north":{"uv":[14,8,14.66667,8.33333],"texture":"#4"},"east":{"uv":[14,9.33333,14.66667,9.66667],"texture":"#4"},"south":{"uv":[10.66667,14,11.33333,14.33333],"texture":"#4"},"west":{"uv":[14,10.66667,14.66667,11],"texture":"#4"},"up":{"uv":[12,10.66667,11.33333,10],"texture":"#4"}}},{"name":"cube_outline","from":[6.89213,1.025,4.95137],"to":[5.69213,-0.425,3.75137],"rotation":{"angle":-22.5,"axis":"y","origin":[6.25,0.3,4.45]},"faces":{"north":{"uv":[2,5.33333,2.83333,6.33333],"texture":"#4"},"east":{"uv":[6,0,6.83333,1],"texture":"#4"},"south":{"uv":[6,2,6.83333,3],"texture":"#4"},"west":{"uv":[4,6,4.83333,7],"texture":"#4"},"up":{"uv":[10.83333,2.83333,10,2],"texture":"#4"},"down":{"uv":[10.83333,4,10,4.83333],"texture":"#4"}}},{"name":"cube_outline","from":[7.03047,0.275,5.12205],"to":[6.33047,-0.925,4.42205],"rotation":{"angle":-45,"axis":"y","origin":[6.25,0.3,4.45]},"faces":{"north":{"uv":[0,12,0.5,12.83333],"texture":"#4"},"east":{"uv":[1.33333,12,1.83333,12.83333],"texture":"#4"},"south":{"uv":[12,2,12.5,2.83333],"texture":"#4"},"west":{"uv":[2.66667,12,3.16667,12.83333],"texture":"#4"},"up":{"uv":[14.5,5.83333,14,5.33333],"texture":"#4"},"down":{"uv":[7.16667,14,6.66667,14.5],"texture":"#4"}}},{"name":"cube_outline","from":[6.16938,1.525,4.47811],"to":[5.46938,-0.175,3.77811],"rotation":{"angle":-45,"axis":"y","origin":[6.25,0.3,4.45]},"faces":{"north":{"uv":[4,10.66667,4.5,11.83333],"texture":"#4"},"east":{"uv":[8.66667,10.66667,9.16667,11.83333],"texture":"#4"},"south":{"uv":[11.33333,0,11.83333,1.16667],"texture":"#4"},"west":{"uv":[5.33333,11.33333,5.83333,12.5],"texture":"#4"},"up":{"uv":[14.5,7.16667,14,6.66667],"texture":"#4"},"down":{"uv":[8.5,14,8,14.5],"texture":"#4"}}},{"name":"cube_outline","from":[6.75386,1.275,4.79376],"to":[5.80386,0.825,3.84376],"rotation":{"angle":-22.5,"axis":"y","origin":[6.25,0.3,4.45]},"faces":{"north":{"uv":[14,12,14.66667,12.33333],"texture":"#4"},"east":{"uv":[14,13.33333,14.66667,13.66667],"texture":"#4"},"south":{"uv":[14.66667,1.33333,15.33333,1.66667],"texture":"#4"},"west":{"uv":[14.66667,2.66667,15.33333,3],"texture":"#4"},"down":{"uv":[12,11.33333,11.33333,12],"texture":"#4"}}},{"from":[9.37897,12.925,3.94376],"to":[10.12897,13.175,4.69376],"rotation":{"angle":-22.5,"axis":"y","origin":[9.72511,13.8,4.45]},"faces":{"north":{"uv":[9.6,14.4,10.2,14.6],"texture":"#2"},"east":{"uv":[14.4,9.6,15,9.8],"texture":"#2"},"south":{"uv":[14.4,11.2,15,11.4],"texture":"#2"},"west":{"uv":[12.8,14.4,13.4,14.6],"texture":"#2"},"down":{"uv":[11.8,5.6,11.2,6.2],"texture":"#2"}}},{"from":[9.26724,13.175,3.85137],"to":[10.26724,14.425,4.85137],"rotation":{"angle":-22.5,"axis":"y","origin":[9.72511,13.8,4.45]},"faces":{"north":{"uv":[1.6,4.8,2.4,5.8],"texture":"#2"},"east":{"uv":[4.8,2.4,5.6,3.4],"texture":"#2"},"south":{"uv":[3.2,4.8,4,5.8],"texture":"#2"},"west":{"uv":[4.8,4.8,5.6,5.8],"texture":"#2"},"up":{"uv":[10.4,2.4,9.6,1.6],"texture":"#2"},"down":{"uv":[4,9.6,3.2,10.4],"texture":"#2"}}},{"from":[9.90558,12.675,4.52205],"to":[10.40558,13.675,5.02205],"rotation":{"angle":-45,"axis":"y","origin":[9.72511,13.8,4.45]},"faces":{"north":{"uv":[11.2,8.8,11.6,9.6],"texture":"#2"},"east":{"uv":[11.2,10.4,11.6,11.2],"texture":"#2"},"south":{"uv":[0,12,0.4,12.8],"texture":"#2"},"west":{"uv":[4.8,12,5.2,12.8],"texture":"#2"},"up":{"uv":[14.8,5.2,14.4,4.8],"texture":"#2"},"down":{"uv":[6.8,14.4,6.4,14.8],"texture":"#2"}}},{"from":[9.04449,13.425,3.87811],"to":[9.54449,14.925,4.37811],"rotation":{"angle":-45,"axis":"y","origin":[9.72511,13.8,4.45]},"faces":{"north":{"uv":[9.6,8,10,9.2],"texture":"#2"},"east":{"uv":[6.4,10.4,6.8,11.6],"texture":"#2"},"south":{"uv":[9.6,10.4,10,11.6],"texture":"#2"},"west":{"uv":[11.2,0,11.6,1.2],"texture":"#2"},"up":{"uv":[14.8,6.8,14.4,6.4],"texture":"#2"},"down":{"uv":[14.8,8,14.4,8.4],"texture":"#2"}}},{"from":[9.37897,14.425,3.94376],"to":[10.12897,14.675,4.69376],"rotation":{"angle":-22.5,"axis":"y","origin":[9.72511,13.8,4.45]},"faces":{"north":{"uv":[14.4,12.8,15,13],"texture":"#2"},"east":{"uv":[14.4,14.4,15,14.6],"texture":"#2"},"south":{"uv":[0,15.2,0.6,15.4],"texture":"#2"},"west":{"uv":[4.8,15.2,5.4,15.4],"texture":"#2"},"up":{"uv":[11.8,7.8,11.2,7.2],"texture":"#2"}}},{"name":"cube_outline","from":[10.22897,13.275,4.79376],"to":[9.27897,12.825,3.84376],"rotation":{"angle":-22.5,"axis":"y","origin":[9.72511,13.8,4.45]},"faces":{"north":{"uv":[14,8,14.66667,8.33333],"texture":"#4"},"east":{"uv":[14,9.33333,14.66667,9.66667],"texture":"#4"},"south":{"uv":[10.66667,14,11.33333,14.33333],"texture":"#4"},"west":{"uv":[14,10.66667,14.66667,11],"texture":"#4"},"up":{"uv":[12,10.66667,11.33333,10],"texture":"#4"}}},{"name":"cube_outline","from":[10.36724,14.525,4.95137],"to":[9.16724,13.075,3.75137],"rotation":{"angle":-22.5,"axis":"y","origin":[9.72511,13.8,4.45]},"faces":{"north":{"uv":[2,5.33333,2.83333,6.33333],"texture":"#4"},"east":{"uv":[6,0,6.83333,1],"texture":"#4"},"south":{"uv":[6,2,6.83333,3],"texture":"#4"},"west":{"uv":[4,6,4.83333,7],"texture":"#4"},"up":{"uv":[10.83333,2.83333,10,2],"texture":"#4"},"down":{"uv":[10.83333,4,10,4.83333],"texture":"#4"}}},{"name":"cube_outline","from":[10.50558,13.775,5.12205],"to":[9.80558,12.575,4.42205],"rotation":{"angle":-45,"axis":"y","origin":[9.72511,13.8,4.45]},"faces":{"north":{"uv":[0,12,0.5,12.83333],"texture":"#4"},"east":{"uv":[1.33333,12,1.83333,12.83333],"texture":"#4"},"south":{"uv":[12,2,12.5,2.83333],"texture":"#4"},"west":{"uv":[2.66667,12,3.16667,12.83333],"texture":"#4"},"up":{"uv":[14.5,5.83333,14,5.33333],"texture":"#4"},"down":{"uv":[7.16667,14,6.66667,14.5],"texture":"#4"}}},{"name":"cube_outline","from":[9.64449,15.025,4.47811],"to":[8.94449,13.325,3.77811],"rotation":{"angle":-45,"axis":"y","origin":[9.72511,13.8,4.45]},"faces":{"north":{"uv":[4,10.66667,4.5,11.83333],"texture":"#4"},"east":{"uv":[8.66667,10.66667,9.16667,11.83333],"texture":"#4"},"south":{"uv":[11.33333,0,11.83333,1.16667],"texture":"#4"},"west":{"uv":[5.33333,11.33333,5.83333,12.5],"texture":"#4"},"up":{"uv":[14.5,7.16667,14,6.66667],"texture":"#4"},"down":{"uv":[8.5,14,8,14.5],"texture":"#4"}}},{"name":"cube_outline","from":[10.22897,14.775,4.79376],"to":[9.27897,14.325,3.84376],"rotation":{"angle":-22.5,"axis":"y","origin":[9.72511,13.8,4.45]},"faces":{"north":{"uv":[14,12,14.66667,12.33333],"texture":"#4"},"east":{"uv":[14,13.33333,14.66667,13.66667],"texture":"#4"},"south":{"uv":[14.66667,1.33333,15.33333,1.66667],"texture":"#4"},"west":{"uv":[14.66667,2.66667,15.33333,3],"texture":"#4"},"down":{"uv":[12,11.33333,11.33333,12],"texture":"#4"}}},{"from":[8.49646,14.5,3.25354],"to":[8.50646,17,5.75354],"rotation":{"angle":45,"axis":"y","origin":[8.49646,16,6.75354]},"faces":{"east":{"uv":[3.66666,2.66667,0,6.33333],"texture":"#5"},"west":{"uv":[0,2.66667,3.66666,6.33333],"texture":"#5"}}},{"from":[7.24646,13,3.24646],"to":[7.25646,15.25,5.74646],"rotation":{"angle":-45,"axis":"y","origin":[7.24646,16,6.74646]},"faces":{"east":{"uv":[3.33333,13,0,16],"texture":"#5"},"west":{"uv":[0,13,3.33333,16],"texture":"#5"}}},{"from":[7.24646,0,3.74646],"to":[7.25646,2.25,6.24646],"rotation":{"angle":-45,"axis":"y","origin":[7.24646,7,6.74646]},"faces":{"east":{"uv":[9.33333,13,6,16],"texture":"#5"},"west":{"uv":[6,13,9.33333,16],"texture":"#5"}}},{"from":[8.49646,-0.75,3.00354],"to":[8.50646,1.75,5.50354],"rotation":{"angle":45,"axis":"y","origin":[8.49646,7,6.50354]},"faces":{"east":{"uv":[9,2.66667,5.33333,6.33333],"texture":"#5"},"west":{"uv":[5.33333,2.66667,9,6.33333],"texture":"#5"}}},{"from":[7.5,16.05216,11.79819],"to":[8.5,16.30216,12.04819],"rotation":{"angle":-45,"axis":"x","origin":[8,16.61466,11.92319]},"faces":{"north":{"uv":[11.2,14,11.6,14.1],"texture":"#10"},"east":{"uv":[14.8,1.6,14.9,1.7],"texture":"#10"},"south":{"uv":[12.8,14,13.2,14.1],"texture":"#10"},"west":{"uv":[2.4,14.8,2.5,14.9],"texture":"#10"},"up":{"uv":[14,14.1,13.6,14],"texture":"#10"},"down":{"uv":[14.8,0,14.4,0.1],"texture":"#10"}}},{"from":[7.5,16.30216,11.79819],"to":[7.75,17.05216,12.04819],"rotation":{"angle":-45,"axis":"x","origin":[8,16.61466,11.92319]},"faces":{"north":{"uv":[14.4,8.8,14.5,9.1],"texture":"#10"},"east":{"uv":[14.4,9.6,14.5,9.9],"texture":"#10"},"south":{"uv":[14.4,10.4,14.5,10.7],"texture":"#10"},"west":{"uv":[14.4,11.2,14.5,11.5],"texture":"#10"},"up":{"uv":[14.9,2.5,14.8,2.4],"texture":"#10"}}},{"from":[8.25,16.30216,11.79819],"to":[8.5,17.05216,12.04819],"rotation":{"angle":-45,"axis":"x","origin":[8,16.61466,11.92319]},"faces":{"north":{"uv":[12,14.4,12.1,14.7],"texture":"#10"},"east":{"uv":[14.4,12,14.5,12.3],"texture":"#10"},"south":{"uv":[14.4,12.8,14.5,13.1],"texture":"#10"},"west":{"uv":[14.4,13.6,14.5,13.9],"texture":"#10"},"up":{"uv":[3.3,14.9,3.2,14.8],"texture":"#10"}}},{"from":[7.75,16.80216,11.79819],"to":[8.25,17.30216,12.04819],"rotation":{"angle":-45,"axis":"x","origin":[8,16.61466,11.92319]},"faces":{"north":{"uv":[14.4,5.6,14.6,5.8],"texture":"#10"},"east":{"uv":[14.4,14.4,14.5,14.6],"texture":"#10"},"south":{"uv":[14.4,6.4,14.6,6.6],"texture":"#10"},"west":{"uv":[0,14.8,0.1,15],"texture":"#10"},"up":{"uv":[1,14.9,0.8,14.8],"texture":"#10"},"down":{"uv":[15,0.8,14.8,0.9],"texture":"#10"}}},{"from":[7.25,2.79289,6.5],"to":[8.75,4.79289,8],"rotation":{"angle":45,"axis":"x","origin":[8,3.7929,7.25]},"faces":{"north":{"uv":[7.6,10,8.2,9.2],"texture":"#10"},"east":{"uv":[8.8,10,9.4,9.2],"texture":"#10"},"south":{"uv":[0,10.4,0.6,9.6],"texture":"#10"},"west":{"uv":[9.6,0.8,10.2,0],"texture":"#10"}}},{"from":[7.7535,1.98541,4.15828],"to":[8.2465,2.98541,5.15828],"rotation":{"angle":22.5,"axis":"x","origin":[8,1.80575,3.94769]},"faces":{"east":{"uv":[12,9.6,12.4,9.2],"texture":"#10"},"south":{"uv":[13.6,12.8,13.8,12.4],"texture":"#10"},"west":{"uv":[12.4,3.6,12.8,3.2],"texture":"#10"},"down":{"uv":[13.8,13.2,13.6,13.6],"texture":"#10"}}},{"from":[7.75,1.78387,4.22364],"to":[8.25,3.03387,5.22364],"rotation":{"angle":-22.5,"axis":"x","origin":[8,1.80575,3.94769]},"faces":{"north":{"uv":[0.8,14.1,1,13.6],"texture":"#10"},"east":{"uv":[11.6,2.5,12,2],"texture":"#10"},"west":{"uv":[11.6,4.9,12,4.4],"texture":"#10"},"up":{"uv":[14.2,1.2,14,0.8],"texture":"#10"},"down":{"uv":[0.2,14,0,14.4],"texture":"#10"}}},{"from":[7.5035,-3.20434,6.38921],"to":[8.4965,-1.70434,7.38921],"rotation":{"angle":22.5,"axis":"x","origin":[8,-1.67614,9.27946]},"faces":{"north":{"uv":[9.6,11,10,10.4],"texture":"#10"},"east":{"uv":[10.4,11,10.8,10.4],"texture":"#10"},"south":{"uv":[0,11.4,0.4,10.8],"texture":"#10"},"west":{"uv":[10.8,0.6,11.2,0],"texture":"#10"},"down":{"uv":[12.8,4,12.4,4.4],"texture":"#10"}}},{"from":[7.5,-0.35947,6.92291],"to":[8.5,0.89053,7.92291],"rotation":{"angle":-22.5,"axis":"x","origin":[8,-1.67614,9.27946]},"faces":{"north":{"uv":[5.6,12.1,6,11.6],"texture":"#10"},"east":{"uv":[11.6,6.1,12,5.6],"texture":"#10"},"south":{"uv":[9.6,12.1,10,11.6],"texture":"#10"},"west":{"uv":[10.4,12.1,10.8,11.6],"texture":"#10"},"up":{"uv":[12.8,6,12.4,5.6],"texture":"#10"},"down":{"uv":[12.8,4.8,12.4,5.2],"texture":"#10"}}},{"from":[7.8785,-0.00354,3.47378],"to":[8.1215,0.99646,4.47378],"rotation":{"angle":0,"axis":"x","origin":[8,1.80575,3.94769]},"faces":{"east":{"uv":[6.4,12.8,6.8,12.4],"texture":"#10"},"south":{"uv":[4.8,14.4,4.9,14],"texture":"#10"},"west":{"uv":[7.2,12.8,7.6,12.4],"texture":"#10"},"up":{"uv":[6.5,14.4,6.4,14],"texture":"#10"},"down":{"uv":[14.1,4.8,14,5.2],"texture":"#10"}}},{"from":[7.875,0.31555,2.81746],"to":[8.125,1.56555,3.81746],"rotation":{"angle":-22.5,"axis":"x","origin":[8,1.80575,3.94769]},"faces":{"north":{"uv":[14,4.1,14.1,3.6],"texture":"#10"},"east":{"uv":[11.2,12.1,11.6,11.6],"texture":"#10"},"south":{"uv":[4,14.5,4.1,14],"texture":"#10"},"west":{"uv":[0,12.5,0.4,12],"texture":"#10"},"up":{"uv":[8.1,14.4,8,14],"texture":"#10"},"down":{"uv":[7.3,14,7.2,14.4],"texture":"#10"}}},{"from":[7.8835,0.83671,3.31835],"to":[8.1165,2.83671,4.31835],"rotation":{"angle":22.5,"axis":"x","origin":[8,1.80575,3.94769]},"faces":{"north":{"uv":[1.6,14.8,1.7,14],"texture":"#10"},"east":{"uv":[10,2,10.4,1.2],"texture":"#10"},"south":{"uv":[14,2.4,14.1,1.6],"texture":"#10"},"west":{"uv":[10,3.2,10.4,2.4],"texture":"#10"}}},{"from":[7.63388,-0.84878,8.84149],"to":[8.36688,0.15122,10.34149],"rotation":{"angle":22.5,"axis":"x","origin":[8,-1.48479,8.81753]},"faces":{"east":{"uv":[10,4,10.6,3.6],"texture":"#10"},"west":{"uv":[0.8,11.2,1.4,10.8],"texture":"#10"},"up":{"uv":[12.3,8.6,12,8],"texture":"#10"},"down":{"uv":[8.3,12,8,12.6],"texture":"#10"}}},{"from":[7.63388,-1.79012,7.80343],"to":[8.36688,-0.04012,8.80343],"rotation":{"angle":22.5,"axis":"x","origin":[8,-1.67614,9.27946]},"faces":{"north":{"uv":[0.8,12.3,1.1,11.6],"texture":"#10"},"east":{"uv":[10,9.9,10.4,9.2],"texture":"#10"},"south":{"uv":[11.6,1.5,11.9,0.8],"texture":"#10"},"west":{"uv":[5.6,11.1,6,10.4],"texture":"#10"},"up":{"uv":[12.3,13.2,12,12.8],"texture":"#10"},"down":{"uv":[13.1,11.6,12.8,12],"texture":"#10"}}},{"from":[7.63425,-1.42013,6.86226],"to":[8.36425,0.07987,9.11226],"rotation":{"angle":-22.5,"axis":"x","origin":[8,-1.67614,9.27946]},"faces":{"east":{"uv":[9.2,5,10.1,4.4],"texture":"#10"},"west":{"uv":[9.2,6.2,10.1,5.6],"texture":"#10"},"up":{"uv":[9.1,11.3,8.8,10.4],"texture":"#10"},"down":{"uv":[8.3,10.4,8,11.3],"texture":"#10"}}},{"from":[7.6335,1.0356,5.90304],"to":[8.3665,2.5356,6.90304],"rotation":{"angle":-22.5,"axis":"x","origin":[8,2.53561,5.84239]},"faces":{"north":{"uv":[8.8,12.6,9.1,12],"texture":"#10"},"east":{"uv":[10.8,1.8,11.2,1.2],"texture":"#10"},"south":{"uv":[12,12.2,12.3,11.6],"texture":"#10"},"west":{"uv":[2,11.4,2.4,10.8],"texture":"#10"},"up":{"uv":[0.3,13.6,0,13.2],"texture":"#10"},"down":{"uv":[13.1,12.4,12.8,12.8],"texture":"#10"}}},{"from":[7.635,1.78561,4.84238],"to":[8.365,3.28561,6.84238],"rotation":{"angle":22.5,"axis":"x","origin":[8,2.53561,5.84239]},"faces":{"east":{"uv":[1.2,10.2,2,9.6],"texture":"#10"},"west":{"uv":[2.4,10.2,3.2,9.6],"texture":"#10"},"up":{"uv":[3.1,11.6,2.8,10.8],"texture":"#10"},"down":{"uv":[11.1,2.4,10.8,3.2],"texture":"#10"}}},{"from":[7.6335,2.53561,4.78173],"to":[8.3665,4.03561,5.78173],"rotation":{"angle":-22.5,"axis":"x","origin":[8,2.53561,5.84239]},"faces":{"north":{"uv":[12.4,1.4,12.7,0.8],"texture":"#10"},"east":{"uv":[10.8,5,11.2,4.4],"texture":"#10"},"south":{"uv":[12.4,2.6,12.7,2],"texture":"#10"},"west":{"uv":[10.8,6.2,11.2,5.6],"texture":"#10"},"up":{"uv":[1.9,13.6,1.6,13.2],"texture":"#10"},"down":{"uv":[13.5,0.8,13.2,1.2],"texture":"#10"}}},{"from":[7.76,-0.17013,6.86225],"to":[8.24,3.32987,8.36225],"rotation":{"angle":-22.5,"axis":"x","origin":[8,-1.67614,9.27946]},"faces":{"north":{"uv":[6.4,11.8,6.6,10.4],"texture":"#10"},"east":{"uv":[7.6,8.6,8.2,7.2],"texture":"#10"},"south":{"uv":[7.2,11.8,7.4,10.4],"texture":"#10"},"west":{"uv":[8.4,1.4,9,0],"texture":"#10"},"up":{"uv":[13.4,2.2,13.2,1.6],"texture":"#10"}}},{"from":[7.62463,-3.19055,10.29489],"to":[8.37463,-1.94055,11.29489],"rotation":{"angle":-45,"axis":"x","origin":[8,-1.48479,8.81753]},"faces":{"north":{"uv":[10.4,13.3,10.7,12.8],"texture":"#10"},"east":{"uv":[1.6,12.5,2,12],"texture":"#10"},"south":{"uv":[11.2,13.3,11.5,12.8],"texture":"#10"},"west":{"uv":[2.4,12.5,2.8,12],"texture":"#10"},"up":{"uv":[13.5,3.2,13.2,2.8],"texture":"#10"},"down":{"uv":[2.7,13.2,2.4,13.6],"texture":"#10"}}},{"from":[7.63388,-0.84878,10.34149],"to":[8.36688,0.15122,11.34149],"rotation":{"angle":22.5,"axis":"x","origin":[8,-1.48479,8.81753]},"faces":{"north":{"uv":[3.2,13.6,3.5,13.2],"texture":"#10"},"east":{"uv":[12.4,10.4,12.8,10],"texture":"#10"},"south":{"uv":[13.2,4,13.5,3.6],"texture":"#10"},"west":{"uv":[12.4,11.2,12.8,10.8],"texture":"#10"},"down":{"uv":[4.3,13.2,4,13.6],"texture":"#10"}}},{"from":[7.64,-2.23038,10.46888],"to":[8.36,-1.48038,11.39388],"rotation":{"angle":0,"axis":"x","origin":[8,-1.48479,8.81753]},"faces":{"north":{"uv":[13.6,9.1,13.9,8.8],"texture":"#10"},"east":{"uv":[13.2,4.7,13.6,4.4],"texture":"#10"},"south":{"uv":[12,13.9,12.3,13.6],"texture":"#10"},"west":{"uv":[4.8,13.5,5.2,13.2],"texture":"#10"},"down":{"uv":[13.5,5.2,13.2,5.6],"texture":"#10"}}},{"from":[7.75425,-0.50155,7.01656],"to":[8.24725,0.49845,8.01656],"rotation":{"angle":22.5,"axis":"x","origin":[8,-1.67614,9.27946]},"faces":{"north":{"uv":[2.4,14.4,2.6,14],"texture":"#10"},"east":{"uv":[12.8,0.4,13.2,0],"texture":"#10"},"south":{"uv":[14,3.2,14.2,2.8],"texture":"#10"},"west":{"uv":[0.8,13.2,1.2,12.8],"texture":"#10"}}},{"from":[7.75075,-0.38599,9.49867],"to":[8.25075,0.86401,10.49867],"rotation":{"angle":-45,"axis":"x","origin":[8,-1.67614,9.27946]},"faces":{"north":{"uv":[5.6,14.1,5.8,13.6],"texture":"#10"},"east":{"uv":[3.2,12.5,3.6,12],"texture":"#10"},"south":{"uv":[13.6,6.5,13.8,6],"texture":"#10"},"west":{"uv":[12,7.3,12.4,6.8],"texture":"#10"},"up":{"uv":[3.4,14.4,3.2,14],"texture":"#10"}}},{"from":[7.75425,0.49845,6.76656],"to":[8.24725,0.99845,8.01656],"rotation":{"angle":22.5,"axis":"x","origin":[8,-1.67614,9.27946]},"faces":{"north":{"uv":[8.8,14.2,9,14],"texture":"#10"},"east":{"uv":[13.6,7.4,14.1,7.2],"texture":"#10"},"south":{"uv":[10.4,14.2,10.6,14],"texture":"#10"},"west":{"uv":[13.6,8.2,14.1,8],"texture":"#10"},"up":{"uv":[13.8,11.7,13.6,11.2],"texture":"#10"},"down":{"uv":[9.8,13.6,9.6,14.1],"texture":"#10"}}},{"from":[7.2475,2.55429,6.01139],"to":[8.7525,3.61729,7.07439],"rotation":{"angle":0,"axis":"x","origin":[8,3.7929,7.25]},"faces":{"north":{"uv":[10.8,7.2,11.4,6.8],"texture":"#10"},"east":{"uv":[5.6,13.2,6,12.8],"texture":"#10"},"south":{"uv":[10.8,8,11.4,7.6],"texture":"#10"},"west":{"uv":[12.8,6.8,13.2,6.4],"texture":"#10"},"up":{"uv":[11.4,9.6,10.8,9.2],"texture":"#10"},"down":{"uv":[11.4,8.4,10.8,8.8],"texture":"#10"}}},{"from":[7.2475,3.9685,7.42561],"to":[8.7525,5.0315,8.48861],"rotation":{"angle":0,"axis":"x","origin":[8,3.7929,7.25]},"faces":{"north":{"uv":[11.2,4,11.8,3.6],"texture":"#10"},"east":{"uv":[12.8,7.6,13.2,7.2],"texture":"#10"},"south":{"uv":[11.2,10.4,11.8,10],"texture":"#10"},"west":{"uv":[12.8,8.4,13.2,8],"texture":"#10"},"up":{"uv":[12.2,0.4,11.6,0],"texture":"#10"},"down":{"uv":[11.8,10.8,11.2,11.2],"texture":"#10"}}},{"from":[7.04289,5,7.75],"to":[8.54289,5.5,9.25],"rotation":{"angle":45,"axis":"y","origin":[7.29289,8.5,8]},"faces":{"north":{"uv":[6.4,13.4,7,13.2],"texture":"#10"},"east":{"uv":[7.6,13.4,8.2,13.2],"texture":"#10"},"south":{"uv":[13.2,9.8,13.8,9.6],"texture":"#10"},"west":{"uv":[13.2,10.6,13.8,10.4],"texture":"#10"},"up":{"uv":[10.2,8.6,9.6,8],"texture":"#10"},"down":{"uv":[10.2,6.8,9.6,7.4],"texture":"#10"}}},{"from":[7.6425,-4.00291,9.63477],"to":[8.3575,-3.00291,10.30477],"rotation":{"angle":-45,"axis":"x","origin":[8,-1.48479,8.81753]},"faces":{"north":{"uv":[8.8,13.6,9.1,13.2],"texture":"#10"},"east":{"uv":[12.8,9.2,13.2,8.8],"texture":"#10"},"south":{"uv":[12.8,13.6,13.1,13.2],"texture":"#10"},"west":{"uv":[9.6,13.2,10,12.8],"texture":"#10"},"down":{"uv":[13.9,0,13.6,0.4],"texture":"#10"}}},{"from":[7.985,-3.25155,6.01655],"to":[8.015,1.49845,14.26655],"rotation":{"angle":22.5,"axis":"x","origin":[8,-1.67614,9.27946]},"faces":{"east":{"uv":[3.3,9.1,0,7.2],"texture":"#10"},"west":{"uv":[0,9.1,3.3,7.2],"texture":"#10"}}},{"from":[7.5,-0.30216,11.79819],"to":[8.5,-0.05216,12.04819],"rotation":{"angle":45,"axis":"x","origin":[8,-0.61466,11.92319]},"faces":{"north":{"uv":[11.2,14.1,11.6,14],"texture":"#10"},"east":{"uv":[14.8,1.7,14.9,1.6],"texture":"#10"},"south":{"uv":[12.8,14.1,13.2,14],"texture":"#10"},"west":{"uv":[2.4,14.9,2.5,14.8],"texture":"#10"},"up":{"uv":[14.8,0.1,14.4,0],"texture":"#10"},"down":{"uv":[14,14,13.6,14.1],"texture":"#10"}}},{"from":[7.75,-1.30216,11.79819],"to":[8.25,-0.80216,12.04819],"rotation":{"angle":45,"axis":"x","origin":[8,-0.61466,11.92319]},"faces":{"north":{"uv":[14.4,5.8,14.6,5.6],"texture":"#10"},"east":{"uv":[14.4,14.6,14.5,14.4],"texture":"#10"},"south":{"uv":[14.4,6.6,14.6,6.4],"texture":"#10"},"west":{"uv":[0,15,0.1,14.8],"texture":"#10"},"up":{"uv":[15,0.9,14.8,0.8],"texture":"#10"},"down":{"uv":[1,14.8,0.8,14.9],"texture":"#10"}}},{"from":[7.5,-1.05216,11.79819],"to":[7.75,-0.30216,12.04819],"rotation":{"angle":45,"axis":"x","origin":[8,-0.61466,11.92319]},"faces":{"north":{"uv":[14.4,9.1,14.5,8.8],"texture":"#10"},"east":{"uv":[14.4,9.9,14.5,9.6],"texture":"#10"},"south":{"uv":[14.4,10.7,14.5,10.4],"texture":"#10"},"west":{"uv":[14.4,11.5,14.5,11.2],"texture":"#10"},"down":{"uv":[14.9,2.4,14.8,2.5],"texture":"#10"}}},{"from":[8.25,-1.05216,11.79819],"to":[8.5,-0.30216,12.04819],"rotation":{"angle":45,"axis":"x","origin":[8,-0.61466,11.92319]},"faces":{"north":{"uv":[12,14.7,12.1,14.4],"texture":"#10"},"east":{"uv":[14.4,12.3,14.5,12],"texture":"#10"},"south":{"uv":[14.4,13.1,14.5,12.8],"texture":"#10"},"west":{"uv":[14.4,13.9,14.5,13.6],"texture":"#10"},"down":{"uv":[3.3,14.8,3.2,14.9],"texture":"#10"}}},{"from":[7.995,-0.5,12],"to":[8.005,16.5,18],"rotation":{"angle":0,"axis":"y","origin":[7.995,-2,12]},"faces":{"east":{"uv":[5.2,0,2.8,6.8],"texture":"#10"},"west":{"uv":[2.8,0,5.2,6.8],"texture":"#10"}}},{"from":[7.985,6.875,1.5],"to":[8.015,9.125,15],"rotation":{"angle":0,"axis":"z","origin":[7.99,8,5.5]},"faces":{"east":{"uv":[4.9,7.2,4,12.6],"rotation":270,"texture":"#10"},"west":{"uv":[4.9,12.6,4,7.2],"rotation":270,"texture":"#10"}}},{"from":[6.875,7.985,1.5],"to":[9.125,8.015,15],"rotation":{"angle":0,"axis":"z","origin":[8,8,5.5]},"faces":{"up":{"uv":[4.9,12.6,4,7.2],"texture":"#10"},"down":{"uv":[4.9,7.2,4,12.6],"texture":"#10"}}}],"gui_light":"front","display":{"thirdperson_righthand":{"translation":[0,-2,1]},"thirdperson_lefthand":{"translation":[0,-2,1]},"firstperson_righthand":{"rotation":[17.75,4.91,-0.53],"translation":[4.5,3.5,-4],"scale":[0.7,0.7,0.7]},"firstperson_lefthand":{"rotation":[18.13,-35.03,-2.06],"translation":[6.75,1.9,-0.1],"scale":[0.7,0.7,0.7]},"ground":{"rotation":[45,0,0],"translation":[0,5,0],"scale":[0.7,0.7,0.7]},"gui":{"rotation":[-90,135,90],"translation":[-0.75,0.75,0],"scale":[0.79,0.79,0.79]},"head":{"rotation":[0,-90,0]},"fixed":{"rotation":[0,-90,0],"translation":[0,0,-1.5],"scale":[2,2,2]}},"USER":"42698","NONCE":"64affc1f70b61f685488f1f00b4e156d","TIMESTAMP":"1757508262","RESOURCE":"14860","MCMODELS":"1","mcmodels":"64affc1f70b61f685488f1f00b4e156d"}