{"format_version":"1.9.0","credit":"Pologony Creation Co.,Ltd.","texture_size":[60,60],"textures":{"2":"plny_aurion_set:gold_gems","4":"plny_aurion_set:gold_gems_outline","5":"plny_aurion_set:animated/animated_1","6":"plny_aurion_set:chest","7":"plny_aurion_set:animated/animated_2","particle":"plny_aurion_set:gold_gems_outline"},"elements":[{"from":[14,8.5,-1],"to":[17,10.25,2],"rotation":{"angle":0,"axis":"y","origin":[8,12.625,8]},"faces":{"north":{"uv":[13.6,13.06667,14.4,13.53333],"texture":"#6"},"east":{"uv":[2.13333,13.86667,2.93333,14.33333],"texture":"#6"},"south":{"uv":[3.2,13.86667,4,14.33333],"texture":"#6"},"west":{"uv":[13.86667,4.26667,14.66667,4.73333],"texture":"#6"},"up":{"uv":[10.66667,13.33333,9.86667,12.53333],"texture":"#6"},"down":{"uv":[11.73333,12.53333,10.93333,13.33333],"texture":"#6"}}},{"from":[2,8.5,-0.25],"to":[14,9.5,1.5],"rotation":{"angle":0,"axis":"y","origin":[8,12.625,8]},"faces":{"north":{"uv":[12.26667,10.4,15.46667,10.66667],"texture":"#6"},"south":{"uv":[12.26667,10.93333,15.46667,11.2],"texture":"#6"},"up":{"uv":[4.53333,11.4,1.33333,10.93333],"texture":"#6"},"down":{"uv":[8,10.93333,4.8,11.4],"texture":"#6"}}},{"from":[2,8.5,14.5],"to":[14,9.5,16.25],"rotation":{"angle":0,"axis":"y","origin":[8,12.625,8]},"faces":{"north":{"uv":[15.46667,10.93333,12.26667,11.2],"texture":"#6"},"south":{"uv":[15.46667,10.4,12.26667,10.66667],"texture":"#6"},"up":{"uv":[4.53333,10.93333,1.33333,11.4],"texture":"#6"},"down":{"uv":[8,11.4,4.8,10.93333],"texture":"#6"}}},{"from":[-0.25,8.5,2],"to":[1.5,9.5,14],"rotation":{"angle":0,"axis":"y","origin":[8,9,8]},"faces":{"east":{"uv":[15.46667,10.93333,12.26667,11.2],"texture":"#6"},"west":{"uv":[15.46667,10.4,12.26667,10.66667],"texture":"#6"},"up":{"uv":[4.53333,10.93333,1.33333,11.4],"rotation":90,"texture":"#6"},"down":{"uv":[8,11.4,4.8,10.93333],"rotation":270,"texture":"#6"}}},{"from":[14.5,8.5,2],"to":[16.25,9.5,14],"rotation":{"angle":0,"axis":"y","origin":[8,9,8]},"faces":{"east":{"uv":[12.26667,10.4,15.46667,10.66667],"texture":"#6"},"west":{"uv":[12.26667,10.93333,15.46667,11.2],"texture":"#6"},"up":{"uv":[4.53333,11.4,1.33333,10.93333],"rotation":90,"texture":"#6"},"down":{"uv":[8,10.93333,4.8,11.4],"rotation":270,"texture":"#6"}}},{"from":[14.25,7.17798,1.0559],"to":[16.25,12.17798,3.0559],"rotation":{"angle":22.5,"axis":"x","origin":[8,12.625,8]},"faces":{"north":{"uv":[4.26667,12.53333,4.8,13.86667],"texture":"#6"},"east":{"uv":[12.53333,6.4,13.06667,7.73333],"texture":"#6"},"south":{"uv":[8.26667,12.53333,8.8,13.86667],"texture":"#6"},"west":{"uv":[9.06667,12.53333,9.6,13.86667],"texture":"#6"},"up":{"uv":[8.26667,14.66667,7.73333,14.13333],"texture":"#6"}}},{"from":[14.2535,15.21913,2.77368],"to":[16.2465,17.21913,8.77368],"rotation":{"angle":-22.5,"axis":"x","origin":[8,12.625,8]},"faces":{"east":{"uv":[12.26667,11.46667,13.86667,12],"texture":"#6"},"west":{"uv":[12.26667,12.26667,13.86667,12.8],"texture":"#6"},"up":{"uv":[8,13.33333,7.46667,11.73333],"texture":"#6"},"down":{"uv":[1.86667,12.53333,1.33333,14.13333],"texture":"#6"}}},{"from":[14.25,7.17798,12.9441],"to":[16.25,12.17798,14.9441],"rotation":{"angle":-22.5,"axis":"x","origin":[8,12.625,8]},"faces":{"north":{"uv":[8.8,12.53333,8.26667,13.86667],"texture":"#6"},"east":{"uv":[13.06667,6.4,12.53333,7.73333],"texture":"#6"},"south":{"uv":[4.8,12.53333,4.26667,13.86667],"texture":"#6"},"west":{"uv":[9.6,12.53333,9.06667,13.86667],"texture":"#6"},"up":{"uv":[8.26667,14.13333,7.73333,14.66667],"texture":"#6"}}},{"from":[14.2535,15.21913,7.22632],"to":[16.2465,17.21913,13.22632],"rotation":{"angle":22.5,"axis":"x","origin":[8,12.625,8]},"faces":{"east":{"uv":[13.86667,11.46667,12.26667,12],"texture":"#6"},"west":{"uv":[13.86667,12.26667,12.26667,12.8],"texture":"#6"},"up":{"uv":[8,11.73333,7.46667,13.33333],"texture":"#6"},"down":{"uv":[1.86667,14.13333,1.33333,12.53333],"texture":"#6"}}},{"from":[14,8.5,14],"to":[17,10.25,17],"rotation":{"angle":0,"axis":"y","origin":[8,12.625,8]},"faces":{"north":{"uv":[4,13.86667,3.2,14.33333],"texture":"#6"},"east":{"uv":[2.93333,13.86667,2.13333,14.33333],"texture":"#6"},"south":{"uv":[14.4,13.06667,13.6,13.53333],"texture":"#6"},"west":{"uv":[14.66667,4.26667,13.86667,4.73333],"texture":"#6"},"up":{"uv":[10.66667,12.53333,9.86667,13.33333],"texture":"#6"},"down":{"uv":[11.73333,13.33333,10.93333,12.53333],"texture":"#6"}}},{"from":[14.25,13.68826,9.06326],"to":[16.25,16.68826,12.06326],"rotation":{"angle":-45,"axis":"x","origin":[8,12.625,8]},"faces":{"north":{"uv":[6.13333,13.06667,6.66667,13.86667],"texture":"#6"},"east":{"uv":[0,13.06667,0.8,13.86667],"texture":"#6"},"south":{"uv":[12,13.06667,12.53333,13.86667],"texture":"#6"},"west":{"uv":[13.06667,0,13.86667,0.8],"texture":"#6"},"up":{"uv":[13.33333,13.86667,12.8,13.06667],"texture":"#6"},"down":{"uv":[13.86667,6.4,13.33333,7.2],"texture":"#6"}}},{"from":[-1,8.5,-1],"to":[2,10.25,2],"rotation":{"angle":0,"axis":"y","origin":[8,12.625,8]},"faces":{"north":{"uv":[14.4,13.06667,13.6,13.53333],"texture":"#6"},"east":{"uv":[14.66667,4.26667,13.86667,4.73333],"texture":"#6"},"south":{"uv":[4,13.86667,3.2,14.33333],"texture":"#6"},"west":{"uv":[2.93333,13.86667,2.13333,14.33333],"texture":"#6"},"up":{"uv":[9.86667,13.33333,10.66667,12.53333],"texture":"#6"},"down":{"uv":[10.93333,12.53333,11.73333,13.33333],"texture":"#6"}}},{"from":[-1,8.5,14],"to":[2,10.25,17],"rotation":{"angle":0,"axis":"y","origin":[8,12.625,8]},"faces":{"north":{"uv":[3.2,13.86667,4,14.33333],"texture":"#6"},"east":{"uv":[13.86667,4.26667,14.66667,4.73333],"texture":"#6"},"south":{"uv":[13.6,13.06667,14.4,13.53333],"texture":"#6"},"west":{"uv":[2.13333,13.86667,2.93333,14.33333],"texture":"#6"},"up":{"uv":[9.86667,12.53333,10.66667,13.33333],"texture":"#6"},"down":{"uv":[10.93333,13.33333,11.73333,12.53333],"texture":"#6"}}},{"from":[-0.25,7.17798,12.9441],"to":[1.75,12.17798,14.9441],"rotation":{"angle":-22.5,"axis":"x","origin":[8,12.625,8]},"faces":{"north":{"uv":[8.26667,12.53333,8.8,13.86667],"texture":"#6"},"east":{"uv":[9.06667,12.53333,9.6,13.86667],"texture":"#6"},"south":{"uv":[4.26667,12.53333,4.8,13.86667],"texture":"#6"},"west":{"uv":[12.53333,6.4,13.06667,7.73333],"texture":"#6"},"up":{"uv":[7.73333,14.13333,8.26667,14.66667],"texture":"#6"}}},{"from":[-0.2465,15.21913,7.22632],"to":[1.7465,17.21913,13.22632],"rotation":{"angle":22.5,"axis":"x","origin":[8,12.625,8]},"faces":{"east":{"uv":[12.26667,12.26667,13.86667,12.8],"texture":"#6"},"west":{"uv":[12.26667,11.46667,13.86667,12],"texture":"#6"},"up":{"uv":[7.46667,11.73333,8,13.33333],"texture":"#6"},"down":{"uv":[1.33333,14.13333,1.86667,12.53333],"texture":"#6"}}},{"from":[-0.2465,15.21913,2.77368],"to":[1.7465,17.21913,8.77368],"rotation":{"angle":-22.5,"axis":"x","origin":[8,12.625,8]},"faces":{"east":{"uv":[13.86667,12.26667,12.26667,12.8],"texture":"#6"},"west":{"uv":[13.86667,11.46667,12.26667,12],"texture":"#6"},"up":{"uv":[7.46667,13.33333,8,11.73333],"texture":"#6"},"down":{"uv":[1.33333,12.53333,1.86667,14.13333],"texture":"#6"}}},{"from":[-0.25,7.17798,1.0559],"to":[1.75,12.17798,3.0559],"rotation":{"angle":22.5,"axis":"x","origin":[8,12.625,8]},"faces":{"north":{"uv":[4.8,12.53333,4.26667,13.86667],"texture":"#6"},"east":{"uv":[9.6,12.53333,9.06667,13.86667],"texture":"#6"},"south":{"uv":[8.8,12.53333,8.26667,13.86667],"texture":"#6"},"west":{"uv":[13.06667,6.4,12.53333,7.73333],"texture":"#6"},"up":{"uv":[7.73333,14.66667,8.26667,14.13333],"texture":"#6"}}},{"from":[-0.25,13.68826,9.06326],"to":[1.75,16.68826,12.06326],"rotation":{"angle":-45,"axis":"x","origin":[8,12.625,8]},"faces":{"north":{"uv":[6.66667,13.06667,6.13333,13.86667],"texture":"#6"},"east":{"uv":[13.86667,0,13.06667,0.8],"texture":"#6"},"south":{"uv":[12.53333,13.06667,12,13.86667],"texture":"#6"},"west":{"uv":[0.8,13.06667,0,13.86667],"texture":"#6"},"up":{"uv":[12.8,13.86667,13.33333,13.06667],"texture":"#6"},"down":{"uv":[13.33333,6.4,13.86667,7.2],"texture":"#6"}}},{"from":[1.5,16.42727,3.07536],"to":[14.5,16.42727,9.57536],"rotation":{"angle":-22.5,"axis":"x","origin":[8,12.625,8]},"faces":{"up":{"uv":[12.26667,6,8.8,4.26667],"texture":"#6"}}},{"from":[0.25,9,0],"to":[15.75,16,16],"rotation":{"angle":0,"axis":"y","origin":[8,12.625,8]},"faces":{"east":{"uv":[4.26667,4.53333,8.53333,6.4],"texture":"#6"},"west":{"uv":[4.26667,6.66667,8.53333,8.53333],"texture":"#6"},"down":{"uv":[4.13333,0,0,4.26667],"texture":"#6"}}},{"from":[1.5,6.33207,1.82844],"to":[14.5,11.83207,1.82844],"rotation":{"angle":22.5,"axis":"x","origin":[8,12.625,8]},"faces":{"north":{"uv":[8.53333,8.8,12,10.26667],"texture":"#6"}}},{"from":[1.5,16.42727,6.42464],"to":[14.5,16.42727,12.92464],"rotation":{"angle":22.5,"axis":"x","origin":[8,12.625,8]},"faces":{"up":{"uv":[12.26667,8.13333,8.8,6.4],"texture":"#6"}}},{"from":[1.5,6.33207,14.17156],"to":[14.5,11.83207,14.17156],"rotation":{"angle":-22.5,"axis":"x","origin":[8,12.625,8]},"faces":{"south":{"uv":[8.53333,10.66667,12,12.13333],"texture":"#6"}}},{"from":[15.245,11.33438,-1.13321],"to":[15.255,17.33438,1.86679],"rotation":{"angle":22.5,"axis":"x","origin":[15.25,14.33438,0.36679]},"faces":{"east":{"uv":[5.86667,13.33333,5.06667,11.73333],"texture":"#6"},"west":{"uv":[5.86667,11.73333,5.06667,13.33333],"rotation":180,"texture":"#6"}}},{"from":[15.245,11.33438,14.13321],"to":[15.255,17.33438,17.13321],"rotation":{"angle":-22.5,"axis":"x","origin":[15.25,14.33438,15.63321]},"faces":{"east":{"uv":[5.06667,13.33333,5.86667,11.73333],"texture":"#6"},"west":{"uv":[5.06667,11.73333,5.86667,13.33333],"rotation":180,"texture":"#6"}}},{"from":[0.745,11.33438,-1.13321],"to":[0.755,17.33438,1.86679],"rotation":{"angle":22.5,"axis":"x","origin":[0.75,14.33438,0.36679]},"faces":{"east":{"uv":[5.06667,11.73333,5.86667,13.33333],"rotation":180,"texture":"#6"},"west":{"uv":[5.06667,13.33333,5.86667,11.73333],"texture":"#6"}}},{"from":[0.745,11.33438,14.13321],"to":[0.755,17.33438,17.13321],"rotation":{"angle":-22.5,"axis":"x","origin":[0.75,14.33438,15.63321]},"faces":{"east":{"uv":[5.86667,11.73333,5.06667,13.33333],"rotation":180,"texture":"#6"},"west":{"uv":[5.86667,13.33333,5.06667,11.73333],"texture":"#6"}}},{"from":[15.275,14.52785,1.71808],"to":[15.285,19.27785,5.96808],"rotation":{"angle":-22.5,"axis":"x","origin":[15.28,18.15285,2.59308]},"faces":{"east":{"uv":[0,0,8.5,9.5],"texture":"#7"},"west":{"uv":[8.5,0,0,9.5],"texture":"#7"}}},{"from":[15.275,14.52785,10.03192],"to":[15.285,19.27785,14.28192],"rotation":{"angle":22.5,"axis":"x","origin":[15.28,18.15285,13.40692]},"faces":{"east":{"uv":[8.5,0,0,9.5],"texture":"#7"},"west":{"uv":[0,0,8.5,9.5],"texture":"#7"}}},{"from":[0.715,14.52785,10.03192],"to":[0.725,19.27785,14.28192],"rotation":{"angle":22.5,"axis":"x","origin":[0.72,18.15285,13.40692]},"faces":{"east":{"uv":[8.5,0,0,9.5],"texture":"#7"},"west":{"uv":[0,0,8.5,9.5],"texture":"#7"}}},{"from":[0.715,14.52785,1.71808],"to":[0.725,19.27785,5.96808],"rotation":{"angle":-22.5,"axis":"x","origin":[0.72,18.15285,2.59308]},"faces":{"east":{"uv":[0,0,8.5,9.5],"texture":"#7"},"west":{"uv":[8.5,0,0,9.5],"texture":"#7"}}},{"from":[14.5,0,-1],"to":[17,1.5,1.5],"rotation":{"angle":0,"axis":"y","origin":[8,4.375,7.99127]},"faces":{"north":{"uv":[8.53333,14.13333,9.2,14.53333],"texture":"#6"},"east":{"uv":[11.46667,14.13333,12.13333,14.53333],"texture":"#6"},"south":{"uv":[14.13333,11.46667,14.8,11.86667],"texture":"#6"},"west":{"uv":[14.13333,12.26667,14.8,12.66667],"texture":"#6"},"up":{"uv":[13.73333,2.8,13.06667,2.13333],"texture":"#6"},"down":{"uv":[13.73333,3.2,13.06667,3.86667],"texture":"#6"}}},{"from":[14.5,1.5,-0.5],"to":[16.5,3,1.5],"rotation":{"angle":0,"axis":"y","origin":[8,4.375,7.99127]},"faces":{"north":{"uv":[12.53333,14.13333,13.06667,14.53333],"texture":"#6"},"east":{"uv":[0.8,14.4,1.33333,14.8],"texture":"#6"},"south":{"uv":[13.33333,14.4,13.86667,14.8],"texture":"#6"},"west":{"uv":[14.13333,14.4,14.66667,14.8],"texture":"#6"},"up":{"uv":[4.8,14.66667,4.26667,14.13333],"texture":"#6"}}},{"from":[9.5,0.75,0],"to":[14.5,1.75,1],"rotation":{"angle":0,"axis":"y","origin":[8,4.375,7.99127]},"faces":{"north":{"uv":[13.33333,7.46667,14.66667,7.73333],"texture":"#6"},"south":{"uv":[13.86667,5.06667,15.2,5.33333],"texture":"#6"},"west":{"uv":[6.93333,13.06667,7.2,13.33333],"texture":"#6"},"up":{"uv":[15.2,5.86667,13.86667,5.6],"texture":"#6"},"down":{"uv":[14.93333,13.86667,13.6,14.13333],"texture":"#6"}}},{"from":[9.5,1.75,0],"to":[10,2.25,1],"rotation":{"angle":0,"axis":"y","origin":[8,4.375,7.99127]},"faces":{"north":{"uv":[5.06667,14.66667,5.2,14.8],"texture":"#6"},"east":{"uv":[2.66667,14.66667,2.93333,14.8],"texture":"#6"},"west":{"uv":[3.2,14.66667,3.46667,14.8],"texture":"#6"},"up":{"uv":[3.86667,14.93333,3.73333,14.66667],"texture":"#6"}}},{"from":[10.5,1.75,0],"to":[11.5,2.75,1],"rotation":{"angle":0,"axis":"y","origin":[8,4.375,7.99127]},"faces":{"north":{"uv":[7.73333,13.6,8,13.86667],"texture":"#6"},"east":{"uv":[11.46667,13.6,11.73333,13.86667],"texture":"#6"},"west":{"uv":[14.13333,6.93333,14.4,7.2],"texture":"#6"}}},{"from":[4.5,2.75,0],"to":[11.5,3.75,1],"rotation":{"angle":0,"axis":"y","origin":[8,4.375,7.99127]},"faces":{"north":{"uv":[12.53333,8,14.4,8.26667],"texture":"#6"},"east":{"uv":[1.6,14.4,1.86667,14.66667],"texture":"#6"},"west":{"uv":[2.13333,14.66667,2.4,14.93333],"texture":"#6"},"up":{"uv":[14.93333,1.33333,13.06667,1.06667],"texture":"#6"},"down":{"uv":[14.93333,1.6,13.06667,1.86667],"texture":"#6"}}},{"from":[14.5,6,-0.5],"to":[16.5,8.75,1.5],"rotation":{"angle":0,"axis":"y","origin":[8,4.375,7.99127]},"faces":{"north":{"uv":[5.06667,13.6,5.6,14.33333],"texture":"#6"},"east":{"uv":[6.93333,13.6,7.46667,14.33333],"texture":"#6"},"south":{"uv":[9.86667,13.6,10.4,14.33333],"texture":"#6"},"west":{"uv":[10.66667,13.6,11.2,14.33333],"texture":"#6"},"up":{"uv":[6.4,14.66667,5.86667,14.13333],"texture":"#6"},"down":{"uv":[14.66667,6.13333,14.13333,6.66667],"texture":"#6"}}},{"from":[1.5,7.5,0],"to":[14.5,8.5,1.5],"rotation":{"angle":0,"axis":"y","origin":[8,4.375,7.99127]},"faces":{"north":{"uv":[12.26667,9.33333,15.73333,9.6],"texture":"#6"},"south":{"uv":[12.26667,9.86667,15.73333,10.13333],"texture":"#6"},"up":{"uv":[4.8,12.13333,1.33333,11.73333],"texture":"#6"},"down":{"uv":[15.73333,8.53333,12.26667,8.93333],"texture":"#6"}}},{"from":[0.5,1,0.5],"to":[15.5,8,15.5],"rotation":{"angle":0,"axis":"y","origin":[8,4.375,7.99127]},"faces":{"north":{"uv":[0,8.8,4,10.66667],"texture":"#6"},"east":{"uv":[8.8,0,12.8,1.86667],"texture":"#6"},"south":{"uv":[8.8,2.13333,12.8,4],"texture":"#6"},"west":{"uv":[4.26667,8.8,8.26667,10.66667],"texture":"#6"},"up":{"uv":[4,8.53333,0,4.53333],"texture":"#6"},"down":{"uv":[8.53333,0,4.53333,4],"texture":"#6"}}},{"from":[14.5,3,0],"to":[16,6,1.5],"rotation":{"angle":0,"axis":"y","origin":[8,4.375,7.99127]},"faces":{"north":{"uv":[0,14.13333,0.4,14.93333],"texture":"#6"},"east":{"uv":[14.13333,0,14.53333,0.8],"texture":"#6"},"south":{"uv":[14.13333,2.13333,14.53333,2.93333],"texture":"#6"},"west":{"uv":[14.13333,3.2,14.53333,4],"texture":"#6"}}},{"from":[-0.5,6,-0.5],"to":[1.5,8.75,1.5],"rotation":{"angle":0,"axis":"y","origin":[8,4.375,7.99127]},"faces":{"north":{"uv":[5.6,13.6,5.06667,14.33333],"texture":"#6"},"east":{"uv":[11.2,13.6,10.66667,14.33333],"texture":"#6"},"south":{"uv":[10.4,13.6,9.86667,14.33333],"texture":"#6"},"west":{"uv":[7.46667,13.6,6.93333,14.33333],"texture":"#6"},"up":{"uv":[5.86667,14.66667,6.4,14.13333],"texture":"#6"},"down":{"uv":[14.13333,6.13333,14.66667,6.66667],"texture":"#6"}}},{"from":[0,3,0],"to":[1.5,6,1.5],"rotation":{"angle":0,"axis":"y","origin":[8,4.375,7.99127]},"faces":{"north":{"uv":[0.4,14.13333,0,14.93333],"texture":"#6"},"east":{"uv":[14.53333,3.2,14.13333,4],"texture":"#6"},"south":{"uv":[14.53333,2.13333,14.13333,2.93333],"texture":"#6"},"west":{"uv":[14.53333,0,14.13333,0.8],"texture":"#6"}}},{"from":[-0.5,1.5,-0.5],"to":[1.5,3,1.5],"rotation":{"angle":0,"axis":"y","origin":[8,4.375,7.99127]},"faces":{"north":{"uv":[13.06667,14.13333,12.53333,14.53333],"texture":"#6"},"east":{"uv":[14.66667,14.4,14.13333,14.8],"texture":"#6"},"south":{"uv":[13.86667,14.4,13.33333,14.8],"texture":"#6"},"west":{"uv":[1.33333,14.4,0.8,14.8],"texture":"#6"},"up":{"uv":[4.26667,14.66667,4.8,14.13333],"texture":"#6"}}},{"from":[-1,0,-1],"to":[1.5,1.5,1.5],"rotation":{"angle":0,"axis":"y","origin":[8,4.375,7.99127]},"faces":{"north":{"uv":[9.2,14.13333,8.53333,14.53333],"texture":"#6"},"east":{"uv":[14.8,12.26667,14.13333,12.66667],"texture":"#6"},"south":{"uv":[14.8,11.46667,14.13333,11.86667],"texture":"#6"},"west":{"uv":[12.13333,14.13333,11.46667,14.53333],"texture":"#6"},"up":{"uv":[13.06667,2.8,13.73333,2.13333],"texture":"#6"},"down":{"uv":[13.06667,3.2,13.73333,3.86667],"texture":"#6"}}},{"from":[1.5,0.75,0],"to":[6.5,1.75,1],"rotation":{"angle":0,"axis":"y","origin":[8,4.375,7.99127]},"faces":{"north":{"uv":[14.66667,7.46667,13.33333,7.73333],"texture":"#6"},"east":{"uv":[7.2,13.06667,6.93333,13.33333],"texture":"#6"},"south":{"uv":[15.2,5.06667,13.86667,5.33333],"texture":"#6"},"up":{"uv":[13.86667,5.86667,15.2,5.6],"texture":"#6"},"down":{"uv":[13.6,13.86667,14.93333,14.13333],"texture":"#6"}}},{"from":[6,1.75,0],"to":[6.5,2.25,1],"rotation":{"angle":0,"axis":"y","origin":[8,4.375,7.99127]},"faces":{"north":{"uv":[5.2,14.66667,5.06667,14.8],"texture":"#6"},"east":{"uv":[3.46667,14.66667,3.2,14.8],"texture":"#6"},"west":{"uv":[2.93333,14.66667,2.66667,14.8],"texture":"#6"},"up":{"uv":[3.73333,14.93333,3.86667,14.66667],"texture":"#6"}}},{"from":[4.5,1.75,0],"to":[5.5,2.75,1],"rotation":{"angle":0,"axis":"y","origin":[8,4.375,7.99127]},"faces":{"north":{"uv":[8,13.6,7.73333,13.86667],"texture":"#6"},"east":{"uv":[14.4,6.93333,14.13333,7.2],"texture":"#6"},"west":{"uv":[11.73333,13.6,11.46667,13.86667],"texture":"#6"}}},{"from":[-0.5,6,14.5],"to":[1.5,8.75,16.5],"rotation":{"angle":0,"axis":"y","origin":[8,4.375,8.00873]},"faces":{"north":{"uv":[9.86667,13.6,10.4,14.33333],"texture":"#6"},"east":{"uv":[10.66667,13.6,11.2,14.33333],"texture":"#6"},"south":{"uv":[5.06667,13.6,5.6,14.33333],"texture":"#6"},"west":{"uv":[6.93333,13.6,7.46667,14.33333],"texture":"#6"},"up":{"uv":[5.86667,14.13333,6.4,14.66667],"texture":"#6"},"down":{"uv":[14.13333,6.66667,14.66667,6.13333],"texture":"#6"}}},{"from":[0,3,14.5],"to":[1.5,6,16],"rotation":{"angle":0,"axis":"y","origin":[8,4.375,8.00873]},"faces":{"north":{"uv":[14.13333,2.13333,14.53333,2.93333],"texture":"#6"},"east":{"uv":[14.13333,3.2,14.53333,4],"texture":"#6"},"south":{"uv":[0,14.13333,0.4,14.93333],"texture":"#6"},"west":{"uv":[14.13333,0,14.53333,0.8],"texture":"#6"}}},{"from":[-0.5,1.5,14.5],"to":[1.5,3,16.5],"rotation":{"angle":0,"axis":"y","origin":[8,4.375,8.00873]},"faces":{"north":{"uv":[13.33333,14.4,13.86667,14.8],"texture":"#6"},"east":{"uv":[14.13333,14.4,14.66667,14.8],"texture":"#6"},"south":{"uv":[12.53333,14.13333,13.06667,14.53333],"texture":"#6"},"west":{"uv":[0.8,14.4,1.33333,14.8],"texture":"#6"},"up":{"uv":[4.26667,14.13333,4.8,14.66667],"texture":"#6"}}},{"from":[-1,0,14.5],"to":[1.5,1.5,17],"rotation":{"angle":0,"axis":"y","origin":[8,4.375,8.00873]},"faces":{"north":{"uv":[14.13333,11.46667,14.8,11.86667],"texture":"#6"},"east":{"uv":[14.13333,12.26667,14.8,12.66667],"texture":"#6"},"south":{"uv":[8.53333,14.13333,9.2,14.53333],"texture":"#6"},"west":{"uv":[11.46667,14.13333,12.13333,14.53333],"texture":"#6"},"up":{"uv":[13.06667,2.13333,13.73333,2.8],"texture":"#6"},"down":{"uv":[13.06667,3.86667,13.73333,3.2],"texture":"#6"}}},{"from":[1.5,0.75,15],"to":[6.5,1.75,16],"rotation":{"angle":0,"axis":"y","origin":[8,4.375,8.00873]},"faces":{"north":{"uv":[13.86667,5.06667,15.2,5.33333],"texture":"#6"},"east":{"uv":[6.93333,13.06667,7.2,13.33333],"texture":"#6"},"south":{"uv":[13.33333,7.46667,14.66667,7.73333],"texture":"#6"},"up":{"uv":[13.86667,5.6,15.2,5.86667],"texture":"#6"},"down":{"uv":[13.6,14.13333,14.93333,13.86667],"texture":"#6"}}},{"from":[6,1.75,15],"to":[6.5,2.25,16],"rotation":{"angle":0,"axis":"y","origin":[8,4.375,8.00873]},"faces":{"east":{"uv":[3.2,14.66667,3.46667,14.8],"texture":"#6"},"south":{"uv":[5.06667,14.66667,5.2,14.8],"texture":"#6"},"west":{"uv":[2.66667,14.66667,2.93333,14.8],"texture":"#6"},"up":{"uv":[3.73333,14.66667,3.86667,14.93333],"texture":"#6"}}},{"from":[4.5,1.75,15],"to":[5.5,2.75,16],"rotation":{"angle":0,"axis":"y","origin":[8,4.375,8.00873]},"faces":{"east":{"uv":[14.13333,6.93333,14.4,7.2],"texture":"#6"},"south":{"uv":[7.73333,13.6,8,13.86667],"texture":"#6"},"west":{"uv":[11.46667,13.6,11.73333,13.86667],"texture":"#6"}}},{"from":[9.5,1.75,15],"to":[10,2.25,16],"rotation":{"angle":0,"axis":"y","origin":[8,4.375,8.00873]},"faces":{"east":{"uv":[2.93333,14.66667,2.66667,14.8],"texture":"#6"},"south":{"uv":[5.2,14.66667,5.06667,14.8],"texture":"#6"},"west":{"uv":[3.46667,14.66667,3.2,14.8],"texture":"#6"},"up":{"uv":[3.86667,14.66667,3.73333,14.93333],"texture":"#6"}}},{"from":[9.5,0.75,15],"to":[14.5,1.75,16],"rotation":{"angle":0,"axis":"y","origin":[8,4.375,8.00873]},"faces":{"north":{"uv":[15.2,5.06667,13.86667,5.33333],"texture":"#6"},"south":{"uv":[14.66667,7.46667,13.33333,7.73333],"texture":"#6"},"west":{"uv":[7.2,13.06667,6.93333,13.33333],"texture":"#6"},"up":{"uv":[15.2,5.6,13.86667,5.86667],"texture":"#6"},"down":{"uv":[14.93333,14.13333,13.6,13.86667],"texture":"#6"}}},{"from":[10.5,1.75,15],"to":[11.5,2.75,16],"rotation":{"angle":0,"axis":"y","origin":[8,4.375,8.00873]},"faces":{"east":{"uv":[11.73333,13.6,11.46667,13.86667],"texture":"#6"},"south":{"uv":[8,13.6,7.73333,13.86667],"texture":"#6"},"west":{"uv":[14.4,6.93333,14.13333,7.2],"texture":"#6"}}},{"from":[14.5,1.5,14.5],"to":[16.5,3,16.5],"rotation":{"angle":0,"axis":"y","origin":[8,4.375,8.00873]},"faces":{"north":{"uv":[13.86667,14.4,13.33333,14.8],"texture":"#6"},"east":{"uv":[1.33333,14.4,0.8,14.8],"texture":"#6"},"south":{"uv":[13.06667,14.13333,12.53333,14.53333],"texture":"#6"},"west":{"uv":[14.66667,14.4,14.13333,14.8],"texture":"#6"},"up":{"uv":[4.8,14.13333,4.26667,14.66667],"texture":"#6"}}},{"from":[14.5,0,14.5],"to":[17,1.5,17],"rotation":{"angle":0,"axis":"y","origin":[8,4.375,8.00873]},"faces":{"north":{"uv":[14.8,11.46667,14.13333,11.86667],"texture":"#6"},"east":{"uv":[12.13333,14.13333,11.46667,14.53333],"texture":"#6"},"south":{"uv":[9.2,14.13333,8.53333,14.53333],"texture":"#6"},"west":{"uv":[14.8,12.26667,14.13333,12.66667],"texture":"#6"},"up":{"uv":[13.73333,2.13333,13.06667,2.8],"texture":"#6"},"down":{"uv":[13.73333,3.86667,13.06667,3.2],"texture":"#6"}}},{"from":[14.5,3,14.5],"to":[16,6,16],"rotation":{"angle":0,"axis":"y","origin":[8,4.375,8.00873]},"faces":{"north":{"uv":[14.53333,2.13333,14.13333,2.93333],"texture":"#6"},"east":{"uv":[14.53333,0,14.13333,0.8],"texture":"#6"},"south":{"uv":[0.4,14.13333,0,14.93333],"texture":"#6"},"west":{"uv":[14.53333,3.2,14.13333,4],"texture":"#6"}}},{"from":[14.5,6,14.5],"to":[16.5,8.75,16.5],"rotation":{"angle":0,"axis":"y","origin":[8,4.375,8.00873]},"faces":{"north":{"uv":[10.4,13.6,9.86667,14.33333],"texture":"#6"},"east":{"uv":[7.46667,13.6,6.93333,14.33333],"texture":"#6"},"south":{"uv":[5.6,13.6,5.06667,14.33333],"texture":"#6"},"west":{"uv":[11.2,13.6,10.66667,14.33333],"texture":"#6"},"up":{"uv":[6.4,14.13333,5.86667,14.66667],"texture":"#6"},"down":{"uv":[14.66667,6.66667,14.13333,6.13333],"texture":"#6"}}},{"from":[1.5,7.5,14.5],"to":[14.5,8.5,16],"rotation":{"angle":0,"axis":"y","origin":[8,4.375,8.00873]},"faces":{"north":{"uv":[15.73333,9.86667,12.26667,10.13333],"texture":"#6"},"south":{"uv":[15.73333,9.33333,12.26667,9.6],"texture":"#6"},"up":{"uv":[4.8,11.73333,1.33333,12.13333],"texture":"#6"},"down":{"uv":[15.73333,8.93333,12.26667,8.53333],"texture":"#6"}}},{"from":[4.5,2.75,15],"to":[11.5,3.75,16],"rotation":{"angle":0,"axis":"y","origin":[8,4.375,8.00873]},"faces":{"east":{"uv":[1.86667,14.4,1.6,14.66667],"texture":"#6"},"south":{"uv":[14.4,8,12.53333,8.26667],"texture":"#6"},"west":{"uv":[2.4,14.66667,2.13333,14.93333],"texture":"#6"},"up":{"uv":[14.93333,1.06667,13.06667,1.33333],"texture":"#6"},"down":{"uv":[14.93333,1.86667,13.06667,1.6],"texture":"#6"}}},{"from":[14.5,7.5,1.5],"to":[16,8.5,14.5],"rotation":{"angle":0,"axis":"y","origin":[8,4.625,8]},"faces":{"east":{"uv":[12.26667,9.33333,15.73333,9.6],"texture":"#6"},"west":{"uv":[12.26667,9.86667,15.73333,10.13333],"texture":"#6"},"up":{"uv":[4.8,12.13333,1.33333,11.73333],"rotation":90,"texture":"#6"},"down":{"uv":[15.73333,8.53333,12.26667,8.93333],"rotation":270,"texture":"#6"}}},{"from":[15,2.75,4.5],"to":[16,3.75,11.5],"rotation":{"angle":0,"axis":"y","origin":[8,4.625,8]},"faces":{"north":{"uv":[2.13333,14.66667,2.4,14.93333],"texture":"#6"},"east":{"uv":[12.53333,8,14.4,8.26667],"texture":"#6"},"south":{"uv":[1.6,14.4,1.86667,14.66667],"texture":"#6"},"up":{"uv":[14.93333,1.33333,13.06667,1.06667],"rotation":90,"texture":"#6"},"down":{"uv":[14.93333,1.6,13.06667,1.86667],"rotation":270,"texture":"#6"}}},{"from":[15,1.75,4.5],"to":[16,2.75,5.5],"rotation":{"angle":0,"axis":"y","origin":[8,4.625,8]},"faces":{"north":{"uv":[11.73333,13.6,11.46667,13.86667],"texture":"#6"},"east":{"uv":[8,13.6,7.73333,13.86667],"texture":"#6"},"south":{"uv":[14.4,6.93333,14.13333,7.2],"texture":"#6"}}},{"from":[15,1.75,6],"to":[16,2.25,6.5],"rotation":{"angle":0,"axis":"y","origin":[8,4.625,8]},"faces":{"north":{"uv":[2.93333,14.66667,2.66667,14.8],"texture":"#6"},"east":{"uv":[5.2,14.66667,5.06667,14.8],"texture":"#6"},"south":{"uv":[3.46667,14.66667,3.2,14.8],"texture":"#6"},"up":{"uv":[3.73333,14.93333,3.86667,14.66667],"rotation":90,"texture":"#6"}}},{"from":[15,0.75,1.5],"to":[16,1.75,6.5],"rotation":{"angle":0,"axis":"y","origin":[8,4.625,8]},"faces":{"east":{"uv":[14.66667,7.46667,13.33333,7.73333],"texture":"#6"},"south":{"uv":[7.2,13.06667,6.93333,13.33333],"texture":"#6"},"west":{"uv":[15.2,5.06667,13.86667,5.33333],"texture":"#6"},"up":{"uv":[13.86667,5.86667,15.2,5.6],"rotation":90,"texture":"#6"},"down":{"uv":[13.6,13.86667,14.93333,14.13333],"rotation":270,"texture":"#6"}}},{"from":[15,0.75,9.5],"to":[16,1.75,14.5],"rotation":{"angle":0,"axis":"y","origin":[8,4.625,8]},"faces":{"north":{"uv":[6.93333,13.06667,7.2,13.33333],"texture":"#6"},"east":{"uv":[13.33333,7.46667,14.66667,7.73333],"texture":"#6"},"west":{"uv":[13.86667,5.06667,15.2,5.33333],"texture":"#6"},"up":{"uv":[15.2,5.86667,13.86667,5.6],"rotation":90,"texture":"#6"},"down":{"uv":[14.93333,13.86667,13.6,14.13333],"rotation":270,"texture":"#6"}}},{"from":[15,1.75,10.5],"to":[16,2.75,11.5],"rotation":{"angle":0,"axis":"y","origin":[8,4.625,8]},"faces":{"north":{"uv":[14.13333,6.93333,14.4,7.2],"texture":"#6"},"east":{"uv":[7.73333,13.6,8,13.86667],"texture":"#6"},"south":{"uv":[11.46667,13.6,11.73333,13.86667],"texture":"#6"}}},{"from":[15,1.75,9.5],"to":[16,2.25,10],"rotation":{"angle":0,"axis":"y","origin":[8,4.625,8]},"faces":{"north":{"uv":[3.2,14.66667,3.46667,14.8],"texture":"#6"},"east":{"uv":[5.06667,14.66667,5.2,14.8],"texture":"#6"},"south":{"uv":[2.66667,14.66667,2.93333,14.8],"texture":"#6"},"up":{"uv":[3.86667,14.93333,3.73333,14.66667],"rotation":90,"texture":"#6"}}},{"from":[0,0.75,9.5],"to":[1,1.75,14.5],"rotation":{"angle":0,"axis":"y","origin":[8,4.625,8]},"faces":{"north":{"uv":[7.2,13.06667,6.93333,13.33333],"texture":"#6"},"east":{"uv":[15.2,5.06667,13.86667,5.33333],"texture":"#6"},"west":{"uv":[14.66667,7.46667,13.33333,7.73333],"texture":"#6"},"up":{"uv":[15.2,5.6,13.86667,5.86667],"rotation":90,"texture":"#6"},"down":{"uv":[14.93333,14.13333,13.6,13.86667],"rotation":270,"texture":"#6"}}},{"from":[0,1.75,9.5],"to":[1,2.25,10],"rotation":{"angle":0,"axis":"y","origin":[8,4.625,8]},"faces":{"north":{"uv":[3.46667,14.66667,3.2,14.8],"texture":"#6"},"south":{"uv":[2.93333,14.66667,2.66667,14.8],"texture":"#6"},"west":{"uv":[5.2,14.66667,5.06667,14.8],"texture":"#6"},"up":{"uv":[3.86667,14.66667,3.73333,14.93333],"rotation":90,"texture":"#6"}}},{"from":[0,1.75,10.5],"to":[1,2.75,11.5],"rotation":{"angle":0,"axis":"y","origin":[8,4.625,8]},"faces":{"north":{"uv":[14.4,6.93333,14.13333,7.2],"texture":"#6"},"south":{"uv":[11.73333,13.6,11.46667,13.86667],"texture":"#6"},"west":{"uv":[8,13.6,7.73333,13.86667],"texture":"#6"}}},{"from":[0,2.75,4.5],"to":[1,3.75,11.5],"rotation":{"angle":0,"axis":"y","origin":[8,4.625,8]},"faces":{"north":{"uv":[2.4,14.66667,2.13333,14.93333],"texture":"#6"},"south":{"uv":[1.86667,14.4,1.6,14.66667],"texture":"#6"},"west":{"uv":[14.4,8,12.53333,8.26667],"texture":"#6"},"up":{"uv":[14.93333,1.06667,13.06667,1.33333],"rotation":90,"texture":"#6"},"down":{"uv":[14.93333,1.86667,13.06667,1.6],"rotation":270,"texture":"#6"}}},{"from":[0,1.75,4.5],"to":[1,2.75,5.5],"rotation":{"angle":0,"axis":"y","origin":[8,4.625,8]},"faces":{"north":{"uv":[11.46667,13.6,11.73333,13.86667],"texture":"#6"},"south":{"uv":[14.13333,6.93333,14.4,7.2],"texture":"#6"},"west":{"uv":[7.73333,13.6,8,13.86667],"texture":"#6"}}},{"from":[0,0.75,1.5],"to":[1,1.75,6.5],"rotation":{"angle":0,"axis":"y","origin":[8,4.625,8]},"faces":{"east":{"uv":[13.86667,5.06667,15.2,5.33333],"texture":"#6"},"south":{"uv":[6.93333,13.06667,7.2,13.33333],"texture":"#6"},"west":{"uv":[13.33333,7.46667,14.66667,7.73333],"texture":"#6"},"up":{"uv":[13.86667,5.6,15.2,5.86667],"rotation":90,"texture":"#6"},"down":{"uv":[13.6,14.13333,14.93333,13.86667],"rotation":270,"texture":"#6"}}},{"from":[0,1.75,6],"to":[1,2.25,6.5],"rotation":{"angle":0,"axis":"y","origin":[8,4.625,8]},"faces":{"north":{"uv":[2.66667,14.66667,2.93333,14.8],"texture":"#6"},"south":{"uv":[3.2,14.66667,3.46667,14.8],"texture":"#6"},"west":{"uv":[5.06667,14.66667,5.2,14.8],"texture":"#6"},"up":{"uv":[3.73333,14.66667,3.86667,14.93333],"rotation":90,"texture":"#6"}}},{"from":[0,7.5,1.5],"to":[1.5,8.5,14.5],"rotation":{"angle":0,"axis":"y","origin":[8,4.625,8]},"faces":{"east":{"uv":[15.73333,9.86667,12.26667,10.13333],"texture":"#6"},"west":{"uv":[15.73333,9.33333,12.26667,9.6],"texture":"#6"},"up":{"uv":[4.8,11.73333,1.33333,12.13333],"rotation":90,"texture":"#6"},"down":{"uv":[15.73333,8.93333,12.26667,8.53333],"rotation":270,"texture":"#6"}}},{"from":[6,1.05072,-1.35818],"to":[10,5.05072,1.64182],"rotation":{"angle":22.5,"axis":"x","origin":[8,4.375,7.99127]},"faces":{"north":{"uv":[6.13333,11.73333,7.2,12.8],"texture":"#6"},"east":{"uv":[2.13333,12.53333,2.93333,13.6],"texture":"#6"},"west":{"uv":[3.2,12.53333,4,13.6],"texture":"#6"},"up":{"uv":[13.6,5.06667,12.53333,4.26667],"texture":"#6"},"down":{"uv":[13.6,5.33333,12.53333,6.13333],"texture":"#6"}}},{"from":[-2.9365,8.175,14.27721],"to":[-1.9365,10.175,15.27721],"rotation":{"angle":22.5,"axis":"y","origin":[-0.9831,7.8625,16.8]},"faces":{"north":{"uv":[0,2.4,0.8,4],"texture":"#2"},"east":{"uv":[1.6,2.4,2.4,4],"texture":"#2"},"south":{"uv":[0,0,0.8,1.6],"texture":"#2"},"west":{"uv":[1.6,0,2.4,1.6],"texture":"#2"},"up":{"uv":[6.4,0,7.2,0.8],"texture":"#2"},"down":{"uv":[6.4,2.4,7.2,1.6],"texture":"#2"}}},{"from":[-3.77924,8.425,14.80809],"to":[-3.27924,10.425,15.30809],"rotation":{"angle":0,"axis":"y","origin":[-0.9831,7.8625,16.8]},"faces":{"north":{"uv":[0,7.2,0.4,8.8],"texture":"#2"},"east":{"uv":[1.6,7.2,2,8.8],"texture":"#2"},"south":{"uv":[6.4,3.2,6.8,4.8],"texture":"#2"},"west":{"uv":[6.4,5.6,6.8,7.2],"texture":"#2"},"up":{"uv":[4.8,13.6,5.2,14],"texture":"#2"},"down":{"uv":[8,14,8.4,13.6],"texture":"#2"}}},{"from":[-2.74137,7.925,15.6288],"to":[-2.24137,9.925,16.1288],"rotation":{"angle":0,"axis":"y","origin":[-0.9831,7.8625,16.8]},"faces":{"north":{"uv":[8,0,8.4,1.6],"texture":"#2"},"east":{"uv":[8,2.4,8.4,4],"texture":"#2"},"south":{"uv":[3.2,7.2,3.6,8.8],"texture":"#2"},"west":{"uv":[4.8,7.2,5.2,8.8],"texture":"#2"},"up":{"uv":[11.2,13.6,11.6,14],"texture":"#2"},"down":{"uv":[14.4,0.4,14.8,0],"texture":"#2"}}},{"from":[-2.79823,10.175,14.43482],"to":[-2.04823,10.675,15.18482],"rotation":{"angle":22.5,"axis":"y","origin":[-0.9831,7.8625,16.8]},"faces":{"north":{"uv":[12.8,0,13.4,0.4],"texture":"#2"},"east":{"uv":[1.6,12.8,2.2,13.2],"texture":"#2"},"south":{"uv":[8,12,8.6,12.4],"texture":"#2"},"west":{"uv":[11.2,12,11.8,12.4],"texture":"#2"},"up":{"uv":[1.6,11.2,2.2,11.8],"texture":"#2"}}},{"from":[-2.79823,7.675,14.43482],"to":[-2.04823,8.175,15.18482],"rotation":{"angle":22.5,"axis":"y","origin":[-0.9831,7.8625,16.8]},"faces":{"north":{"uv":[12.8,3.2,13.4,3.6],"texture":"#2"},"east":{"uv":[12.8,4.8,13.4,5.2],"texture":"#2"},"south":{"uv":[12.8,1.6,13.4,2],"texture":"#2"},"west":{"uv":[3.2,12.8,3.8,13.2],"texture":"#2"},"down":{"uv":[11.2,3,11.8,2.4],"texture":"#2"}}},{"name":"cube_outline","from":[-1.8365,10.275,15.37721],"to":[-3.0365,8.075,14.17721],"rotation":{"angle":22.5,"axis":"y","origin":[-0.9831,7.8625,16.8]},"faces":{"north":{"uv":[0,2.66667,0.83333,4.16667],"texture":"#4"},"east":{"uv":[2,2.66667,2.83333,4.16667],"texture":"#4"},"south":{"uv":[0,0,0.83333,1.5],"texture":"#4"},"west":{"uv":[2,0,2.83333,1.5],"texture":"#4"},"up":{"uv":[9.33333,0,10.16667,0.83333],"texture":"#4"},"down":{"uv":[5.33333,10.16667,6.16667,9.33333],"texture":"#4"}}},{"name":"cube_outline","from":[-3.17924,10.525,15.40809],"to":[-3.87924,8.325,14.70809],"rotation":{"angle":0,"axis":"y","origin":[-0.9831,7.8625,16.8]},"faces":{"north":{"uv":[0,7.33333,0.5,8.83333],"texture":"#4"},"east":{"uv":[1.33333,7.33333,1.83333,8.83333],"texture":"#4"},"south":{"uv":[6,4,6.5,5.5],"texture":"#4"},"west":{"uv":[6,6.66667,6.5,8.16667],"texture":"#4"},"up":{"uv":[5.33333,13.33333,5.83333,13.83333],"texture":"#4"},"down":{"uv":[9.33333,13.83333,9.83333,13.33333],"texture":"#4"}}},{"name":"cube_outline","from":[-2.14137,10.025,16.2288],"to":[-2.84137,7.825,15.5288],"rotation":{"angle":0,"axis":"y","origin":[-0.9831,7.8625,16.8]},"faces":{"north":{"uv":[7.33333,6.66667,7.83333,8.16667],"texture":"#4"},"east":{"uv":[8,0,8.5,1.5],"texture":"#4"},"south":{"uv":[2.66667,7.33333,3.16667,8.83333],"texture":"#4"},"west":{"uv":[7.33333,4,7.83333,5.5],"texture":"#4"},"up":{"uv":[12.66667,13.33333,13.16667,13.83333],"texture":"#4"},"down":{"uv":[0,14.5,0.5,14],"texture":"#4"}}},{"name":"cube_outline","from":[-1.94823,10.775,15.28482],"to":[-2.89823,10.075,14.33482],"rotation":{"angle":22.5,"axis":"y","origin":[-0.9831,7.8625,16.8]},"faces":{"north":{"uv":[12.66667,0,13.33333,0.5],"texture":"#4"},"east":{"uv":[4,12.66667,4.66667,13.16667],"texture":"#4"},"south":{"uv":[12,4,12.66667,4.5],"texture":"#4"},"west":{"uv":[10,12,10.66667,12.5],"texture":"#4"},"down":{"uv":[11.33333,6.66667,12,6],"texture":"#4"}}},{"name":"cube_outline","from":[-1.94823,8.275,15.28482],"to":[-2.89823,7.575,14.33482],"rotation":{"angle":22.5,"axis":"y","origin":[-0.9831,7.8625,16.8]},"faces":{"north":{"uv":[12.66667,6.66667,13.33333,7.16667],"texture":"#4"},"east":{"uv":[8,12.66667,8.66667,13.16667],"texture":"#4"},"south":{"uv":[12.66667,5.33333,13.33333,5.83333],"texture":"#4"},"west":{"uv":[6.66667,12.66667,7.33333,13.16667],"texture":"#4"},"up":{"uv":[6.66667,11.33333,7.33333,12],"texture":"#4"}}},{"from":[14.38986,6.925,18.08039],"to":[15.13986,7.425,18.83039],"rotation":{"angle":22.5,"axis":"y","origin":[17.008,7.2375,17.05]},"faces":{"north":{"uv":[12.8,6.4,13.4,6.8],"texture":"#2"},"east":{"uv":[12.8,8,13.4,8.4],"texture":"#2"},"south":{"uv":[9.6,12.8,10.2,13.2],"texture":"#2"},"west":{"uv":[6.4,12.8,7,13.2],"texture":"#2"},"down":{"uv":[3.2,11.8,3.8,11.2],"rotation":270,"texture":"#2"}}},{"from":[14.38986,8.925,18.08039],"to":[15.13986,9.425,18.83039],"rotation":{"angle":22.5,"axis":"y","origin":[17.008,7.2375,17.05]},"faces":{"north":{"uv":[12.8,11.2,13.4,11.6],"texture":"#2"},"east":{"uv":[12.8,12.8,13.4,13.2],"texture":"#2"},"south":{"uv":[0,13.6,0.6,14],"texture":"#2"},"west":{"uv":[12.8,9.6,13.4,10],"texture":"#2"},"up":{"uv":[11.2,4,11.8,4.6],"rotation":90,"texture":"#2"}}},{"from":[15.03384,7.675,19.36389],"to":[15.53384,9.675,19.86389],"rotation":{"angle":0,"axis":"y","origin":[17.008,7.2375,17.05]},"faces":{"north":{"uv":[6.4,8,6.8,9.6],"texture":"#2"},"east":{"uv":[8,7.2,8.4,8.8],"texture":"#2"},"south":{"uv":[0,9.6,0.4,11.2],"texture":"#2"},"west":{"uv":[8,4.8,8.4,6.4],"texture":"#2"},"up":{"uv":[1.6,14.4,2,14.8],"rotation":90,"texture":"#2"},"down":{"uv":[14.4,2,14.8,1.6],"rotation":270,"texture":"#2"}}},{"from":[15.67777,7.275,18.5028],"to":[16.17777,9.025,19.0028],"rotation":{"angle":0,"axis":"y","origin":[17.008,7.2375,17.05]},"faces":{"north":{"uv":[4.8,9.6,5.2,11],"texture":"#2"},"east":{"uv":[9.6,5.6,10,7],"texture":"#2"},"south":{"uv":[8,9.6,8.4,11],"texture":"#2"},"west":{"uv":[9.6,3.2,10,4.6],"texture":"#2"},"up":{"uv":[3.2,14.4,3.6,14.8],"rotation":90,"texture":"#2"},"down":{"uv":[14.4,3.6,14.8,3.2],"rotation":270,"texture":"#2"}}},{"from":[14.29747,7.425,17.94212],"to":[15.29747,8.925,18.94212],"rotation":{"angle":22.5,"axis":"y","origin":[17.008,7.2375,17.05]},"faces":{"north":{"uv":[3.2,2.4,4,3.6],"texture":"#2"},"east":{"uv":[0,4.8,0.8,6],"texture":"#2"},"south":{"uv":[4.8,0,5.6,1.2],"texture":"#2"},"west":{"uv":[3.2,0,4,1.2],"texture":"#2"},"up":{"uv":[9.6,0,10.4,0.8],"rotation":90,"texture":"#2"},"down":{"uv":[1.6,10.4,2.4,9.6],"rotation":270,"texture":"#2"}}},{"name":"cube_outline","from":[15.23986,7.525,18.93039],"to":[14.28986,6.825,17.98039],"rotation":{"angle":22.5,"axis":"y","origin":[17.008,7.2375,17.05]},"faces":{"north":{"uv":[12.66667,9.33333,13.33333,9.83333],"texture":"#4"},"east":{"uv":[12.66667,10.66667,13.33333,11.16667],"texture":"#4"},"south":{"uv":[11.33333,12.66667,12,13.16667],"texture":"#4"},"west":{"uv":[12.66667,8,13.33333,8.5],"texture":"#4"},"up":{"uv":[11.33333,7.33333,12,8],"rotation":90,"texture":"#4"}}},{"name":"cube_outline","from":[15.23986,9.525,18.93039],"to":[14.28986,8.825,17.98039],"rotation":{"angle":22.5,"axis":"y","origin":[17.008,7.2375,17.05]},"faces":{"north":{"uv":[13.33333,1.33333,14,1.83333],"texture":"#4"},"east":{"uv":[13.33333,2.66667,14,3.16667],"texture":"#4"},"south":{"uv":[13.33333,4,14,4.5],"texture":"#4"},"west":{"uv":[12.66667,12,13.33333,12.5],"texture":"#4"},"down":{"uv":[11.33333,9.33333,12,8.66667],"rotation":270,"texture":"#4"}}},{"name":"cube_outline","from":[15.63384,9.775,19.96389],"to":[14.93384,7.575,19.26389],"rotation":{"angle":0,"axis":"y","origin":[17.008,7.2375,17.05]},"faces":{"north":{"uv":[8.66667,2.66667,9.16667,4.16667],"texture":"#4"},"east":{"uv":[8.66667,5.33333,9.16667,6.83333],"texture":"#4"},"south":{"uv":[8.66667,8,9.16667,9.5],"texture":"#4"},"west":{"uv":[4,8,4.5,9.5],"texture":"#4"},"up":{"uv":[14,0,14.5,0.5],"rotation":90,"texture":"#4"},"down":{"uv":[1.33333,14.5,1.83333,14],"rotation":270,"texture":"#4"}}},{"name":"cube_outline","from":[16.27777,9.125,19.1028],"to":[15.57777,7.175,18.4028],"rotation":{"angle":0,"axis":"y","origin":[17.008,7.2375,17.05]},"faces":{"north":{"uv":[10,6,10.5,7.33333],"texture":"#4"},"east":{"uv":[10,8,10.5,9.33333],"texture":"#4"},"south":{"uv":[10,10,10.5,11.33333],"texture":"#4"},"west":{"uv":[7.33333,9.33333,7.83333,10.66667],"texture":"#4"},"up":{"uv":[2.66667,14,3.16667,14.5],"rotation":90,"texture":"#4"},"down":{"uv":[4,14.5,4.5,14],"rotation":270,"texture":"#4"}}},{"name":"cube_outline","from":[15.39747,9.025,19.04212],"to":[14.19747,7.325,17.84212],"rotation":{"angle":22.5,"axis":"y","origin":[17.008,7.2375,17.05]},"faces":{"north":{"uv":[4,2,4.83333,3.16667],"texture":"#4"},"east":{"uv":[4,4,4.83333,5.16667],"texture":"#4"},"south":{"uv":[0,5.33333,0.83333,6.5],"texture":"#4"},"west":{"uv":[4,0,4.83333,1.16667],"texture":"#4"},"up":{"uv":[0,10,0.83333,10.83333],"rotation":90,"texture":"#4"},"down":{"uv":[2,10.83333,2.83333,10],"rotation":270,"texture":"#4"}}},{"from":[18.75926,5.175,15.66698],"to":[19.50926,5.425,16.41698],"rotation":{"angle":22.5,"axis":"y","origin":[16.758,7.2375,16.55]},"faces":{"north":{"uv":[14.4,9.6,15,9.8],"texture":"#2"},"east":{"uv":[14.4,11.2,15,11.4],"texture":"#2"},"south":{"uv":[12.8,14.4,13.4,14.6],"texture":"#2"},"west":{"uv":[9.6,14.4,10.2,14.6],"texture":"#2"},"down":{"uv":[11.2,6.2,11.8,5.6],"rotation":270,"texture":"#2"}}},{"from":[18.66687,5.425,15.52871],"to":[19.66687,6.675,16.52871],"rotation":{"angle":22.5,"axis":"y","origin":[16.758,7.2375,16.55]},"faces":{"north":{"uv":[4.8,2.4,5.6,3.4],"texture":"#2"},"east":{"uv":[3.2,4.8,4,5.8],"texture":"#2"},"south":{"uv":[4.8,4.8,5.6,5.8],"texture":"#2"},"west":{"uv":[1.6,4.8,2.4,5.8],"texture":"#2"},"up":{"uv":[9.6,1.6,10.4,2.4],"rotation":90,"texture":"#2"},"down":{"uv":[3.2,10.4,4,9.6],"rotation":270,"texture":"#2"}}},{"from":[18.96331,4.925,14.46726],"to":[19.46331,5.925,14.96726],"rotation":{"angle":0,"axis":"y","origin":[16.758,7.2375,16.55]},"faces":{"north":{"uv":[11.2,10.4,11.6,11.2],"texture":"#2"},"east":{"uv":[0,12,0.4,12.8],"texture":"#2"},"south":{"uv":[4.8,12,5.2,12.8],"texture":"#2"},"west":{"uv":[11.2,8.8,11.6,9.6],"texture":"#2"},"up":{"uv":[14.4,4.8,14.8,5.2],"rotation":90,"texture":"#2"},"down":{"uv":[6.4,14.8,6.8,14.4],"rotation":270,"texture":"#2"}}},{"from":[18.31937,5.675,15.32835],"to":[18.81937,7.175,15.82835],"rotation":{"angle":0,"axis":"y","origin":[16.758,7.2375,16.55]},"faces":{"north":{"uv":[6.4,10.4,6.8,11.6],"texture":"#2"},"east":{"uv":[9.6,10.4,10,11.6],"texture":"#2"},"south":{"uv":[11.2,0,11.6,1.2],"texture":"#2"},"west":{"uv":[9.6,8,10,9.2],"texture":"#2"},"up":{"uv":[14.4,6.4,14.8,6.8],"rotation":90,"texture":"#2"},"down":{"uv":[14.4,8.4,14.8,8],"rotation":270,"texture":"#2"}}},{"from":[18.75926,6.675,15.66698],"to":[19.50926,6.925,16.41698],"rotation":{"angle":22.5,"axis":"y","origin":[16.758,7.2375,16.55]},"faces":{"north":{"uv":[14.4,14.4,15,14.6],"texture":"#2"},"east":{"uv":[0,15.2,0.6,15.4],"texture":"#2"},"south":{"uv":[4.8,15.2,5.4,15.4],"texture":"#2"},"west":{"uv":[14.4,12.8,15,13],"texture":"#2"},"up":{"uv":[11.2,7.2,11.8,7.8],"rotation":90,"texture":"#2"}}},{"name":"cube_outline","from":[19.60926,5.525,16.51698],"to":[18.65926,5.075,15.56698],"rotation":{"angle":22.5,"axis":"y","origin":[16.758,7.2375,16.55]},"faces":{"north":{"uv":[14,9.33333,14.66667,9.66667],"texture":"#4"},"east":{"uv":[10.66667,14,11.33333,14.33333],"texture":"#4"},"south":{"uv":[14,10.66667,14.66667,11],"texture":"#4"},"west":{"uv":[14,8,14.66667,8.33333],"texture":"#4"},"up":{"uv":[11.33333,10,12,10.66667],"rotation":90,"texture":"#4"}}},{"name":"cube_outline","from":[19.76687,6.775,16.62871],"to":[18.56687,5.325,15.42871],"rotation":{"angle":22.5,"axis":"y","origin":[16.758,7.2375,16.55]},"faces":{"north":{"uv":[6,0,6.83333,1],"texture":"#4"},"east":{"uv":[6,2,6.83333,3],"texture":"#4"},"south":{"uv":[4,6,4.83333,7],"texture":"#4"},"west":{"uv":[2,5.33333,2.83333,6.33333],"texture":"#4"},"up":{"uv":[10,2,10.83333,2.83333],"rotation":90,"texture":"#4"},"down":{"uv":[10,4.83333,10.83333,4],"rotation":270,"texture":"#4"}}},{"name":"cube_outline","from":[19.56331,6.025,15.06726],"to":[18.86331,4.825,14.36726],"rotation":{"angle":0,"axis":"y","origin":[16.758,7.2375,16.55]},"faces":{"north":{"uv":[1.33333,12,1.83333,12.83333],"texture":"#4"},"east":{"uv":[12,2,12.5,2.83333],"texture":"#4"},"south":{"uv":[2.66667,12,3.16667,12.83333],"texture":"#4"},"west":{"uv":[0,12,0.5,12.83333],"texture":"#4"},"up":{"uv":[14,5.33333,14.5,5.83333],"rotation":90,"texture":"#4"},"down":{"uv":[6.66667,14.5,7.16667,14],"rotation":270,"texture":"#4"}}},{"name":"cube_outline","from":[18.91937,7.275,15.92835],"to":[18.21937,5.575,15.22835],"rotation":{"angle":0,"axis":"y","origin":[16.758,7.2375,16.55]},"faces":{"north":{"uv":[8.66667,10.66667,9.16667,11.83333],"texture":"#4"},"east":{"uv":[11.33333,0,11.83333,1.16667],"texture":"#4"},"south":{"uv":[5.33333,11.33333,5.83333,12.5],"texture":"#4"},"west":{"uv":[4,10.66667,4.5,11.83333],"texture":"#4"},"up":{"uv":[14,6.66667,14.5,7.16667],"rotation":90,"texture":"#4"},"down":{"uv":[8,14.5,8.5,14],"rotation":270,"texture":"#4"}}},{"name":"cube_outline","from":[19.60926,7.025,16.51698],"to":[18.65926,6.575,15.56698],"rotation":{"angle":22.5,"axis":"y","origin":[16.758,7.2375,16.55]},"faces":{"north":{"uv":[14,13.33333,14.66667,13.66667],"texture":"#4"},"east":{"uv":[14.66667,1.33333,15.33333,1.66667],"texture":"#4"},"south":{"uv":[14.66667,2.66667,15.33333,3],"texture":"#4"},"west":{"uv":[14,12,14.66667,12.33333],"texture":"#4"},"down":{"uv":[11.33333,12,12,11.33333],"rotation":270,"texture":"#4"}}},{"from":[-0.88481,5.175,19.05422],"to":[-0.13481,5.425,19.80422],"rotation":{"angle":22.5,"axis":"y","origin":[-0.9831,7.8625,16.8]},"faces":{"north":{"uv":[14.4,11.2,15,11.4],"texture":"#2"},"east":{"uv":[12.8,14.4,13.4,14.6],"texture":"#2"},"south":{"uv":[9.6,14.4,10.2,14.6],"texture":"#2"},"west":{"uv":[14.4,9.6,15,9.8],"texture":"#2"},"down":{"uv":[11.2,6.2,11.8,5.6],"texture":"#2"}}},{"from":[-1.02308,5.425,18.89661],"to":[-0.02308,6.675,19.89661],"rotation":{"angle":22.5,"axis":"y","origin":[-0.9831,7.8625,16.8]},"faces":{"north":{"uv":[3.2,4.8,4,5.8],"texture":"#2"},"east":{"uv":[4.8,4.8,5.6,5.8],"texture":"#2"},"south":{"uv":[1.6,4.8,2.4,5.8],"texture":"#2"},"west":{"uv":[4.8,2.4,5.6,3.4],"texture":"#2"},"up":{"uv":[9.6,1.6,10.4,2.4],"texture":"#2"},"down":{"uv":[3.2,10.4,4,9.6],"texture":"#2"}}},{"from":[-0.24371,4.925,18.34362],"to":[0.25629,5.925,18.84362],"rotation":{"angle":0,"axis":"y","origin":[-0.9831,7.8625,16.8]},"faces":{"north":{"uv":[0,12,0.4,12.8],"texture":"#2"},"east":{"uv":[4.8,12,5.2,12.8],"texture":"#2"},"south":{"uv":[11.2,8.8,11.6,9.6],"texture":"#2"},"west":{"uv":[11.2,10.4,11.6,11.2],"texture":"#2"},"up":{"uv":[14.4,4.8,14.8,5.2],"texture":"#2"},"down":{"uv":[6.4,14.8,6.8,14.4],"texture":"#2"}}},{"from":[0.61738,5.675,18.98756],"to":[1.11738,7.175,19.48756],"rotation":{"angle":0,"axis":"y","origin":[-0.9831,7.8625,16.8]},"faces":{"north":{"uv":[9.6,10.4,10,11.6],"texture":"#2"},"east":{"uv":[11.2,0,11.6,1.2],"texture":"#2"},"south":{"uv":[9.6,8,10,9.2],"texture":"#2"},"west":{"uv":[6.4,10.4,6.8,11.6],"texture":"#2"},"up":{"uv":[14.4,6.4,14.8,6.8],"texture":"#2"},"down":{"uv":[14.4,8.4,14.8,8],"texture":"#2"}}},{"from":[-0.88481,6.675,19.05422],"to":[-0.13481,6.925,19.80422],"rotation":{"angle":22.5,"axis":"y","origin":[-0.9831,7.8625,16.8]},"faces":{"north":{"uv":[0,15.2,0.6,15.4],"texture":"#2"},"east":{"uv":[4.8,15.2,5.4,15.4],"texture":"#2"},"south":{"uv":[14.4,12.8,15,13],"texture":"#2"},"west":{"uv":[14.4,14.4,15,14.6],"texture":"#2"},"up":{"uv":[11.2,7.2,11.8,7.8],"texture":"#2"}}},{"name":"cube_outline","from":[-0.03481,5.525,19.90422],"to":[-0.98481,5.075,18.95422],"rotation":{"angle":22.5,"axis":"y","origin":[-0.9831,7.8625,16.8]},"faces":{"north":{"uv":[10.66667,14,11.33333,14.33333],"texture":"#4"},"east":{"uv":[14,10.66667,14.66667,11],"texture":"#4"},"south":{"uv":[14,8,14.66667,8.33333],"texture":"#4"},"west":{"uv":[14,9.33333,14.66667,9.66667],"texture":"#4"},"up":{"uv":[11.33333,10,12,10.66667],"texture":"#4"}}},{"name":"cube_outline","from":[0.07692,6.775,19.99661],"to":[-1.12308,5.325,18.79661],"rotation":{"angle":22.5,"axis":"y","origin":[-0.9831,7.8625,16.8]},"faces":{"north":{"uv":[6,2,6.83333,3],"texture":"#4"},"east":{"uv":[4,6,4.83333,7],"texture":"#4"},"south":{"uv":[2,5.33333,2.83333,6.33333],"texture":"#4"},"west":{"uv":[6,0,6.83333,1],"texture":"#4"},"up":{"uv":[10,2,10.83333,2.83333],"texture":"#4"},"down":{"uv":[10,4.83333,10.83333,4],"texture":"#4"}}},{"name":"cube_outline","from":[0.35629,6.025,18.94362],"to":[-0.34371,4.825,18.24362],"rotation":{"angle":0,"axis":"y","origin":[-0.9831,7.8625,16.8]},"faces":{"north":{"uv":[12,2,12.5,2.83333],"texture":"#4"},"east":{"uv":[2.66667,12,3.16667,12.83333],"texture":"#4"},"south":{"uv":[0,12,0.5,12.83333],"texture":"#4"},"west":{"uv":[1.33333,12,1.83333,12.83333],"texture":"#4"},"up":{"uv":[14,5.33333,14.5,5.83333],"texture":"#4"},"down":{"uv":[6.66667,14.5,7.16667,14],"texture":"#4"}}},{"name":"cube_outline","from":[1.21738,7.275,19.58756],"to":[0.51738,5.575,18.88756],"rotation":{"angle":0,"axis":"y","origin":[-0.9831,7.8625,16.8]},"faces":{"north":{"uv":[11.33333,0,11.83333,1.16667],"texture":"#4"},"east":{"uv":[5.33333,11.33333,5.83333,12.5],"texture":"#4"},"south":{"uv":[4,10.66667,4.5,11.83333],"texture":"#4"},"west":{"uv":[8.66667,10.66667,9.16667,11.83333],"texture":"#4"},"up":{"uv":[14,6.66667,14.5,7.16667],"texture":"#4"},"down":{"uv":[8,14.5,8.5,14],"texture":"#4"}}},{"name":"cube_outline","from":[-0.03481,7.025,19.90422],"to":[-0.98481,6.575,18.95422],"rotation":{"angle":22.5,"axis":"y","origin":[-0.9831,7.8625,16.8]},"faces":{"north":{"uv":[14.66667,1.33333,15.33333,1.66667],"texture":"#4"},"east":{"uv":[14.66667,2.66667,15.33333,3],"texture":"#4"},"south":{"uv":[14,12,14.66667,12.33333],"texture":"#4"},"west":{"uv":[14,13.33333,14.66667,13.66667],"texture":"#4"},"down":{"uv":[11.33333,12,12,11.33333],"texture":"#4"}}},{"from":[15.44171,5.25,16.27155],"to":[15.45171,11.25,19.27155],"rotation":{"angle":0,"axis":"y","origin":[17.008,7.2375,17.05]},"faces":{"east":{"uv":[0,0,4,8],"texture":"#5"},"west":{"uv":[4,0,0,8],"texture":"#5"}}},{"from":[-2.93942,5.25,15.53415],"to":[0.06058,11.25,15.54415],"rotation":{"angle":0,"axis":"y","origin":[-0.9831,7.8625,16.8]},"faces":{"north":{"uv":[5.33333,0,9.33333,8],"texture":"#5"},"south":{"uv":[9.33333,0,5.33333,8],"texture":"#5"}}},{"from":[0.55559,5.25,16.03916],"to":[0.56559,11.25,19.03916],"rotation":{"angle":0,"axis":"y","origin":[-0.9831,7.8625,16.8]},"faces":{"east":{"uv":[0,8,4,16],"texture":"#5"},"west":{"uv":[4,8,0,16],"texture":"#5"}}},{"from":[15.94671,5.25,15.26656],"to":[18.94671,11.25,15.27656],"rotation":{"angle":0,"axis":"y","origin":[17.008,7.2375,16.55]},"faces":{"north":{"uv":[9.33333,8,5.33333,16],"texture":"#5"},"south":{"uv":[5.33333,8,9.33333,16],"texture":"#5"}}},{"from":[17.9365,8.175,0.72279],"to":[18.9365,10.175,1.72279],"rotation":{"angle":22.5,"axis":"y","origin":[16.9831,7.8625,-0.8]},"faces":{"north":{"uv":[0,0,0.8,1.6],"texture":"#2"},"east":{"uv":[1.6,0,2.4,1.6],"texture":"#2"},"south":{"uv":[0,2.4,0.8,4],"texture":"#2"},"west":{"uv":[1.6,2.4,2.4,4],"texture":"#2"},"up":{"uv":[7.2,0.8,6.4,0],"texture":"#2"},"down":{"uv":[7.2,1.6,6.4,2.4],"texture":"#2"}}},{"from":[19.27924,8.425,0.69191],"to":[19.77924,10.425,1.19191],"rotation":{"angle":0,"axis":"y","origin":[16.9831,7.8625,-0.8]},"faces":{"north":{"uv":[6.4,3.2,6.8,4.8],"texture":"#2"},"east":{"uv":[6.4,5.6,6.8,7.2],"texture":"#2"},"south":{"uv":[0,7.2,0.4,8.8],"texture":"#2"},"west":{"uv":[1.6,7.2,2,8.8],"texture":"#2"},"up":{"uv":[5.2,14,4.8,13.6],"texture":"#2"},"down":{"uv":[8.4,13.6,8,14],"texture":"#2"}}},{"from":[18.24137,7.925,-0.1288],"to":[18.74137,9.925,0.3712],"rotation":{"angle":0,"axis":"y","origin":[16.9831,7.8625,-0.8]},"faces":{"north":{"uv":[3.2,7.2,3.6,8.8],"texture":"#2"},"east":{"uv":[4.8,7.2,5.2,8.8],"texture":"#2"},"south":{"uv":[8,0,8.4,1.6],"texture":"#2"},"west":{"uv":[8,2.4,8.4,4],"texture":"#2"},"up":{"uv":[11.6,14,11.2,13.6],"texture":"#2"},"down":{"uv":[14.8,0,14.4,0.4],"texture":"#2"}}},{"from":[18.04823,10.175,0.81518],"to":[18.79823,10.675,1.56518],"rotation":{"angle":22.5,"axis":"y","origin":[16.9831,7.8625,-0.8]},"faces":{"north":{"uv":[8,12,8.6,12.4],"texture":"#2"},"east":{"uv":[11.2,12,11.8,12.4],"texture":"#2"},"south":{"uv":[12.8,0,13.4,0.4],"texture":"#2"},"west":{"uv":[1.6,12.8,2.2,13.2],"texture":"#2"},"up":{"uv":[2.2,11.8,1.6,11.2],"texture":"#2"}}},{"from":[18.04823,7.675,0.81518],"to":[18.79823,8.175,1.56518],"rotation":{"angle":22.5,"axis":"y","origin":[16.9831,7.8625,-0.8]},"faces":{"north":{"uv":[12.8,1.6,13.4,2],"texture":"#2"},"east":{"uv":[3.2,12.8,3.8,13.2],"texture":"#2"},"south":{"uv":[12.8,3.2,13.4,3.6],"texture":"#2"},"west":{"uv":[12.8,4.8,13.4,5.2],"texture":"#2"},"down":{"uv":[11.8,2.4,11.2,3],"texture":"#2"}}},{"name":"cube_outline","from":[19.0365,10.275,1.82279],"to":[17.8365,8.075,0.62279],"rotation":{"angle":22.5,"axis":"y","origin":[16.9831,7.8625,-0.8]},"faces":{"north":{"uv":[0,0,0.83333,1.5],"texture":"#4"},"east":{"uv":[2,0,2.83333,1.5],"texture":"#4"},"south":{"uv":[0,2.66667,0.83333,4.16667],"texture":"#4"},"west":{"uv":[2,2.66667,2.83333,4.16667],"texture":"#4"},"up":{"uv":[10.16667,0.83333,9.33333,0],"texture":"#4"},"down":{"uv":[6.16667,9.33333,5.33333,10.16667],"texture":"#4"}}},{"name":"cube_outline","from":[19.87924,10.525,1.29191],"to":[19.17924,8.325,0.59191],"rotation":{"angle":0,"axis":"y","origin":[16.9831,7.8625,-0.8]},"faces":{"north":{"uv":[6,4,6.5,5.5],"texture":"#4"},"east":{"uv":[6,6.66667,6.5,8.16667],"texture":"#4"},"south":{"uv":[0,7.33333,0.5,8.83333],"texture":"#4"},"west":{"uv":[1.33333,7.33333,1.83333,8.83333],"texture":"#4"},"up":{"uv":[5.83333,13.83333,5.33333,13.33333],"texture":"#4"},"down":{"uv":[9.83333,13.33333,9.33333,13.83333],"texture":"#4"}}},{"name":"cube_outline","from":[18.84137,10.025,0.4712],"to":[18.14137,7.825,-0.2288],"rotation":{"angle":0,"axis":"y","origin":[16.9831,7.8625,-0.8]},"faces":{"north":{"uv":[2.66667,7.33333,3.16667,8.83333],"texture":"#4"},"east":{"uv":[7.33333,4,7.83333,5.5],"texture":"#4"},"south":{"uv":[7.33333,6.66667,7.83333,8.16667],"texture":"#4"},"west":{"uv":[8,0,8.5,1.5],"texture":"#4"},"up":{"uv":[13.16667,13.83333,12.66667,13.33333],"texture":"#4"},"down":{"uv":[0.5,14,0,14.5],"texture":"#4"}}},{"name":"cube_outline","from":[18.89823,10.775,1.66518],"to":[17.94823,10.075,0.71518],"rotation":{"angle":22.5,"axis":"y","origin":[16.9831,7.8625,-0.8]},"faces":{"north":{"uv":[12,4,12.66667,4.5],"texture":"#4"},"east":{"uv":[10,12,10.66667,12.5],"texture":"#4"},"south":{"uv":[12.66667,0,13.33333,0.5],"texture":"#4"},"west":{"uv":[4,12.66667,4.66667,13.16667],"texture":"#4"},"down":{"uv":[12,6,11.33333,6.66667],"texture":"#4"}}},{"name":"cube_outline","from":[18.89823,8.275,1.66518],"to":[17.94823,7.575,0.71518],"rotation":{"angle":22.5,"axis":"y","origin":[16.9831,7.8625,-0.8]},"faces":{"north":{"uv":[12.66667,5.33333,13.33333,5.83333],"texture":"#4"},"east":{"uv":[6.66667,12.66667,7.33333,13.16667],"texture":"#4"},"south":{"uv":[12.66667,6.66667,13.33333,7.16667],"texture":"#4"},"west":{"uv":[8,12.66667,8.66667,13.16667],"texture":"#4"},"up":{"uv":[7.33333,12,6.66667,11.33333],"texture":"#4"}}},{"from":[0.86014,6.925,-2.83039],"to":[1.61014,7.425,-2.08039],"rotation":{"angle":22.5,"axis":"y","origin":[-1.008,7.2375,-1.05]},"faces":{"north":{"uv":[9.6,12.8,10.2,13.2],"texture":"#2"},"east":{"uv":[6.4,12.8,7,13.2],"texture":"#2"},"south":{"uv":[12.8,6.4,13.4,6.8],"texture":"#2"},"west":{"uv":[12.8,8,13.4,8.4],"texture":"#2"},"down":{"uv":[3.8,11.2,3.2,11.8],"rotation":270,"texture":"#2"}}},{"from":[0.86014,8.925,-2.83039],"to":[1.61014,9.425,-2.08039],"rotation":{"angle":22.5,"axis":"y","origin":[-1.008,7.2375,-1.05]},"faces":{"north":{"uv":[0,13.6,0.6,14],"texture":"#2"},"east":{"uv":[12.8,9.6,13.4,10],"texture":"#2"},"south":{"uv":[12.8,11.2,13.4,11.6],"texture":"#2"},"west":{"uv":[12.8,12.8,13.4,13.2],"texture":"#2"},"up":{"uv":[11.8,4.6,11.2,4],"rotation":90,"texture":"#2"}}},{"from":[0.46616,7.675,-3.86389],"to":[0.96616,9.675,-3.36389],"rotation":{"angle":0,"axis":"y","origin":[-1.008,7.2375,-1.05]},"faces":{"north":{"uv":[0,9.6,0.4,11.2],"texture":"#2"},"east":{"uv":[8,4.8,8.4,6.4],"texture":"#2"},"south":{"uv":[6.4,8,6.8,9.6],"texture":"#2"},"west":{"uv":[8,7.2,8.4,8.8],"texture":"#2"},"up":{"uv":[2,14.8,1.6,14.4],"rotation":90,"texture":"#2"},"down":{"uv":[14.8,1.6,14.4,2],"rotation":270,"texture":"#2"}}},{"from":[-0.17777,7.275,-3.0028],"to":[0.32223,9.025,-2.5028],"rotation":{"angle":0,"axis":"y","origin":[-1.008,7.2375,-1.05]},"faces":{"north":{"uv":[8,9.6,8.4,11],"texture":"#2"},"east":{"uv":[9.6,3.2,10,4.6],"texture":"#2"},"south":{"uv":[4.8,9.6,5.2,11],"texture":"#2"},"west":{"uv":[9.6,5.6,10,7],"texture":"#2"},"up":{"uv":[3.6,14.8,3.2,14.4],"rotation":90,"texture":"#2"},"down":{"uv":[14.8,3.2,14.4,3.6],"rotation":270,"texture":"#2"}}},{"from":[0.70253,7.425,-2.94212],"to":[1.70253,8.925,-1.94212],"rotation":{"angle":22.5,"axis":"y","origin":[-1.008,7.2375,-1.05]},"faces":{"north":{"uv":[4.8,0,5.6,1.2],"texture":"#2"},"east":{"uv":[3.2,0,4,1.2],"texture":"#2"},"south":{"uv":[3.2,2.4,4,3.6],"texture":"#2"},"west":{"uv":[0,4.8,0.8,6],"texture":"#2"},"up":{"uv":[10.4,0.8,9.6,0],"rotation":90,"texture":"#2"},"down":{"uv":[2.4,9.6,1.6,10.4],"rotation":270,"texture":"#2"}}},{"name":"cube_outline","from":[1.71014,7.525,-1.98039],"to":[0.76014,6.825,-2.93039],"rotation":{"angle":22.5,"axis":"y","origin":[-1.008,7.2375,-1.05]},"faces":{"north":{"uv":[11.33333,12.66667,12,13.16667],"texture":"#4"},"east":{"uv":[12.66667,8,13.33333,8.5],"texture":"#4"},"south":{"uv":[12.66667,9.33333,13.33333,9.83333],"texture":"#4"},"west":{"uv":[12.66667,10.66667,13.33333,11.16667],"texture":"#4"},"up":{"uv":[12,8,11.33333,7.33333],"rotation":90,"texture":"#4"}}},{"name":"cube_outline","from":[1.71014,9.525,-1.98039],"to":[0.76014,8.825,-2.93039],"rotation":{"angle":22.5,"axis":"y","origin":[-1.008,7.2375,-1.05]},"faces":{"north":{"uv":[13.33333,4,14,4.5],"texture":"#4"},"east":{"uv":[12.66667,12,13.33333,12.5],"texture":"#4"},"south":{"uv":[13.33333,1.33333,14,1.83333],"texture":"#4"},"west":{"uv":[13.33333,2.66667,14,3.16667],"texture":"#4"},"down":{"uv":[12,8.66667,11.33333,9.33333],"rotation":270,"texture":"#4"}}},{"name":"cube_outline","from":[1.06616,9.775,-3.26389],"to":[0.36616,7.575,-3.96389],"rotation":{"angle":0,"axis":"y","origin":[-1.008,7.2375,-1.05]},"faces":{"north":{"uv":[8.66667,8,9.16667,9.5],"texture":"#4"},"east":{"uv":[4,8,4.5,9.5],"texture":"#4"},"south":{"uv":[8.66667,2.66667,9.16667,4.16667],"texture":"#4"},"west":{"uv":[8.66667,5.33333,9.16667,6.83333],"texture":"#4"},"up":{"uv":[14.5,0.5,14,0],"rotation":90,"texture":"#4"},"down":{"uv":[1.83333,14,1.33333,14.5],"rotation":270,"texture":"#4"}}},{"name":"cube_outline","from":[0.42223,9.125,-2.4028],"to":[-0.27777,7.175,-3.1028],"rotation":{"angle":0,"axis":"y","origin":[-1.008,7.2375,-1.05]},"faces":{"north":{"uv":[10,10,10.5,11.33333],"texture":"#4"},"east":{"uv":[7.33333,9.33333,7.83333,10.66667],"texture":"#4"},"south":{"uv":[10,6,10.5,7.33333],"texture":"#4"},"west":{"uv":[10,8,10.5,9.33333],"texture":"#4"},"up":{"uv":[3.16667,14.5,2.66667,14],"rotation":90,"texture":"#4"},"down":{"uv":[4.5,14,4,14.5],"rotation":270,"texture":"#4"}}},{"name":"cube_outline","from":[1.80253,9.025,-1.84212],"to":[0.60253,7.325,-3.04212],"rotation":{"angle":22.5,"axis":"y","origin":[-1.008,7.2375,-1.05]},"faces":{"north":{"uv":[0,5.33333,0.83333,6.5],"texture":"#4"},"east":{"uv":[4,0,4.83333,1.16667],"texture":"#4"},"south":{"uv":[4,2,4.83333,3.16667],"texture":"#4"},"west":{"uv":[4,4,4.83333,5.16667],"texture":"#4"},"up":{"uv":[0.83333,10.83333,0,10],"rotation":90,"texture":"#4"},"down":{"uv":[2.83333,10,2,10.83333],"rotation":270,"texture":"#4"}}},{"from":[-3.50926,5.175,-0.41698],"to":[-2.75926,5.425,0.33302],"rotation":{"angle":22.5,"axis":"y","origin":[-0.758,7.2375,-0.55]},"faces":{"north":{"uv":[12.8,14.4,13.4,14.6],"texture":"#2"},"east":{"uv":[9.6,14.4,10.2,14.6],"texture":"#2"},"south":{"uv":[14.4,9.6,15,9.8],"texture":"#2"},"west":{"uv":[14.4,11.2,15,11.4],"texture":"#2"},"down":{"uv":[11.8,5.6,11.2,6.2],"rotation":270,"texture":"#2"}}},{"from":[-3.66687,5.425,-0.52871],"to":[-2.66687,6.675,0.47129],"rotation":{"angle":22.5,"axis":"y","origin":[-0.758,7.2375,-0.55]},"faces":{"north":{"uv":[4.8,4.8,5.6,5.8],"texture":"#2"},"east":{"uv":[1.6,4.8,2.4,5.8],"texture":"#2"},"south":{"uv":[4.8,2.4,5.6,3.4],"texture":"#2"},"west":{"uv":[3.2,4.8,4,5.8],"texture":"#2"},"up":{"uv":[10.4,2.4,9.6,1.6],"rotation":90,"texture":"#2"},"down":{"uv":[4,9.6,3.2,10.4],"rotation":270,"texture":"#2"}}},{"from":[-3.46331,4.925,1.03274],"to":[-2.96331,5.925,1.53274],"rotation":{"angle":0,"axis":"y","origin":[-0.758,7.2375,-0.55]},"faces":{"north":{"uv":[4.8,12,5.2,12.8],"texture":"#2"},"east":{"uv":[11.2,8.8,11.6,9.6],"texture":"#2"},"south":{"uv":[11.2,10.4,11.6,11.2],"texture":"#2"},"west":{"uv":[0,12,0.4,12.8],"texture":"#2"},"up":{"uv":[14.8,5.2,14.4,4.8],"rotation":90,"texture":"#2"},"down":{"uv":[6.8,14.4,6.4,14.8],"rotation":270,"texture":"#2"}}},{"from":[-2.81937,5.675,0.17165],"to":[-2.31937,7.175,0.67165],"rotation":{"angle":0,"axis":"y","origin":[-0.758,7.2375,-0.55]},"faces":{"north":{"uv":[11.2,0,11.6,1.2],"texture":"#2"},"east":{"uv":[9.6,8,10,9.2],"texture":"#2"},"south":{"uv":[6.4,10.4,6.8,11.6],"texture":"#2"},"west":{"uv":[9.6,10.4,10,11.6],"texture":"#2"},"up":{"uv":[14.8,6.8,14.4,6.4],"rotation":90,"texture":"#2"},"down":{"uv":[14.8,8,14.4,8.4],"rotation":270,"texture":"#2"}}},{"from":[-3.50926,6.675,-0.41698],"to":[-2.75926,6.925,0.33302],"rotation":{"angle":22.5,"axis":"y","origin":[-0.758,7.2375,-0.55]},"faces":{"north":{"uv":[4.8,15.2,5.4,15.4],"texture":"#2"},"east":{"uv":[14.4,12.8,15,13],"texture":"#2"},"south":{"uv":[14.4,14.4,15,14.6],"texture":"#2"},"west":{"uv":[0,15.2,0.6,15.4],"texture":"#2"},"up":{"uv":[11.8,7.8,11.2,7.2],"rotation":90,"texture":"#2"}}},{"name":"cube_outline","from":[-2.65926,5.525,0.43302],"to":[-3.60926,5.075,-0.51698],"rotation":{"angle":22.5,"axis":"y","origin":[-0.758,7.2375,-0.55]},"faces":{"north":{"uv":[14,10.66667,14.66667,11],"texture":"#4"},"east":{"uv":[14,8,14.66667,8.33333],"texture":"#4"},"south":{"uv":[14,9.33333,14.66667,9.66667],"texture":"#4"},"west":{"uv":[10.66667,14,11.33333,14.33333],"texture":"#4"},"up":{"uv":[12,10.66667,11.33333,10],"rotation":90,"texture":"#4"}}},{"name":"cube_outline","from":[-2.56687,6.775,0.57129],"to":[-3.76687,5.325,-0.62871],"rotation":{"angle":22.5,"axis":"y","origin":[-0.758,7.2375,-0.55]},"faces":{"north":{"uv":[4,6,4.83333,7],"texture":"#4"},"east":{"uv":[2,5.33333,2.83333,6.33333],"texture":"#4"},"south":{"uv":[6,0,6.83333,1],"texture":"#4"},"west":{"uv":[6,2,6.83333,3],"texture":"#4"},"up":{"uv":[10.83333,2.83333,10,2],"rotation":90,"texture":"#4"},"down":{"uv":[10.83333,4,10,4.83333],"rotation":270,"texture":"#4"}}},{"name":"cube_outline","from":[-2.86331,6.025,1.63274],"to":[-3.56331,4.825,0.93274],"rotation":{"angle":0,"axis":"y","origin":[-0.758,7.2375,-0.55]},"faces":{"north":{"uv":[2.66667,12,3.16667,12.83333],"texture":"#4"},"east":{"uv":[0,12,0.5,12.83333],"texture":"#4"},"south":{"uv":[1.33333,12,1.83333,12.83333],"texture":"#4"},"west":{"uv":[12,2,12.5,2.83333],"texture":"#4"},"up":{"uv":[14.5,5.83333,14,5.33333],"rotation":90,"texture":"#4"},"down":{"uv":[7.16667,14,6.66667,14.5],"rotation":270,"texture":"#4"}}},{"name":"cube_outline","from":[-2.21937,7.275,0.77165],"to":[-2.91937,5.575,0.07165],"rotation":{"angle":0,"axis":"y","origin":[-0.758,7.2375,-0.55]},"faces":{"north":{"uv":[5.33333,11.33333,5.83333,12.5],"texture":"#4"},"east":{"uv":[4,10.66667,4.5,11.83333],"texture":"#4"},"south":{"uv":[8.66667,10.66667,9.16667,11.83333],"texture":"#4"},"west":{"uv":[11.33333,0,11.83333,1.16667],"texture":"#4"},"up":{"uv":[14.5,7.16667,14,6.66667],"rotation":90,"texture":"#4"},"down":{"uv":[8.5,14,8,14.5],"rotation":270,"texture":"#4"}}},{"name":"cube_outline","from":[-2.65926,7.025,0.43302],"to":[-3.60926,6.575,-0.51698],"rotation":{"angle":22.5,"axis":"y","origin":[-0.758,7.2375,-0.55]},"faces":{"north":{"uv":[14.66667,2.66667,15.33333,3],"texture":"#4"},"east":{"uv":[14,12,14.66667,12.33333],"texture":"#4"},"south":{"uv":[14,13.33333,14.66667,13.66667],"texture":"#4"},"west":{"uv":[14.66667,1.33333,15.33333,1.66667],"texture":"#4"},"down":{"uv":[12,11.33333,11.33333,12],"rotation":270,"texture":"#4"}}},{"from":[16.13481,5.175,-3.80422],"to":[16.88481,5.425,-3.05422],"rotation":{"angle":22.5,"axis":"y","origin":[16.9831,7.8625,-0.8]},"faces":{"north":{"uv":[9.6,14.4,10.2,14.6],"texture":"#2"},"east":{"uv":[14.4,9.6,15,9.8],"texture":"#2"},"south":{"uv":[14.4,11.2,15,11.4],"texture":"#2"},"west":{"uv":[12.8,14.4,13.4,14.6],"texture":"#2"},"down":{"uv":[11.8,5.6,11.2,6.2],"texture":"#2"}}},{"from":[16.02308,5.425,-3.89661],"to":[17.02308,6.675,-2.89661],"rotation":{"angle":22.5,"axis":"y","origin":[16.9831,7.8625,-0.8]},"faces":{"north":{"uv":[1.6,4.8,2.4,5.8],"texture":"#2"},"east":{"uv":[4.8,2.4,5.6,3.4],"texture":"#2"},"south":{"uv":[3.2,4.8,4,5.8],"texture":"#2"},"west":{"uv":[4.8,4.8,5.6,5.8],"texture":"#2"},"up":{"uv":[10.4,2.4,9.6,1.6],"texture":"#2"},"down":{"uv":[4,9.6,3.2,10.4],"texture":"#2"}}},{"from":[15.74371,4.925,-2.84362],"to":[16.24371,5.925,-2.34362],"rotation":{"angle":0,"axis":"y","origin":[16.9831,7.8625,-0.8]},"faces":{"north":{"uv":[11.2,8.8,11.6,9.6],"texture":"#2"},"east":{"uv":[11.2,10.4,11.6,11.2],"texture":"#2"},"south":{"uv":[0,12,0.4,12.8],"texture":"#2"},"west":{"uv":[4.8,12,5.2,12.8],"texture":"#2"},"up":{"uv":[14.8,5.2,14.4,4.8],"texture":"#2"},"down":{"uv":[6.8,14.4,6.4,14.8],"texture":"#2"}}},{"from":[14.88262,5.675,-3.48756],"to":[15.38262,7.175,-2.98756],"rotation":{"angle":0,"axis":"y","origin":[16.9831,7.8625,-0.8]},"faces":{"north":{"uv":[9.6,8,10,9.2],"texture":"#2"},"east":{"uv":[6.4,10.4,6.8,11.6],"texture":"#2"},"south":{"uv":[9.6,10.4,10,11.6],"texture":"#2"},"west":{"uv":[11.2,0,11.6,1.2],"texture":"#2"},"up":{"uv":[14.8,6.8,14.4,6.4],"texture":"#2"},"down":{"uv":[14.8,8,14.4,8.4],"texture":"#2"}}},{"from":[16.13481,6.675,-3.80422],"to":[16.88481,6.925,-3.05422],"rotation":{"angle":22.5,"axis":"y","origin":[16.9831,7.8625,-0.8]},"faces":{"north":{"uv":[14.4,12.8,15,13],"texture":"#2"},"east":{"uv":[14.4,14.4,15,14.6],"texture":"#2"},"south":{"uv":[0,15.2,0.6,15.4],"texture":"#2"},"west":{"uv":[4.8,15.2,5.4,15.4],"texture":"#2"},"up":{"uv":[11.8,7.8,11.2,7.2],"texture":"#2"}}},{"name":"cube_outline","from":[16.98481,5.525,-2.95422],"to":[16.03481,5.075,-3.90422],"rotation":{"angle":22.5,"axis":"y","origin":[16.9831,7.8625,-0.8]},"faces":{"north":{"uv":[14,8,14.66667,8.33333],"texture":"#4"},"east":{"uv":[14,9.33333,14.66667,9.66667],"texture":"#4"},"south":{"uv":[10.66667,14,11.33333,14.33333],"texture":"#4"},"west":{"uv":[14,10.66667,14.66667,11],"texture":"#4"},"up":{"uv":[12,10.66667,11.33333,10],"texture":"#4"}}},{"name":"cube_outline","from":[17.12308,6.775,-2.79661],"to":[15.92308,5.325,-3.99661],"rotation":{"angle":22.5,"axis":"y","origin":[16.9831,7.8625,-0.8]},"faces":{"north":{"uv":[2,5.33333,2.83333,6.33333],"texture":"#4"},"east":{"uv":[6,0,6.83333,1],"texture":"#4"},"south":{"uv":[6,2,6.83333,3],"texture":"#4"},"west":{"uv":[4,6,4.83333,7],"texture":"#4"},"up":{"uv":[10.83333,2.83333,10,2],"texture":"#4"},"down":{"uv":[10.83333,4,10,4.83333],"texture":"#4"}}},{"name":"cube_outline","from":[16.34371,6.025,-2.24362],"to":[15.64371,4.825,-2.94362],"rotation":{"angle":0,"axis":"y","origin":[16.9831,7.8625,-0.8]},"faces":{"north":{"uv":[0,12,0.5,12.83333],"texture":"#4"},"east":{"uv":[1.33333,12,1.83333,12.83333],"texture":"#4"},"south":{"uv":[12,2,12.5,2.83333],"texture":"#4"},"west":{"uv":[2.66667,12,3.16667,12.83333],"texture":"#4"},"up":{"uv":[14.5,5.83333,14,5.33333],"texture":"#4"},"down":{"uv":[7.16667,14,6.66667,14.5],"texture":"#4"}}},{"name":"cube_outline","from":[15.48262,7.275,-2.88756],"to":[14.78262,5.575,-3.58756],"rotation":{"angle":0,"axis":"y","origin":[16.9831,7.8625,-0.8]},"faces":{"north":{"uv":[4,10.66667,4.5,11.83333],"texture":"#4"},"east":{"uv":[8.66667,10.66667,9.16667,11.83333],"texture":"#4"},"south":{"uv":[11.33333,0,11.83333,1.16667],"texture":"#4"},"west":{"uv":[5.33333,11.33333,5.83333,12.5],"texture":"#4"},"up":{"uv":[14.5,7.16667,14,6.66667],"texture":"#4"},"down":{"uv":[8.5,14,8,14.5],"texture":"#4"}}},{"name":"cube_outline","from":[16.98481,7.025,-2.95422],"to":[16.03481,6.575,-3.90422],"rotation":{"angle":22.5,"axis":"y","origin":[16.9831,7.8625,-0.8]},"faces":{"north":{"uv":[14,12,14.66667,12.33333],"texture":"#4"},"east":{"uv":[14,13.33333,14.66667,13.66667],"texture":"#4"},"south":{"uv":[14.66667,1.33333,15.33333,1.66667],"texture":"#4"},"west":{"uv":[14.66667,2.66667,15.33333,3],"texture":"#4"},"down":{"uv":[12,11.33333,11.33333,12],"texture":"#4"}}},{"from":[0.54829,5.25,-3.27155],"to":[0.55829,11.25,-0.27155],"rotation":{"angle":0,"axis":"y","origin":[-1.008,7.2375,-1.05]},"faces":{"east":{"uv":[4,0,0,8],"texture":"#5"},"west":{"uv":[0,0,4,8],"texture":"#5"}}},{"from":[15.93942,5.25,0.45585],"to":[18.93942,11.25,0.46585],"rotation":{"angle":0,"axis":"y","origin":[16.9831,7.8625,-0.8]},"faces":{"north":{"uv":[9.33333,0,5.33333,8],"texture":"#5"},"south":{"uv":[5.33333,0,9.33333,8],"texture":"#5"}}},{"from":[15.43441,5.25,-3.03916],"to":[15.44441,11.25,-0.03916],"rotation":{"angle":0,"axis":"y","origin":[16.9831,7.8625,-0.8]},"faces":{"east":{"uv":[4,8,0,16],"texture":"#5"},"west":{"uv":[0,8,4,16],"texture":"#5"}}},{"from":[-2.94671,5.25,0.72344],"to":[0.05329,11.25,0.73344],"rotation":{"angle":0,"axis":"y","origin":[-1.008,7.2375,-0.55]},"faces":{"north":{"uv":[5.33333,8,9.33333,16],"texture":"#5"},"south":{"uv":[9.33333,8,5.33333,16],"texture":"#5"}}},{"from":[18.41275,3.75,-3.41068],"to":[18.42275,10.25,0.58932],"rotation":{"angle":-45,"axis":"y","origin":[18.41775,-1.75,-2.41068]},"faces":{"east":{"uv":[1.06667,10.93333,0,12.66667],"texture":"#6"},"west":{"uv":[0,10.93333,1.06667,12.66667],"texture":"#6"}}},{"from":[-2.42275,3.75,-3.41068],"to":[-2.41275,10.25,0.58932],"rotation":{"angle":45,"axis":"y","origin":[-2.41775,-1.75,-2.41068]},"faces":{"east":{"uv":[1.06667,10.93333,0,12.66667],"texture":"#6"},"west":{"uv":[0,10.93333,1.06667,12.66667],"texture":"#6"}}},{"from":[-2.42275,3.75,15.41068],"to":[-2.41275,10.25,19.41068],"rotation":{"angle":-45,"axis":"y","origin":[-2.41775,-1.75,18.41068]},"faces":{"east":{"uv":[0,10.93333,1.06667,12.66667],"texture":"#6"},"west":{"uv":[1.06667,10.93333,0,12.66667],"texture":"#6"}}},{"from":[18.41275,3.75,15.41068],"to":[18.42275,10.25,19.41068],"rotation":{"angle":45,"axis":"y","origin":[18.41775,-1.75,18.41068]},"faces":{"east":{"uv":[0,10.93333,1.06667,12.66667],"texture":"#6"},"west":{"uv":[1.06667,10.93333,0,12.66667],"texture":"#6"}}}],"gui_light":"front","display":{"thirdperson_righthand":{"rotation":[-125,180,-180],"translation":[0,4.75,1.75],"scale":[0.5,0.5,0.5]},"thirdperson_lefthand":{"rotation":[-125,-180,-180],"translation":[0,4.75,1.75],"scale":[0.5,0.5,0.5]},"firstperson_righthand":{"rotation":[163.5,0,-180],"translation":[-1,4.75,1.5],"scale":[0.4,0.4,0.4]},"firstperson_lefthand":{"rotation":[163.5,0,-180],"translation":[-1,4.75,1.5],"scale":[0.4,0.4,0.4]},"ground":{"translation":[0,5,0],"scale":[0.6,0.6,0.6]},"gui":{"rotation":[35,135,0],"translation":[0,0.25,0],"scale":[0.61,0.61,0.61]},"head":{"rotation":[0,-180,0],"translation":[0,-30.5,0],"scale":[1.6,1.6,1.6]},"fixed":{"rotation":[-90,0,0],"translation":[0,0,-16],"scale":[2,2,2]}},"USER":"42698","NONCE":"64affc1f70b61f685488f1f00b4e156d","TIMESTAMP":"1757508262","RESOURCE":"14860","MCMODELS":"1","mcmodels":"64affc1f70b61f685488f1f00b4e156d"}