{"format_version":"1.9.0","credit":"Pologony Creation Co.,Ltd.","textures":{"2":"plny_aurion_set:gold_gems","4":"plny_aurion_set:gold_gems_outline","5":"plny_aurion_set:animated/animated_1","6":"plny_aurion_set:crossbow","7":"plny_aurion_set:animated/animated_2","particle":"plny_aurion_set:gold_gems_outline"},"elements":[{"from":[10.88773,9.21379,3.8151],"to":[11.38773,9.71379,4.0651],"rotation":{"angle":45,"axis":"y","origin":[13.31047,9.46379,0.14136]},"faces":{"north":{"uv":[14,12.66667,14.16667,12.83333],"rotation":270,"texture":"#6"},"east":{"uv":[12.83333,14.41667,12.66667,14.33333],"rotation":90,"texture":"#6"},"south":{"uv":[14,13.33333,14.16667,13.5],"rotation":90,"texture":"#6"},"west":{"uv":[13.5,14.33333,13.33333,14.41667],"rotation":90,"texture":"#6"},"up":{"uv":[12,14.33333,12.08333,14.5],"rotation":90,"texture":"#6"},"down":{"uv":[14.33333,11.66667,14.41667,11.83333],"rotation":90,"texture":"#6"}}},{"from":[10.38773,9.71379,3.8151],"to":[11.13773,9.96379,4.0651],"rotation":{"angle":45,"axis":"y","origin":[13.31047,9.46379,0.14136]},"faces":{"north":{"uv":[14.33333,8,14.41667,8.25],"rotation":270,"texture":"#6"},"east":{"uv":[14.75,1.41667,14.66667,1.33333],"rotation":90,"texture":"#6"},"south":{"uv":[14.33333,11,14.41667,11.25],"rotation":90,"texture":"#6"},"up":{"uv":[11.33333,14.33333,11.41667,14.58333],"rotation":90,"texture":"#6"},"down":{"uv":[10.66667,14.33333,10.75,14.58333],"rotation":90,"texture":"#6"}}},{"from":[10.38773,8.96379,3.8151],"to":[11.13773,9.21379,4.0651],"rotation":{"angle":45,"axis":"y","origin":[13.31047,9.46379,0.14136]},"faces":{"north":{"uv":[14,14,14.08333,14.25],"rotation":270,"texture":"#6"},"east":{"uv":[14.75,0.75,14.66667,0.66667],"rotation":90,"texture":"#6"},"south":{"uv":[14.33333,7.33333,14.41667,7.58333],"rotation":90,"texture":"#6"},"up":{"uv":[7.66667,14.33333,7.75,14.58333],"rotation":90,"texture":"#6"},"down":{"uv":[14.33333,0,14.41667,0.25],"rotation":90,"texture":"#6"}}},{"from":[10.13773,8.96379,3.8151],"to":[10.38773,9.96379,4.0651],"rotation":{"angle":45,"axis":"y","origin":[13.31047,9.46379,0.14136]},"faces":{"north":{"uv":[9.33333,14,9.66667,14.08333],"rotation":270,"texture":"#6"},"east":{"uv":[10.33333,14.08333,10,14],"rotation":90,"texture":"#6"},"south":{"uv":[14,9.66667,14.33333,9.75],"rotation":90,"texture":"#6"},"west":{"uv":[14.33333,10.33333,14,10.41667],"rotation":90,"texture":"#6"},"up":{"uv":[0.66667,14.66667,0.75,14.75],"rotation":90,"texture":"#6"},"down":{"uv":[0,14.66667,0.08333,14.75],"rotation":90,"texture":"#6"}}},{"from":[13.23734,9.41426,3.62835],"to":[17.98734,9.48426,7.87835],"rotation":{"angle":22.5,"axis":"y","origin":[13.31047,9.46379,0.14136]},"faces":{"up":{"uv":[0,9.5,8.5,0],"rotation":270,"texture":"#7"},"down":{"uv":[8.5,9.5,0,0],"rotation":270,"texture":"#7"}}},{"from":[11.17044,9.44879,-0.64936],"to":[15.92044,9.47879,7.60064],"rotation":{"angle":22.5,"axis":"y","origin":[13.31047,9.46379,0.14136]},"faces":{"up":{"uv":[4.33333,2,7.08333,3.58333],"rotation":90,"texture":"#6"},"down":{"uv":[7.08333,2,4.33333,3.58333],"rotation":90,"texture":"#6"}}},{"from":[10.93109,9.45879,-5.44983],"to":[17.43109,9.46879,-1.44983],"rotation":{"angle":-22.5,"axis":"y","origin":[14.18109,9.46379,-3.19983]},"faces":{"up":{"uv":[7.83333,4,5.66667,5.33333],"texture":"#6"},"down":{"uv":[5.66667,4,7.83333,5.33333],"rotation":180,"texture":"#6"}}},{"from":[8.43109,7.45879,9.30017],"to":[12.43109,7.46879,15.80017],"rotation":{"angle":22.5,"axis":"y","origin":[10.18109,7.46379,12.80017]},"faces":{"up":{"uv":[7.83333,4,5.66667,5.33333],"rotation":90,"texture":"#6"},"down":{"uv":[5.66667,4,7.83333,5.33333],"rotation":90,"texture":"#6"}}},{"from":[3.56891,7.45879,9.30017],"to":[7.56891,7.46879,15.80017],"rotation":{"angle":-22.5,"axis":"y","origin":[5.81891,7.46379,12.80017]},"faces":{"up":{"uv":[7.83333,5.33333,5.66667,4],"rotation":90,"texture":"#6"},"down":{"uv":[5.66667,5.33333,7.83333,4],"rotation":90,"texture":"#6"}}},{"from":[-1.43109,9.45879,-5.44983],"to":[5.06891,9.46879,-1.44983],"rotation":{"angle":22.5,"axis":"y","origin":[1.81891,9.46379,-3.19983]},"faces":{"up":{"uv":[5.66667,4,7.83333,5.33333],"texture":"#6"},"down":{"uv":[7.83333,4,5.66667,5.33333],"rotation":180,"texture":"#6"}}},{"from":[17.04657,9.10629,0.75753],"to":[18.04657,9.82129,1.67753],"rotation":{"angle":-45,"axis":"y","origin":[13.31047,9.46379,0.14136]},"faces":{"north":{"uv":[13.33333,6.33333,13.58333,6.66667],"rotation":270,"texture":"#6"},"east":{"uv":[7.58333,13.66667,7.33333,13.33333],"rotation":90,"texture":"#6"},"south":{"uv":[13.33333,7,13.58333,7.33333],"rotation":90,"texture":"#6"},"up":{"uv":[13,0,13.33333,0.33333],"rotation":90,"texture":"#6"},"down":{"uv":[12.66667,12.66667,13,13],"rotation":90,"texture":"#6"}}},{"from":[8.50471,8.71129,0.17561],"to":[9.56771,10.21629,1.23861],"rotation":{"angle":0,"axis":"y","origin":[13.31047,9.46379,0.14136]},"faces":{"north":{"uv":[11.66667,5.66667,12.16667,6],"rotation":270,"texture":"#6"},"east":{"uv":[12.16667,7.33333,11.66667,7],"rotation":90,"texture":"#6"},"south":{"uv":[11.66667,6.33333,12.16667,6.66667],"rotation":90,"texture":"#6"},"west":{"uv":[12.16667,9.33333,11.66667,9.66667],"rotation":90,"texture":"#6"},"up":{"uv":[12.66667,12,13,12.33333],"rotation":90,"texture":"#6"},"down":{"uv":[12.66667,11.33333,13,11.66667],"rotation":90,"texture":"#6"}}},{"from":[9.91892,8.71129,-1.23861],"to":[10.98192,10.21629,-0.17561],"rotation":{"angle":0,"axis":"y","origin":[13.31047,9.46379,0.14136]},"faces":{"north":{"uv":[11.66667,1,12.16667,1.33333],"rotation":270,"texture":"#6"},"east":{"uv":[12.16667,4,11.66667,3.66667],"rotation":90,"texture":"#6"},"south":{"uv":[3.66667,11.66667,4.16667,12],"rotation":90,"texture":"#6"},"west":{"uv":[12.16667,5,11.66667,5.33333],"rotation":90,"texture":"#6"},"up":{"uv":[12.66667,10.66667,13,11],"rotation":90,"texture":"#6"},"down":{"uv":[12.66667,10,13,10.33333],"rotation":90,"texture":"#6"}}},{"from":[11.67044,9.21804,0.10065],"to":[12.17044,9.71104,1.35065],"rotation":{"angle":22.5,"axis":"y","origin":[13.31047,9.46379,0.14136]},"faces":{"north":{"uv":[8.66667,14,8.83333,14.16667],"rotation":270,"texture":"#6"},"east":{"uv":[12.83333,13.75,12.66667,13.33333],"rotation":90,"texture":"#6"},"south":{"uv":[14,9,14.16667,9.16667],"rotation":90,"texture":"#6"},"west":{"uv":[13.5,12.66667,13.33333,13.08333],"rotation":90,"texture":"#6"},"up":{"uv":[13.33333,12,13.75,12.16667],"rotation":90,"texture":"#6"},"down":{"uv":[13.33333,11.33333,13.75,11.5],"rotation":90,"texture":"#6"}}},{"from":[13.45024,9.21454,0.35083],"to":[14.70024,9.71454,1.35083],"rotation":{"angle":-45,"axis":"y","origin":[13.31047,9.46379,0.14136]},"faces":{"north":{"uv":[13.33333,10.33333,13.5,10.75],"rotation":270,"texture":"#6"},"south":{"uv":[11,13.33333,11.16667,13.75],"rotation":90,"texture":"#6"},"west":{"uv":[14.16667,2.33333,14,2.66667],"rotation":90,"texture":"#6"},"up":{"uv":[2,12.33333,2.33333,12.75],"rotation":90,"texture":"#6"},"down":{"uv":[1.33333,12.33333,1.66667,12.75],"rotation":90,"texture":"#6"}}},{"from":[12.17044,9.21804,0.35065],"to":[13.17044,9.71104,1.35065],"rotation":{"angle":22.5,"axis":"y","origin":[13.31047,9.46379,0.14136]},"faces":{"north":{"uv":[14,1.66667,14.16667,2],"rotation":270,"texture":"#6"},"south":{"uv":[2,14,2.16667,14.33333],"rotation":90,"texture":"#6"},"up":{"uv":[12.66667,9.33333,13,9.66667],"rotation":90,"texture":"#6"},"down":{"uv":[12.66667,7.66667,13,8],"rotation":90,"texture":"#6"}}},{"from":[15.01659,9.10379,3.21888],"to":[15.76659,9.82379,4.14388],"rotation":{"angle":0,"axis":"y","origin":[13.31047,9.46379,0.14136]},"faces":{"north":{"uv":[13.66667,0,13.91667,0.25],"rotation":270,"texture":"#6"},"east":{"uv":[13.58333,6,13.33333,5.66667],"rotation":90,"texture":"#6"},"south":{"uv":[8,13.66667,8.25,13.91667],"rotation":90,"texture":"#6"},"up":{"uv":[5.66667,13.33333,6,13.58333],"rotation":90,"texture":"#6"},"down":{"uv":[13.33333,5,13.66667,5.25],"rotation":90,"texture":"#6"}}},{"from":[12.70901,9.09767,3.63752],"to":[13.70901,9.83067,4.63752],"rotation":{"angle":22.5,"axis":"y","origin":[13.31047,9.46379,0.14136]},"faces":{"north":{"uv":[13.33333,3.66667,13.58333,4],"rotation":270,"texture":"#6"},"east":{"uv":[13.58333,4.66667,13.33333,4.33333],"rotation":90,"texture":"#6"},"south":{"uv":[4,13.33333,4.25,13.66667],"rotation":90,"texture":"#6"},"up":{"uv":[7.33333,12.66667,7.66667,13],"rotation":90,"texture":"#6"},"down":{"uv":[12.66667,7,13,7.33333],"rotation":90,"texture":"#6"}}},{"from":[15.98421,9.08842,1.41765],"to":[17.23421,9.83842,2.41765],"rotation":{"angle":-45,"axis":"y","origin":[13.31047,9.46379,0.14136]},"faces":{"north":{"uv":[2.66667,13,2.91667,13.41667],"rotation":270,"texture":"#6"},"east":{"uv":[13.58333,3.33333,13.33333,3],"rotation":90,"texture":"#6"},"south":{"uv":[5,13,5.25,13.41667],"rotation":90,"texture":"#6"},"west":{"uv":[3.58333,13.33333,3.33333,13.66667],"rotation":90,"texture":"#6"},"up":{"uv":[0.66667,12.33333,1,12.75],"rotation":90,"texture":"#6"},"down":{"uv":[12.33333,0,12.66667,0.41667],"rotation":90,"texture":"#6"}}},{"from":[10.78411,9.22379,-1.25929],"to":[14.28411,9.70379,0.24071],"rotation":{"angle":-22.5,"axis":"y","origin":[13.31047,9.46379,0.14136]},"faces":{"north":{"uv":[8.33333,10.66667,8.5,11.83333],"rotation":270,"texture":"#6"},"south":{"uv":[10,10.66667,10.16667,11.83333],"rotation":90,"texture":"#6"},"west":{"uv":[13.5,2,13.33333,2.5],"rotation":90,"texture":"#6"},"up":{"uv":[4.33333,9,4.83333,10.16667],"rotation":90,"texture":"#6"},"down":{"uv":[2,8.66667,2.5,9.83333],"rotation":90,"texture":"#6"}}},{"from":[9.08366,9.09729,-1.46641],"to":[10.58366,9.83029,-0.46641],"rotation":{"angle":-22.5,"axis":"y","origin":[13.31047,9.46379,0.14136]},"faces":{"north":{"uv":[12.66667,1,12.91667,1.5],"rotation":270,"texture":"#6"},"east":{"uv":[13.58333,1.66667,13.33333,1.33333],"rotation":90,"texture":"#6"},"south":{"uv":[12.66667,2,12.91667,2.5],"rotation":90,"texture":"#6"},"west":{"uv":[2.25,13.33333,2,13.66667],"rotation":90,"texture":"#6"},"up":{"uv":[11.66667,0,12,0.5],"rotation":90,"texture":"#6"},"down":{"uv":[0,11.66667,0.33333,12.16667],"rotation":90,"texture":"#6"}}},{"from":[11.01919,9.09879,-3.17366],"to":[12.51919,9.82879,-1.17366],"rotation":{"angle":22.5,"axis":"y","origin":[13.31047,9.46379,0.14136]},"faces":{"east":{"uv":[11.58333,11,11.33333,10.33333],"rotation":90,"texture":"#6"},"west":{"uv":[11.58333,11.33333,11.33333,12],"rotation":90,"texture":"#6"},"up":{"uv":[10.33333,2.66667,11,3.16667],"rotation":90,"texture":"#6"},"down":{"uv":[2,10.33333,2.66667,10.83333],"rotation":90,"texture":"#6"}}},{"from":[10.58367,9.09729,-0.3451],"to":[12.08367,9.83029,0.6549],"rotation":{"angle":-22.5,"axis":"y","origin":[13.31047,9.46379,0.14136]},"faces":{"north":{"uv":[11.33333,12.33333,11.58333,12.83333],"rotation":270,"texture":"#6"},"east":{"uv":[13.58333,1,13.33333,0.66667],"rotation":90,"texture":"#6"},"south":{"uv":[0,12.66667,0.25,13.16667],"rotation":90,"texture":"#6"},"west":{"uv":[1.58333,13.33333,1.33333,13.66667],"rotation":90,"texture":"#6"},"up":{"uv":[9,11.33333,9.33333,11.83333],"rotation":90,"texture":"#6"},"down":{"uv":[11.33333,7.66667,11.66667,8.16667],"rotation":90,"texture":"#6"}}},{"from":[14.03411,9.09804,-1.25928],"to":[15.53411,9.82804,0.99072],"rotation":{"angle":-22.5,"axis":"y","origin":[13.31047,9.46379,0.14136]},"faces":{"east":{"uv":[1.25,11.75,1,11],"rotation":90,"texture":"#6"},"west":{"uv":[11.25,5.33333,11,6.08333],"rotation":90,"texture":"#6"},"up":{"uv":[9.66667,6.66667,10.41667,7.16667],"rotation":90,"texture":"#6"},"down":{"uv":[9.66667,5.66667,10.41667,6.16667],"rotation":90,"texture":"#6"}}},{"from":[12.70901,9.09767,1.13752],"to":[14.45901,9.83067,2.13752],"rotation":{"angle":22.5,"axis":"y","origin":[13.31047,9.46379,0.14136]},"faces":{"north":{"uv":[7.66667,11.66667,7.91667,12.25],"rotation":270,"texture":"#6"},"east":{"uv":[12.25,13.33333,12,13],"rotation":90,"texture":"#6"},"south":{"uv":[12,1.66667,12.25,2.25],"rotation":90,"texture":"#6"},"west":{"uv":[0.91667,13.33333,0.66667,13.66667],"rotation":90,"texture":"#6"},"up":{"uv":[10.66667,7.66667,11,8.25],"rotation":90,"texture":"#6"},"down":{"uv":[7.66667,10.66667,8,11.25],"rotation":90,"texture":"#6"}}},{"from":[12.70901,9.09767,2.13752],"to":[13.70901,9.83067,3.63752],"rotation":{"angle":22.5,"axis":"y","origin":[13.31047,9.46379,0.14136]},"faces":{"east":{"uv":[9.25,12.83333,9,12.33333],"rotation":90,"texture":"#6"},"west":{"uv":[9.91667,12.33333,9.66667,12.83333],"rotation":90,"texture":"#6"},"up":{"uv":[5.33333,11.33333,5.83333,11.66667],"rotation":90,"texture":"#6"},"down":{"uv":[11.33333,4.33333,11.83333,4.66667],"rotation":90,"texture":"#6"}}},{"from":[12.1376,9.34729,-4.27416],"to":[14.1376,9.58029,-3.27416],"rotation":{"angle":22.5,"axis":"y","origin":[13.31047,9.46379,0.14136]},"faces":{"north":{"uv":[14,0.66667,14.08333,1.33333],"rotation":270,"texture":"#6"},"south":{"uv":[1.33333,14,1.41667,14.66667],"rotation":90,"texture":"#6"},"up":{"uv":[4.66667,10.66667,5,11.33333],"rotation":90,"texture":"#6"},"down":{"uv":[10.66667,4.33333,11,5],"rotation":90,"texture":"#6"}}},{"from":[10.77309,9.33879,-3.56576],"to":[12.02309,9.58879,-2.56576],"rotation":{"angle":-22.5,"axis":"y","origin":[13.31047,9.46379,0.14136]},"faces":{"north":{"uv":[14,4.33333,14.08333,4.75],"rotation":270,"texture":"#6"},"east":{"uv":[14.08333,7,14,6.66667],"rotation":90,"texture":"#6"},"south":{"uv":[4.66667,14,4.75,14.41667],"rotation":90,"texture":"#6"},"west":{"uv":[7.08333,14,7,14.33333],"rotation":90,"texture":"#6"},"up":{"uv":[12,12,12.33333,12.41667],"rotation":90,"texture":"#6"},"down":{"uv":[12,11,12.33333,11.41667],"rotation":90,"texture":"#6"}}},{"from":[12.53975,9.34229,-3.77622],"to":[13.53975,9.58529,-2.77622],"rotation":{"angle":0,"axis":"y","origin":[13.31047,9.46379,0.14136]},"faces":{"east":{"uv":[14.08333,5.66667,14,5.33333],"rotation":90,"texture":"#6"},"south":{"uv":[5.33333,14,5.41667,14.33333],"rotation":90,"texture":"#6"},"west":{"uv":[14.08333,6,14,6.33333],"rotation":90,"texture":"#6"},"up":{"uv":[12.66667,6.33333,13,6.66667],"rotation":90,"texture":"#6"},"down":{"uv":[12.66667,5.66667,13,6],"rotation":90,"texture":"#6"}}},{"from":[13.22345,8.96379,-1.19863],"to":[14.47345,9.96379,-0.19863],"rotation":{"angle":-22.5,"axis":"y","origin":[13.31047,9.46379,0.14136]},"faces":{"north":{"uv":[5.33333,12,5.66667,12.41667],"rotation":270,"texture":"#6"},"east":{"uv":[4.66667,13,4.33333,12.66667],"rotation":90,"texture":"#6"},"south":{"uv":[12,10,12.33333,10.41667],"rotation":90,"texture":"#6"},"west":{"uv":[13,5,12.66667,5.33333],"rotation":90,"texture":"#6"},"up":{"uv":[10.66667,12,11,12.41667],"rotation":90,"texture":"#6"},"down":{"uv":[12,7.66667,12.33333,8.08333],"rotation":90,"texture":"#6"}}},{"from":[14.37323,8.96729,-0.2767],"to":[15.87323,9.96029,0.7233],"rotation":{"angle":22.5,"axis":"y","origin":[13.31047,9.46379,0.14136]},"faces":{"north":{"uv":[11,9.33333,11.33333,9.83333],"rotation":270,"texture":"#6"},"east":{"uv":[13,4,12.66667,3.66667],"rotation":90,"texture":"#6"},"south":{"uv":[2.33333,11.33333,2.66667,11.83333],"rotation":90,"texture":"#6"},"up":{"uv":[11.33333,2.66667,11.66667,3.16667],"rotation":90,"texture":"#6"},"down":{"uv":[1.66667,11.33333,2,11.83333],"rotation":90,"texture":"#6"}}},{"from":[9.30477,9.21379,-2.15958],"to":[10.55477,9.71379,-1.15958],"rotation":{"angle":-22.5,"axis":"y","origin":[13.31047,9.46379,0.14136]},"faces":{"north":{"uv":[13.33333,9.33333,13.5,9.75],"rotation":270,"texture":"#6"},"east":{"uv":[13.5,14,13.33333,13.66667],"rotation":90,"texture":"#6"},"west":{"uv":[0.83333,14,0.66667,14.33333],"rotation":90,"texture":"#6"},"up":{"uv":[3,12,3.33333,12.41667],"rotation":90,"texture":"#6"},"down":{"uv":[12,2.66667,12.33333,3.08333],"rotation":90,"texture":"#6"}}},{"from":[11.9889,9.21729,-3.43423],"to":[12.9889,9.71029,-2.43423],"rotation":{"angle":22.5,"axis":"y","origin":[13.31047,9.46379,0.14136]},"faces":{"east":{"uv":[11.83333,14,11.66667,13.66667],"rotation":90,"texture":"#6"},"south":{"uv":[13.66667,8.33333,13.83333,8.66667],"rotation":90,"texture":"#6"},"up":{"uv":[12.66667,3,13,3.33333],"rotation":90,"texture":"#6"},"down":{"uv":[3,8.66667,3.33333,9],"rotation":90,"texture":"#6"}}},{"from":[9.88807,8.71379,-3.23096],"to":[11.88807,10.21379,-1.73096],"rotation":{"angle":45,"axis":"y","origin":[13.31047,9.46379,0.14136]},"faces":{"north":{"uv":[0,9.66667,0.5,10.33333],"rotation":270,"texture":"#6"},"south":{"uv":[10,8.66667,10.5,9.33333],"rotation":90,"texture":"#6"},"up":{"uv":[10,9.66667,10.5,10.33333],"rotation":90,"texture":"#6"},"down":{"uv":[1,10,1.5,10.66667],"rotation":90,"texture":"#6"}}},{"from":[4.11193,8.71379,-3.23096],"to":[6.11193,10.21379,-1.73096],"rotation":{"angle":-45,"axis":"y","origin":[2.68953,9.46379,0.14136]},"faces":{"north":{"uv":[0,10.33333,0.5,9.66667],"rotation":270,"texture":"#6"},"south":{"uv":[10,9.33333,10.5,8.66667],"rotation":90,"texture":"#6"},"up":{"uv":[10,10.33333,10.5,9.66667],"rotation":90,"texture":"#6"},"down":{"uv":[1,10.66667,1.5,10],"rotation":90,"texture":"#6"}}},{"from":[3.0111,9.21729,-3.43423],"to":[4.0111,9.71029,-2.43423],"rotation":{"angle":-22.5,"axis":"y","origin":[2.68953,9.46379,0.14136]},"faces":{"south":{"uv":[13.66667,8.66667,13.83333,8.33333],"rotation":90,"texture":"#6"},"west":{"uv":[11.83333,13.66667,11.66667,14],"rotation":90,"texture":"#6"},"up":{"uv":[12.66667,3.33333,13,3],"rotation":90,"texture":"#6"},"down":{"uv":[3,9,3.33333,8.66667],"rotation":90,"texture":"#6"}}},{"from":[5.44523,9.21379,-2.15958],"to":[6.69523,9.71379,-1.15958],"rotation":{"angle":22.5,"axis":"y","origin":[2.68953,9.46379,0.14136]},"faces":{"north":{"uv":[13.33333,9.75,13.5,9.33333],"rotation":270,"texture":"#6"},"east":{"uv":[0.83333,14.33333,0.66667,14],"rotation":90,"texture":"#6"},"west":{"uv":[13.5,13.66667,13.33333,14],"rotation":90,"texture":"#6"},"up":{"uv":[3,12.41667,3.33333,12],"rotation":90,"texture":"#6"},"down":{"uv":[12,3.08333,12.33333,2.66667],"rotation":90,"texture":"#6"}}},{"from":[0.12677,8.96729,-0.2767],"to":[1.62677,9.96029,0.7233],"rotation":{"angle":-22.5,"axis":"y","origin":[2.68953,9.46379,0.14136]},"faces":{"north":{"uv":[11,9.83333,11.33333,9.33333],"rotation":270,"texture":"#6"},"south":{"uv":[2.33333,11.83333,2.66667,11.33333],"rotation":90,"texture":"#6"},"west":{"uv":[13,3.66667,12.66667,4],"rotation":90,"texture":"#6"},"up":{"uv":[11.33333,3.16667,11.66667,2.66667],"rotation":90,"texture":"#6"},"down":{"uv":[1.66667,11.83333,2,11.33333],"rotation":90,"texture":"#6"}}},{"from":[1.52655,8.96379,-1.19863],"to":[2.77655,9.96379,-0.19863],"rotation":{"angle":22.5,"axis":"y","origin":[2.68953,9.46379,0.14136]},"faces":{"north":{"uv":[5.33333,12.41667,5.66667,12],"rotation":270,"texture":"#6"},"east":{"uv":[13,5.33333,12.66667,5],"rotation":90,"texture":"#6"},"south":{"uv":[12,10.41667,12.33333,10],"rotation":90,"texture":"#6"},"west":{"uv":[4.66667,12.66667,4.33333,13],"rotation":90,"texture":"#6"},"up":{"uv":[10.66667,12.41667,11,12],"rotation":90,"texture":"#6"},"down":{"uv":[12,8.08333,12.33333,7.66667],"rotation":90,"texture":"#6"}}},{"from":[2.46025,9.34229,-3.77622],"to":[3.46025,9.58529,-2.77622],"rotation":{"angle":0,"axis":"y","origin":[2.68953,9.46379,0.14136]},"faces":{"east":{"uv":[14.08333,6.33333,14,6],"rotation":90,"texture":"#6"},"south":{"uv":[5.33333,14.33333,5.41667,14],"rotation":90,"texture":"#6"},"west":{"uv":[14.08333,5.33333,14,5.66667],"rotation":90,"texture":"#6"},"up":{"uv":[12.66667,6.66667,13,6.33333],"rotation":90,"texture":"#6"},"down":{"uv":[12.66667,6,13,5.66667],"rotation":90,"texture":"#6"}}},{"from":[3.97691,9.33879,-3.56576],"to":[5.22691,9.58879,-2.56576],"rotation":{"angle":22.5,"axis":"y","origin":[2.68953,9.46379,0.14136]},"faces":{"north":{"uv":[14,4.75,14.08333,4.33333],"rotation":270,"texture":"#6"},"east":{"uv":[7.08333,14.33333,7,14],"rotation":90,"texture":"#6"},"south":{"uv":[4.66667,14.41667,4.75,14],"rotation":90,"texture":"#6"},"west":{"uv":[14.08333,6.66667,14,7],"rotation":90,"texture":"#6"},"up":{"uv":[12,12.41667,12.33333,12],"rotation":90,"texture":"#6"},"down":{"uv":[12,11.41667,12.33333,11],"rotation":90,"texture":"#6"}}},{"from":[1.8624,9.34729,-4.27416],"to":[3.8624,9.58029,-3.27416],"rotation":{"angle":-22.5,"axis":"y","origin":[2.68953,9.46379,0.14136]},"faces":{"north":{"uv":[14,1.33333,14.08333,0.66667],"rotation":270,"texture":"#6"},"south":{"uv":[1.33333,14.66667,1.41667,14],"rotation":90,"texture":"#6"},"up":{"uv":[4.66667,11.33333,5,10.66667],"rotation":90,"texture":"#6"},"down":{"uv":[10.66667,5,11,4.33333],"rotation":90,"texture":"#6"}}},{"from":[2.29099,9.09767,2.13752],"to":[3.29099,9.83067,3.63752],"rotation":{"angle":-22.5,"axis":"y","origin":[2.68953,9.46379,0.14136]},"faces":{"east":{"uv":[9.91667,12.83333,9.66667,12.33333],"rotation":90,"texture":"#6"},"west":{"uv":[9.25,12.33333,9,12.83333],"rotation":90,"texture":"#6"},"up":{"uv":[5.33333,11.66667,5.83333,11.33333],"rotation":90,"texture":"#6"},"down":{"uv":[11.33333,4.66667,11.83333,4.33333],"rotation":90,"texture":"#6"}}},{"from":[1.54099,9.09767,1.13752],"to":[3.29099,9.83067,2.13752],"rotation":{"angle":-22.5,"axis":"y","origin":[2.68953,9.46379,0.14136]},"faces":{"north":{"uv":[7.66667,12.25,7.91667,11.66667],"rotation":270,"texture":"#6"},"east":{"uv":[0.91667,13.66667,0.66667,13.33333],"rotation":90,"texture":"#6"},"south":{"uv":[12,2.25,12.25,1.66667],"rotation":90,"texture":"#6"},"west":{"uv":[12.25,13,12,13.33333],"rotation":90,"texture":"#6"},"up":{"uv":[10.66667,8.25,11,7.66667],"rotation":90,"texture":"#6"},"down":{"uv":[7.66667,11.25,8,10.66667],"rotation":90,"texture":"#6"}}},{"from":[0.46589,9.09804,-1.25928],"to":[1.96589,9.82804,0.99072],"rotation":{"angle":22.5,"axis":"y","origin":[2.68953,9.46379,0.14136]},"faces":{"east":{"uv":[11.25,6.08333,11,5.33333],"rotation":90,"texture":"#6"},"west":{"uv":[1.25,11,1,11.75],"rotation":90,"texture":"#6"},"up":{"uv":[9.66667,7.16667,10.41667,6.66667],"rotation":90,"texture":"#6"},"down":{"uv":[9.66667,6.16667,10.41667,5.66667],"rotation":90,"texture":"#6"}}},{"from":[3.91633,9.09729,-0.3451],"to":[5.41633,9.83029,0.6549],"rotation":{"angle":22.5,"axis":"y","origin":[2.68953,9.46379,0.14136]},"faces":{"north":{"uv":[11.33333,12.83333,11.58333,12.33333],"rotation":270,"texture":"#6"},"east":{"uv":[1.58333,13.66667,1.33333,13.33333],"rotation":90,"texture":"#6"},"south":{"uv":[0,13.16667,0.25,12.66667],"rotation":90,"texture":"#6"},"west":{"uv":[13.58333,0.66667,13.33333,1],"rotation":90,"texture":"#6"},"up":{"uv":[9,11.83333,9.33333,11.33333],"rotation":90,"texture":"#6"},"down":{"uv":[11.33333,8.16667,11.66667,7.66667],"rotation":90,"texture":"#6"}}},{"from":[3.48081,9.09879,-3.17366],"to":[4.98081,9.82879,-1.17366],"rotation":{"angle":-22.5,"axis":"y","origin":[2.68953,9.46379,0.14136]},"faces":{"east":{"uv":[11.58333,12,11.33333,11.33333],"rotation":90,"texture":"#6"},"west":{"uv":[11.58333,10.33333,11.33333,11],"rotation":90,"texture":"#6"},"up":{"uv":[10.33333,3.16667,11,2.66667],"rotation":90,"texture":"#6"},"down":{"uv":[2,10.83333,2.66667,10.33333],"rotation":90,"texture":"#6"}}},{"from":[5.41634,9.09729,-1.46641],"to":[6.91634,9.83029,-0.46641],"rotation":{"angle":22.5,"axis":"y","origin":[2.68953,9.46379,0.14136]},"faces":{"north":{"uv":[12.66667,1.5,12.91667,1],"rotation":270,"texture":"#6"},"east":{"uv":[2.25,13.66667,2,13.33333],"rotation":90,"texture":"#6"},"south":{"uv":[12.66667,2.5,12.91667,2],"rotation":90,"texture":"#6"},"west":{"uv":[13.58333,1.33333,13.33333,1.66667],"rotation":90,"texture":"#6"},"up":{"uv":[11.66667,0.5,12,0],"rotation":90,"texture":"#6"},"down":{"uv":[0,12.16667,0.33333,11.66667],"rotation":90,"texture":"#6"}}},{"from":[1.71589,9.22379,-1.25929],"to":[5.21589,9.70379,0.24071],"rotation":{"angle":22.5,"axis":"y","origin":[2.68953,9.46379,0.14136]},"faces":{"north":{"uv":[8.33333,11.83333,8.5,10.66667],"rotation":270,"texture":"#6"},"east":{"uv":[13.5,2.5,13.33333,2],"rotation":90,"texture":"#6"},"south":{"uv":[10,11.83333,10.16667,10.66667],"rotation":90,"texture":"#6"},"up":{"uv":[4.33333,10.16667,4.83333,9],"rotation":90,"texture":"#6"},"down":{"uv":[2,9.83333,2.5,8.66667],"rotation":90,"texture":"#6"}}},{"from":[-1.23421,9.08842,1.41765],"to":[0.01579,9.83842,2.41765],"rotation":{"angle":45,"axis":"y","origin":[2.68953,9.46379,0.14136]},"faces":{"north":{"uv":[2.66667,13.41667,2.91667,13],"rotation":270,"texture":"#6"},"east":{"uv":[3.58333,13.66667,3.33333,13.33333],"rotation":90,"texture":"#6"},"south":{"uv":[5,13.41667,5.25,13],"rotation":90,"texture":"#6"},"west":{"uv":[13.58333,3,13.33333,3.33333],"rotation":90,"texture":"#6"},"up":{"uv":[0.66667,12.75,1,12.33333],"rotation":90,"texture":"#6"},"down":{"uv":[12.33333,0.41667,12.66667,0],"rotation":90,"texture":"#6"}}},{"from":[2.29099,9.09767,3.63752],"to":[3.29099,9.83067,4.63752],"rotation":{"angle":-22.5,"axis":"y","origin":[2.68953,9.46379,0.14136]},"faces":{"north":{"uv":[13.33333,4,13.58333,3.66667],"rotation":270,"texture":"#6"},"south":{"uv":[4,13.66667,4.25,13.33333],"rotation":90,"texture":"#6"},"west":{"uv":[13.58333,4.33333,13.33333,4.66667],"rotation":90,"texture":"#6"},"up":{"uv":[7.33333,13,7.66667,12.66667],"rotation":90,"texture":"#6"},"down":{"uv":[12.66667,7.33333,13,7],"rotation":90,"texture":"#6"}}},{"from":[0.23341,9.10379,3.21888],"to":[0.98341,9.82379,4.14388],"rotation":{"angle":0,"axis":"y","origin":[2.68953,9.46379,0.14136]},"faces":{"north":{"uv":[13.66667,0.25,13.91667,0],"rotation":270,"texture":"#6"},"south":{"uv":[8,13.91667,8.25,13.66667],"rotation":90,"texture":"#6"},"west":{"uv":[13.58333,5.66667,13.33333,6],"rotation":90,"texture":"#6"},"up":{"uv":[5.66667,13.58333,6,13.33333],"rotation":90,"texture":"#6"},"down":{"uv":[13.33333,5.25,13.66667,5],"rotation":90,"texture":"#6"}}},{"from":[2.82956,9.21804,0.35065],"to":[3.82956,9.71104,1.35065],"rotation":{"angle":-22.5,"axis":"y","origin":[2.68953,9.46379,0.14136]},"faces":{"north":{"uv":[14,2,14.16667,1.66667],"rotation":270,"texture":"#6"},"south":{"uv":[2,14.33333,2.16667,14],"rotation":90,"texture":"#6"},"up":{"uv":[12.66667,9.66667,13,9.33333],"rotation":90,"texture":"#6"},"down":{"uv":[12.66667,8,13,7.66667],"rotation":90,"texture":"#6"}}},{"from":[1.29976,9.21454,0.35083],"to":[2.54976,9.71454,1.35083],"rotation":{"angle":45,"axis":"y","origin":[2.68953,9.46379,0.14136]},"faces":{"north":{"uv":[13.33333,10.75,13.5,10.33333],"rotation":270,"texture":"#6"},"east":{"uv":[14.16667,2.66667,14,2.33333],"rotation":90,"texture":"#6"},"south":{"uv":[11,13.75,11.16667,13.33333],"rotation":90,"texture":"#6"},"up":{"uv":[2,12.75,2.33333,12.33333],"rotation":90,"texture":"#6"},"down":{"uv":[1.33333,12.75,1.66667,12.33333],"rotation":90,"texture":"#6"}}},{"from":[3.82956,9.21804,0.10065],"to":[4.32956,9.71104,1.35065],"rotation":{"angle":-22.5,"axis":"y","origin":[2.68953,9.46379,0.14136]},"faces":{"north":{"uv":[8.66667,14.16667,8.83333,14],"rotation":270,"texture":"#6"},"east":{"uv":[13.5,13.08333,13.33333,12.66667],"rotation":90,"texture":"#6"},"south":{"uv":[14,9.16667,14.16667,9],"rotation":90,"texture":"#6"},"west":{"uv":[12.83333,13.33333,12.66667,13.75],"rotation":90,"texture":"#6"},"up":{"uv":[13.33333,12.16667,13.75,12],"rotation":90,"texture":"#6"},"down":{"uv":[13.33333,11.5,13.75,11.33333],"rotation":90,"texture":"#6"}}},{"from":[5.01808,8.71129,-1.23861],"to":[6.08108,10.21629,-0.17561],"rotation":{"angle":0,"axis":"y","origin":[2.68953,9.46379,0.14136]},"faces":{"north":{"uv":[11.66667,1.33333,12.16667,1],"rotation":270,"texture":"#6"},"east":{"uv":[12.16667,5.33333,11.66667,5],"rotation":90,"texture":"#6"},"south":{"uv":[3.66667,12,4.16667,11.66667],"rotation":90,"texture":"#6"},"west":{"uv":[12.16667,3.66667,11.66667,4],"rotation":90,"texture":"#6"},"up":{"uv":[12.66667,11,13,10.66667],"rotation":90,"texture":"#6"},"down":{"uv":[12.66667,10.33333,13,10],"rotation":90,"texture":"#6"}}},{"from":[6.43229,8.71129,0.17561],"to":[7.49529,10.21629,1.23861],"rotation":{"angle":0,"axis":"y","origin":[2.68953,9.46379,0.14136]},"faces":{"north":{"uv":[11.66667,6,12.16667,5.66667],"rotation":270,"texture":"#6"},"east":{"uv":[12.16667,9.66667,11.66667,9.33333],"rotation":90,"texture":"#6"},"south":{"uv":[11.66667,6.66667,12.16667,6.33333],"rotation":90,"texture":"#6"},"west":{"uv":[12.16667,7,11.66667,7.33333],"rotation":90,"texture":"#6"},"up":{"uv":[12.66667,12.33333,13,12],"rotation":90,"texture":"#6"},"down":{"uv":[12.66667,11.66667,13,11.33333],"rotation":90,"texture":"#6"}}},{"from":[-2.04657,9.10629,0.75753],"to":[-1.04657,9.82129,1.67753],"rotation":{"angle":45,"axis":"y","origin":[2.68953,9.46379,0.14136]},"faces":{"north":{"uv":[13.33333,6.66667,13.58333,6.33333],"rotation":270,"texture":"#6"},"south":{"uv":[13.33333,7.33333,13.58333,7],"rotation":90,"texture":"#6"},"west":{"uv":[7.58333,13.33333,7.33333,13.66667],"rotation":90,"texture":"#6"},"up":{"uv":[13,0.33333,13.33333,0],"rotation":90,"texture":"#6"},"down":{"uv":[12.66667,13,13,12.66667],"rotation":90,"texture":"#6"}}},{"from":[0.07956,9.44879,-0.64936],"to":[4.82956,9.47879,7.60064],"rotation":{"angle":-22.5,"axis":"y","origin":[2.68953,9.46379,0.14136]},"faces":{"up":{"uv":[4.33333,3.58333,7.08333,2],"rotation":90,"texture":"#6"},"down":{"uv":[7.08333,3.58333,4.33333,2],"rotation":90,"texture":"#6"}}},{"from":[-1.98734,9.41426,3.62835],"to":[2.76266,9.48426,7.87835],"rotation":{"angle":-22.5,"axis":"y","origin":[2.68953,9.46379,0.14136]},"faces":{"up":{"uv":[0,0,8.5,9.5],"rotation":270,"texture":"#7"},"down":{"uv":[8.5,0,0,9.5],"rotation":270,"texture":"#7"}}},{"from":[5.61227,8.96379,3.8151],"to":[5.86227,9.96379,4.0651],"rotation":{"angle":-45,"axis":"y","origin":[2.68953,9.46379,0.14136]},"faces":{"north":{"uv":[9.33333,14.08333,9.66667,14],"rotation":270,"texture":"#6"},"east":{"uv":[14.33333,10.41667,14,10.33333],"rotation":90,"texture":"#6"},"south":{"uv":[14,9.75,14.33333,9.66667],"rotation":90,"texture":"#6"},"west":{"uv":[10.33333,14,10,14.08333],"rotation":90,"texture":"#6"},"up":{"uv":[0.66667,14.75,0.75,14.66667],"rotation":90,"texture":"#6"},"down":{"uv":[0,14.75,0.08333,14.66667],"rotation":90,"texture":"#6"}}},{"from":[4.86227,8.96379,3.8151],"to":[5.61227,9.21379,4.0651],"rotation":{"angle":-45,"axis":"y","origin":[2.68953,9.46379,0.14136]},"faces":{"north":{"uv":[14,14.25,14.08333,14],"rotation":270,"texture":"#6"},"south":{"uv":[14.33333,7.58333,14.41667,7.33333],"rotation":90,"texture":"#6"},"west":{"uv":[14.75,0.66667,14.66667,0.75],"rotation":90,"texture":"#6"},"up":{"uv":[7.66667,14.58333,7.75,14.33333],"rotation":90,"texture":"#6"},"down":{"uv":[14.33333,0.25,14.41667,0],"rotation":90,"texture":"#6"}}},{"from":[4.86227,9.71379,3.8151],"to":[5.61227,9.96379,4.0651],"rotation":{"angle":-45,"axis":"y","origin":[2.68953,9.46379,0.14136]},"faces":{"north":{"uv":[14.33333,8.25,14.41667,8],"rotation":270,"texture":"#6"},"south":{"uv":[14.33333,11.25,14.41667,11],"rotation":90,"texture":"#6"},"west":{"uv":[14.75,1.33333,14.66667,1.41667],"rotation":90,"texture":"#6"},"up":{"uv":[11.33333,14.58333,11.41667,14.33333],"rotation":90,"texture":"#6"},"down":{"uv":[10.66667,14.58333,10.75,14.33333],"rotation":90,"texture":"#6"}}},{"from":[4.61227,9.21379,3.8151],"to":[5.11227,9.71379,4.0651],"rotation":{"angle":-45,"axis":"y","origin":[2.68953,9.46379,0.14136]},"faces":{"north":{"uv":[14,12.83333,14.16667,12.66667],"rotation":270,"texture":"#6"},"east":{"uv":[13.5,14.41667,13.33333,14.33333],"rotation":90,"texture":"#6"},"south":{"uv":[14,13.5,14.16667,13.33333],"rotation":90,"texture":"#6"},"west":{"uv":[12.83333,14.33333,12.66667,14.41667],"rotation":90,"texture":"#6"},"up":{"uv":[12,14.5,12.08333,14.33333],"rotation":90,"texture":"#6"},"down":{"uv":[14.33333,11.83333,14.41667,11.66667],"rotation":90,"texture":"#6"}}},{"from":[2,9.495,4.75],"to":[14,9.505,9.75],"rotation":{"angle":0,"axis":"z","origin":[8,9.5,7.75]},"faces":{"up":{"uv":[4,1.66667,0,0],"texture":"#6"},"down":{"uv":[4,0,0,1.66667],"texture":"#6"}}},{"from":[6.875,9.485,3.75],"to":[9.125,9.515,10.25],"rotation":{"angle":45,"axis":"z","origin":[8,9.5,7]},"faces":{"up":{"uv":[1.75,8.16667,1,6],"texture":"#6"},"down":{"uv":[1.75,6,1,8.16667],"texture":"#6"}}},{"from":[7.985,8.375,3.75],"to":[8.015,10.625,10.25],"rotation":{"angle":45,"axis":"z","origin":[8,9.5,7]},"faces":{"east":{"uv":[1.75,8.16667,1,6],"rotation":90,"texture":"#6"},"west":{"uv":[1.75,6,1,8.16667],"rotation":90,"texture":"#6"}}},{"from":[7,8,0],"to":[9,9,10],"rotation":{"angle":0,"axis":"y","origin":[7,7,0]},"faces":{"north":{"uv":[10.66667,1.33333,11.33333,1.66667],"texture":"#6"},"east":{"uv":[7.33333,0,10.66667,0.33333],"texture":"#6"},"south":{"uv":[10.66667,3.66667,11.33333,4],"texture":"#6"},"west":{"uv":[7.33333,0.66667,10.66667,1],"texture":"#6"},"up":{"uv":[6.33333,9,5.66667,5.66667],"texture":"#6"},"down":{"uv":[0.66667,6,0,9.33333],"texture":"#6"}}},{"from":[6.995,6.53596,9.19448],"to":[9.005,9.53596,12.19448],"rotation":{"angle":-22.5,"axis":"x","origin":[7.995,9.03596,10.69448]},"faces":{"north":{"uv":[7.66667,2.66667,8.33333,3.66667],"texture":"#6"},"east":{"uv":[2.33333,6,3.33333,7],"texture":"#6"},"south":{"uv":[8,7.66667,8.66667,8.66667],"texture":"#6"},"west":{"uv":[2.33333,7.33333,3.33333,8.33333],"texture":"#6"},"up":{"uv":[9,5,8.33333,4],"texture":"#6"},"down":{"uv":[1.66667,8.66667,1,9.66667],"texture":"#6"}}},{"from":[6.745,7.28596,9.94448],"to":[9.255,8.78596,11.44448],"rotation":{"angle":-22.5,"axis":"x","origin":[7.995,9.03596,10.69448]},"faces":{"north":{"uv":[3,9.33333,3.83333,9.83333],"texture":"#6"},"east":{"uv":[0,10.66667,0.5,11.16667],"texture":"#6"},"south":{"uv":[9.33333,3.66667,10.16667,4.16667],"texture":"#6"},"west":{"uv":[3.66667,10.66667,4.16667,11.16667],"texture":"#6"},"up":{"uv":[10.16667,5.16667,9.33333,4.66667],"texture":"#6"},"down":{"uv":[6.16667,9.33333,5.33333,9.83333],"texture":"#6"}}},{"from":[7.5,7,1.25],"to":[8.5,8,10],"rotation":{"angle":0,"axis":"y","origin":[7,6,0]},"faces":{"east":{"uv":[7.33333,1.33333,10.25,1.66667],"texture":"#6"},"west":{"uv":[7.66667,2,10.58333,2.33333],"texture":"#6"},"down":{"uv":[4,6,3.66667,8.91667],"texture":"#6"}}},{"from":[7.495,4.9974,-0.66529],"to":[8.505,6.4974,0.83471],"rotation":{"angle":45,"axis":"x","origin":[7.995,5.4974,3.45971]},"faces":{"east":{"uv":[5.33333,10.33333,5.83333,10.83333],"texture":"#6"},"west":{"uv":[9,10.33333,9.5,10.83333],"texture":"#6"},"down":{"uv":[5,11.66667,4.66667,12.16667],"texture":"#6"}}},{"from":[7.5,6.5,11],"to":[8.5,8,19],"rotation":{"angle":0,"axis":"y","origin":[7,5.5,12]},"faces":{"north":{"uv":[11,6.66667,11.33333,7.16667],"texture":"#6"},"east":{"uv":[6.66667,5.66667,9.33333,6.16667],"texture":"#6"},"west":{"uv":[6.66667,6.66667,9.33333,7.16667],"texture":"#6"},"up":{"uv":[7,10.33333,6.66667,7.66667],"texture":"#6"},"down":{"uv":[7.66667,7.66667,7.33333,10.33333],"texture":"#6"}}},{"from":[7.75,5.75,17.5],"to":[8.25,6.5,19],"rotation":{"angle":0,"axis":"y","origin":[7,5.5,12]},"faces":{"north":{"uv":[4,14,4.16667,14.25],"texture":"#6"},"east":{"uv":[12,8.66667,12.5,8.91667],"texture":"#6"},"west":{"uv":[12.33333,4.33333,12.83333,4.58333],"texture":"#6"},"down":{"uv":[13.16667,8.33333,13,8.83333],"texture":"#6"}}},{"from":[7.7535,6.1705,16.48483],"to":[8.2465,7.1705,17.98483],"rotation":{"angle":45,"axis":"x","origin":[8.0035,6.5455,17.23483]},"faces":{"east":{"uv":[11,2,11.5,2.33333],"texture":"#6"},"west":{"uv":[11,8.66667,11.5,9],"texture":"#6"},"down":{"uv":[10.5,13,10.33333,13.5],"texture":"#6"}}},{"from":[7.625,5.00576,10.28596],"to":[8.375,6.50576,13.53596],"rotation":{"angle":22.5,"axis":"x","origin":[7.875,5.50576,13.78596]},"faces":{"east":{"uv":[8.66667,2.66667,9.75,3.16667],"texture":"#6"},"west":{"uv":[9,7.66667,10.08333,8.16667],"texture":"#6"},"down":{"uv":[3.25,10.33333,3,11.41667],"texture":"#6"}}},{"from":[7.625,4.75576,13.53596],"to":[8.375,7.00576,14.03596],"rotation":{"angle":22.5,"axis":"x","origin":[7.875,5.50576,13.78596]},"faces":{"north":{"uv":[10.66667,10.66667,10.91667,11.41667],"texture":"#6"},"east":{"uv":[6.66667,12.33333,6.83333,13.08333],"texture":"#6"},"south":{"uv":[11,0,11.25,0.75],"texture":"#6"},"west":{"uv":[8.33333,12.33333,8.5,13.08333],"texture":"#6"},"up":{"uv":[3.58333,14.16667,3.33333,14],"texture":"#6"},"down":{"uv":[14.25,3.66667,14,3.83333],"texture":"#6"}}},{"from":[7.75,8.5,9.5],"to":[8.25,9.75,10.5],"rotation":{"angle":45,"axis":"x","origin":[8,9.5,10]},"faces":{"north":{"uv":[0,13.66667,0.16667,14.08333],"texture":"#6"},"east":{"uv":[3.66667,12.33333,4,12.75],"texture":"#6"},"south":{"uv":[6.33333,13.66667,6.5,14.08333],"texture":"#6"},"west":{"uv":[6,12.33333,6.33333,12.75],"texture":"#6"},"up":{"uv":[2.83333,14.33333,2.66667,14],"texture":"#6"},"down":{"uv":[14.16667,3,14,3.33333],"texture":"#6"}}},{"from":[7.375,5.05448,19.53073],"to":[8.625,8.55448,20.03073],"rotation":{"angle":-22.5,"axis":"x","origin":[7.375,4.30448,19.53073]},"faces":{"north":{"uv":[8,9,8.41667,10.16667],"texture":"#6"},"east":{"uv":[6.33333,10.66667,6.5,11.83333],"texture":"#6"},"south":{"uv":[9,8.66667,9.41667,9.83333],"texture":"#6"},"west":{"uv":[7,10.66667,7.16667,11.83333],"texture":"#6"},"up":{"uv":[13.75,7.83333,13.33333,7.66667],"texture":"#6"},"down":{"uv":[9.41667,13.33333,9,13.5],"texture":"#6"}}},{"from":[4,9.25,-1.75],"to":[12,14.25,-1.74],"rotation":{"angle":22.5,"axis":"x","origin":[8,11.75,-1.745]},"faces":{"north":{"uv":[4.33333,0,7,1.66667],"texture":"#6"},"south":{"uv":[7,0,4.33333,1.66667],"texture":"#6"}}},{"from":[10.03832,8.675,13.30735],"to":[11.03832,10.675,14.30735],"rotation":{"angle":-22.5,"axis":"y","origin":[10.375,10.175,13.875]},"faces":{"north":{"uv":[0,0,0.8,1.6],"texture":"#2"},"east":{"uv":[1.6,0,2.4,1.6],"texture":"#2"},"south":{"uv":[0,2.4,0.8,4],"texture":"#2"},"west":{"uv":[1.6,2.4,2.4,4],"texture":"#2"},"up":{"uv":[7.2,0.8,6.4,0],"texture":"#2"},"down":{"uv":[7.2,1.6,6.4,2.4],"texture":"#2"}}},{"from":[10.75,8.925,13.9],"to":[11.25,10.925,14.4],"rotation":{"angle":-45,"axis":"y","origin":[10.375,10.175,13.775]},"faces":{"north":{"uv":[6.4,3.2,6.8,4.8],"texture":"#2"},"east":{"uv":[6.4,5.6,6.8,7.2],"texture":"#2"},"south":{"uv":[0,7.2,0.4,8.8],"texture":"#2"},"west":{"uv":[1.6,7.2,2,8.8],"texture":"#2"},"up":{"uv":[5.2,14,4.8,13.6],"texture":"#2"},"down":{"uv":[8.4,13.6,8,14],"texture":"#2"}}},{"from":[9.7,8.425,13.25],"to":[10.2,10.425,13.75],"rotation":{"angle":-45,"axis":"y","origin":[10.575,10.175,13.875]},"faces":{"north":{"uv":[3.2,7.2,3.6,8.8],"texture":"#2"},"east":{"uv":[4.8,7.2,5.2,8.8],"texture":"#2"},"south":{"uv":[8,0,8.4,1.6],"texture":"#2"},"west":{"uv":[8,2.4,8.4,4],"texture":"#2"},"up":{"uv":[11.6,14,11.2,13.6],"texture":"#2"},"down":{"uv":[14.8,0,14.4,0.4],"texture":"#2"}}},{"from":[10.15005,10.675,13.39974],"to":[10.90005,11.175,14.14974],"rotation":{"angle":-22.5,"axis":"y","origin":[10.375,10.175,13.875]},"faces":{"north":{"uv":[8,12,8.6,12.4],"texture":"#2"},"east":{"uv":[11.2,12,11.8,12.4],"texture":"#2"},"south":{"uv":[12.8,0,13.4,0.4],"texture":"#2"},"west":{"uv":[1.6,12.8,2.2,13.2],"texture":"#2"},"up":{"uv":[2.2,11.8,1.6,11.2],"texture":"#2"}}},{"from":[10.15005,8.175,13.39974],"to":[10.90005,8.675,14.14974],"rotation":{"angle":-22.5,"axis":"y","origin":[10.375,10.175,13.875]},"faces":{"north":{"uv":[12.8,1.6,13.4,2],"texture":"#2"},"east":{"uv":[3.2,12.8,3.8,13.2],"texture":"#2"},"south":{"uv":[12.8,3.2,13.4,3.6],"texture":"#2"},"west":{"uv":[12.8,4.8,13.4,5.2],"texture":"#2"},"down":{"uv":[11.8,2.4,11.2,3],"texture":"#2"}}},{"name":"cube_outline","from":[11.13832,10.775,14.40735],"to":[9.93832,8.575,13.20735],"rotation":{"angle":-22.5,"axis":"y","origin":[10.375,10.175,13.875]},"faces":{"north":{"uv":[0,0,0.83333,1.5],"texture":"#4"},"east":{"uv":[2,0,2.83333,1.5],"texture":"#4"},"south":{"uv":[0,2.66667,0.83333,4.16667],"texture":"#4"},"west":{"uv":[2,2.66667,2.83333,4.16667],"texture":"#4"},"up":{"uv":[10.16667,0.83333,9.33333,0],"texture":"#4"},"down":{"uv":[6.16667,9.33333,5.33333,10.16667],"texture":"#4"}}},{"name":"cube_outline","from":[11.35,11.025,14.5],"to":[10.65,8.825,13.8],"rotation":{"angle":-45,"axis":"y","origin":[10.375,10.175,13.775]},"faces":{"north":{"uv":[6,4,6.5,5.5],"texture":"#4"},"east":{"uv":[6,6.66667,6.5,8.16667],"texture":"#4"},"south":{"uv":[0,7.33333,0.5,8.83333],"texture":"#4"},"west":{"uv":[1.33333,7.33333,1.83333,8.83333],"texture":"#4"},"up":{"uv":[5.83333,13.83333,5.33333,13.33333],"texture":"#4"},"down":{"uv":[9.83333,13.33333,9.33333,13.83333],"texture":"#4"}}},{"name":"cube_outline","from":[10.3,10.525,13.85],"to":[9.6,8.325,13.15],"rotation":{"angle":-45,"axis":"y","origin":[10.575,10.175,13.875]},"faces":{"north":{"uv":[2.66667,7.33333,3.16667,8.83333],"texture":"#4"},"east":{"uv":[7.33333,4,7.83333,5.5],"texture":"#4"},"south":{"uv":[7.33333,6.66667,7.83333,8.16667],"texture":"#4"},"west":{"uv":[8,0,8.5,1.5],"texture":"#4"},"up":{"uv":[13.16667,13.83333,12.66667,13.33333],"texture":"#4"},"down":{"uv":[0.5,14,0,14.5],"texture":"#4"}}},{"name":"cube_outline","from":[11.00005,11.275,14.24974],"to":[10.05005,10.575,13.29974],"rotation":{"angle":-22.5,"axis":"y","origin":[10.375,10.175,13.875]},"faces":{"north":{"uv":[12,4,12.66667,4.5],"texture":"#4"},"east":{"uv":[10,12,10.66667,12.5],"texture":"#4"},"south":{"uv":[12.66667,0,13.33333,0.5],"texture":"#4"},"west":{"uv":[4,12.66667,4.66667,13.16667],"texture":"#4"},"down":{"uv":[12,6,11.33333,6.66667],"texture":"#4"}}},{"name":"cube_outline","from":[11.00005,8.775,14.24974],"to":[10.05005,8.075,13.29974],"rotation":{"angle":-22.5,"axis":"y","origin":[10.375,10.175,13.875]},"faces":{"north":{"uv":[12.66667,5.33333,13.33333,5.83333],"texture":"#4"},"east":{"uv":[6.66667,12.66667,7.33333,13.16667],"texture":"#4"},"south":{"uv":[12.66667,6.66667,13.33333,7.16667],"texture":"#4"},"west":{"uv":[8,12.66667,8.66667,13.16667],"texture":"#4"},"up":{"uv":[7.33333,12,6.66667,11.33333],"texture":"#4"}}},{"from":[5.40005,7.925,8.64974],"to":[6.15005,8.425,9.39974],"rotation":{"angle":-22.5,"axis":"y","origin":[5.625,9.925,9.125]},"faces":{"north":{"uv":[6.4,12.8,7,13.2],"texture":"#2"},"east":{"uv":[12.8,6.4,13.4,6.8],"texture":"#2"},"south":{"uv":[12.8,8,13.4,8.4],"texture":"#2"},"west":{"uv":[9.6,12.8,10.2,13.2],"texture":"#2"},"down":{"uv":[3.8,11.2,3.2,11.8],"texture":"#2"}}},{"from":[5.40005,9.925,8.64974],"to":[6.15005,10.425,9.39974],"rotation":{"angle":-22.5,"axis":"y","origin":[5.625,9.425,9.125]},"faces":{"north":{"uv":[12.8,9.6,13.4,10],"texture":"#2"},"east":{"uv":[12.8,11.2,13.4,11.6],"texture":"#2"},"south":{"uv":[12.8,12.8,13.4,13.2],"texture":"#2"},"west":{"uv":[0,13.6,0.6,14],"texture":"#2"},"up":{"uv":[11.8,4.6,11.2,4],"texture":"#2"}}},{"from":[4.95,8.675,8.75],"to":[5.45,10.675,9.25],"rotation":{"angle":-45,"axis":"y","origin":[5.825,10.425,9.375]},"faces":{"north":{"uv":[8,4.8,8.4,6.4],"texture":"#2"},"east":{"uv":[6.4,8,6.8,9.6],"texture":"#2"},"south":{"uv":[8,7.2,8.4,8.8],"texture":"#2"},"west":{"uv":[0,9.6,0.4,11.2],"texture":"#2"},"up":{"uv":[2,14.8,1.6,14.4],"texture":"#2"},"down":{"uv":[14.8,1.6,14.4,2],"texture":"#2"}}},{"from":[6,8.275,9.15],"to":[6.5,10.025,9.65],"rotation":{"angle":-45,"axis":"y","origin":[5.625,9.525,9.025]},"faces":{"north":{"uv":[9.6,3.2,10,4.6],"texture":"#2"},"east":{"uv":[4.8,9.6,5.2,11],"texture":"#2"},"south":{"uv":[9.6,5.6,10,7],"texture":"#2"},"west":{"uv":[8,9.6,8.4,11],"texture":"#2"},"up":{"uv":[3.6,14.8,3.2,14.4],"texture":"#2"},"down":{"uv":[14.8,3.2,14.4,3.6],"texture":"#2"}}},{"from":[5.28832,8.425,8.55735],"to":[6.28832,9.925,9.55735],"rotation":{"angle":-22.5,"axis":"y","origin":[5.625,9.675,9.125]},"faces":{"north":{"uv":[3.2,0,4,1.2],"texture":"#2"},"east":{"uv":[3.2,2.4,4,3.6],"texture":"#2"},"south":{"uv":[0,4.8,0.8,6],"texture":"#2"},"west":{"uv":[4.8,0,5.6,1.2],"texture":"#2"},"up":{"uv":[10.4,0.8,9.6,0],"texture":"#2"},"down":{"uv":[2.4,9.6,1.6,10.4],"texture":"#2"}}},{"name":"cube_outline","from":[6.25005,8.525,9.49974],"to":[5.30005,7.825,8.54974],"rotation":{"angle":-22.5,"axis":"y","origin":[5.625,9.925,9.125]},"faces":{"north":{"uv":[12.66667,8,13.33333,8.5],"texture":"#4"},"east":{"uv":[12.66667,9.33333,13.33333,9.83333],"texture":"#4"},"south":{"uv":[12.66667,10.66667,13.33333,11.16667],"texture":"#4"},"west":{"uv":[11.33333,12.66667,12,13.16667],"texture":"#4"},"up":{"uv":[12,8,11.33333,7.33333],"texture":"#4"}}},{"name":"cube_outline","from":[6.25005,10.525,9.49974],"to":[5.30005,9.825,8.54974],"rotation":{"angle":-22.5,"axis":"y","origin":[5.625,9.425,9.125]},"faces":{"north":{"uv":[12.66667,12,13.33333,12.5],"texture":"#4"},"east":{"uv":[13.33333,1.33333,14,1.83333],"texture":"#4"},"south":{"uv":[13.33333,2.66667,14,3.16667],"texture":"#4"},"west":{"uv":[13.33333,4,14,4.5],"texture":"#4"},"down":{"uv":[12,8.66667,11.33333,9.33333],"texture":"#4"}}},{"name":"cube_outline","from":[5.55,10.775,9.35],"to":[4.85,8.575,8.65],"rotation":{"angle":-45,"axis":"y","origin":[5.825,10.425,9.375]},"faces":{"north":{"uv":[4,8,4.5,9.5],"texture":"#4"},"east":{"uv":[8.66667,2.66667,9.16667,4.16667],"texture":"#4"},"south":{"uv":[8.66667,5.33333,9.16667,6.83333],"texture":"#4"},"west":{"uv":[8.66667,8,9.16667,9.5],"texture":"#4"},"up":{"uv":[14.5,0.5,14,0],"texture":"#4"},"down":{"uv":[1.83333,14,1.33333,14.5],"texture":"#4"}}},{"name":"cube_outline","from":[6.6,10.125,9.75],"to":[5.9,8.175,9.05],"rotation":{"angle":-45,"axis":"y","origin":[5.625,9.525,9.025]},"faces":{"north":{"uv":[7.33333,9.33333,7.83333,10.66667],"texture":"#4"},"east":{"uv":[10,6,10.5,7.33333],"texture":"#4"},"south":{"uv":[10,8,10.5,9.33333],"texture":"#4"},"west":{"uv":[10,10,10.5,11.33333],"texture":"#4"},"up":{"uv":[3.16667,14.5,2.66667,14],"texture":"#4"},"down":{"uv":[4.5,14,4,14.5],"texture":"#4"}}},{"name":"cube_outline","from":[6.38832,10.025,9.65735],"to":[5.18832,8.325,8.45735],"rotation":{"angle":-22.5,"axis":"y","origin":[5.625,9.675,9.125]},"faces":{"north":{"uv":[4,0,4.83333,1.16667],"texture":"#4"},"east":{"uv":[4,2,4.83333,3.16667],"texture":"#4"},"south":{"uv":[4,4,4.83333,5.16667],"texture":"#4"},"west":{"uv":[0,5.33333,0.83333,6.5],"texture":"#4"},"up":{"uv":[0.83333,10.83333,0,10],"texture":"#4"},"down":{"uv":[2.83333,10,2,10.83333],"texture":"#4"}}},{"from":[5.37897,5.175,13.19376],"to":[6.12897,5.425,13.94376],"rotation":{"angle":-22.5,"axis":"y","origin":[5.72511,6.05,13.7]},"faces":{"north":{"uv":[9.6,14.4,10.2,14.6],"texture":"#2"},"east":{"uv":[14.4,9.6,15,9.8],"texture":"#2"},"south":{"uv":[14.4,11.2,15,11.4],"texture":"#2"},"west":{"uv":[12.8,14.4,13.4,14.6],"texture":"#2"},"down":{"uv":[11.8,5.6,11.2,6.2],"texture":"#2"}}},{"from":[5.26724,5.425,13.10137],"to":[6.26724,6.675,14.10137],"rotation":{"angle":-22.5,"axis":"y","origin":[5.72511,6.05,13.7]},"faces":{"north":{"uv":[1.6,4.8,2.4,5.8],"texture":"#2"},"east":{"uv":[4.8,2.4,5.6,3.4],"texture":"#2"},"south":{"uv":[3.2,4.8,4,5.8],"texture":"#2"},"west":{"uv":[4.8,4.8,5.6,5.8],"texture":"#2"},"up":{"uv":[10.4,2.4,9.6,1.6],"texture":"#2"},"down":{"uv":[4,9.6,3.2,10.4],"texture":"#2"}}},{"from":[5.90558,4.925,13.77205],"to":[6.40558,5.925,14.27205],"rotation":{"angle":-45,"axis":"y","origin":[5.72511,6.05,13.7]},"faces":{"north":{"uv":[11.2,8.8,11.6,9.6],"texture":"#2"},"east":{"uv":[11.2,10.4,11.6,11.2],"texture":"#2"},"south":{"uv":[0,12,0.4,12.8],"texture":"#2"},"west":{"uv":[4.8,12,5.2,12.8],"texture":"#2"},"up":{"uv":[14.8,5.2,14.4,4.8],"texture":"#2"},"down":{"uv":[6.8,14.4,6.4,14.8],"texture":"#2"}}},{"from":[5.04449,5.675,13.12811],"to":[5.54449,7.175,13.62811],"rotation":{"angle":-45,"axis":"y","origin":[5.72511,6.05,13.7]},"faces":{"north":{"uv":[9.6,8,10,9.2],"texture":"#2"},"east":{"uv":[6.4,10.4,6.8,11.6],"texture":"#2"},"south":{"uv":[9.6,10.4,10,11.6],"texture":"#2"},"west":{"uv":[11.2,0,11.6,1.2],"texture":"#2"},"up":{"uv":[14.8,6.8,14.4,6.4],"texture":"#2"},"down":{"uv":[14.8,8,14.4,8.4],"texture":"#2"}}},{"from":[5.37897,6.675,13.19376],"to":[6.12897,6.925,13.94376],"rotation":{"angle":-22.5,"axis":"y","origin":[5.72511,6.05,13.7]},"faces":{"north":{"uv":[14.4,12.8,15,13],"texture":"#2"},"east":{"uv":[14.4,14.4,15,14.6],"texture":"#2"},"south":{"uv":[0,15.2,0.6,15.4],"texture":"#2"},"west":{"uv":[4.8,15.2,5.4,15.4],"texture":"#2"},"up":{"uv":[11.8,7.8,11.2,7.2],"texture":"#2"}}},{"name":"cube_outline","from":[6.22897,5.525,14.04376],"to":[5.27897,5.075,13.09376],"rotation":{"angle":-22.5,"axis":"y","origin":[5.72511,6.05,13.7]},"faces":{"north":{"uv":[14,8,14.66667,8.33333],"texture":"#4"},"east":{"uv":[14,9.33333,14.66667,9.66667],"texture":"#4"},"south":{"uv":[10.66667,14,11.33333,14.33333],"texture":"#4"},"west":{"uv":[14,10.66667,14.66667,11],"texture":"#4"},"up":{"uv":[12,10.66667,11.33333,10],"texture":"#4"}}},{"name":"cube_outline","from":[6.36724,6.775,14.20137],"to":[5.16724,5.325,13.00137],"rotation":{"angle":-22.5,"axis":"y","origin":[5.72511,6.05,13.7]},"faces":{"north":{"uv":[2,5.33333,2.83333,6.33333],"texture":"#4"},"east":{"uv":[6,0,6.83333,1],"texture":"#4"},"south":{"uv":[6,2,6.83333,3],"texture":"#4"},"west":{"uv":[4,6,4.83333,7],"texture":"#4"},"up":{"uv":[10.83333,2.83333,10,2],"texture":"#4"},"down":{"uv":[10.83333,4,10,4.83333],"texture":"#4"}}},{"name":"cube_outline","from":[6.50558,6.025,14.37205],"to":[5.80558,4.825,13.67205],"rotation":{"angle":-45,"axis":"y","origin":[5.72511,6.05,13.7]},"faces":{"north":{"uv":[0,12,0.5,12.83333],"texture":"#4"},"east":{"uv":[1.33333,12,1.83333,12.83333],"texture":"#4"},"south":{"uv":[12,2,12.5,2.83333],"texture":"#4"},"west":{"uv":[2.66667,12,3.16667,12.83333],"texture":"#4"},"up":{"uv":[14.5,5.83333,14,5.33333],"texture":"#4"},"down":{"uv":[7.16667,14,6.66667,14.5],"texture":"#4"}}},{"name":"cube_outline","from":[5.64449,7.275,13.72811],"to":[4.94449,5.575,13.02811],"rotation":{"angle":-45,"axis":"y","origin":[5.72511,6.05,13.7]},"faces":{"north":{"uv":[4,10.66667,4.5,11.83333],"texture":"#4"},"east":{"uv":[8.66667,10.66667,9.16667,11.83333],"texture":"#4"},"south":{"uv":[11.33333,0,11.83333,1.16667],"texture":"#4"},"west":{"uv":[5.33333,11.33333,5.83333,12.5],"texture":"#4"},"up":{"uv":[14.5,7.16667,14,6.66667],"texture":"#4"},"down":{"uv":[8.5,14,8,14.5],"texture":"#4"}}},{"name":"cube_outline","from":[6.22897,7.025,14.04376],"to":[5.27897,6.575,13.09376],"rotation":{"angle":-22.5,"axis":"y","origin":[5.72511,6.05,13.7]},"faces":{"north":{"uv":[14,12,14.66667,12.33333],"texture":"#4"},"east":{"uv":[14,13.33333,14.66667,13.66667],"texture":"#4"},"south":{"uv":[14.66667,1.33333,15.33333,1.66667],"texture":"#4"},"west":{"uv":[14.66667,2.66667,15.33333,3],"texture":"#4"},"down":{"uv":[12,11.33333,11.33333,12],"texture":"#4"}}},{"from":[10.12897,5.175,8.44376],"to":[10.87897,5.425,9.19376],"rotation":{"angle":-22.5,"axis":"y","origin":[10.47511,6.05,8.95]},"faces":{"north":{"uv":[9.6,14.4,10.2,14.6],"texture":"#2"},"east":{"uv":[14.4,9.6,15,9.8],"texture":"#2"},"south":{"uv":[14.4,11.2,15,11.4],"texture":"#2"},"west":{"uv":[12.8,14.4,13.4,14.6],"texture":"#2"},"down":{"uv":[11.8,5.6,11.2,6.2],"texture":"#2"}}},{"from":[10.01724,5.425,8.35137],"to":[11.01724,6.675,9.35137],"rotation":{"angle":-22.5,"axis":"y","origin":[10.47511,6.05,8.95]},"faces":{"north":{"uv":[1.6,4.8,2.4,5.8],"texture":"#2"},"east":{"uv":[4.8,2.4,5.6,3.4],"texture":"#2"},"south":{"uv":[3.2,4.8,4,5.8],"texture":"#2"},"west":{"uv":[4.8,4.8,5.6,5.8],"texture":"#2"},"up":{"uv":[10.4,2.4,9.6,1.6],"texture":"#2"},"down":{"uv":[4,9.6,3.2,10.4],"texture":"#2"}}},{"from":[10.65558,4.925,9.02205],"to":[11.15558,5.925,9.52205],"rotation":{"angle":-45,"axis":"y","origin":[10.47511,6.05,8.95]},"faces":{"north":{"uv":[11.2,8.8,11.6,9.6],"texture":"#2"},"east":{"uv":[11.2,10.4,11.6,11.2],"texture":"#2"},"south":{"uv":[0,12,0.4,12.8],"texture":"#2"},"west":{"uv":[4.8,12,5.2,12.8],"texture":"#2"},"up":{"uv":[14.8,5.2,14.4,4.8],"texture":"#2"},"down":{"uv":[6.8,14.4,6.4,14.8],"texture":"#2"}}},{"from":[9.79449,5.675,8.37811],"to":[10.29449,7.175,8.87811],"rotation":{"angle":-45,"axis":"y","origin":[10.47511,6.05,8.95]},"faces":{"north":{"uv":[9.6,8,10,9.2],"texture":"#2"},"east":{"uv":[6.4,10.4,6.8,11.6],"texture":"#2"},"south":{"uv":[9.6,10.4,10,11.6],"texture":"#2"},"west":{"uv":[11.2,0,11.6,1.2],"texture":"#2"},"up":{"uv":[14.8,6.8,14.4,6.4],"texture":"#2"},"down":{"uv":[14.8,8,14.4,8.4],"texture":"#2"}}},{"from":[10.12897,6.675,8.44376],"to":[10.87897,6.925,9.19376],"rotation":{"angle":-22.5,"axis":"y","origin":[10.47511,6.05,8.95]},"faces":{"north":{"uv":[14.4,12.8,15,13],"texture":"#2"},"east":{"uv":[14.4,14.4,15,14.6],"texture":"#2"},"south":{"uv":[0,15.2,0.6,15.4],"texture":"#2"},"west":{"uv":[4.8,15.2,5.4,15.4],"texture":"#2"},"up":{"uv":[11.8,7.8,11.2,7.2],"texture":"#2"}}},{"name":"cube_outline","from":[10.97897,5.525,9.29376],"to":[10.02897,5.075,8.34376],"rotation":{"angle":-22.5,"axis":"y","origin":[10.47511,6.05,8.95]},"faces":{"north":{"uv":[14,8,14.66667,8.33333],"texture":"#4"},"east":{"uv":[14,9.33333,14.66667,9.66667],"texture":"#4"},"south":{"uv":[10.66667,14,11.33333,14.33333],"texture":"#4"},"west":{"uv":[14,10.66667,14.66667,11],"texture":"#4"},"up":{"uv":[12,10.66667,11.33333,10],"texture":"#4"}}},{"name":"cube_outline","from":[11.11724,6.775,9.45137],"to":[9.91724,5.325,8.25137],"rotation":{"angle":-22.5,"axis":"y","origin":[10.47511,6.05,8.95]},"faces":{"north":{"uv":[2,5.33333,2.83333,6.33333],"texture":"#4"},"east":{"uv":[6,0,6.83333,1],"texture":"#4"},"south":{"uv":[6,2,6.83333,3],"texture":"#4"},"west":{"uv":[4,6,4.83333,7],"texture":"#4"},"up":{"uv":[10.83333,2.83333,10,2],"texture":"#4"},"down":{"uv":[10.83333,4,10,4.83333],"texture":"#4"}}},{"name":"cube_outline","from":[11.25558,6.025,9.62205],"to":[10.55558,4.825,8.92205],"rotation":{"angle":-45,"axis":"y","origin":[10.47511,6.05,8.95]},"faces":{"north":{"uv":[0,12,0.5,12.83333],"texture":"#4"},"east":{"uv":[1.33333,12,1.83333,12.83333],"texture":"#4"},"south":{"uv":[12,2,12.5,2.83333],"texture":"#4"},"west":{"uv":[2.66667,12,3.16667,12.83333],"texture":"#4"},"up":{"uv":[14.5,5.83333,14,5.33333],"texture":"#4"},"down":{"uv":[7.16667,14,6.66667,14.5],"texture":"#4"}}},{"name":"cube_outline","from":[10.39449,7.275,8.97811],"to":[9.69449,5.575,8.27811],"rotation":{"angle":-45,"axis":"y","origin":[10.47511,6.05,8.95]},"faces":{"north":{"uv":[4,10.66667,4.5,11.83333],"texture":"#4"},"east":{"uv":[8.66667,10.66667,9.16667,11.83333],"texture":"#4"},"south":{"uv":[11.33333,0,11.83333,1.16667],"texture":"#4"},"west":{"uv":[5.33333,11.33333,5.83333,12.5],"texture":"#4"},"up":{"uv":[14.5,7.16667,14,6.66667],"texture":"#4"},"down":{"uv":[8.5,14,8,14.5],"texture":"#4"}}},{"name":"cube_outline","from":[10.97897,7.025,9.29376],"to":[10.02897,6.575,8.34376],"rotation":{"angle":-22.5,"axis":"y","origin":[10.47511,6.05,8.95]},"faces":{"north":{"uv":[14,12,14.66667,12.33333],"texture":"#4"},"east":{"uv":[14,13.33333,14.66667,13.66667],"texture":"#4"},"south":{"uv":[14.66667,1.33333,15.33333,1.66667],"texture":"#4"},"west":{"uv":[14.66667,2.66667,15.33333,3],"texture":"#4"},"down":{"uv":[12,11.33333,11.33333,12],"texture":"#4"}}},{"from":[7.99646,5.75,7.75354],"to":[8.00646,11.75,14.75354],"rotation":{"angle":45,"axis":"y","origin":[7.99646,8.75,11.25354]},"faces":{"east":{"uv":[9.33333,0,0,8],"texture":"#5"},"west":{"uv":[0,0,9.33333,8],"texture":"#5"}}},{"from":[7.99646,5.75,7.74646],"to":[8.00646,11.75,14.74646],"rotation":{"angle":-45,"axis":"y","origin":[7.99646,8.75,11.24646]},"faces":{"east":{"uv":[9.33333,8,0,16],"texture":"#5"},"west":{"uv":[0,8,9.33333,16],"texture":"#5"}}}],"gui_light":"front","display":{"thirdperson_righthand":{"translation":[0,1,-0.5]},"thirdperson_lefthand":{"translation":[0,1,-0.5]},"firstperson_righthand":{"rotation":[0,-10,0],"translation":[1.01,2,1.5],"scale":[0.7,0.7,0.7]},"firstperson_lefthand":{"rotation":[0,-10,0],"translation":[0.92,2,1.5],"scale":[0.7,0.7,0.7]},"ground":{"rotation":[45,0,0],"translation":[0,5,0],"scale":[0.7,0.7,0.7]},"gui":{"rotation":[90,45,0],"translation":[2.25,-2.25,0],"scale":[0.79,0.79,0.79]},"fixed":{"rotation":[-90,0,0],"translation":[0,0,-5],"scale":[2,2,2]}},"mcmodels":"64affc1f70b61f685488f1f00b4e156d"}