{"format_version":"1.9.0","credit":"Pologony Creation Co.,Ltd.","texture_size":[40,40],"textures":{"2":"plny_aurion_set:gold_gems","4":"plny_aurion_set:gold_gems_outline","5":"plny_aurion_set:animated/animated_1","7":"plny_aurion_set:animated/animated_2","8":"plny_aurion_set:animated/animated_3","9":"plny_aurion_set:hoe","particle":"plny_aurion_set:gold_gems_outline"},"elements":[{"from":[7.25,-2.29289,7.25],"to":[8.75,-0.29289,8.75],"rotation":{"angle":0,"axis":"y","origin":[8,-1.29289,8]},"faces":{"north":{"uv":[8,1.2,8.6,2],"texture":"#9"},"east":{"uv":[2.8,8,3.4,8.8],"texture":"#9"},"south":{"uv":[4,8,4.6,8.8],"texture":"#9"},"west":{"uv":[5.2,8,5.8,8.8],"texture":"#9"}}},{"from":[7.5035,-1.06659,6.40918],"to":[8.4965,-0.06659,7.40918],"rotation":{"angle":22.5,"axis":"x","origin":[8,-1.21145,6.14178]},"faces":{"north":{"uv":[6.4,8,6.8,8.4],"texture":"#9"},"east":{"uv":[7.6,8.8,8,9.2],"texture":"#9"},"west":{"uv":[12,10.4,12.4,10.8],"texture":"#9"},"up":{"uv":[12.4,11.6,12,11.2],"texture":"#9"}}},{"from":[7.5,-2.19102,6.64538],"to":[8.5,-0.94102,7.64538],"rotation":{"angle":-22.5,"axis":"x","origin":[8,-1.56602,7.14538]},"faces":{"north":{"uv":[10.4,11.2,10.8,11.7],"texture":"#9"},"east":{"uv":[11.2,11.2,11.6,11.7],"texture":"#9"},"west":{"uv":[0,11.6,0.4,12.1],"texture":"#9"},"up":{"uv":[12.4,12.4,12,12],"texture":"#9"},"down":{"uv":[12.8,0.8,12.4,1.2],"texture":"#9"}}},{"from":[7.5035,11.82133,6.49306],"to":[8.4965,13.32133,7.49306],"rotation":{"angle":22.5,"axis":"x","origin":[8,12.57133,6.99306]},"faces":{"north":{"uv":[6,10,6.4,10.6],"texture":"#9"},"east":{"uv":[6.8,10,7.2,10.6],"texture":"#9"},"south":{"uv":[0,10.4,0.4,11],"texture":"#9"},"west":{"uv":[10.4,1.2,10.8,1.8],"texture":"#9"},"up":{"uv":[12.8,2,12.4,1.6],"texture":"#9"}}},{"from":[7.5,11.07687,6.33564],"to":[8.5,12.32687,7.33564],"rotation":{"angle":-22.5,"axis":"x","origin":[8,11.96823,6.93617]},"faces":{"north":{"uv":[0.8,11.6,1.2,12.1],"texture":"#9"},"east":{"uv":[1.6,11.6,2,12.1],"texture":"#9"},"south":{"uv":[2.4,11.6,2.8,12.1],"texture":"#9"},"west":{"uv":[3.2,11.6,3.6,12.1],"texture":"#9"},"up":{"uv":[12.8,7.2,12.4,6.8],"texture":"#9"},"down":{"uv":[7.6,12.4,7.2,12.8],"texture":"#9"}}},{"from":[7.6285,-0.8615,4.79033],"to":[8.3715,0.1385,5.79033],"rotation":{"angle":-45,"axis":"x","origin":[8,-0.3615,5.29033]},"faces":{"east":{"uv":[12.4,7.6,12.8,8],"texture":"#9"},"south":{"uv":[12.8,6,13.1,6.4],"texture":"#9"},"west":{"uv":[9.2,12.4,9.6,12.8],"texture":"#9"},"up":{"uv":[13.5,0.4,13.2,0],"texture":"#9"},"down":{"uv":[13.5,0.8,13.2,1.2],"texture":"#9"}}},{"from":[7.625,-0.99991,4.83976],"to":[8.375,0.25009,5.83976],"rotation":{"angle":-22.5,"axis":"x","origin":[8.125,-0.70056,6.24883]},"faces":{"north":{"uv":[12.8,4.8,13.1,5.3],"texture":"#9"},"east":{"uv":[4,11.6,4.4,12.1],"texture":"#9"},"south":{"uv":[12.8,8.4,13.1,8.9],"texture":"#9"},"west":{"uv":[4.8,11.6,5.2,12.1],"texture":"#9"},"up":{"uv":[13.5,2,13.2,1.6],"texture":"#9"},"down":{"uv":[13.5,2.4,13.2,2.8],"texture":"#9"}}},{"from":[7.6335,-1.91097,5.31143],"to":[8.3665,-0.91097,7.31143],"rotation":{"angle":22.5,"axis":"x","origin":[8.125,-1.0856,6.17845]},"faces":{"east":{"uv":[9.6,2.4,10.4,2.8],"texture":"#9"},"west":{"uv":[9.6,3.2,10.4,3.6],"texture":"#9"},"up":{"uv":[2.3,11.2,2,10.4],"texture":"#9"},"down":{"uv":[3.1,10.4,2.8,11.2],"texture":"#9"}}},{"from":[7.63388,11.2526,3.32092],"to":[8.36688,12.2526,4.57092],"rotation":{"angle":22.5,"axis":"x","origin":[8.00038,11.84232,3.98541]},"faces":{"east":{"uv":[11.2,8,11.7,8.4],"texture":"#9"},"west":{"uv":[7.2,11.6,7.7,12],"texture":"#9"},"up":{"uv":[13.1,10.1,12.8,9.6],"texture":"#9"},"down":{"uv":[13.1,10.8,12.8,11.3],"texture":"#9"}}},{"from":[7.63388,10.81547,4.59746],"to":[8.36688,12.56547,5.59746],"rotation":{"angle":22.5,"axis":"x","origin":[8.00038,11.69047,5.09746]},"faces":{"north":{"uv":[8.8,10.8,9.1,11.5],"texture":"#9"},"east":{"uv":[9.6,7.6,10,8.3],"texture":"#9"},"south":{"uv":[9.6,11.2,9.9,11.9],"texture":"#9"},"west":{"uv":[8.8,9.6,9.2,10.3],"texture":"#9"},"up":{"uv":[5.9,13.6,5.6,13.2],"texture":"#9"},"down":{"uv":[6.7,13.2,6.4,13.6],"texture":"#9"}}},{"from":[7.63425,11.5353,4.7212],"to":[8.36425,13.0353,6.9712],"rotation":{"angle":-22.5,"axis":"x","origin":[8.12575,12.86067,5.83823]},"faces":{"east":{"uv":[1.2,7.6,2.1,8.2],"texture":"#9"},"west":{"uv":[8,0,8.9,0.6],"texture":"#9"},"up":{"uv":[9.9,9.7,9.6,8.8],"texture":"#9"},"down":{"uv":[1.5,10,1.2,10.9],"texture":"#9"}}},{"from":[7.3835,13.7144,6.72804],"to":[8.6165,15.2144,7.72804],"rotation":{"angle":-22.5,"axis":"x","origin":[8,13.71439,6.66739]},"faces":{"north":{"uv":[9.6,4,10.1,4.6],"texture":"#9"},"east":{"uv":[3.6,10.4,4,11],"texture":"#9"},"south":{"uv":[9.6,5.2,10.1,5.8],"texture":"#9"},"west":{"uv":[4.4,10.4,4.8,11],"texture":"#9"},"up":{"uv":[12.1,9.2,11.6,8.8],"texture":"#9"},"down":{"uv":[12.1,9.6,11.6,10],"texture":"#9"}}},{"from":[7.385,12.71439,5.91739],"to":[8.615,14.71439,7.41739],"rotation":{"angle":22.5,"axis":"x","origin":[8,13.71439,6.66739]},"faces":{"north":{"uv":[8.4,7.2,8.9,8],"texture":"#9"},"east":{"uv":[8.4,2.4,9,3.2],"texture":"#9"},"south":{"uv":[8.4,8.4,8.9,9.2],"texture":"#9"},"west":{"uv":[8.4,3.6,9,4.4],"texture":"#9"}}},{"from":[7.3835,12.21439,5.60673],"to":[8.6165,13.71439,6.60673],"rotation":{"angle":-22.5,"axis":"x","origin":[8,13.71439,6.66739]},"faces":{"north":{"uv":[9.6,6.4,10.1,7],"texture":"#9"},"east":{"uv":[5.2,10.4,5.6,11],"texture":"#9"},"south":{"uv":[7.6,9.6,8.1,10.2],"texture":"#9"},"west":{"uv":[10.4,7.6,10.8,8.2],"texture":"#9"},"up":{"uv":[12.5,0.4,12,0],"texture":"#9"},"down":{"uv":[12.5,2.4,12,2.8],"texture":"#9"}}},{"from":[7.76,9.83973,6.33574],"to":[8.24,11.83973,7.83574],"rotation":{"angle":-22.5,"axis":"x","origin":[8,10.83973,7.03574]},"faces":{"north":{"uv":[10,12.4,10.2,13.2],"texture":"#9"},"east":{"uv":[8.4,4.8,9,5.6],"texture":"#9"},"west":{"uv":[8.4,6,9,6.8],"texture":"#9"},"down":{"uv":[13.4,6.8,13.2,7.4],"texture":"#9"}}},{"from":[7.62463,11.22107,2.51744],"to":[8.37463,12.47107,3.51744],"rotation":{"angle":-45,"axis":"x","origin":[7.99963,11.84607,3.01744]},"faces":{"north":{"uv":[11.6,12.8,11.9,13.3],"texture":"#9"},"east":{"uv":[12,3.2,12.4,3.7],"texture":"#9"},"south":{"uv":[12.8,12,13.1,12.5],"texture":"#9"},"west":{"uv":[12,4.4,12.4,4.9],"texture":"#9"},"up":{"uv":[7.5,13.6,7.2,13.2],"texture":"#9"},"down":{"uv":[8.3,13.2,8,13.6],"texture":"#9"}}},{"from":[7.63388,11.69862,2.4637],"to":[8.36688,12.69862,3.4637],"rotation":{"angle":22.5,"axis":"x","origin":[8.00038,12.42423,2.93565]},"faces":{"north":{"uv":[8.8,13.2,9.1,13.6],"texture":"#9"},"east":{"uv":[10.8,12.4,11.2,12.8],"texture":"#9"},"south":{"uv":[10.8,13.2,11.1,13.6],"texture":"#9"},"west":{"uv":[0,12.8,0.4,13.2],"texture":"#9"},"up":{"uv":[12.7,13.6,12.4,13.2],"texture":"#9"}}},{"from":[7.64,12.47565,2.60351],"to":[8.36,13.22565,3.52851],"rotation":{"angle":0,"axis":"y","origin":[8,12.42423,2.93565]},"faces":{"north":{"uv":[6,14,6.3,14.3],"texture":"#9"},"east":{"uv":[13.2,13.2,13.6,13.5],"texture":"#9"},"south":{"uv":[14,6.4,14.3,6.7],"texture":"#9"},"west":{"uv":[0,13.6,0.4,13.9],"texture":"#9"},"up":{"uv":[1.1,14,0.8,13.6],"texture":"#9"}}},{"from":[7.75425,10.06458,4.90757],"to":[8.24725,11.06458,5.90757],"rotation":{"angle":22.5,"axis":"x","origin":[8.00075,10.3859,5.39278]},"faces":{"north":{"uv":[10.4,14,10.6,14.4],"texture":"#9"},"east":{"uv":[0.8,12.8,1.2,13.2],"texture":"#9"},"south":{"uv":[11.2,14,11.4,14.4],"texture":"#9"},"west":{"uv":[1.6,12.8,2,13.2],"texture":"#9"}}},{"from":[7.75075,10.1802,5.27276],"to":[8.25075,11.4302,6.27276],"rotation":{"angle":-45,"axis":"x","origin":[8.00075,10.32345,5.43306]},"faces":{"north":{"uv":[13.6,10.4,13.8,10.9],"texture":"#9"},"east":{"uv":[5.6,12,6,12.5],"texture":"#9"},"south":{"uv":[13.6,11.6,13.8,12.1],"texture":"#9"},"west":{"uv":[12,5.6,12.4,6.1],"texture":"#9"},"down":{"uv":[12.2,14,12,14.4],"texture":"#9"}}},{"from":[7.75425,9.56458,4.90757],"to":[8.24725,10.06458,6.15757],"rotation":{"angle":22.5,"axis":"x","origin":[8.00075,10.3859,5.39278]},"faces":{"north":{"uv":[12.8,14,13,14.2],"texture":"#9"},"east":{"uv":[14,0,14.5,0.2],"texture":"#9"},"south":{"uv":[14,12.8,14.2,13],"texture":"#9"},"west":{"uv":[14,0.8,14.5,1],"texture":"#9"},"up":{"uv":[14.2,2.1,14,1.6],"texture":"#9"},"down":{"uv":[5.4,14,5.2,14.5],"texture":"#9"}}},{"from":[7.2475,-1.04455,8],"to":[8.7525,0.01845,9.063],"rotation":{"angle":-45,"axis":"x","origin":[7.4975,-1.04455,8]},"faces":{"north":{"uv":[10.4,8.8,11,9.2],"texture":"#9"},"east":{"uv":[2.4,12.8,2.8,13.2],"texture":"#9"},"south":{"uv":[9.6,10.4,10.2,10.8],"texture":"#9"},"west":{"uv":[3.2,12.8,3.6,13.2],"texture":"#9"},"up":{"uv":[11,10,10.4,9.6],"texture":"#9"},"down":{"uv":[11.4,0,10.8,0.4],"texture":"#9"}}},{"from":[7.2475,-3.04455,8],"to":[8.7525,-1.98155,9.063],"rotation":{"angle":-45,"axis":"x","origin":[7.4975,-3.04455,8]},"faces":{"north":{"uv":[10.8,2.4,11.4,2.8],"texture":"#9"},"east":{"uv":[12.8,3.2,13.2,3.6],"texture":"#9"},"south":{"uv":[10.8,3.2,11.4,3.6],"texture":"#9"},"west":{"uv":[4,12.8,4.4,13.2],"texture":"#9"},"up":{"uv":[11.4,4.4,10.8,4],"texture":"#9"},"down":{"uv":[11.4,4.8,10.8,5.2],"texture":"#9"}}},{"from":[6.9975,11.60294,8.00417],"to":[9.0025,12.31594,8.71717],"rotation":{"angle":-45,"axis":"x","origin":[7.4975,11.60294,8.00417]},"faces":{"north":{"uv":[10.8,5.6,11.6,5.9],"texture":"#9"},"east":{"uv":[6.8,14,7.1,14.3],"texture":"#9"},"south":{"uv":[10.8,6.4,11.6,6.7],"texture":"#9"},"west":{"uv":[14,7.2,14.3,7.5],"texture":"#9"},"up":{"uv":[8.4,11.1,7.6,10.8],"texture":"#9"},"down":{"uv":[11.6,10.4,10.8,10.7],"texture":"#9"}}},{"from":[6.9975,10.35294,8.00417],"to":[9.0025,11.06594,8.71717],"rotation":{"angle":-45,"axis":"x","origin":[7.4975,10.35294,8.00417]},"faces":{"north":{"uv":[11.2,0.8,12,1.1],"texture":"#9"},"east":{"uv":[7.6,14,7.9,14.3],"texture":"#9"},"south":{"uv":[11.2,1.6,12,1.9],"texture":"#9"},"west":{"uv":[8.4,14,8.7,14.3],"texture":"#9"},"up":{"uv":[6.8,11.5,6,11.2],"texture":"#9"},"down":{"uv":[12,7.2,11.2,7.5],"texture":"#9"}}},{"from":[7,10.85711,7.5],"to":[9,12.10711,8.5],"rotation":{"angle":0,"axis":"y","origin":[8,11.60711,8]},"faces":{"north":{"uv":[1.2,8.8,2,9.3],"texture":"#9"},"east":{"uv":[6.4,12,6.8,12.5],"texture":"#9"},"south":{"uv":[6.4,8.8,7.2,9.3],"texture":"#9"},"west":{"uv":[8.4,12,8.8,12.5],"texture":"#9"}}},{"from":[7.04289,0,7.75],"to":[8.54289,0.5,9.25],"rotation":{"angle":45,"axis":"y","origin":[7.29289,-3,8]},"faces":{"north":{"uv":[1.6,13.6,2.2,13.8],"texture":"#9"},"east":{"uv":[2.8,13.6,3.4,13.8],"texture":"#9"},"south":{"uv":[13.6,3.2,14.2,3.4],"texture":"#9"},"west":{"uv":[4,13.6,4.6,13.8],"texture":"#9"},"up":{"uv":[0.6,9.8,0,9.2],"texture":"#9"},"down":{"uv":[9.8,1.2,9.2,1.8],"texture":"#9"}}},{"from":[7.04289,7.5,7.75],"to":[8.54289,8,9.25],"rotation":{"angle":45,"axis":"y","origin":[7.29289,2.5,8]},"faces":{"north":{"uv":[13.6,4,14.2,4.2],"texture":"#9"},"east":{"uv":[13.6,4.8,14.2,5],"texture":"#9"},"south":{"uv":[13.6,5.6,14.2,5.8],"texture":"#9"},"west":{"uv":[13.6,8,14.2,8.2],"texture":"#9"},"up":{"uv":[3,9.8,2.4,9.2],"texture":"#9"},"down":{"uv":[4.2,9.2,3.6,9.8],"texture":"#9"}}},{"from":[6.79289,8,7.5],"to":[8.79289,10.25,9.5],"rotation":{"angle":45,"axis":"y","origin":[7.29289,3,8]},"faces":{"north":{"uv":[3.6,6.4,4.4,7.3],"texture":"#9"},"east":{"uv":[4.8,6.4,5.6,7.3],"texture":"#9"},"south":{"uv":[6,6.4,6.8,7.3],"texture":"#9"},"west":{"uv":[6.8,0,7.6,0.9],"texture":"#9"},"up":{"uv":[7.6,2.4,6.8,1.6],"texture":"#9"},"down":{"uv":[8,2.8,7.2,3.6],"texture":"#9"}}},{"from":[7.25,10.25,7.25],"to":[8.75,12.75,8.75],"rotation":{"angle":0,"axis":"y","origin":[8,11.5,8]},"faces":{"north":{"uv":[7.2,4,7.8,5],"texture":"#9"},"east":{"uv":[7.2,5.6,7.8,6.6],"texture":"#9"},"south":{"uv":[7.2,7.2,7.8,8.2],"texture":"#9"},"west":{"uv":[0,7.6,0.6,8.6],"texture":"#9"},"up":{"uv":[5.4,9.8,4.8,9.2],"texture":"#9"},"down":{"uv":[10.2,0,9.6,0.6],"texture":"#9"}}},{"from":[7.29289,0.5,8],"to":[8.29289,7.5,9],"rotation":{"angle":45,"axis":"y","origin":[7.29289,-3,8]},"faces":{"north":{"uv":[5.2,0,5.6,2.8],"texture":"#9"},"east":{"uv":[5.6,3.2,6,6],"texture":"#9"},"south":{"uv":[6,0,6.4,2.8],"texture":"#9"},"west":{"uv":[6.4,3.2,6.8,6],"texture":"#9"}}},{"from":[7.6425,12.50571,2.63895],"to":[8.3575,13.50571,3.30895],"rotation":{"angle":-45,"axis":"x","origin":[8.0025,13.00571,2.85145]},"faces":{"north":{"uv":[13.6,8.8,13.9,9.2],"texture":"#9"},"east":{"uv":[12.8,4,13.2,4.4],"texture":"#9"},"south":{"uv":[9.6,13.6,9.9,14],"texture":"#9"},"west":{"uv":[4.8,12.8,5.2,13.2],"texture":"#9"},"up":{"uv":[13.9,10,13.6,9.6],"texture":"#9"}}},{"from":[7.5035,11.82133,8.50694],"to":[8.4965,13.32133,9.50694],"rotation":{"angle":-22.5,"axis":"x","origin":[8,12.57133,9.00694]},"faces":{"north":{"uv":[0.4,10.4,0,11],"texture":"#9"},"east":{"uv":[7.2,10,6.8,10.6],"texture":"#9"},"south":{"uv":[6.4,10,6,10.6],"texture":"#9"},"west":{"uv":[10.8,1.2,10.4,1.8],"texture":"#9"},"up":{"uv":[12.8,1.6,12.4,2],"texture":"#9"}}},{"from":[7.5,11.07687,8.66436],"to":[8.5,12.32687,9.66436],"rotation":{"angle":22.5,"axis":"x","origin":[8,11.96823,9.06383]},"faces":{"north":{"uv":[2.8,11.6,2.4,12.1],"texture":"#9"},"east":{"uv":[2,11.6,1.6,12.1],"texture":"#9"},"south":{"uv":[1.2,11.6,0.8,12.1],"texture":"#9"},"west":{"uv":[3.6,11.6,3.2,12.1],"texture":"#9"},"up":{"uv":[12.8,6.8,12.4,7.2],"texture":"#9"},"down":{"uv":[7.6,12.8,7.2,12.4],"texture":"#9"}}},{"from":[7.63388,11.2526,11.42908],"to":[8.36688,12.2526,12.67908],"rotation":{"angle":-22.5,"axis":"x","origin":[8.00038,11.84232,12.01459]},"faces":{"east":{"uv":[11.7,8,11.2,8.4],"texture":"#9"},"west":{"uv":[7.7,11.6,7.2,12],"texture":"#9"},"up":{"uv":[13.1,9.6,12.8,10.1],"texture":"#9"},"down":{"uv":[13.1,11.3,12.8,10.8],"texture":"#9"}}},{"from":[7.63388,10.81547,10.40254],"to":[8.36688,12.56547,11.40254],"rotation":{"angle":-22.5,"axis":"x","origin":[8.00038,11.69047,10.90254]},"faces":{"north":{"uv":[9.9,11.2,9.6,11.9],"texture":"#9"},"east":{"uv":[10,7.6,9.6,8.3],"texture":"#9"},"south":{"uv":[9.1,10.8,8.8,11.5],"texture":"#9"},"west":{"uv":[9.2,9.6,8.8,10.3],"texture":"#9"},"up":{"uv":[5.9,13.2,5.6,13.6],"texture":"#9"},"down":{"uv":[6.7,13.6,6.4,13.2],"texture":"#9"}}},{"from":[7.63425,11.5353,9.0288],"to":[8.36425,13.0353,11.2788],"rotation":{"angle":22.5,"axis":"x","origin":[8.12575,12.86067,10.16177]},"faces":{"east":{"uv":[2.1,7.6,1.2,8.2],"texture":"#9"},"west":{"uv":[8.9,0,8,0.6],"texture":"#9"},"up":{"uv":[9.9,8.8,9.6,9.7],"texture":"#9"},"down":{"uv":[1.5,10.9,1.2,10],"texture":"#9"}}},{"from":[7.3835,13.7144,8.27196],"to":[8.6165,15.2144,9.27196],"rotation":{"angle":22.5,"axis":"x","origin":[8,13.71439,9.33261]},"faces":{"north":{"uv":[10.1,5.2,9.6,5.8],"texture":"#9"},"east":{"uv":[4,10.4,3.6,11],"texture":"#9"},"south":{"uv":[10.1,4,9.6,4.6],"texture":"#9"},"west":{"uv":[4.8,10.4,4.4,11],"texture":"#9"},"up":{"uv":[12.1,8.8,11.6,9.2],"texture":"#9"},"down":{"uv":[12.1,10,11.6,9.6],"texture":"#9"}}},{"from":[7.385,12.71439,8.58261],"to":[8.615,14.71439,10.08261],"rotation":{"angle":-22.5,"axis":"x","origin":[8,13.71439,9.33261]},"faces":{"north":{"uv":[8.9,8.4,8.4,9.2],"texture":"#9"},"east":{"uv":[9,2.4,8.4,3.2],"texture":"#9"},"south":{"uv":[8.9,7.2,8.4,8],"texture":"#9"},"west":{"uv":[9,3.6,8.4,4.4],"texture":"#9"}}},{"from":[7.3835,12.21439,9.39327],"to":[8.6165,13.71439,10.39327],"rotation":{"angle":22.5,"axis":"x","origin":[8,13.71439,9.33261]},"faces":{"north":{"uv":[8.1,9.6,7.6,10.2],"texture":"#9"},"east":{"uv":[5.6,10.4,5.2,11],"texture":"#9"},"south":{"uv":[10.1,6.4,9.6,7],"texture":"#9"},"west":{"uv":[10.8,7.6,10.4,8.2],"texture":"#9"},"up":{"uv":[12.5,0,12,0.4],"texture":"#9"},"down":{"uv":[12.5,2.8,12,2.4],"texture":"#9"}}},{"from":[7.76,9.83973,8.16426],"to":[8.24,11.83973,9.66426],"rotation":{"angle":22.5,"axis":"x","origin":[8,10.83973,8.96426]},"faces":{"east":{"uv":[9,4.8,8.4,5.6],"texture":"#9"},"south":{"uv":[10.2,12.4,10,13.2],"texture":"#9"},"west":{"uv":[9,6,8.4,6.8],"texture":"#9"},"down":{"uv":[13.4,7.4,13.2,6.8],"texture":"#9"}}},{"from":[7.62463,11.22107,12.48256],"to":[8.37463,12.47107,13.48256],"rotation":{"angle":45,"axis":"x","origin":[7.99963,11.84607,12.98256]},"faces":{"north":{"uv":[13.1,12,12.8,12.5],"texture":"#9"},"east":{"uv":[12.4,3.2,12,3.7],"texture":"#9"},"south":{"uv":[11.9,12.8,11.6,13.3],"texture":"#9"},"west":{"uv":[12.4,4.4,12,4.9],"texture":"#9"},"up":{"uv":[7.5,13.2,7.2,13.6],"texture":"#9"},"down":{"uv":[8.3,13.6,8,13.2],"texture":"#9"}}},{"from":[7.63388,11.69862,12.5363],"to":[8.36688,12.69862,13.5363],"rotation":{"angle":-22.5,"axis":"x","origin":[8.00038,12.42423,13.06435]},"faces":{"north":{"uv":[11.1,13.2,10.8,13.6],"texture":"#9"},"east":{"uv":[11.2,12.4,10.8,12.8],"texture":"#9"},"south":{"uv":[9.1,13.2,8.8,13.6],"texture":"#9"},"west":{"uv":[0.4,12.8,0,13.2],"texture":"#9"},"up":{"uv":[12.7,13.2,12.4,13.6],"texture":"#9"}}},{"from":[7.64,12.47565,12.47149],"to":[8.36,13.22565,13.39649],"rotation":{"angle":0,"axis":"y","origin":[8,12.42423,13.06435]},"faces":{"north":{"uv":[14.3,6.4,14,6.7],"texture":"#9"},"east":{"uv":[13.6,13.2,13.2,13.5],"texture":"#9"},"south":{"uv":[6.3,14,6,14.3],"texture":"#9"},"west":{"uv":[0.4,13.6,0,13.9],"texture":"#9"},"up":{"uv":[1.1,13.6,0.8,14],"texture":"#9"}}},{"from":[7.75425,10.06458,10.09243],"to":[8.24725,11.06458,11.09243],"rotation":{"angle":-22.5,"axis":"x","origin":[8.00075,10.3859,10.60722]},"faces":{"north":{"uv":[11.4,14,11.2,14.4],"texture":"#9"},"east":{"uv":[1.2,12.8,0.8,13.2],"texture":"#9"},"south":{"uv":[10.6,14,10.4,14.4],"texture":"#9"},"west":{"uv":[2,12.8,1.6,13.2],"texture":"#9"}}},{"from":[7.75075,10.1802,9.72724],"to":[8.25075,11.4302,10.72724],"rotation":{"angle":45,"axis":"x","origin":[8.00075,10.32345,10.56694]},"faces":{"north":{"uv":[13.8,11.6,13.6,12.1],"texture":"#9"},"east":{"uv":[6,12,5.6,12.5],"texture":"#9"},"south":{"uv":[13.8,10.4,13.6,10.9],"texture":"#9"},"west":{"uv":[12.4,5.6,12,6.1],"texture":"#9"},"down":{"uv":[12.2,14.4,12,14],"texture":"#9"}}},{"from":[7.75425,9.56458,9.84243],"to":[8.24725,10.06458,11.09243],"rotation":{"angle":-22.5,"axis":"x","origin":[8.00075,10.3859,10.60722]},"faces":{"north":{"uv":[14.2,12.8,14,13],"texture":"#9"},"east":{"uv":[14.5,0,14,0.2],"texture":"#9"},"south":{"uv":[13,14,12.8,14.2],"texture":"#9"},"west":{"uv":[14.5,0.8,14,1],"texture":"#9"},"up":{"uv":[14.2,1.6,14,2.1],"texture":"#9"},"down":{"uv":[5.4,14.5,5.2,14],"texture":"#9"}}},{"from":[7.6425,12.50571,12.69105],"to":[8.3575,13.50571,13.36105],"rotation":{"angle":45,"axis":"x","origin":[8.0025,13.00571,13.14855]},"faces":{"north":{"uv":[9.9,13.6,9.6,14],"texture":"#9"},"east":{"uv":[13.2,4,12.8,4.4],"texture":"#9"},"south":{"uv":[13.9,8.8,13.6,9.2],"texture":"#9"},"west":{"uv":[5.2,12.8,4.8,13.2],"texture":"#9"},"up":{"uv":[13.9,9.6,13.6,10],"texture":"#9"}}},{"from":[7.995,-5.5,3.25],"to":[8.005,1,7.25],"rotation":{"angle":0,"axis":"y","origin":[7.995,-2.75,3.5]},"faces":{"east":{"uv":[5.2,3.2,3.6,5.8],"texture":"#9"},"west":{"uv":[3.6,3.2,5.2,5.8],"texture":"#9"}}},{"from":[7.5035,-1.06659,8.59082],"to":[8.4965,-0.06659,9.59082],"rotation":{"angle":-22.5,"axis":"x","origin":[8,-1.21145,9.85822]},"faces":{"east":{"uv":[8,8.8,7.6,9.2],"texture":"#9"},"south":{"uv":[6.8,8,6.4,8.4],"texture":"#9"},"west":{"uv":[12.4,10.4,12,10.8],"texture":"#9"},"up":{"uv":[12.4,11.2,12,11.6],"texture":"#9"}}},{"from":[7.5,-2.19102,8.35462],"to":[8.5,-0.94102,9.35462],"rotation":{"angle":22.5,"axis":"x","origin":[8,-1.56602,8.85462]},"faces":{"east":{"uv":[11.6,11.2,11.2,11.7],"texture":"#9"},"south":{"uv":[10.8,11.2,10.4,11.7],"texture":"#9"},"west":{"uv":[0.4,11.6,0,12.1],"texture":"#9"},"up":{"uv":[12.4,12,12,12.4],"texture":"#9"},"down":{"uv":[12.8,1.2,12.4,0.8],"texture":"#9"}}},{"from":[7.6285,-0.8615,10.20967],"to":[8.3715,0.1385,11.20967],"rotation":{"angle":45,"axis":"x","origin":[8,-0.3615,10.70967]},"faces":{"north":{"uv":[13.1,6,12.8,6.4],"texture":"#9"},"east":{"uv":[12.8,7.6,12.4,8],"texture":"#9"},"west":{"uv":[9.6,12.4,9.2,12.8],"texture":"#9"},"up":{"uv":[13.5,0,13.2,0.4],"texture":"#9"},"down":{"uv":[13.5,1.2,13.2,0.8],"texture":"#9"}}},{"from":[7.625,-0.99991,10.16024],"to":[8.375,0.25009,11.16024],"rotation":{"angle":22.5,"axis":"x","origin":[8.125,-0.70056,9.75117]},"faces":{"north":{"uv":[13.1,8.4,12.8,8.9],"texture":"#9"},"east":{"uv":[4.4,11.6,4,12.1],"texture":"#9"},"south":{"uv":[13.1,4.8,12.8,5.3],"texture":"#9"},"west":{"uv":[5.2,11.6,4.8,12.1],"texture":"#9"},"up":{"uv":[13.5,1.6,13.2,2],"texture":"#9"},"down":{"uv":[13.5,2.8,13.2,2.4],"texture":"#9"}}},{"from":[7.6335,-1.91097,8.68857],"to":[8.3665,-0.91097,10.68857],"rotation":{"angle":-22.5,"axis":"x","origin":[8.125,-1.0856,9.82155]},"faces":{"east":{"uv":[10.4,2.4,9.6,2.8],"texture":"#9"},"west":{"uv":[10.4,3.2,9.6,3.6],"texture":"#9"},"up":{"uv":[2.3,10.4,2,11.2],"texture":"#9"},"down":{"uv":[3.1,11.2,2.8,10.4],"texture":"#9"}}},{"from":[7.995,-5.5,8.75],"to":[8.005,1,12.75],"rotation":{"angle":0,"axis":"y","origin":[7.995,-2.75,12.5]},"faces":{"east":{"uv":[3.6,3.2,5.2,5.8],"texture":"#9"},"west":{"uv":[5.2,3.2,3.6,5.8],"texture":"#9"}}},{"from":[7.965,12.44206,1.69613],"to":[8.035,17.19206,5.94613],"rotation":{"angle":45,"axis":"x","origin":[8,14.81706,3.82113]},"faces":{"east":{"uv":[8.5,0,0,9.5],"texture":"#7"},"west":{"uv":[0,0,8.5,9.5],"texture":"#7"}}},{"from":[7.965,13.69206,10.05387],"to":[8.035,18.44206,14.30387],"rotation":{"angle":-45,"axis":"x","origin":[8,18.81706,12.17887]},"faces":{"east":{"uv":[0,0,8.5,9.5],"texture":"#7"},"west":{"uv":[8.5,0,0,9.5],"texture":"#7"}}},{"from":[7.975,-8,3.25],"to":[8.025,1,12.75],"rotation":{"angle":0,"axis":"y","origin":[-0.125,0,1.5]},"faces":{"east":{"uv":[12.66667,0,0,12],"texture":"#8"},"west":{"uv":[0,0,12.66667,12],"texture":"#8"}}},{"from":[10.03832,12.175,10.05735],"to":[11.03832,14.175,11.05735],"rotation":{"angle":-22.5,"axis":"y","origin":[10.375,13.675,10.625]},"faces":{"north":{"uv":[0,0,0.8,1.6],"texture":"#2"},"east":{"uv":[1.6,0,2.4,1.6],"texture":"#2"},"south":{"uv":[0,2.4,0.8,4],"texture":"#2"},"west":{"uv":[1.6,2.4,2.4,4],"texture":"#2"},"up":{"uv":[7.2,0.8,6.4,0],"texture":"#2"},"down":{"uv":[7.2,1.6,6.4,2.4],"texture":"#2"}}},{"from":[10.75,12.425,10.65],"to":[11.25,14.425,11.15],"rotation":{"angle":-45,"axis":"y","origin":[10.375,13.675,10.525]},"faces":{"north":{"uv":[6.4,3.2,6.8,4.8],"texture":"#2"},"east":{"uv":[6.4,5.6,6.8,7.2],"texture":"#2"},"south":{"uv":[0,7.2,0.4,8.8],"texture":"#2"},"west":{"uv":[1.6,7.2,2,8.8],"texture":"#2"},"up":{"uv":[5.2,14,4.8,13.6],"texture":"#2"},"down":{"uv":[8.4,13.6,8,14],"texture":"#2"}}},{"from":[9.7,11.925,10],"to":[10.2,13.925,10.5],"rotation":{"angle":-45,"axis":"y","origin":[10.575,13.675,10.625]},"faces":{"north":{"uv":[3.2,7.2,3.6,8.8],"texture":"#2"},"east":{"uv":[4.8,7.2,5.2,8.8],"texture":"#2"},"south":{"uv":[8,0,8.4,1.6],"texture":"#2"},"west":{"uv":[8,2.4,8.4,4],"texture":"#2"},"up":{"uv":[11.6,14,11.2,13.6],"texture":"#2"},"down":{"uv":[14.8,0,14.4,0.4],"texture":"#2"}}},{"from":[10.15005,14.175,10.14974],"to":[10.90005,14.675,10.89974],"rotation":{"angle":-22.5,"axis":"y","origin":[10.375,13.675,10.625]},"faces":{"north":{"uv":[8,12,8.6,12.4],"texture":"#2"},"east":{"uv":[11.2,12,11.8,12.4],"texture":"#2"},"south":{"uv":[12.8,0,13.4,0.4],"texture":"#2"},"west":{"uv":[1.6,12.8,2.2,13.2],"texture":"#2"},"up":{"uv":[2.2,11.8,1.6,11.2],"texture":"#2"}}},{"from":[10.15005,11.675,10.14974],"to":[10.90005,12.175,10.89974],"rotation":{"angle":-22.5,"axis":"y","origin":[10.375,13.675,10.625]},"faces":{"north":{"uv":[12.8,1.6,13.4,2],"texture":"#2"},"east":{"uv":[3.2,12.8,3.8,13.2],"texture":"#2"},"south":{"uv":[12.8,3.2,13.4,3.6],"texture":"#2"},"west":{"uv":[12.8,4.8,13.4,5.2],"texture":"#2"},"down":{"uv":[11.8,2.4,11.2,3],"texture":"#2"}}},{"name":"cube_outline","from":[11.13832,14.275,11.15735],"to":[9.93832,12.075,9.95735],"rotation":{"angle":-22.5,"axis":"y","origin":[10.375,13.675,10.625]},"faces":{"north":{"uv":[0,0,0.83333,1.5],"texture":"#4"},"east":{"uv":[2,0,2.83333,1.5],"texture":"#4"},"south":{"uv":[0,2.66667,0.83333,4.16667],"texture":"#4"},"west":{"uv":[2,2.66667,2.83333,4.16667],"texture":"#4"},"up":{"uv":[10.16667,0.83333,9.33333,0],"texture":"#4"},"down":{"uv":[6.16667,9.33333,5.33333,10.16667],"texture":"#4"}}},{"name":"cube_outline","from":[11.35,14.525,11.25],"to":[10.65,12.325,10.55],"rotation":{"angle":-45,"axis":"y","origin":[10.375,13.675,10.525]},"faces":{"north":{"uv":[6,4,6.5,5.5],"texture":"#4"},"east":{"uv":[6,6.66667,6.5,8.16667],"texture":"#4"},"south":{"uv":[0,7.33333,0.5,8.83333],"texture":"#4"},"west":{"uv":[1.33333,7.33333,1.83333,8.83333],"texture":"#4"},"up":{"uv":[5.83333,13.83333,5.33333,13.33333],"texture":"#4"},"down":{"uv":[9.83333,13.33333,9.33333,13.83333],"texture":"#4"}}},{"name":"cube_outline","from":[10.3,14.025,10.6],"to":[9.6,11.825,9.9],"rotation":{"angle":-45,"axis":"y","origin":[10.575,13.675,10.625]},"faces":{"north":{"uv":[2.66667,7.33333,3.16667,8.83333],"texture":"#4"},"east":{"uv":[7.33333,4,7.83333,5.5],"texture":"#4"},"south":{"uv":[7.33333,6.66667,7.83333,8.16667],"texture":"#4"},"west":{"uv":[8,0,8.5,1.5],"texture":"#4"},"up":{"uv":[13.16667,13.83333,12.66667,13.33333],"texture":"#4"},"down":{"uv":[0.5,14,0,14.5],"texture":"#4"}}},{"name":"cube_outline","from":[11.00005,14.775,10.99974],"to":[10.05005,14.075,10.04974],"rotation":{"angle":-22.5,"axis":"y","origin":[10.375,13.675,10.625]},"faces":{"north":{"uv":[12,4,12.66667,4.5],"texture":"#4"},"east":{"uv":[10,12,10.66667,12.5],"texture":"#4"},"south":{"uv":[12.66667,0,13.33333,0.5],"texture":"#4"},"west":{"uv":[4,12.66667,4.66667,13.16667],"texture":"#4"},"down":{"uv":[12,6,11.33333,6.66667],"texture":"#4"}}},{"name":"cube_outline","from":[11.00005,12.275,10.99974],"to":[10.05005,11.575,10.04974],"rotation":{"angle":-22.5,"axis":"y","origin":[10.375,13.675,10.625]},"faces":{"north":{"uv":[12.66667,5.33333,13.33333,5.83333],"texture":"#4"},"east":{"uv":[6.66667,12.66667,7.33333,13.16667],"texture":"#4"},"south":{"uv":[12.66667,6.66667,13.33333,7.16667],"texture":"#4"},"west":{"uv":[8,12.66667,8.66667,13.16667],"texture":"#4"},"up":{"uv":[7.33333,12,6.66667,11.33333],"texture":"#4"}}},{"from":[5.15005,10.925,5.14974],"to":[5.90005,11.425,5.89974],"rotation":{"angle":-22.5,"axis":"y","origin":[5.375,12.925,5.625]},"faces":{"north":{"uv":[6.4,12.8,7,13.2],"texture":"#2"},"east":{"uv":[12.8,6.4,13.4,6.8],"texture":"#2"},"south":{"uv":[12.8,8,13.4,8.4],"texture":"#2"},"west":{"uv":[9.6,12.8,10.2,13.2],"texture":"#2"},"down":{"uv":[3.8,11.2,3.2,11.8],"texture":"#2"}}},{"from":[5.15005,12.925,5.14974],"to":[5.90005,13.425,5.89974],"rotation":{"angle":-22.5,"axis":"y","origin":[5.375,12.425,5.625]},"faces":{"north":{"uv":[12.8,9.6,13.4,10],"texture":"#2"},"east":{"uv":[12.8,11.2,13.4,11.6],"texture":"#2"},"south":{"uv":[12.8,12.8,13.4,13.2],"texture":"#2"},"west":{"uv":[0,13.6,0.6,14],"texture":"#2"},"up":{"uv":[11.8,4.6,11.2,4],"texture":"#2"}}},{"from":[4.7,11.675,5.25],"to":[5.2,13.675,5.75],"rotation":{"angle":-45,"axis":"y","origin":[5.575,13.425,5.875]},"faces":{"north":{"uv":[8,4.8,8.4,6.4],"texture":"#2"},"east":{"uv":[6.4,8,6.8,9.6],"texture":"#2"},"south":{"uv":[8,7.2,8.4,8.8],"texture":"#2"},"west":{"uv":[0,9.6,0.4,11.2],"texture":"#2"},"up":{"uv":[2,14.8,1.6,14.4],"texture":"#2"},"down":{"uv":[14.8,1.6,14.4,2],"texture":"#2"}}},{"from":[5.75,11.275,5.65],"to":[6.25,13.025,6.15],"rotation":{"angle":-45,"axis":"y","origin":[5.375,12.525,5.525]},"faces":{"north":{"uv":[9.6,3.2,10,4.6],"texture":"#2"},"east":{"uv":[4.8,9.6,5.2,11],"texture":"#2"},"south":{"uv":[9.6,5.6,10,7],"texture":"#2"},"west":{"uv":[8,9.6,8.4,11],"texture":"#2"},"up":{"uv":[3.6,14.8,3.2,14.4],"texture":"#2"},"down":{"uv":[14.8,3.2,14.4,3.6],"texture":"#2"}}},{"from":[5.03832,11.425,5.05735],"to":[6.03832,12.925,6.05735],"rotation":{"angle":-22.5,"axis":"y","origin":[5.375,12.675,5.625]},"faces":{"north":{"uv":[3.2,0,4,1.2],"texture":"#2"},"east":{"uv":[3.2,2.4,4,3.6],"texture":"#2"},"south":{"uv":[0,4.8,0.8,6],"texture":"#2"},"west":{"uv":[4.8,0,5.6,1.2],"texture":"#2"},"up":{"uv":[10.4,0.8,9.6,0],"texture":"#2"},"down":{"uv":[2.4,9.6,1.6,10.4],"texture":"#2"}}},{"name":"cube_outline","from":[6.00005,11.525,5.99974],"to":[5.05005,10.825,5.04974],"rotation":{"angle":-22.5,"axis":"y","origin":[5.375,12.925,5.625]},"faces":{"north":{"uv":[12.66667,8,13.33333,8.5],"texture":"#4"},"east":{"uv":[12.66667,9.33333,13.33333,9.83333],"texture":"#4"},"south":{"uv":[12.66667,10.66667,13.33333,11.16667],"texture":"#4"},"west":{"uv":[11.33333,12.66667,12,13.16667],"texture":"#4"},"up":{"uv":[12,8,11.33333,7.33333],"texture":"#4"}}},{"name":"cube_outline","from":[6.00005,13.525,5.99974],"to":[5.05005,12.825,5.04974],"rotation":{"angle":-22.5,"axis":"y","origin":[5.375,12.425,5.625]},"faces":{"north":{"uv":[12.66667,12,13.33333,12.5],"texture":"#4"},"east":{"uv":[13.33333,1.33333,14,1.83333],"texture":"#4"},"south":{"uv":[13.33333,2.66667,14,3.16667],"texture":"#4"},"west":{"uv":[13.33333,4,14,4.5],"texture":"#4"},"down":{"uv":[12,8.66667,11.33333,9.33333],"texture":"#4"}}},{"name":"cube_outline","from":[5.3,13.775,5.85],"to":[4.6,11.575,5.15],"rotation":{"angle":-45,"axis":"y","origin":[5.575,13.425,5.875]},"faces":{"north":{"uv":[4,8,4.5,9.5],"texture":"#4"},"east":{"uv":[8.66667,2.66667,9.16667,4.16667],"texture":"#4"},"south":{"uv":[8.66667,5.33333,9.16667,6.83333],"texture":"#4"},"west":{"uv":[8.66667,8,9.16667,9.5],"texture":"#4"},"up":{"uv":[14.5,0.5,14,0],"texture":"#4"},"down":{"uv":[1.83333,14,1.33333,14.5],"texture":"#4"}}},{"name":"cube_outline","from":[6.35,13.125,6.25],"to":[5.65,11.175,5.55],"rotation":{"angle":-45,"axis":"y","origin":[5.375,12.525,5.525]},"faces":{"north":{"uv":[7.33333,9.33333,7.83333,10.66667],"texture":"#4"},"east":{"uv":[10,6,10.5,7.33333],"texture":"#4"},"south":{"uv":[10,8,10.5,9.33333],"texture":"#4"},"west":{"uv":[10,10,10.5,11.33333],"texture":"#4"},"up":{"uv":[3.16667,14.5,2.66667,14],"texture":"#4"},"down":{"uv":[4.5,14,4,14.5],"texture":"#4"}}},{"name":"cube_outline","from":[6.13832,13.025,6.15735],"to":[4.93832,11.325,4.95735],"rotation":{"angle":-22.5,"axis":"y","origin":[5.375,12.675,5.625]},"faces":{"north":{"uv":[4,0,4.83333,1.16667],"texture":"#4"},"east":{"uv":[4,2,4.83333,3.16667],"texture":"#4"},"south":{"uv":[4,4,4.83333,5.16667],"texture":"#4"},"west":{"uv":[0,5.33333,0.83333,6.5],"texture":"#4"},"up":{"uv":[0.83333,10.83333,0,10],"texture":"#4"},"down":{"uv":[2.83333,10,2,10.83333],"texture":"#4"}}},{"from":[5.12897,9.175,10.19376],"to":[5.87897,9.425,10.94376],"rotation":{"angle":-22.5,"axis":"y","origin":[5.47511,10.05,10.7]},"faces":{"north":{"uv":[9.6,14.4,10.2,14.6],"texture":"#2"},"east":{"uv":[14.4,9.6,15,9.8],"texture":"#2"},"south":{"uv":[14.4,11.2,15,11.4],"texture":"#2"},"west":{"uv":[12.8,14.4,13.4,14.6],"texture":"#2"},"down":{"uv":[11.8,5.6,11.2,6.2],"texture":"#2"}}},{"from":[5.01724,9.425,10.10137],"to":[6.01724,10.675,11.10137],"rotation":{"angle":-22.5,"axis":"y","origin":[5.47511,10.05,10.7]},"faces":{"north":{"uv":[1.6,4.8,2.4,5.8],"texture":"#2"},"east":{"uv":[4.8,2.4,5.6,3.4],"texture":"#2"},"south":{"uv":[3.2,4.8,4,5.8],"texture":"#2"},"west":{"uv":[4.8,4.8,5.6,5.8],"texture":"#2"},"up":{"uv":[10.4,2.4,9.6,1.6],"texture":"#2"},"down":{"uv":[4,9.6,3.2,10.4],"texture":"#2"}}},{"from":[5.65558,8.925,10.77205],"to":[6.15558,9.925,11.27205],"rotation":{"angle":-45,"axis":"y","origin":[5.47511,10.05,10.7]},"faces":{"north":{"uv":[11.2,8.8,11.6,9.6],"texture":"#2"},"east":{"uv":[11.2,10.4,11.6,11.2],"texture":"#2"},"south":{"uv":[0,12,0.4,12.8],"texture":"#2"},"west":{"uv":[4.8,12,5.2,12.8],"texture":"#2"},"up":{"uv":[14.8,5.2,14.4,4.8],"texture":"#2"},"down":{"uv":[6.8,14.4,6.4,14.8],"texture":"#2"}}},{"from":[4.79449,9.675,10.12811],"to":[5.29449,11.175,10.62811],"rotation":{"angle":-45,"axis":"y","origin":[5.47511,10.05,10.7]},"faces":{"north":{"uv":[9.6,8,10,9.2],"texture":"#2"},"east":{"uv":[6.4,10.4,6.8,11.6],"texture":"#2"},"south":{"uv":[9.6,10.4,10,11.6],"texture":"#2"},"west":{"uv":[11.2,0,11.6,1.2],"texture":"#2"},"up":{"uv":[14.8,6.8,14.4,6.4],"texture":"#2"},"down":{"uv":[14.8,8,14.4,8.4],"texture":"#2"}}},{"from":[5.12897,10.675,10.19376],"to":[5.87897,10.925,10.94376],"rotation":{"angle":-22.5,"axis":"y","origin":[5.47511,10.05,10.7]},"faces":{"north":{"uv":[14.4,12.8,15,13],"texture":"#2"},"east":{"uv":[14.4,14.4,15,14.6],"texture":"#2"},"south":{"uv":[0,15.2,0.6,15.4],"texture":"#2"},"west":{"uv":[4.8,15.2,5.4,15.4],"texture":"#2"},"up":{"uv":[11.8,7.8,11.2,7.2],"texture":"#2"}}},{"name":"cube_outline","from":[5.97897,9.525,11.04376],"to":[5.02897,9.075,10.09376],"rotation":{"angle":-22.5,"axis":"y","origin":[5.47511,10.05,10.7]},"faces":{"north":{"uv":[14,8,14.66667,8.33333],"texture":"#4"},"east":{"uv":[14,9.33333,14.66667,9.66667],"texture":"#4"},"south":{"uv":[10.66667,14,11.33333,14.33333],"texture":"#4"},"west":{"uv":[14,10.66667,14.66667,11],"texture":"#4"},"up":{"uv":[12,10.66667,11.33333,10],"texture":"#4"}}},{"name":"cube_outline","from":[6.11724,10.775,11.20137],"to":[4.91724,9.325,10.00137],"rotation":{"angle":-22.5,"axis":"y","origin":[5.47511,10.05,10.7]},"faces":{"north":{"uv":[2,5.33333,2.83333,6.33333],"texture":"#4"},"east":{"uv":[6,0,6.83333,1],"texture":"#4"},"south":{"uv":[6,2,6.83333,3],"texture":"#4"},"west":{"uv":[4,6,4.83333,7],"texture":"#4"},"up":{"uv":[10.83333,2.83333,10,2],"texture":"#4"},"down":{"uv":[10.83333,4,10,4.83333],"texture":"#4"}}},{"name":"cube_outline","from":[6.25558,10.025,11.37205],"to":[5.55558,8.825,10.67205],"rotation":{"angle":-45,"axis":"y","origin":[5.47511,10.05,10.7]},"faces":{"north":{"uv":[0,12,0.5,12.83333],"texture":"#4"},"east":{"uv":[1.33333,12,1.83333,12.83333],"texture":"#4"},"south":{"uv":[12,2,12.5,2.83333],"texture":"#4"},"west":{"uv":[2.66667,12,3.16667,12.83333],"texture":"#4"},"up":{"uv":[14.5,5.83333,14,5.33333],"texture":"#4"},"down":{"uv":[7.16667,14,6.66667,14.5],"texture":"#4"}}},{"name":"cube_outline","from":[5.39449,11.275,10.72811],"to":[4.69449,9.575,10.02811],"rotation":{"angle":-45,"axis":"y","origin":[5.47511,10.05,10.7]},"faces":{"north":{"uv":[4,10.66667,4.5,11.83333],"texture":"#4"},"east":{"uv":[8.66667,10.66667,9.16667,11.83333],"texture":"#4"},"south":{"uv":[11.33333,0,11.83333,1.16667],"texture":"#4"},"west":{"uv":[5.33333,11.33333,5.83333,12.5],"texture":"#4"},"up":{"uv":[14.5,7.16667,14,6.66667],"texture":"#4"},"down":{"uv":[8.5,14,8,14.5],"texture":"#4"}}},{"name":"cube_outline","from":[5.97897,11.025,11.04376],"to":[5.02897,10.575,10.09376],"rotation":{"angle":-22.5,"axis":"y","origin":[5.47511,10.05,10.7]},"faces":{"north":{"uv":[14,12,14.66667,12.33333],"texture":"#4"},"east":{"uv":[14,13.33333,14.66667,13.66667],"texture":"#4"},"south":{"uv":[14.66667,1.33333,15.33333,1.66667],"texture":"#4"},"west":{"uv":[14.66667,2.66667,15.33333,3],"texture":"#4"},"down":{"uv":[12,11.33333,11.33333,12],"texture":"#4"}}},{"from":[10.12897,9.175,5.19376],"to":[10.87897,9.425,5.94376],"rotation":{"angle":-22.5,"axis":"y","origin":[10.47511,10.05,5.7]},"faces":{"north":{"uv":[9.6,14.4,10.2,14.6],"texture":"#2"},"east":{"uv":[14.4,9.6,15,9.8],"texture":"#2"},"south":{"uv":[14.4,11.2,15,11.4],"texture":"#2"},"west":{"uv":[12.8,14.4,13.4,14.6],"texture":"#2"},"down":{"uv":[11.8,5.6,11.2,6.2],"texture":"#2"}}},{"from":[10.01724,9.425,5.10137],"to":[11.01724,10.675,6.10137],"rotation":{"angle":-22.5,"axis":"y","origin":[10.47511,10.05,5.7]},"faces":{"north":{"uv":[1.6,4.8,2.4,5.8],"texture":"#2"},"east":{"uv":[4.8,2.4,5.6,3.4],"texture":"#2"},"south":{"uv":[3.2,4.8,4,5.8],"texture":"#2"},"west":{"uv":[4.8,4.8,5.6,5.8],"texture":"#2"},"up":{"uv":[10.4,2.4,9.6,1.6],"texture":"#2"},"down":{"uv":[4,9.6,3.2,10.4],"texture":"#2"}}},{"from":[10.65558,8.925,5.77205],"to":[11.15558,9.925,6.27205],"rotation":{"angle":-45,"axis":"y","origin":[10.47511,10.05,5.7]},"faces":{"north":{"uv":[11.2,8.8,11.6,9.6],"texture":"#2"},"east":{"uv":[11.2,10.4,11.6,11.2],"texture":"#2"},"south":{"uv":[0,12,0.4,12.8],"texture":"#2"},"west":{"uv":[4.8,12,5.2,12.8],"texture":"#2"},"up":{"uv":[14.8,5.2,14.4,4.8],"texture":"#2"},"down":{"uv":[6.8,14.4,6.4,14.8],"texture":"#2"}}},{"from":[9.79449,9.675,5.12811],"to":[10.29449,11.175,5.62811],"rotation":{"angle":-45,"axis":"y","origin":[10.47511,10.05,5.7]},"faces":{"north":{"uv":[9.6,8,10,9.2],"texture":"#2"},"east":{"uv":[6.4,10.4,6.8,11.6],"texture":"#2"},"south":{"uv":[9.6,10.4,10,11.6],"texture":"#2"},"west":{"uv":[11.2,0,11.6,1.2],"texture":"#2"},"up":{"uv":[14.8,6.8,14.4,6.4],"texture":"#2"},"down":{"uv":[14.8,8,14.4,8.4],"texture":"#2"}}},{"from":[10.12897,10.675,5.19376],"to":[10.87897,10.925,5.94376],"rotation":{"angle":-22.5,"axis":"y","origin":[10.47511,10.05,5.7]},"faces":{"north":{"uv":[14.4,12.8,15,13],"texture":"#2"},"east":{"uv":[14.4,14.4,15,14.6],"texture":"#2"},"south":{"uv":[0,15.2,0.6,15.4],"texture":"#2"},"west":{"uv":[4.8,15.2,5.4,15.4],"texture":"#2"},"up":{"uv":[11.8,7.8,11.2,7.2],"texture":"#2"}}},{"name":"cube_outline","from":[10.97897,9.525,6.04376],"to":[10.02897,9.075,5.09376],"rotation":{"angle":-22.5,"axis":"y","origin":[10.47511,10.05,5.7]},"faces":{"north":{"uv":[14,8,14.66667,8.33333],"texture":"#4"},"east":{"uv":[14,9.33333,14.66667,9.66667],"texture":"#4"},"south":{"uv":[10.66667,14,11.33333,14.33333],"texture":"#4"},"west":{"uv":[14,10.66667,14.66667,11],"texture":"#4"},"up":{"uv":[12,10.66667,11.33333,10],"texture":"#4"}}},{"name":"cube_outline","from":[11.11724,10.775,6.20137],"to":[9.91724,9.325,5.00137],"rotation":{"angle":-22.5,"axis":"y","origin":[10.47511,10.05,5.7]},"faces":{"north":{"uv":[2,5.33333,2.83333,6.33333],"texture":"#4"},"east":{"uv":[6,0,6.83333,1],"texture":"#4"},"south":{"uv":[6,2,6.83333,3],"texture":"#4"},"west":{"uv":[4,6,4.83333,7],"texture":"#4"},"up":{"uv":[10.83333,2.83333,10,2],"texture":"#4"},"down":{"uv":[10.83333,4,10,4.83333],"texture":"#4"}}},{"name":"cube_outline","from":[11.25558,10.025,6.37205],"to":[10.55558,8.825,5.67205],"rotation":{"angle":-45,"axis":"y","origin":[10.47511,10.05,5.7]},"faces":{"north":{"uv":[0,12,0.5,12.83333],"texture":"#4"},"east":{"uv":[1.33333,12,1.83333,12.83333],"texture":"#4"},"south":{"uv":[12,2,12.5,2.83333],"texture":"#4"},"west":{"uv":[2.66667,12,3.16667,12.83333],"texture":"#4"},"up":{"uv":[14.5,5.83333,14,5.33333],"texture":"#4"},"down":{"uv":[7.16667,14,6.66667,14.5],"texture":"#4"}}},{"name":"cube_outline","from":[10.39449,11.275,5.72811],"to":[9.69449,9.575,5.02811],"rotation":{"angle":-45,"axis":"y","origin":[10.47511,10.05,5.7]},"faces":{"north":{"uv":[4,10.66667,4.5,11.83333],"texture":"#4"},"east":{"uv":[8.66667,10.66667,9.16667,11.83333],"texture":"#4"},"south":{"uv":[11.33333,0,11.83333,1.16667],"texture":"#4"},"west":{"uv":[5.33333,11.33333,5.83333,12.5],"texture":"#4"},"up":{"uv":[14.5,7.16667,14,6.66667],"texture":"#4"},"down":{"uv":[8.5,14,8,14.5],"texture":"#4"}}},{"name":"cube_outline","from":[10.97897,11.025,6.04376],"to":[10.02897,10.575,5.09376],"rotation":{"angle":-22.5,"axis":"y","origin":[10.47511,10.05,5.7]},"faces":{"north":{"uv":[14,12,14.66667,12.33333],"texture":"#4"},"east":{"uv":[14,13.33333,14.66667,13.66667],"texture":"#4"},"south":{"uv":[14.66667,1.33333,15.33333,1.66667],"texture":"#4"},"west":{"uv":[14.66667,2.66667,15.33333,3],"texture":"#4"},"down":{"uv":[12,11.33333,11.33333,12],"texture":"#4"}}},{"from":[7.99646,9.25,4.50354],"to":[8.00646,15.25,11.50354],"rotation":{"angle":45,"axis":"y","origin":[7.99646,12.25,8.00354]},"faces":{"east":{"uv":[9.33333,0,0,8],"texture":"#5"},"west":{"uv":[0,0,9.33333,8],"texture":"#5"}}},{"from":[7.99646,9.25,4.49646],"to":[8.00646,15.25,11.49646],"rotation":{"angle":-45,"axis":"y","origin":[7.99646,12.25,7.99646]},"faces":{"east":{"uv":[9.33333,8,0,16],"texture":"#5"},"west":{"uv":[0,8,9.33333,16],"texture":"#5"}}},{"from":[7.995,7.53806,-4.30866],"to":[8.005,14.53806,7.19134],"rotation":{"angle":-22.5,"axis":"x","origin":[8,11.53806,3.19134]},"faces":{"east":{"uv":[4.6,0,0,2.8],"texture":"#9"},"west":{"uv":[0,0,4.6,2.8],"texture":"#9"}}},{"from":[7.995,9.09672,9.5206],"to":[8.005,18.59672,17.0206],"rotation":{"angle":-22.5,"axis":"x","origin":[8,14.09672,13.2706]},"faces":{"east":{"uv":[3,3.2,0,7],"texture":"#9"},"west":{"uv":[0,3.2,3,7],"texture":"#9"}}}],"gui_light":"front","display":{"thirdperson_righthand":{"translation":[0,3,0.75]},"thirdperson_lefthand":{"translation":[0,3,0.75]},"firstperson_righthand":{"rotation":[-5,0,0],"translation":[2.25,2,0.25],"scale":[0.7,0.7,0.7]},"firstperson_lefthand":{"rotation":[-5,0,0],"translation":[2.25,2,0.25],"scale":[0.7,0.7,0.7]},"ground":{"rotation":[-45,0,0],"translation":[0,5,0],"scale":[0.7,0.7,0.7]},"gui":{"rotation":[-90,135,90],"translation":[0.25,1.5,0],"scale":[0.8,0.8,0.8]},"head":{"rotation":[0,-90,0]},"fixed":{"rotation":[0,-90,0],"translation":[0,0,-1.5],"scale":[2,2,2]}},"mcmodels":"64affc1f70b61f685488f1f00b4e156d"}