{"format_version":"1.9.0","credit":"Pologony Creation Co.,Ltd.","texture_size":[40,40],"textures":{"2":"plny_aurion_set:gold_gems","4":"plny_aurion_set:gold_gems_outline","5":"plny_aurion_set:animated/animated_1","7":"plny_aurion_set:animated/animated_2","8":"plny_aurion_set:animated/animated_3","9":"plny_aurion_set:mace","particle":"plny_aurion_set:gold_gems_outline"},"elements":[{"from":[7.25,-2.29289,7.25],"to":[8.75,-0.29289,8.75],"rotation":{"angle":0,"axis":"y","origin":[8,-1.29289,8]},"faces":{"north":{"uv":[9.2,7.6,9.8,8.4],"texture":"#9"},"east":{"uv":[9.2,8.8,9.8,9.6],"texture":"#9"},"south":{"uv":[9.6,1.6,10.2,2.4],"texture":"#9"},"west":{"uv":[2.4,9.6,3,10.4],"texture":"#9"}}},{"from":[7.5035,-1.06659,6.40918],"to":[8.4965,-0.06659,7.40918],"rotation":{"angle":22.5,"axis":"x","origin":[8,-1.21145,6.14178]},"faces":{"north":{"uv":[13.6,3.2,14,3.6],"texture":"#9"},"east":{"uv":[4,13.6,4.4,14],"texture":"#9"},"west":{"uv":[13.6,4,14,4.4],"texture":"#9"},"up":{"uv":[5.2,14,4.8,13.6],"texture":"#9"}}},{"from":[7.5,-2.19102,6.64538],"to":[8.5,-0.94102,7.64538],"rotation":{"angle":-22.5,"axis":"x","origin":[8,-1.56602,7.14538]},"faces":{"north":{"uv":[12.8,11.6,13.2,12.1],"texture":"#9"},"east":{"uv":[12.8,12.8,13.2,13.3],"texture":"#9"},"west":{"uv":[13.2,0,13.6,0.5],"texture":"#9"},"up":{"uv":[14,6.4,13.6,6],"texture":"#9"},"down":{"uv":[14,6.8,13.6,7.2],"texture":"#9"}}},{"from":[7.5035,11.82133,6.49306],"to":[8.4965,13.32133,7.49306],"rotation":{"angle":22.5,"axis":"x","origin":[8,12.57133,6.99306]},"faces":{"north":{"uv":[2.4,11.6,2.8,12.2],"texture":"#9"},"east":{"uv":[11.6,7.6,12,8.2],"texture":"#9"},"south":{"uv":[11.6,8.8,12,9.4],"texture":"#9"},"west":{"uv":[11.6,10.8,12,11.4],"texture":"#9"},"up":{"uv":[14,8,13.6,7.6],"texture":"#9"}}},{"from":[7.5,11.07687,6.33564],"to":[8.5,12.32687,7.33564],"rotation":{"angle":-22.5,"axis":"x","origin":[8,11.96823,6.93617]},"faces":{"north":{"uv":[3.2,13.2,3.6,13.7],"texture":"#9"},"east":{"uv":[8,13.2,8.4,13.7],"texture":"#9"},"south":{"uv":[8.8,13.2,9.2,13.7],"texture":"#9"},"west":{"uv":[9.6,13.2,10,13.7],"texture":"#9"},"up":{"uv":[14,8.8,13.6,8.4],"texture":"#9"},"down":{"uv":[14,9.2,13.6,9.6],"texture":"#9"}}},{"from":[7.6285,-0.8615,4.79033],"to":[8.3715,0.1385,5.79033],"rotation":{"angle":-45,"axis":"x","origin":[8,-0.3615,5.29033]},"faces":{"east":{"uv":[13.6,10.8,14,11.2],"texture":"#9"},"south":{"uv":[3.2,14.4,3.5,14.8],"texture":"#9"},"west":{"uv":[13.6,11.6,14,12],"texture":"#9"},"up":{"uv":[14.7,3.6,14.4,3.2],"texture":"#9"},"down":{"uv":[4.3,14.4,4,14.8],"texture":"#9"}}},{"from":[7.625,-0.99991,4.83976],"to":[8.375,0.25009,5.83976],"rotation":{"angle":-22.5,"axis":"x","origin":[8.125,-0.70056,6.24883]},"faces":{"north":{"uv":[1.6,14.4,1.9,14.9],"texture":"#9"},"east":{"uv":[10.4,13.2,10.8,13.7],"texture":"#9"},"south":{"uv":[14.4,2,14.7,2.5],"texture":"#9"},"west":{"uv":[11.2,13.2,11.6,13.7],"texture":"#9"},"up":{"uv":[14.7,4.4,14.4,4],"texture":"#9"},"down":{"uv":[5.1,14.4,4.8,14.8],"texture":"#9"}}},{"from":[7.6335,-1.91097,5.31143],"to":[8.3665,-0.91097,7.31143],"rotation":{"angle":22.5,"axis":"x","origin":[8.125,-1.0856,6.17845]},"faces":{"east":{"uv":[11.2,4.4,12,4.8],"texture":"#9"},"west":{"uv":[0,11.6,0.8,12],"texture":"#9"},"up":{"uv":[8.3,12.8,8,12],"texture":"#9"},"down":{"uv":[10.7,12,10.4,12.8],"texture":"#9"}}},{"from":[7.3835,13.7144,6.72804],"to":[8.6165,15.2144,7.72804],"rotation":{"angle":-22.5,"axis":"x","origin":[8,13.71439,6.66739]},"faces":{"north":{"uv":[1.2,11.6,1.7,12.2],"texture":"#9"},"east":{"uv":[11.2,12,11.6,12.6],"texture":"#9"},"south":{"uv":[4.4,11.6,4.9,12.2],"texture":"#9"},"west":{"uv":[12,12,12.4,12.6],"texture":"#9"},"up":{"uv":[13.7,10.4,13.2,10],"texture":"#9"},"down":{"uv":[0.5,13.6,0,14],"texture":"#9"}}},{"from":[7.385,12.71439,5.91739],"to":[8.615,14.71439,7.41739],"rotation":{"angle":22.5,"axis":"x","origin":[8,13.71439,6.66739]},"faces":{"north":{"uv":[9.2,10,9.7,10.8],"texture":"#9"},"east":{"uv":[10,0,10.6,0.8],"texture":"#9"},"south":{"uv":[10.4,5.2,10.9,6],"texture":"#9"},"west":{"uv":[10,2.8,10.6,3.6],"texture":"#9"}}},{"from":[7.3835,12.21439,5.60673],"to":[8.6165,13.71439,6.60673],"rotation":{"angle":-22.5,"axis":"x","origin":[8,13.71439,6.66739]},"faces":{"north":{"uv":[11.6,5.2,12.1,5.8],"texture":"#9"},"east":{"uv":[0,12.4,0.4,13],"texture":"#9"},"south":{"uv":[5.6,11.6,6.1,12.2],"texture":"#9"},"west":{"uv":[12.4,0,12.8,0.6],"texture":"#9"},"up":{"uv":[1.7,14,1.2,13.6],"texture":"#9"},"down":{"uv":[14.1,1.2,13.6,1.6],"texture":"#9"}}},{"from":[7.76,9.83973,6.33574],"to":[8.24,11.83973,7.83574],"rotation":{"angle":-22.5,"axis":"x","origin":[8,10.83973,7.03574]},"faces":{"north":{"uv":[13.6,12.4,13.8,13.2],"texture":"#9"},"east":{"uv":[3.6,10,4.2,10.8],"texture":"#9"},"west":{"uv":[10,4,10.6,4.8],"texture":"#9"},"up":{"uv":[5.8,15,5.6,14.4],"texture":"#9"},"down":{"uv":[14.6,5.6,14.4,6.2],"texture":"#9"}}},{"from":[7.2475,-1.04455,8],"to":[8.7525,0.01845,9.063],"rotation":{"angle":-45,"axis":"x","origin":[7.4975,-1.04455,8]},"faces":{"north":{"uv":[12,10,12.6,10.4],"texture":"#9"},"east":{"uv":[13.6,13.6,14,14],"texture":"#9"},"south":{"uv":[12.4,1.2,13,1.6],"texture":"#9"},"west":{"uv":[14,0,14.4,0.4],"texture":"#9"},"up":{"uv":[13,2.4,12.4,2],"texture":"#9"},"down":{"uv":[13,2.8,12.4,3.2],"texture":"#9"}}},{"from":[7.2475,-3.04455,8],"to":[8.7525,-1.98155,9.063],"rotation":{"angle":-45,"axis":"x","origin":[7.4975,-3.04455,8]},"faces":{"north":{"uv":[3.2,12.4,3.8,12.8],"texture":"#9"},"east":{"uv":[14,4.8,14.4,5.2],"texture":"#9"},"south":{"uv":[12.4,3.6,13,4],"texture":"#9"},"west":{"uv":[6.4,14,6.8,14.4],"texture":"#9"},"up":{"uv":[13,4.8,12.4,4.4],"texture":"#9"},"down":{"uv":[13,7.6,12.4,8],"texture":"#9"}}},{"from":[6.9975,11.60294,8.00417],"to":[9.0025,12.31594,8.71717],"rotation":{"angle":-45,"axis":"x","origin":[7.4975,11.60294,8.00417]},"faces":{"north":{"uv":[12.4,8.4,13.2,8.7],"texture":"#9"},"east":{"uv":[14.4,12,14.7,12.3],"texture":"#9"},"south":{"uv":[8.8,12.4,9.6,12.7],"texture":"#9"},"west":{"uv":[14.4,12.8,14.7,13.1],"texture":"#9"},"up":{"uv":[13.2,9.5,12.4,9.2],"texture":"#9"},"down":{"uv":[13.2,10.8,12.4,11.1],"texture":"#9"}}},{"from":[6.9975,10.35294,8.00417],"to":[9.0025,11.06594,8.71717],"rotation":{"angle":-45,"axis":"x","origin":[7.4975,10.35294,8.00417]},"faces":{"north":{"uv":[0.8,12.8,1.6,13.1],"texture":"#9"},"east":{"uv":[13.6,14.4,13.9,14.7],"texture":"#9"},"south":{"uv":[2,12.8,2.8,13.1],"texture":"#9"},"west":{"uv":[14.4,13.6,14.7,13.9],"texture":"#9"},"up":{"uv":[5.2,13.1,4.4,12.8],"texture":"#9"},"down":{"uv":[13.6,5.2,12.8,5.5],"texture":"#9"}}},{"from":[7,10.85711,7.5],"to":[9,12.10711,8.5],"rotation":{"angle":0,"axis":"y","origin":[8,11.60711,8]},"faces":{"north":{"uv":[10.4,6.4,11.2,6.9],"texture":"#9"},"east":{"uv":[12,13.2,12.4,13.7],"texture":"#9"},"south":{"uv":[7.2,10.4,8,10.9],"texture":"#9"},"west":{"uv":[13.6,2,14,2.5],"texture":"#9"}}},{"from":[7.04289,0,7.75],"to":[8.54289,0.5,9.25],"rotation":{"angle":45,"axis":"y","origin":[7.29289,-3,8]},"faces":{"north":{"uv":[14.4,6.8,15,7],"texture":"#9"},"east":{"uv":[14.4,7.6,15,7.8],"texture":"#9"},"south":{"uv":[8,14.4,8.6,14.6],"texture":"#9"},"west":{"uv":[14.4,8.4,15,8.6],"texture":"#9"},"up":{"uv":[11,11.4,10.4,10.8],"texture":"#9"},"down":{"uv":[11.8,0,11.2,0.6],"texture":"#9"}}},{"from":[7.04289,7.5,7.75],"to":[8.54289,8,9.25],"rotation":{"angle":45,"axis":"y","origin":[7.29289,2.5,8]},"faces":{"north":{"uv":[9.2,14.4,9.8,14.6],"texture":"#9"},"east":{"uv":[14.4,9.2,15,9.4],"texture":"#9"},"south":{"uv":[14.4,10,15,10.2],"texture":"#9"},"west":{"uv":[10.4,14.4,11,14.6],"texture":"#9"},"up":{"uv":[11.8,2.6,11.2,2],"texture":"#9"},"down":{"uv":[3.8,11.2,3.2,11.8],"texture":"#9"}}},{"from":[6.79289,8,7.5],"to":[8.79289,10.25,9.5],"rotation":{"angle":45,"axis":"y","origin":[7.29289,3,8]},"faces":{"north":{"uv":[8,7.2,8.8,8.1],"texture":"#9"},"east":{"uv":[4,8.4,4.8,9.3],"texture":"#9"},"south":{"uv":[5.2,8.4,6,9.3],"texture":"#9"},"west":{"uv":[8.8,0,9.6,0.9],"texture":"#9"},"up":{"uv":[8,2.4,7.2,1.6],"texture":"#9"},"down":{"uv":[9.2,1.6,8.4,2.4],"texture":"#9"}}},{"from":[7.25,10.25,7.25],"to":[8.75,12.75,8.75],"rotation":{"angle":0,"axis":"y","origin":[8,11.5,8]},"faces":{"north":{"uv":[8.8,2.8,9.4,3.8],"texture":"#9"},"east":{"uv":[8.8,4.4,9.4,5.4],"texture":"#9"},"south":{"uv":[8,8.8,8.6,9.8],"texture":"#9"},"west":{"uv":[9.2,6,9.8,7],"texture":"#9"},"up":{"uv":[11.8,3.8,11.2,3.2],"texture":"#9"},"down":{"uv":[9.8,11.2,9.2,11.8],"texture":"#9"}}},{"from":[7.29289,0.5,8],"to":[8.29289,7.5,9],"rotation":{"angle":45,"axis":"y","origin":[7.29289,-3,8]},"faces":{"north":{"uv":[7.2,7.2,7.6,10],"texture":"#9"},"east":{"uv":[0,7.6,0.4,10.4],"texture":"#9"},"south":{"uv":[0.8,7.6,1.2,10.4],"texture":"#9"},"west":{"uv":[1.6,7.6,2,10.4],"texture":"#9"}}},{"from":[7.995,-5.5,3.25],"to":[8.005,1,7.25],"rotation":{"angle":0,"axis":"y","origin":[7.995,-2.75,3.5]},"faces":{"east":{"uv":[6.4,2.8,4.8,5.4],"texture":"#9"},"west":{"uv":[4.8,2.8,6.4,5.4],"texture":"#9"}}},{"from":[7.5035,-1.06659,8.59082],"to":[8.4965,-0.06659,9.59082],"rotation":{"angle":-22.5,"axis":"x","origin":[8,-1.21145,9.85822]},"faces":{"east":{"uv":[4.4,13.6,4,14],"texture":"#9"},"south":{"uv":[14,3.2,13.6,3.6],"texture":"#9"},"west":{"uv":[14,4,13.6,4.4],"texture":"#9"},"up":{"uv":[5.2,13.6,4.8,14],"texture":"#9"}}},{"from":[7.5,-2.19102,8.35462],"to":[8.5,-0.94102,9.35462],"rotation":{"angle":22.5,"axis":"x","origin":[8,-1.56602,8.85462]},"faces":{"east":{"uv":[13.2,12.8,12.8,13.3],"texture":"#9"},"south":{"uv":[13.2,11.6,12.8,12.1],"texture":"#9"},"west":{"uv":[13.6,0,13.2,0.5],"texture":"#9"},"up":{"uv":[14,6,13.6,6.4],"texture":"#9"},"down":{"uv":[14,7.2,13.6,6.8],"texture":"#9"}}},{"from":[7.6285,-0.8615,10.20967],"to":[8.3715,0.1385,11.20967],"rotation":{"angle":45,"axis":"x","origin":[8,-0.3615,10.70967]},"faces":{"north":{"uv":[3.5,14.4,3.2,14.8],"texture":"#9"},"east":{"uv":[14,10.8,13.6,11.2],"texture":"#9"},"west":{"uv":[14,11.6,13.6,12],"texture":"#9"},"up":{"uv":[14.7,3.2,14.4,3.6],"texture":"#9"},"down":{"uv":[4.3,14.8,4,14.4],"texture":"#9"}}},{"from":[7.625,-0.99991,10.16024],"to":[8.375,0.25009,11.16024],"rotation":{"angle":22.5,"axis":"x","origin":[8.125,-0.70056,9.75117]},"faces":{"north":{"uv":[14.7,2,14.4,2.5],"texture":"#9"},"east":{"uv":[10.8,13.2,10.4,13.7],"texture":"#9"},"south":{"uv":[1.9,14.4,1.6,14.9],"texture":"#9"},"west":{"uv":[11.6,13.2,11.2,13.7],"texture":"#9"},"up":{"uv":[14.7,4,14.4,4.4],"texture":"#9"},"down":{"uv":[5.1,14.8,4.8,14.4],"texture":"#9"}}},{"from":[7.6335,-1.91097,8.68857],"to":[8.3665,-0.91097,10.68857],"rotation":{"angle":-22.5,"axis":"x","origin":[8.125,-1.0856,9.82155]},"faces":{"east":{"uv":[12,4.4,11.2,4.8],"texture":"#9"},"west":{"uv":[0.8,11.6,0,12],"texture":"#9"},"up":{"uv":[8.3,12,8,12.8],"texture":"#9"},"down":{"uv":[10.7,12.8,10.4,12],"texture":"#9"}}},{"from":[7.995,-5.5,8.75],"to":[8.005,1,12.75],"rotation":{"angle":0,"axis":"y","origin":[7.995,-2.75,12.5]},"faces":{"east":{"uv":[4.8,2.8,6.4,5.4],"texture":"#9"},"west":{"uv":[6.4,2.8,4.8,5.4],"texture":"#9"}}},{"from":[7.965,21.69206,1.19613],"to":[8.035,26.44206,5.44613],"rotation":{"angle":45,"axis":"x","origin":[8,24.06706,3.32113]},"faces":{"east":{"uv":[8.5,0,0,9.5],"texture":"#7"},"west":{"uv":[0,0,8.5,9.5],"texture":"#7"}}},{"from":[7.965,21.69206,10.55387],"to":[8.035,26.44206,14.80387],"rotation":{"angle":-45,"axis":"x","origin":[8,24.06706,12.67887]},"faces":{"east":{"uv":[0,0,8.5,9.5],"texture":"#7"},"west":{"uv":[8.5,0,0,9.5],"texture":"#7"}}},{"from":[2.56654,18.3836,7.965],"to":[6.81654,23.1336,8.035],"rotation":{"angle":-45,"axis":"z","origin":[8,24.06706,8]},"faces":{"north":{"uv":[8.5,0,0,9.5],"texture":"#7"},"south":{"uv":[0,0,8.5,9.5],"texture":"#7"}}},{"from":[9.18346,18.3836,7.965],"to":[13.43346,23.1336,8.035],"rotation":{"angle":45,"axis":"z","origin":[8,24.06706,8]},"faces":{"north":{"uv":[0,0,8.5,9.5],"texture":"#7"},"south":{"uv":[8.5,0,0,9.5],"texture":"#7"}}},{"from":[7.975,-8,3.25],"to":[8.025,1,12.75],"rotation":{"angle":0,"axis":"y","origin":[-0.125,0,1.5]},"faces":{"east":{"uv":[12.66667,0,0,12],"texture":"#8"},"west":{"uv":[0,0,12.66667,12],"texture":"#8"}}},{"from":[10.03832,12.175,10.05735],"to":[11.03832,14.175,11.05735],"rotation":{"angle":-22.5,"axis":"y","origin":[10.375,13.675,10.625]},"faces":{"north":{"uv":[0,0,0.8,1.6],"texture":"#2"},"east":{"uv":[1.6,0,2.4,1.6],"texture":"#2"},"south":{"uv":[0,2.4,0.8,4],"texture":"#2"},"west":{"uv":[1.6,2.4,2.4,4],"texture":"#2"},"up":{"uv":[7.2,0.8,6.4,0],"texture":"#2"},"down":{"uv":[7.2,1.6,6.4,2.4],"texture":"#2"}}},{"from":[10.75,12.425,10.65],"to":[11.25,14.425,11.15],"rotation":{"angle":-45,"axis":"y","origin":[10.375,13.675,10.525]},"faces":{"north":{"uv":[6.4,3.2,6.8,4.8],"texture":"#2"},"east":{"uv":[6.4,5.6,6.8,7.2],"texture":"#2"},"south":{"uv":[0,7.2,0.4,8.8],"texture":"#2"},"west":{"uv":[1.6,7.2,2,8.8],"texture":"#2"},"up":{"uv":[5.2,14,4.8,13.6],"texture":"#2"},"down":{"uv":[8.4,13.6,8,14],"texture":"#2"}}},{"from":[9.7,11.925,10],"to":[10.2,13.925,10.5],"rotation":{"angle":-45,"axis":"y","origin":[10.575,13.675,10.625]},"faces":{"north":{"uv":[3.2,7.2,3.6,8.8],"texture":"#2"},"east":{"uv":[4.8,7.2,5.2,8.8],"texture":"#2"},"south":{"uv":[8,0,8.4,1.6],"texture":"#2"},"west":{"uv":[8,2.4,8.4,4],"texture":"#2"},"up":{"uv":[11.6,14,11.2,13.6],"texture":"#2"},"down":{"uv":[14.8,0,14.4,0.4],"texture":"#2"}}},{"from":[10.15005,14.175,10.14974],"to":[10.90005,14.675,10.89974],"rotation":{"angle":-22.5,"axis":"y","origin":[10.375,13.675,10.625]},"faces":{"north":{"uv":[8,12,8.6,12.4],"texture":"#2"},"east":{"uv":[11.2,12,11.8,12.4],"texture":"#2"},"south":{"uv":[12.8,0,13.4,0.4],"texture":"#2"},"west":{"uv":[1.6,12.8,2.2,13.2],"texture":"#2"},"up":{"uv":[2.2,11.8,1.6,11.2],"texture":"#2"}}},{"from":[10.15005,11.675,10.14974],"to":[10.90005,12.175,10.89974],"rotation":{"angle":-22.5,"axis":"y","origin":[10.375,13.675,10.625]},"faces":{"north":{"uv":[12.8,1.6,13.4,2],"texture":"#2"},"east":{"uv":[3.2,12.8,3.8,13.2],"texture":"#2"},"south":{"uv":[12.8,3.2,13.4,3.6],"texture":"#2"},"west":{"uv":[12.8,4.8,13.4,5.2],"texture":"#2"},"down":{"uv":[11.8,2.4,11.2,3],"texture":"#2"}}},{"name":"cube_outline","from":[11.13832,14.275,11.15735],"to":[9.93832,12.075,9.95735],"rotation":{"angle":-22.5,"axis":"y","origin":[10.375,13.675,10.625]},"faces":{"north":{"uv":[0,0,0.83333,1.5],"texture":"#4"},"east":{"uv":[2,0,2.83333,1.5],"texture":"#4"},"south":{"uv":[0,2.66667,0.83333,4.16667],"texture":"#4"},"west":{"uv":[2,2.66667,2.83333,4.16667],"texture":"#4"},"up":{"uv":[10.16667,0.83333,9.33333,0],"texture":"#4"},"down":{"uv":[6.16667,9.33333,5.33333,10.16667],"texture":"#4"}}},{"name":"cube_outline","from":[11.35,14.525,11.25],"to":[10.65,12.325,10.55],"rotation":{"angle":-45,"axis":"y","origin":[10.375,13.675,10.525]},"faces":{"north":{"uv":[6,4,6.5,5.5],"texture":"#4"},"east":{"uv":[6,6.66667,6.5,8.16667],"texture":"#4"},"south":{"uv":[0,7.33333,0.5,8.83333],"texture":"#4"},"west":{"uv":[1.33333,7.33333,1.83333,8.83333],"texture":"#4"},"up":{"uv":[5.83333,13.83333,5.33333,13.33333],"texture":"#4"},"down":{"uv":[9.83333,13.33333,9.33333,13.83333],"texture":"#4"}}},{"name":"cube_outline","from":[10.3,14.025,10.6],"to":[9.6,11.825,9.9],"rotation":{"angle":-45,"axis":"y","origin":[10.575,13.675,10.625]},"faces":{"north":{"uv":[2.66667,7.33333,3.16667,8.83333],"texture":"#4"},"east":{"uv":[7.33333,4,7.83333,5.5],"texture":"#4"},"south":{"uv":[7.33333,6.66667,7.83333,8.16667],"texture":"#4"},"west":{"uv":[8,0,8.5,1.5],"texture":"#4"},"up":{"uv":[13.16667,13.83333,12.66667,13.33333],"texture":"#4"},"down":{"uv":[0.5,14,0,14.5],"texture":"#4"}}},{"name":"cube_outline","from":[11.00005,14.775,10.99974],"to":[10.05005,14.075,10.04974],"rotation":{"angle":-22.5,"axis":"y","origin":[10.375,13.675,10.625]},"faces":{"north":{"uv":[12,4,12.66667,4.5],"texture":"#4"},"east":{"uv":[10,12,10.66667,12.5],"texture":"#4"},"south":{"uv":[12.66667,0,13.33333,0.5],"texture":"#4"},"west":{"uv":[4,12.66667,4.66667,13.16667],"texture":"#4"},"down":{"uv":[12,6,11.33333,6.66667],"texture":"#4"}}},{"name":"cube_outline","from":[11.00005,12.275,10.99974],"to":[10.05005,11.575,10.04974],"rotation":{"angle":-22.5,"axis":"y","origin":[10.375,13.675,10.625]},"faces":{"north":{"uv":[12.66667,5.33333,13.33333,5.83333],"texture":"#4"},"east":{"uv":[6.66667,12.66667,7.33333,13.16667],"texture":"#4"},"south":{"uv":[12.66667,6.66667,13.33333,7.16667],"texture":"#4"},"west":{"uv":[8,12.66667,8.66667,13.16667],"texture":"#4"},"up":{"uv":[7.33333,12,6.66667,11.33333],"texture":"#4"}}},{"from":[5.15005,10.925,5.14974],"to":[5.90005,11.425,5.89974],"rotation":{"angle":-22.5,"axis":"y","origin":[5.375,12.925,5.625]},"faces":{"north":{"uv":[6.4,12.8,7,13.2],"texture":"#2"},"east":{"uv":[12.8,6.4,13.4,6.8],"texture":"#2"},"south":{"uv":[12.8,8,13.4,8.4],"texture":"#2"},"west":{"uv":[9.6,12.8,10.2,13.2],"texture":"#2"},"down":{"uv":[3.8,11.2,3.2,11.8],"texture":"#2"}}},{"from":[5.15005,12.925,5.14974],"to":[5.90005,13.425,5.89974],"rotation":{"angle":-22.5,"axis":"y","origin":[5.375,12.425,5.625]},"faces":{"north":{"uv":[12.8,9.6,13.4,10],"texture":"#2"},"east":{"uv":[12.8,11.2,13.4,11.6],"texture":"#2"},"south":{"uv":[12.8,12.8,13.4,13.2],"texture":"#2"},"west":{"uv":[0,13.6,0.6,14],"texture":"#2"},"up":{"uv":[11.8,4.6,11.2,4],"texture":"#2"}}},{"from":[4.7,11.675,5.25],"to":[5.2,13.675,5.75],"rotation":{"angle":-45,"axis":"y","origin":[5.575,13.425,5.875]},"faces":{"north":{"uv":[8,4.8,8.4,6.4],"texture":"#2"},"east":{"uv":[6.4,8,6.8,9.6],"texture":"#2"},"south":{"uv":[8,7.2,8.4,8.8],"texture":"#2"},"west":{"uv":[0,9.6,0.4,11.2],"texture":"#2"},"up":{"uv":[2,14.8,1.6,14.4],"texture":"#2"},"down":{"uv":[14.8,1.6,14.4,2],"texture":"#2"}}},{"from":[5.75,11.275,5.65],"to":[6.25,13.025,6.15],"rotation":{"angle":-45,"axis":"y","origin":[5.375,12.525,5.525]},"faces":{"north":{"uv":[9.6,3.2,10,4.6],"texture":"#2"},"east":{"uv":[4.8,9.6,5.2,11],"texture":"#2"},"south":{"uv":[9.6,5.6,10,7],"texture":"#2"},"west":{"uv":[8,9.6,8.4,11],"texture":"#2"},"up":{"uv":[3.6,14.8,3.2,14.4],"texture":"#2"},"down":{"uv":[14.8,3.2,14.4,3.6],"texture":"#2"}}},{"from":[5.03832,11.425,5.05735],"to":[6.03832,12.925,6.05735],"rotation":{"angle":-22.5,"axis":"y","origin":[5.375,12.675,5.625]},"faces":{"north":{"uv":[3.2,0,4,1.2],"texture":"#2"},"east":{"uv":[3.2,2.4,4,3.6],"texture":"#2"},"south":{"uv":[0,4.8,0.8,6],"texture":"#2"},"west":{"uv":[4.8,0,5.6,1.2],"texture":"#2"},"up":{"uv":[10.4,0.8,9.6,0],"texture":"#2"},"down":{"uv":[2.4,9.6,1.6,10.4],"texture":"#2"}}},{"name":"cube_outline","from":[6.00005,11.525,5.99974],"to":[5.05005,10.825,5.04974],"rotation":{"angle":-22.5,"axis":"y","origin":[5.375,12.925,5.625]},"faces":{"north":{"uv":[12.66667,8,13.33333,8.5],"texture":"#4"},"east":{"uv":[12.66667,9.33333,13.33333,9.83333],"texture":"#4"},"south":{"uv":[12.66667,10.66667,13.33333,11.16667],"texture":"#4"},"west":{"uv":[11.33333,12.66667,12,13.16667],"texture":"#4"},"up":{"uv":[12,8,11.33333,7.33333],"texture":"#4"}}},{"name":"cube_outline","from":[6.00005,13.525,5.99974],"to":[5.05005,12.825,5.04974],"rotation":{"angle":-22.5,"axis":"y","origin":[5.375,12.425,5.625]},"faces":{"north":{"uv":[12.66667,12,13.33333,12.5],"texture":"#4"},"east":{"uv":[13.33333,1.33333,14,1.83333],"texture":"#4"},"south":{"uv":[13.33333,2.66667,14,3.16667],"texture":"#4"},"west":{"uv":[13.33333,4,14,4.5],"texture":"#4"},"down":{"uv":[12,8.66667,11.33333,9.33333],"texture":"#4"}}},{"name":"cube_outline","from":[5.3,13.775,5.85],"to":[4.6,11.575,5.15],"rotation":{"angle":-45,"axis":"y","origin":[5.575,13.425,5.875]},"faces":{"north":{"uv":[4,8,4.5,9.5],"texture":"#4"},"east":{"uv":[8.66667,2.66667,9.16667,4.16667],"texture":"#4"},"south":{"uv":[8.66667,5.33333,9.16667,6.83333],"texture":"#4"},"west":{"uv":[8.66667,8,9.16667,9.5],"texture":"#4"},"up":{"uv":[14.5,0.5,14,0],"texture":"#4"},"down":{"uv":[1.83333,14,1.33333,14.5],"texture":"#4"}}},{"name":"cube_outline","from":[6.35,13.125,6.25],"to":[5.65,11.175,5.55],"rotation":{"angle":-45,"axis":"y","origin":[5.375,12.525,5.525]},"faces":{"north":{"uv":[7.33333,9.33333,7.83333,10.66667],"texture":"#4"},"east":{"uv":[10,6,10.5,7.33333],"texture":"#4"},"south":{"uv":[10,8,10.5,9.33333],"texture":"#4"},"west":{"uv":[10,10,10.5,11.33333],"texture":"#4"},"up":{"uv":[3.16667,14.5,2.66667,14],"texture":"#4"},"down":{"uv":[4.5,14,4,14.5],"texture":"#4"}}},{"name":"cube_outline","from":[6.13832,13.025,6.15735],"to":[4.93832,11.325,4.95735],"rotation":{"angle":-22.5,"axis":"y","origin":[5.375,12.675,5.625]},"faces":{"north":{"uv":[4,0,4.83333,1.16667],"texture":"#4"},"east":{"uv":[4,2,4.83333,3.16667],"texture":"#4"},"south":{"uv":[4,4,4.83333,5.16667],"texture":"#4"},"west":{"uv":[0,5.33333,0.83333,6.5],"texture":"#4"},"up":{"uv":[0.83333,10.83333,0,10],"texture":"#4"},"down":{"uv":[2.83333,10,2,10.83333],"texture":"#4"}}},{"from":[5.12897,9.175,10.19376],"to":[5.87897,9.425,10.94376],"rotation":{"angle":-22.5,"axis":"y","origin":[5.47511,10.05,10.7]},"faces":{"north":{"uv":[9.6,14.4,10.2,14.6],"texture":"#2"},"east":{"uv":[14.4,9.6,15,9.8],"texture":"#2"},"south":{"uv":[14.4,11.2,15,11.4],"texture":"#2"},"west":{"uv":[12.8,14.4,13.4,14.6],"texture":"#2"},"down":{"uv":[11.8,5.6,11.2,6.2],"texture":"#2"}}},{"from":[5.01724,9.425,10.10137],"to":[6.01724,10.675,11.10137],"rotation":{"angle":-22.5,"axis":"y","origin":[5.47511,10.05,10.7]},"faces":{"north":{"uv":[1.6,4.8,2.4,5.8],"texture":"#2"},"east":{"uv":[4.8,2.4,5.6,3.4],"texture":"#2"},"south":{"uv":[3.2,4.8,4,5.8],"texture":"#2"},"west":{"uv":[4.8,4.8,5.6,5.8],"texture":"#2"},"up":{"uv":[10.4,2.4,9.6,1.6],"texture":"#2"},"down":{"uv":[4,9.6,3.2,10.4],"texture":"#2"}}},{"from":[5.65558,8.925,10.77205],"to":[6.15558,9.925,11.27205],"rotation":{"angle":-45,"axis":"y","origin":[5.47511,10.05,10.7]},"faces":{"north":{"uv":[11.2,8.8,11.6,9.6],"texture":"#2"},"east":{"uv":[11.2,10.4,11.6,11.2],"texture":"#2"},"south":{"uv":[0,12,0.4,12.8],"texture":"#2"},"west":{"uv":[4.8,12,5.2,12.8],"texture":"#2"},"up":{"uv":[14.8,5.2,14.4,4.8],"texture":"#2"},"down":{"uv":[6.8,14.4,6.4,14.8],"texture":"#2"}}},{"from":[4.79449,9.675,10.12811],"to":[5.29449,11.175,10.62811],"rotation":{"angle":-45,"axis":"y","origin":[5.47511,10.05,10.7]},"faces":{"north":{"uv":[9.6,8,10,9.2],"texture":"#2"},"east":{"uv":[6.4,10.4,6.8,11.6],"texture":"#2"},"south":{"uv":[9.6,10.4,10,11.6],"texture":"#2"},"west":{"uv":[11.2,0,11.6,1.2],"texture":"#2"},"up":{"uv":[14.8,6.8,14.4,6.4],"texture":"#2"},"down":{"uv":[14.8,8,14.4,8.4],"texture":"#2"}}},{"from":[5.12897,10.675,10.19376],"to":[5.87897,10.925,10.94376],"rotation":{"angle":-22.5,"axis":"y","origin":[5.47511,10.05,10.7]},"faces":{"north":{"uv":[14.4,12.8,15,13],"texture":"#2"},"east":{"uv":[14.4,14.4,15,14.6],"texture":"#2"},"south":{"uv":[0,15.2,0.6,15.4],"texture":"#2"},"west":{"uv":[4.8,15.2,5.4,15.4],"texture":"#2"},"up":{"uv":[11.8,7.8,11.2,7.2],"texture":"#2"}}},{"name":"cube_outline","from":[5.97897,9.525,11.04376],"to":[5.02897,9.075,10.09376],"rotation":{"angle":-22.5,"axis":"y","origin":[5.47511,10.05,10.7]},"faces":{"north":{"uv":[14,8,14.66667,8.33333],"texture":"#4"},"east":{"uv":[14,9.33333,14.66667,9.66667],"texture":"#4"},"south":{"uv":[10.66667,14,11.33333,14.33333],"texture":"#4"},"west":{"uv":[14,10.66667,14.66667,11],"texture":"#4"},"up":{"uv":[12,10.66667,11.33333,10],"texture":"#4"}}},{"name":"cube_outline","from":[6.11724,10.775,11.20137],"to":[4.91724,9.325,10.00137],"rotation":{"angle":-22.5,"axis":"y","origin":[5.47511,10.05,10.7]},"faces":{"north":{"uv":[2,5.33333,2.83333,6.33333],"texture":"#4"},"east":{"uv":[6,0,6.83333,1],"texture":"#4"},"south":{"uv":[6,2,6.83333,3],"texture":"#4"},"west":{"uv":[4,6,4.83333,7],"texture":"#4"},"up":{"uv":[10.83333,2.83333,10,2],"texture":"#4"},"down":{"uv":[10.83333,4,10,4.83333],"texture":"#4"}}},{"name":"cube_outline","from":[6.25558,10.025,11.37205],"to":[5.55558,8.825,10.67205],"rotation":{"angle":-45,"axis":"y","origin":[5.47511,10.05,10.7]},"faces":{"north":{"uv":[0,12,0.5,12.83333],"texture":"#4"},"east":{"uv":[1.33333,12,1.83333,12.83333],"texture":"#4"},"south":{"uv":[12,2,12.5,2.83333],"texture":"#4"},"west":{"uv":[2.66667,12,3.16667,12.83333],"texture":"#4"},"up":{"uv":[14.5,5.83333,14,5.33333],"texture":"#4"},"down":{"uv":[7.16667,14,6.66667,14.5],"texture":"#4"}}},{"name":"cube_outline","from":[5.39449,11.275,10.72811],"to":[4.69449,9.575,10.02811],"rotation":{"angle":-45,"axis":"y","origin":[5.47511,10.05,10.7]},"faces":{"north":{"uv":[4,10.66667,4.5,11.83333],"texture":"#4"},"east":{"uv":[8.66667,10.66667,9.16667,11.83333],"texture":"#4"},"south":{"uv":[11.33333,0,11.83333,1.16667],"texture":"#4"},"west":{"uv":[5.33333,11.33333,5.83333,12.5],"texture":"#4"},"up":{"uv":[14.5,7.16667,14,6.66667],"texture":"#4"},"down":{"uv":[8.5,14,8,14.5],"texture":"#4"}}},{"name":"cube_outline","from":[5.97897,11.025,11.04376],"to":[5.02897,10.575,10.09376],"rotation":{"angle":-22.5,"axis":"y","origin":[5.47511,10.05,10.7]},"faces":{"north":{"uv":[14,12,14.66667,12.33333],"texture":"#4"},"east":{"uv":[14,13.33333,14.66667,13.66667],"texture":"#4"},"south":{"uv":[14.66667,1.33333,15.33333,1.66667],"texture":"#4"},"west":{"uv":[14.66667,2.66667,15.33333,3],"texture":"#4"},"down":{"uv":[12,11.33333,11.33333,12],"texture":"#4"}}},{"from":[10.12897,9.175,5.19376],"to":[10.87897,9.425,5.94376],"rotation":{"angle":-22.5,"axis":"y","origin":[10.47511,10.05,5.7]},"faces":{"north":{"uv":[9.6,14.4,10.2,14.6],"texture":"#2"},"east":{"uv":[14.4,9.6,15,9.8],"texture":"#2"},"south":{"uv":[14.4,11.2,15,11.4],"texture":"#2"},"west":{"uv":[12.8,14.4,13.4,14.6],"texture":"#2"},"down":{"uv":[11.8,5.6,11.2,6.2],"texture":"#2"}}},{"from":[10.01724,9.425,5.10137],"to":[11.01724,10.675,6.10137],"rotation":{"angle":-22.5,"axis":"y","origin":[10.47511,10.05,5.7]},"faces":{"north":{"uv":[1.6,4.8,2.4,5.8],"texture":"#2"},"east":{"uv":[4.8,2.4,5.6,3.4],"texture":"#2"},"south":{"uv":[3.2,4.8,4,5.8],"texture":"#2"},"west":{"uv":[4.8,4.8,5.6,5.8],"texture":"#2"},"up":{"uv":[10.4,2.4,9.6,1.6],"texture":"#2"},"down":{"uv":[4,9.6,3.2,10.4],"texture":"#2"}}},{"from":[10.65558,8.925,5.77205],"to":[11.15558,9.925,6.27205],"rotation":{"angle":-45,"axis":"y","origin":[10.47511,10.05,5.7]},"faces":{"north":{"uv":[11.2,8.8,11.6,9.6],"texture":"#2"},"east":{"uv":[11.2,10.4,11.6,11.2],"texture":"#2"},"south":{"uv":[0,12,0.4,12.8],"texture":"#2"},"west":{"uv":[4.8,12,5.2,12.8],"texture":"#2"},"up":{"uv":[14.8,5.2,14.4,4.8],"texture":"#2"},"down":{"uv":[6.8,14.4,6.4,14.8],"texture":"#2"}}},{"from":[9.79449,9.675,5.12811],"to":[10.29449,11.175,5.62811],"rotation":{"angle":-45,"axis":"y","origin":[10.47511,10.05,5.7]},"faces":{"north":{"uv":[9.6,8,10,9.2],"texture":"#2"},"east":{"uv":[6.4,10.4,6.8,11.6],"texture":"#2"},"south":{"uv":[9.6,10.4,10,11.6],"texture":"#2"},"west":{"uv":[11.2,0,11.6,1.2],"texture":"#2"},"up":{"uv":[14.8,6.8,14.4,6.4],"texture":"#2"},"down":{"uv":[14.8,8,14.4,8.4],"texture":"#2"}}},{"from":[10.12897,10.675,5.19376],"to":[10.87897,10.925,5.94376],"rotation":{"angle":-22.5,"axis":"y","origin":[10.47511,10.05,5.7]},"faces":{"north":{"uv":[14.4,12.8,15,13],"texture":"#2"},"east":{"uv":[14.4,14.4,15,14.6],"texture":"#2"},"south":{"uv":[0,15.2,0.6,15.4],"texture":"#2"},"west":{"uv":[4.8,15.2,5.4,15.4],"texture":"#2"},"up":{"uv":[11.8,7.8,11.2,7.2],"texture":"#2"}}},{"name":"cube_outline","from":[10.97897,9.525,6.04376],"to":[10.02897,9.075,5.09376],"rotation":{"angle":-22.5,"axis":"y","origin":[10.47511,10.05,5.7]},"faces":{"north":{"uv":[14,8,14.66667,8.33333],"texture":"#4"},"east":{"uv":[14,9.33333,14.66667,9.66667],"texture":"#4"},"south":{"uv":[10.66667,14,11.33333,14.33333],"texture":"#4"},"west":{"uv":[14,10.66667,14.66667,11],"texture":"#4"},"up":{"uv":[12,10.66667,11.33333,10],"texture":"#4"}}},{"name":"cube_outline","from":[11.11724,10.775,6.20137],"to":[9.91724,9.325,5.00137],"rotation":{"angle":-22.5,"axis":"y","origin":[10.47511,10.05,5.7]},"faces":{"north":{"uv":[2,5.33333,2.83333,6.33333],"texture":"#4"},"east":{"uv":[6,0,6.83333,1],"texture":"#4"},"south":{"uv":[6,2,6.83333,3],"texture":"#4"},"west":{"uv":[4,6,4.83333,7],"texture":"#4"},"up":{"uv":[10.83333,2.83333,10,2],"texture":"#4"},"down":{"uv":[10.83333,4,10,4.83333],"texture":"#4"}}},{"name":"cube_outline","from":[11.25558,10.025,6.37205],"to":[10.55558,8.825,5.67205],"rotation":{"angle":-45,"axis":"y","origin":[10.47511,10.05,5.7]},"faces":{"north":{"uv":[0,12,0.5,12.83333],"texture":"#4"},"east":{"uv":[1.33333,12,1.83333,12.83333],"texture":"#4"},"south":{"uv":[12,2,12.5,2.83333],"texture":"#4"},"west":{"uv":[2.66667,12,3.16667,12.83333],"texture":"#4"},"up":{"uv":[14.5,5.83333,14,5.33333],"texture":"#4"},"down":{"uv":[7.16667,14,6.66667,14.5],"texture":"#4"}}},{"name":"cube_outline","from":[10.39449,11.275,5.72811],"to":[9.69449,9.575,5.02811],"rotation":{"angle":-45,"axis":"y","origin":[10.47511,10.05,5.7]},"faces":{"north":{"uv":[4,10.66667,4.5,11.83333],"texture":"#4"},"east":{"uv":[8.66667,10.66667,9.16667,11.83333],"texture":"#4"},"south":{"uv":[11.33333,0,11.83333,1.16667],"texture":"#4"},"west":{"uv":[5.33333,11.33333,5.83333,12.5],"texture":"#4"},"up":{"uv":[14.5,7.16667,14,6.66667],"texture":"#4"},"down":{"uv":[8.5,14,8,14.5],"texture":"#4"}}},{"name":"cube_outline","from":[10.97897,11.025,6.04376],"to":[10.02897,10.575,5.09376],"rotation":{"angle":-22.5,"axis":"y","origin":[10.47511,10.05,5.7]},"faces":{"north":{"uv":[14,12,14.66667,12.33333],"texture":"#4"},"east":{"uv":[14,13.33333,14.66667,13.66667],"texture":"#4"},"south":{"uv":[14.66667,1.33333,15.33333,1.66667],"texture":"#4"},"west":{"uv":[14.66667,2.66667,15.33333,3],"texture":"#4"},"down":{"uv":[12,11.33333,11.33333,12],"texture":"#4"}}},{"from":[7.99646,9.25,4.50354],"to":[8.00646,15.25,11.50354],"rotation":{"angle":45,"axis":"y","origin":[7.99646,12.25,8.00354]},"faces":{"east":{"uv":[9.33333,0,0,8],"texture":"#5"},"west":{"uv":[0,0,9.33333,8],"texture":"#5"}}},{"from":[7.99646,9.25,4.49646],"to":[8.00646,15.25,11.49646],"rotation":{"angle":-45,"axis":"y","origin":[7.99646,12.25,7.99646]},"faces":{"east":{"uv":[9.33333,8,0,16],"texture":"#5"},"west":{"uv":[0,8,9.33333,16],"texture":"#5"}}},{"from":[7.75,13,4],"to":[8.25,14.25,6],"rotation":{"angle":22.5,"axis":"x","origin":[7.5,13,7]},"faces":{"north":{"uv":[14.4,10.8,14.6,11.3],"texture":"#9"},"east":{"uv":[10.4,7.6,11.2,8.1],"texture":"#9"},"south":{"uv":[11.6,14.4,11.8,14.9],"texture":"#9"},"west":{"uv":[10.4,8.8,11.2,9.3],"texture":"#9"},"up":{"uv":[7.4,14.8,7.2,14],"texture":"#9"},"down":{"uv":[13,14,12.8,14.8],"texture":"#9"}}},{"from":[7.75,14.22521,3.84045],"to":[8.25,17.22521,4.84045],"rotation":{"angle":22.5,"axis":"x","origin":[8,15.72521,4.34045]},"faces":{"north":{"uv":[5.6,12.8,5.8,14],"texture":"#9"},"east":{"uv":[6.4,8.4,6.8,9.6],"texture":"#9"},"south":{"uv":[12.8,6,13,7.2],"texture":"#9"},"west":{"uv":[4.8,10,5.2,11.2],"texture":"#9"},"up":{"uv":[14.6,14.8,14.4,14.4],"texture":"#9"},"down":{"uv":[15,0,14.8,0.4],"texture":"#9"}}},{"from":[7.7535,16.69029,4.27313],"to":[8.2465,17.69029,5.22313],"rotation":{"angle":-22.5,"axis":"x","origin":[8,17.19029,4.72313]},"faces":{"north":{"uv":[14.8,0.8,15,1.2],"texture":"#9"},"east":{"uv":[0,14.4,0.4,14.8],"texture":"#9"},"south":{"uv":[2.4,14.8,2.6,15.2],"texture":"#9"},"west":{"uv":[0.8,14.4,1.2,14.8],"texture":"#9"},"up":{"uv":[15,5.2,14.8,4.8],"texture":"#9"},"down":{"uv":[6.6,14.8,6.4,15.2],"texture":"#9"}}},{"from":[7.75,13,10],"to":[8.25,14.25,12],"rotation":{"angle":-22.5,"axis":"x","origin":[7.5,13,9]},"faces":{"north":{"uv":[11.8,14.4,11.6,14.9],"texture":"#9"},"east":{"uv":[11.2,7.6,10.4,8.1],"texture":"#9"},"south":{"uv":[14.6,10.8,14.4,11.3],"texture":"#9"},"west":{"uv":[11.2,8.8,10.4,9.3],"texture":"#9"},"up":{"uv":[7.4,14,7.2,14.8],"texture":"#9"},"down":{"uv":[13,14.8,12.8,14],"texture":"#9"}}},{"from":[7.75,14.22521,11.15955],"to":[8.25,17.22521,12.15955],"rotation":{"angle":-22.5,"axis":"x","origin":[8,15.72521,11.65955]},"faces":{"north":{"uv":[13,6,12.8,7.2],"texture":"#9"},"east":{"uv":[6.8,8.4,6.4,9.6],"texture":"#9"},"south":{"uv":[5.8,12.8,5.6,14],"texture":"#9"},"west":{"uv":[5.2,10,4.8,11.2],"texture":"#9"},"up":{"uv":[14.6,14.4,14.4,14.8],"texture":"#9"},"down":{"uv":[15,0.4,14.8,0],"texture":"#9"}}},{"from":[7.7535,16.69029,10.77687],"to":[8.2465,17.69029,11.72687],"rotation":{"angle":22.5,"axis":"x","origin":[8,17.19029,11.27687]},"faces":{"north":{"uv":[2.6,14.8,2.4,15.2],"texture":"#9"},"east":{"uv":[0.4,14.4,0,14.8],"texture":"#9"},"south":{"uv":[15,0.8,14.8,1.2],"texture":"#9"},"west":{"uv":[1.2,14.4,0.8,14.8],"texture":"#9"},"up":{"uv":[15,4.8,14.8,5.2],"texture":"#9"},"down":{"uv":[6.6,15.2,6.4,14.8],"texture":"#9"}}},{"from":[7.3835,13.7144,8.27196],"to":[8.6165,15.2144,9.27196],"rotation":{"angle":22.5,"axis":"x","origin":[8,13.71439,9.33261]},"faces":{"north":{"uv":[4.9,11.6,4.4,12.2],"texture":"#9"},"east":{"uv":[11.6,12,11.2,12.6],"texture":"#9"},"south":{"uv":[1.7,11.6,1.2,12.2],"texture":"#9"},"west":{"uv":[12.4,12,12,12.6],"texture":"#9"},"up":{"uv":[13.7,10,13.2,10.4],"texture":"#9"},"down":{"uv":[0.5,14,0,13.6],"texture":"#9"}}},{"from":[7.385,12.71439,8.58261],"to":[8.615,14.71439,10.08261],"rotation":{"angle":-22.5,"axis":"x","origin":[8,13.71439,9.33261]},"faces":{"north":{"uv":[10.9,5.2,10.4,6],"texture":"#9"},"east":{"uv":[10.6,0,10,0.8],"texture":"#9"},"south":{"uv":[9.7,10,9.2,10.8],"texture":"#9"},"west":{"uv":[10.6,2.8,10,3.6],"texture":"#9"}}},{"from":[7.3835,12.21439,9.39327],"to":[8.6165,13.71439,10.39327],"rotation":{"angle":22.5,"axis":"x","origin":[8,13.71439,9.33261]},"faces":{"north":{"uv":[6.1,11.6,5.6,12.2],"texture":"#9"},"east":{"uv":[0.4,12.4,0,13],"texture":"#9"},"south":{"uv":[12.1,5.2,11.6,5.8],"texture":"#9"},"west":{"uv":[12.8,0,12.4,0.6],"texture":"#9"},"up":{"uv":[1.7,13.6,1.2,14],"texture":"#9"},"down":{"uv":[14.1,1.6,13.6,1.2],"texture":"#9"}}},{"from":[7.5035,11.82133,8.50694],"to":[8.4965,13.32133,9.50694],"rotation":{"angle":-22.5,"axis":"x","origin":[8,12.57133,9.00694]},"faces":{"north":{"uv":[12,8.8,11.6,9.4],"texture":"#9"},"east":{"uv":[12,7.6,11.6,8.2],"texture":"#9"},"south":{"uv":[2.8,11.6,2.4,12.2],"texture":"#9"},"west":{"uv":[12,10.8,11.6,11.4],"texture":"#9"},"up":{"uv":[14,7.6,13.6,8],"texture":"#9"}}},{"from":[7.5,11.07687,8.66436],"to":[8.5,12.32687,9.66436],"rotation":{"angle":22.5,"axis":"x","origin":[8,11.96823,9.06383]},"faces":{"north":{"uv":[9.2,13.2,8.8,13.7],"texture":"#9"},"east":{"uv":[8.4,13.2,8,13.7],"texture":"#9"},"south":{"uv":[3.6,13.2,3.2,13.7],"texture":"#9"},"west":{"uv":[10,13.2,9.6,13.7],"texture":"#9"},"up":{"uv":[14,8.4,13.6,8.8],"texture":"#9"},"down":{"uv":[14,9.6,13.6,9.2],"texture":"#9"}}},{"from":[7.76,9.83973,8.16426],"to":[8.24,11.83973,9.66426],"rotation":{"angle":22.5,"axis":"x","origin":[8,10.83973,8.96426]},"faces":{"east":{"uv":[4.2,10,3.6,10.8],"texture":"#9"},"south":{"uv":[13.8,12.4,13.6,13.2],"texture":"#9"},"west":{"uv":[10.6,4,10,4.8],"texture":"#9"},"up":{"uv":[5.8,14.4,5.6,15],"texture":"#9"},"down":{"uv":[14.6,6.2,14.4,5.6],"texture":"#9"}}},{"from":[5.5,15.5,5.5],"to":[10.5,21.5,10.5],"rotation":{"angle":45,"axis":"y","origin":[8,19,8]},"faces":{"north":{"uv":[2.4,0,4.4,2.4],"texture":"#9"},"east":{"uv":[2.4,2.8,4.4,5.2],"texture":"#9"},"south":{"uv":[0,4.8,2,7.2],"texture":"#9"},"west":{"uv":[4.8,0,6.8,2.4],"texture":"#9"},"up":{"uv":[4.4,7.6,2.4,5.6],"texture":"#9"},"down":{"uv":[6.8,6,4.8,8],"texture":"#9"}}},{"from":[7.5,20.25,2.5],"to":[8.5,22.75,5.5],"rotation":{"angle":22.5,"axis":"x","origin":[8,20.25,2]},"faces":{"north":{"uv":[8.4,10.4,8.8,11.4],"texture":"#9"},"east":{"uv":[7.2,0,8.4,1],"texture":"#9"},"west":{"uv":[7.2,5.6,8.4,6.6],"texture":"#9"},"up":{"uv":[6,11.2,5.6,10],"texture":"#9"},"down":{"uv":[6.8,10,6.4,11.2],"texture":"#9"}}},{"from":[8,13.92022,0.6306],"to":[8.01,24.42022,5.6306],"rotation":{"angle":0,"axis":"x","origin":[8,22.17022,0.6306]},"faces":{"east":{"uv":[2,0,0,4.2],"texture":"#9"},"west":{"uv":[0,0,2,4.2],"texture":"#9"}}},{"from":[7.5,18.75,2.5],"to":[8.5,20.25,3.75],"rotation":{"angle":22.5,"axis":"x","origin":[8,20.25,2]},"faces":{"north":{"uv":[6.4,12.8,6.8,13.4],"texture":"#9"},"east":{"uv":[11.6,6.4,12.1,7],"texture":"#9"},"south":{"uv":[7.2,12.8,7.6,13.4],"texture":"#9"},"west":{"uv":[6.8,11.6,7.3,12.2],"texture":"#9"},"down":{"uv":[2.8,13.6,2.4,14.1],"texture":"#9"}}},{"from":[7.5,18.75,3.75],"to":[8.5,19.25,4.25],"rotation":{"angle":22.5,"axis":"x","origin":[8,20.25,2]},"faces":{"east":{"uv":[15.2,2.4,15.4,2.6],"texture":"#9"},"south":{"uv":[0,15.2,0.4,15.4],"texture":"#9"},"west":{"uv":[3.2,15.2,3.4,15.4],"texture":"#9"},"up":{"uv":[1.2,15.4,0.8,15.2],"texture":"#9"},"down":{"uv":[15.6,1.6,15.2,1.8],"texture":"#9"}}},{"from":[7.5,20.25,10.5],"to":[8.5,22.75,13.5],"rotation":{"angle":-22.5,"axis":"x","origin":[8,20.25,14]},"faces":{"east":{"uv":[8.4,0,7.2,1],"texture":"#9"},"south":{"uv":[8.8,10.4,8.4,11.4],"texture":"#9"},"west":{"uv":[8.4,5.6,7.2,6.6],"texture":"#9"},"up":{"uv":[6,10,5.6,11.2],"texture":"#9"},"down":{"uv":[6.8,11.2,6.4,10],"texture":"#9"}}},{"from":[7.5,18.75,12.25],"to":[8.5,20.25,13.5],"rotation":{"angle":-22.5,"axis":"x","origin":[8,20.25,14]},"faces":{"north":{"uv":[7.6,12.8,7.2,13.4],"texture":"#9"},"east":{"uv":[12.1,6.4,11.6,7],"texture":"#9"},"south":{"uv":[6.8,12.8,6.4,13.4],"texture":"#9"},"west":{"uv":[7.3,11.6,6.8,12.2],"texture":"#9"},"down":{"uv":[2.8,14.1,2.4,13.6],"texture":"#9"}}},{"from":[7.5,18.75,11.75],"to":[8.5,19.25,12.25],"rotation":{"angle":-22.5,"axis":"x","origin":[8,20.25,14]},"faces":{"north":{"uv":[0.4,15.2,0,15.4],"texture":"#9"},"east":{"uv":[15.4,2.4,15.2,2.6],"texture":"#9"},"west":{"uv":[3.4,15.2,3.2,15.4],"texture":"#9"},"up":{"uv":[1.2,15.2,0.8,15.4],"texture":"#9"},"down":{"uv":[15.6,1.8,15.2,1.6],"texture":"#9"}}},{"from":[8,13.92022,10.3694],"to":[8.01,24.42022,15.3694],"rotation":{"angle":0,"axis":"x","origin":[8,22.17022,15.3694]},"faces":{"east":{"uv":[0,0,2,4.2],"texture":"#9"},"west":{"uv":[2,0,0,4.2],"texture":"#9"}}},{"from":[10.33867,17.89564,7.4975],"to":[13.33867,20.39564,8.4975],"rotation":{"angle":22.5,"axis":"z","origin":[8.0025,19.48463,8]},"faces":{"north":{"uv":[7.2,5.6,8.4,6.6],"texture":"#9"},"east":{"uv":[8.4,10.4,8.8,11.4],"texture":"#9"},"south":{"uv":[7.2,0,8.4,1],"texture":"#9"},"up":{"uv":[6,11.2,5.6,10],"rotation":90,"texture":"#9"},"down":{"uv":[6.8,10,6.4,11.2],"rotation":270,"texture":"#9"}}},{"from":[12.08867,16.39564,7.4975],"to":[13.33867,17.89564,8.4975],"rotation":{"angle":22.5,"axis":"z","origin":[8.0025,19.48463,8]},"faces":{"north":{"uv":[6.8,11.6,7.3,12.2],"texture":"#9"},"east":{"uv":[6.4,12.8,6.8,13.4],"texture":"#9"},"south":{"uv":[11.6,6.4,12.1,7],"texture":"#9"},"west":{"uv":[7.2,12.8,7.6,13.4],"texture":"#9"},"down":{"uv":[2.8,13.6,2.4,14.1],"rotation":270,"texture":"#9"}}},{"from":[11.58867,16.39564,7.4975],"to":[12.08867,16.89564,8.4975],"rotation":{"angle":22.5,"axis":"z","origin":[8.0025,19.48463,8]},"faces":{"north":{"uv":[3.2,15.2,3.4,15.4],"texture":"#9"},"south":{"uv":[15.2,2.4,15.4,2.6],"texture":"#9"},"west":{"uv":[0,15.2,0.4,15.4],"texture":"#9"},"up":{"uv":[1.2,15.4,0.8,15.2],"rotation":90,"texture":"#9"},"down":{"uv":[15.6,1.6,15.2,1.8],"rotation":270,"texture":"#9"}}},{"from":[10.3719,13.92022,7.9975],"to":[15.3719,24.42022,8.0075],"rotation":{"angle":0,"axis":"x","origin":[8.0025,19.48463,8]},"faces":{"north":{"uv":[0,0,2,4.2],"texture":"#9"},"south":{"uv":[2,0,0,4.2],"texture":"#9"}}},{"from":[0.6331,13.92022,7.9975],"to":[5.6331,24.42022,8.0075],"rotation":{"angle":0,"axis":"x","origin":[8.0025,19.48463,8]},"faces":{"north":{"uv":[2,0,0,4.2],"texture":"#9"},"south":{"uv":[0,0,2,4.2],"texture":"#9"}}},{"from":[3.91633,16.39564,7.4975],"to":[4.41633,16.89564,8.4975],"rotation":{"angle":-22.5,"axis":"z","origin":[8.0025,19.48463,8]},"faces":{"north":{"uv":[3.4,15.2,3.2,15.4],"texture":"#9"},"east":{"uv":[0.4,15.2,0,15.4],"texture":"#9"},"south":{"uv":[15.4,2.4,15.2,2.6],"texture":"#9"},"up":{"uv":[1.2,15.2,0.8,15.4],"rotation":90,"texture":"#9"},"down":{"uv":[15.6,1.8,15.2,1.6],"rotation":270,"texture":"#9"}}},{"from":[2.66633,16.39564,7.4975],"to":[3.91633,17.89564,8.4975],"rotation":{"angle":-22.5,"axis":"z","origin":[8.0025,19.48463,8]},"faces":{"north":{"uv":[7.3,11.6,6.8,12.2],"texture":"#9"},"east":{"uv":[7.6,12.8,7.2,13.4],"texture":"#9"},"south":{"uv":[12.1,6.4,11.6,7],"texture":"#9"},"west":{"uv":[6.8,12.8,6.4,13.4],"texture":"#9"},"down":{"uv":[2.8,14.1,2.4,13.6],"rotation":270,"texture":"#9"}}},{"from":[2.66633,17.89564,7.4975],"to":[5.66633,20.39564,8.4975],"rotation":{"angle":-22.5,"axis":"z","origin":[8.0025,19.48463,8]},"faces":{"north":{"uv":[8.4,5.6,7.2,6.6],"texture":"#9"},"south":{"uv":[8.4,0,7.2,1],"texture":"#9"},"west":{"uv":[8.8,10.4,8.4,11.4],"texture":"#9"},"up":{"uv":[6,10,5.6,11.2],"rotation":90,"texture":"#9"},"down":{"uv":[6.8,11.2,6.4,10],"rotation":270,"texture":"#9"}}},{"from":[5.92157,21.5,8.75],"to":[8.42157,22.5,11.25],"rotation":{"angle":45,"axis":"y","origin":[5.17157,21.5,8]},"faces":{"north":{"uv":[10.4,10,11.4,10.4],"texture":"#9"},"east":{"uv":[0,10.8,1,11.2],"texture":"#9"},"south":{"uv":[10.8,1.2,11.8,1.6],"texture":"#9"},"west":{"uv":[1.6,10.8,2.6,11.2],"texture":"#9"},"up":{"uv":[3.4,9,2.4,8],"texture":"#9"}}},{"from":[7.99646,21.5,6.12854],"to":[8.00646,27.5,9.87854],"rotation":{"angle":45,"axis":"y","origin":[7.99646,24.5,8.00354]},"faces":{"east":{"uv":[8.3,2.8,6.8,5.2],"texture":"#9"},"west":{"uv":[6.8,2.8,8.3,5.2],"texture":"#9"}}},{"from":[6.125,21.5,7.995],"to":[9.875,27.5,8.005],"rotation":{"angle":45,"axis":"y","origin":[8,24.5,8]},"faces":{"north":{"uv":[6.8,2.8,8.3,5.2],"texture":"#9"},"south":{"uv":[8.3,2.8,6.8,5.2],"texture":"#9"}}}],"gui_light":"front","display":{"thirdperson_righthand":{"translation":[0,3,0.75]},"thirdperson_lefthand":{"translation":[0,3,0.75]},"firstperson_righthand":{"rotation":[-5,0,0],"translation":[2.25,2,0.25],"scale":[0.7,0.7,0.7]},"firstperson_lefthand":{"rotation":[-5,0,0],"translation":[2.25,2,0.25],"scale":[0.7,0.7,0.7]},"ground":{"rotation":[-45,0,0],"translation":[0,5,0],"scale":[0.7,0.7,0.7]},"gui":{"rotation":[-90,135,90],"translation":[-1.25,-1.25,0],"scale":[0.74,0.74,0.74]},"head":{"rotation":[0,-90,0]},"fixed":{"rotation":[0,-90,0],"translation":[0,0,-1.5],"scale":[2,2,2]}},"mcmodels":"64affc1f70b61f685488f1f00b4e156d"}