{"format_version":"1.9.0","credit":"Pologony Creation Co.,Ltd.","texture_size":[28,28],"textures":{"2":"plny_aurion_set:gold_gems","4":"plny_aurion_set:gold_gems_outline","5":"plny_aurion_set:animated/animated_1","6":"plny_aurion_set:wings_2","8":"plny_aurion_set:animated/circle_animated","10":"plny_aurion_set:wings_1","11":"plny_aurion_set:animated/wings_2_animated","particle":"plny_aurion_set:gold_gems_outline"},"elements":[{"from":[8.4584,-6.48039,7.41001],"to":[8.9584,-5.73039,7.90651],"rotation":{"angle":22.5,"axis":"z","origin":[8,-6.5,8]},"faces":{"north":{"uv":[3.42857,9.71429,4,10.57143],"texture":"#10","tintindex":0},"east":{"uv":[1.14286,9.71429,1.71429,10.57143],"texture":"#10","tintindex":0},"south":{"uv":[9.71429,1.71429,10.28571,2.57143],"texture":"#10","tintindex":0},"west":{"uv":[2.28571,9.71429,2.85714,10.57143],"texture":"#10","tintindex":0},"up":{"uv":[13.14286,2.28571,12.57143,1.71429],"rotation":90,"texture":"#10","tintindex":0}}},{"from":[8.16383,-6.43344,7.40826],"to":[8.66383,-5.80844,7.90826],"rotation":{"angle":-22.5,"axis":"z","origin":[8,-6.5,8]},"faces":{"north":{"uv":[1.14286,11.42857,1.71429,12.14286],"texture":"#10","tintindex":0},"east":{"uv":[8,10.85714,8.57143,11.57143],"texture":"#10","tintindex":0},"south":{"uv":[9.14286,10.85714,9.71429,11.57143],"texture":"#10","tintindex":0},"west":{"uv":[10.28571,10.85714,10.85714,11.57143],"texture":"#10","tintindex":0},"up":{"uv":[2.85714,13.14286,2.28571,12.57143],"rotation":90,"texture":"#10","tintindex":0},"down":{"uv":[13.14286,2.85714,12.57143,3.42857],"rotation":270,"texture":"#10","tintindex":0}}},{"from":[9.66551,-7.3125,7.4752],"to":[10.66551,-6.8125,7.8417],"rotation":{"angle":22.5,"axis":"z","origin":[8,-6.5,8]},"faces":{"north":{"uv":[6.85714,6.85714,8,7.42857],"texture":"#10","tintindex":0},"south":{"uv":[5.14286,6.85714,6.28571,7.42857],"texture":"#10","tintindex":0},"up":{"uv":[10.14286,4.57143,9.71429,3.42857],"rotation":90,"texture":"#10","tintindex":0},"down":{"uv":[5,9.71429,4.57143,10.85714],"rotation":270,"texture":"#10","tintindex":0}}},{"from":[9.16551,-7.3125,7.4752],"to":[9.66551,-6.4375,7.8417],"rotation":{"angle":22.5,"axis":"z","origin":[8,-6.5,8]},"faces":{"north":{"uv":[8.57143,3.42857,9.14286,4.42857],"texture":"#10","tintindex":0},"east":{"uv":[0,10.85714,0.42857,11.85714],"texture":"#10","tintindex":0},"south":{"uv":[8.57143,1.71429,9.14286,2.71429],"texture":"#10","tintindex":0},"west":{"uv":[10.85714,5.71429,11.28571,6.71429],"texture":"#10","tintindex":0},"up":{"uv":[13.57143,5.71429,13.14286,5.14286],"rotation":90,"texture":"#10","tintindex":0},"down":{"uv":[13.57143,6.28571,13.14286,6.85714],"rotation":270,"texture":"#10","tintindex":0}}},{"from":[8.1335,-6.02811,7.47539],"to":[9.2585,-5.27811,7.84039],"rotation":{"angle":-22.5,"axis":"z","origin":[8,-6.5,8]},"faces":{"north":{"uv":[4.57143,0,5.85714,0.85714],"texture":"#10","tintindex":0},"south":{"uv":[0,4.57143,1.28571,5.42857],"texture":"#10","tintindex":0},"up":{"uv":[9,6.42857,8.57143,5.14286],"rotation":90,"texture":"#10","tintindex":0},"down":{"uv":[9,7.42857,8.57143,8.71429],"rotation":270,"texture":"#10","tintindex":0}}},{"from":[8.04848,-5.2928,7.35001],"to":[8.54848,-4.5428,7.96651],"rotation":{"angle":0,"axis":"x","origin":[8,-6.5,8]},"faces":{"north":{"uv":[5.71429,9.71429,6.28571,10.57143],"texture":"#10","tintindex":0},"east":{"uv":[3.42857,8,4.14286,8.85714],"texture":"#10","tintindex":0},"south":{"uv":[9.71429,5.14286,10.28571,6],"texture":"#10","tintindex":0},"west":{"uv":[5.14286,8,5.85714,8.85714],"texture":"#10","tintindex":0},"up":{"uv":[11.57143,8,10.85714,7.42857],"rotation":90,"texture":"#10","tintindex":0},"down":{"uv":[3,11.42857,2.28571,12],"rotation":270,"texture":"#10","tintindex":0}}},{"from":[7.05566,-5.6121,7.35076],"to":[8.05567,-4.8621,7.96576],"rotation":{"angle":-45,"axis":"z","origin":[8,-6.5,8]},"faces":{"north":{"uv":[4,4.57143,5.14286,5.42857],"texture":"#10","tintindex":0},"south":{"uv":[2.28571,4.57143,3.42857,5.42857],"texture":"#10","tintindex":0},"up":{"uv":[6.42857,6.28571,5.71429,5.14286],"rotation":90,"texture":"#10","tintindex":0},"down":{"uv":[0.71429,6.28571,0,7.42857],"rotation":270,"texture":"#10","tintindex":0}}},{"from":[8.60914,-6.0428,7.35001],"to":[9.10914,-5.2928,7.96651],"rotation":{"angle":0,"axis":"x","origin":[8,-6.5,8]},"faces":{"north":{"uv":[9.71429,6.85714,10.28571,7.71429],"texture":"#10","tintindex":0},"east":{"uv":[6.85714,8,7.57143,8.85714],"texture":"#10","tintindex":0},"south":{"uv":[6.85714,9.71429,7.42857,10.57143],"texture":"#10","tintindex":0},"west":{"uv":[8.57143,0,9.28571,0.85714],"texture":"#10","tintindex":0},"up":{"uv":[4.71429,12,4,11.42857],"rotation":90,"texture":"#10","tintindex":0},"down":{"uv":[6.42857,11.42857,5.71429,12],"rotation":270,"texture":"#10","tintindex":0}}},{"from":[8.1335,-6.90311,7.53826],"to":[8.8835,-6.02811,7.77826],"rotation":{"angle":-22.5,"axis":"z","origin":[8,-6.5,8]},"faces":{"north":{"uv":[5.71429,3.42857,6.57143,4.42857],"texture":"#10","tintindex":0},"east":{"uv":[1.14286,13.14286,1.42857,14.14286],"texture":"#10","tintindex":0},"south":{"uv":[5.14286,1.71429,6,2.71429],"texture":"#10","tintindex":0},"down":{"uv":[14,0,13.71429,0.85714],"rotation":270,"texture":"#10","tintindex":0}}},{"from":[9.46205,-4.51138,7.47058],"to":[9.96205,-3.88638,7.84558],"rotation":{"angle":-45,"axis":"z","origin":[8,-6.5,8]},"faces":{"north":{"uv":[11.42857,10.28571,12,11],"texture":"#10","tintindex":0},"east":{"uv":[12.57143,10.28571,13,11],"texture":"#10","tintindex":0},"south":{"uv":[11.42857,8.57143,12,9.28571],"texture":"#10","tintindex":0},"west":{"uv":[12.57143,12,13,12.71429],"texture":"#10","tintindex":0},"up":{"uv":[14.14286,2.28571,13.71429,1.71429],"rotation":90,"texture":"#10","tintindex":0},"down":{"uv":[2.71429,13.71429,2.28571,14.28571],"rotation":270,"texture":"#10","tintindex":0}}},{"from":[10.66551,-7.3125,7.4752],"to":[11.16551,-6.8125,7.8417],"rotation":{"angle":22.5,"axis":"z","origin":[8,-6.5,8]},"faces":{"north":{"uv":[12.57143,4,13.14286,4.57143],"texture":"#10","tintindex":0},"east":{"uv":[13.71429,2.85714,14.14286,3.42857],"texture":"#10","tintindex":0},"south":{"uv":[3.42857,12.57143,4,13.14286],"texture":"#10","tintindex":0},"west":{"uv":[3.42857,13.71429,3.85714,14.28571],"texture":"#10","tintindex":0},"up":{"uv":[14.14286,4.57143,13.71429,4],"rotation":90,"texture":"#10","tintindex":0}}},{"from":[10.5822,-5.76867,7.47826],"to":[11.0447,-5.39367,7.83826],"rotation":{"angle":0,"axis":"y","origin":[8,-6.5,8]},"faces":{"north":{"uv":[5.71429,13.71429,6.28571,14.14286],"texture":"#10","tintindex":0},"east":{"uv":[14.28571,5.14286,14.71429,5.57143],"texture":"#10","tintindex":0},"south":{"uv":[4.57143,13.71429,5.14286,14.14286],"texture":"#10","tintindex":0},"west":{"uv":[14.28571,6.28571,14.71429,6.71429],"texture":"#10","tintindex":0},"up":{"uv":[7.28571,14.28571,6.85714,13.71429],"rotation":90,"texture":"#10","tintindex":0}}},{"from":[8.51249,-8.07961,7.53539],"to":[9.01249,-7.5796,7.78189],"rotation":{"angle":45,"axis":"z","origin":[8,-6.5,8]},"faces":{"north":{"uv":[5.71429,12.57143,6.28571,13.14286],"texture":"#10","tintindex":0},"east":{"uv":[1.14286,14.85714,1.42857,15.42857],"texture":"#10","tintindex":0},"south":{"uv":[4.57143,12.57143,5.14286,13.14286],"texture":"#10","tintindex":0},"west":{"uv":[14.85714,1.14286,15.14286,1.71429],"texture":"#10","tintindex":0}}},{"from":[9.19354,-6.43968,7.53364],"to":[9.69354,-5.81468,7.78364],"rotation":{"angle":-22.5,"axis":"z","origin":[8,-6.5,8]},"faces":{"north":{"uv":[11.42857,12,12,12.71429],"texture":"#10","tintindex":0},"east":{"uv":[13.71429,9.71429,14,10.42857],"texture":"#10","tintindex":0},"south":{"uv":[12,5.71429,12.57143,6.42857],"texture":"#10","tintindex":0},"west":{"uv":[10.28571,13.71429,10.57143,14.42857],"texture":"#10","tintindex":0},"down":{"uv":[2.57143,14.85714,2.28571,15.42857],"rotation":270,"texture":"#10","tintindex":0}}},{"from":[8.38749,-8.32961,7.53539],"to":[9.01249,-8.07961,7.78189],"rotation":{"angle":45,"axis":"z","origin":[8,-6.5,8]},"faces":{"north":{"uv":[13.71429,11.42857,14.42857,11.71429],"texture":"#10","tintindex":0},"east":{"uv":[9.14286,14.85714,9.42857,15.14286],"texture":"#10","tintindex":0},"south":{"uv":[11.42857,13.71429,12.14286,14],"texture":"#10","tintindex":0},"west":{"uv":[14.85714,9.71429,15.14286,10],"texture":"#10","tintindex":0},"up":{"uv":[14,13.28571,13.71429,12.57143],"rotation":90,"texture":"#10","tintindex":0},"down":{"uv":[0.28571,14.28571,0,15],"rotation":270,"texture":"#10","tintindex":0}}},{"from":[7.53492,-6.39437,7.15701],"to":[7.89142,-6.03787,8.15951],"rotation":{"angle":-45,"axis":"z","origin":[8,-6.5,8]},"faces":{"north":{"uv":[13.14286,14.28571,13.57143,14.71429],"texture":"#10","tintindex":0},"east":{"uv":[8,9.71429,9.14286,10.14286],"texture":"#10","tintindex":0},"south":{"uv":[8,14.28571,8.42857,14.71429],"texture":"#10","tintindex":0},"west":{"uv":[9.71429,8.57143,10.85714,9],"texture":"#10","tintindex":0},"up":{"uv":[10.85714,10.14286,9.71429,9.71429],"rotation":90,"texture":"#10","tintindex":0},"down":{"uv":[11.42857,0,10.28571,0.42857],"rotation":270,"texture":"#10","tintindex":0}}},{"from":[7.97686,-6.83631,7.15701],"to":[8.33336,-6.47981,8.15951],"rotation":{"angle":-45,"axis":"z","origin":[8,-6.5,8]},"faces":{"north":{"uv":[14.85714,0,15.28571,0.42857],"texture":"#10","tintindex":0},"east":{"uv":[10.85714,1.14286,12,1.57143],"texture":"#10","tintindex":0},"south":{"uv":[14.28571,14.28571,14.71429,14.71429],"texture":"#10","tintindex":0},"west":{"uv":[10.85714,2.28571,12,2.71429],"texture":"#10","tintindex":0},"up":{"uv":[12,3.85714,10.85714,3.42857],"rotation":90,"texture":"#10","tintindex":0},"down":{"uv":[12,4.57143,10.85714,5],"rotation":270,"texture":"#10","tintindex":0}}},{"from":[7.75,-6.72144,7.15826],"to":[8.25,-6.09644,8.15826],"rotation":{"angle":0,"axis":"y","origin":[8,-6.5,8]},"faces":{"north":{"uv":[12.57143,0,13.14286,0.71429],"texture":"#10","tintindex":0},"east":{"uv":[1.71429,6.28571,2.85714,7],"texture":"#10","tintindex":0},"south":{"uv":[0,12.57143,0.57143,13.28571],"texture":"#10","tintindex":0},"west":{"uv":[3.42857,6.28571,4.57143,7],"texture":"#10","tintindex":0}}},{"from":[7.625,-7.025,7.28326],"to":[8.375,-5.775,8.03326],"rotation":{"angle":0,"axis":"y","origin":[8,-6.5,8]},"faces":{"north":{"uv":[3.42857,2.28571,4.28571,3.71429],"texture":"#10","tintindex":0},"east":{"uv":[0,2.28571,0.85714,3.71429],"texture":"#10","tintindex":0},"south":{"uv":[1.71429,2.28571,2.57143,3.71429],"texture":"#10","tintindex":0},"west":{"uv":[2.85714,0,3.71429,1.42857],"texture":"#10","tintindex":0},"up":{"uv":[7.71429,0.85714,6.85714,0],"rotation":90,"texture":"#10","tintindex":0},"down":{"uv":[7.71429,1.71429,6.85714,2.57143],"rotation":270,"texture":"#10","tintindex":0}}},{"from":[9.13199,-3.9802,7.47951],"to":[9.46699,-3.4802,7.83701],"rotation":{"angle":-45,"axis":"z","origin":[8,-6.5,8]},"faces":{"north":{"uv":[12.57143,7.42857,13.14286,8],"texture":"#10","tintindex":0},"east":{"uv":[13.71429,7.42857,14.14286,8],"texture":"#10","tintindex":0},"south":{"uv":[6.85714,12.57143,7.42857,13.14286],"texture":"#10","tintindex":0},"west":{"uv":[13.71429,8.57143,14.14286,9.14286],"texture":"#10","tintindex":0},"up":{"uv":[9.57143,14.28571,9.14286,13.71429],"rotation":90,"texture":"#10","tintindex":0}}},{"from":[7.56799,-6.3125,9.10711],"to":[8.06799,-5.3125,9.60711],"rotation":{"angle":-22.5,"axis":"y","origin":[8,-6.5,8]},"faces":{"north":{"uv":[1.6,2.4,2.4,4],"texture":"#2","tintindex":0},"east":{"uv":[0,0,0.8,1.6],"texture":"#2","tintindex":0},"south":{"uv":[1.6,0,2.4,1.6],"texture":"#2","tintindex":0},"west":{"uv":[0,2.4,0.8,4],"texture":"#2","tintindex":0},"up":{"uv":[7.2,0.8,6.4,0],"rotation":90,"texture":"#2","tintindex":0},"down":{"uv":[7.2,1.6,6.4,2.4],"rotation":270,"texture":"#2","tintindex":0}}},{"from":[8.01154,-6.1875,9.4131],"to":[8.26154,-5.1875,9.6631],"rotation":{"angle":-45,"axis":"y","origin":[8,-6.5,8]},"faces":{"north":{"uv":[1.6,7.2,2,8.8],"texture":"#2","tintindex":0},"east":{"uv":[6.4,3.2,6.8,4.8],"texture":"#2","tintindex":0},"south":{"uv":[6.4,5.6,6.8,7.2],"texture":"#2","tintindex":0},"west":{"uv":[0,7.2,0.4,8.8],"texture":"#2","tintindex":0},"up":{"uv":[5.2,14,4.8,13.6],"rotation":90,"texture":"#2","tintindex":0},"down":{"uv":[8.4,13.6,8,14],"rotation":270,"texture":"#2","tintindex":0}}},{"from":[8.42189,-6.4375,8.89417],"to":[8.67189,-5.4375,9.14417],"rotation":{"angle":-45,"axis":"y","origin":[8,-6.5,8]},"faces":{"north":{"uv":[8,2.4,8.4,4],"texture":"#2","tintindex":0},"east":{"uv":[3.2,7.2,3.6,8.8],"texture":"#2","tintindex":0},"south":{"uv":[4.8,7.2,5.2,8.8],"texture":"#2","tintindex":0},"west":{"uv":[8,0,8.4,1.6],"texture":"#2","tintindex":0},"up":{"uv":[11.6,14,11.2,13.6],"rotation":90,"texture":"#2","tintindex":0},"down":{"uv":[14.8,0,14.4,0.4],"rotation":270,"texture":"#2","tintindex":0}}},{"from":[7.64679,-5.3125,9.16297],"to":[8.02179,-5.0625,9.53797],"rotation":{"angle":-22.5,"axis":"y","origin":[8,-6.5,8]},"faces":{"north":{"uv":[1.6,12.8,2.2,13.2],"texture":"#2","tintindex":0},"east":{"uv":[8,12,8.6,12.4],"texture":"#2","tintindex":0},"south":{"uv":[11.2,12,11.8,12.4],"texture":"#2","tintindex":0},"west":{"uv":[12.8,0,13.4,0.4],"texture":"#2","tintindex":0},"up":{"uv":[2.2,11.8,1.6,11.2],"rotation":90,"texture":"#2","tintindex":0}}},{"from":[7.64679,-6.5625,9.16297],"to":[8.02179,-6.3125,9.53797],"rotation":{"angle":-22.5,"axis":"y","origin":[8,-6.5,8]},"faces":{"north":{"uv":[12.8,4.8,13.4,5.2],"texture":"#2","tintindex":0},"east":{"uv":[12.8,1.6,13.4,2],"texture":"#2","tintindex":0},"south":{"uv":[3.2,12.8,3.8,13.2],"texture":"#2","tintindex":0},"west":{"uv":[12.8,3.2,13.4,3.6],"texture":"#2","tintindex":0},"down":{"uv":[11.8,2.4,11.2,3],"rotation":270,"texture":"#2","tintindex":0}}},{"name":"cube_outline","from":[8.11799,-5.2625,9.65711],"to":[7.51799,-6.3625,9.05711],"rotation":{"angle":-22.5,"axis":"y","origin":[8,-6.5,8]},"faces":{"north":{"uv":[2,2.66667,2.83333,4.16667],"texture":"#4","tintindex":0},"east":{"uv":[0,0,0.83333,1.5],"texture":"#4","tintindex":0},"south":{"uv":[2,0,2.83333,1.5],"texture":"#4","tintindex":0},"west":{"uv":[0,2.66667,0.83333,4.16667],"texture":"#4","tintindex":0},"up":{"uv":[10.16667,0.83333,9.33333,0],"rotation":90,"texture":"#4","tintindex":0},"down":{"uv":[6.16667,9.33333,5.33333,10.16667],"rotation":270,"texture":"#4","tintindex":0}}},{"name":"cube_outline","from":[8.31154,-5.1375,9.7131],"to":[7.96154,-6.2375,9.3631],"rotation":{"angle":-45,"axis":"y","origin":[8,-6.5,8]},"faces":{"north":{"uv":[1.33333,7.33333,1.83333,8.83333],"texture":"#4","tintindex":0},"east":{"uv":[6,4,6.5,5.5],"texture":"#4","tintindex":0},"south":{"uv":[6,6.66667,6.5,8.16667],"texture":"#4","tintindex":0},"west":{"uv":[0,7.33333,0.5,8.83333],"texture":"#4","tintindex":0},"up":{"uv":[5.83333,13.83333,5.33333,13.33333],"rotation":90,"texture":"#4","tintindex":0},"down":{"uv":[9.83333,13.33333,9.33333,13.83333],"rotation":270,"texture":"#4","tintindex":0}}},{"name":"cube_outline","from":[8.7219,-5.3875,9.19417],"to":[8.3719,-6.4875,8.84417],"rotation":{"angle":-45,"axis":"y","origin":[8,-6.5,8]},"faces":{"north":{"uv":[8,0,8.5,1.5],"texture":"#4","tintindex":0},"east":{"uv":[2.66667,7.33333,3.16667,8.83333],"texture":"#4","tintindex":0},"south":{"uv":[7.33333,4,7.83333,5.5],"texture":"#4","tintindex":0},"west":{"uv":[7.33333,6.66667,7.83333,8.16667],"texture":"#4","tintindex":0},"up":{"uv":[13.16667,13.83333,12.66667,13.33333],"rotation":90,"texture":"#4","tintindex":0},"down":{"uv":[0.5,14,0,14.5],"rotation":270,"texture":"#4","tintindex":0}}},{"name":"cube_outline","from":[8.07179,-5.0125,9.58797],"to":[7.59679,-5.3625,9.11297],"rotation":{"angle":-22.5,"axis":"y","origin":[8,-6.5,8]},"faces":{"north":{"uv":[4,12.66667,4.66667,13.16667],"texture":"#4","tintindex":0},"east":{"uv":[12,4,12.66667,4.5],"texture":"#4","tintindex":0},"south":{"uv":[10,12,10.66667,12.5],"texture":"#4","tintindex":0},"west":{"uv":[12.66667,0,13.33333,0.5],"texture":"#4","tintindex":0},"down":{"uv":[12,6,11.33333,6.66667],"rotation":270,"texture":"#4","tintindex":0}}},{"name":"cube_outline","from":[8.07179,-6.2625,9.58797],"to":[7.59679,-6.6125,9.11297],"rotation":{"angle":-22.5,"axis":"y","origin":[8,-6.5,8]},"faces":{"north":{"uv":[8,12.66667,8.66667,13.16667],"texture":"#4","tintindex":0},"east":{"uv":[12.66667,5.33333,13.33333,5.83333],"texture":"#4","tintindex":0},"south":{"uv":[6.66667,12.66667,7.33333,13.16667],"texture":"#4","tintindex":0},"west":{"uv":[12.66667,6.66667,13.33333,7.16667],"texture":"#4","tintindex":0},"up":{"uv":[7.33333,12,6.66667,11.33333],"rotation":90,"texture":"#4","tintindex":0}}},{"from":[7.86475,-6.6875,6.09611],"to":[8.23974,-6.4375,6.47111],"rotation":{"angle":-22.5,"axis":"y","origin":[8,-6.5,8]},"faces":{"north":{"uv":[9.6,12.8,10.2,13.2],"texture":"#2","tintindex":0},"east":{"uv":[6.4,12.8,7,13.2],"texture":"#2","tintindex":0},"south":{"uv":[12.8,6.4,13.4,6.8],"texture":"#2","tintindex":0},"west":{"uv":[12.8,8,13.4,8.4],"texture":"#2","tintindex":0},"down":{"uv":[3.8,11.2,3.2,11.8],"rotation":270,"texture":"#2","tintindex":0}}},{"from":[7.86475,-5.6875,6.09611],"to":[8.23974,-5.4375,6.47111],"rotation":{"angle":-22.5,"axis":"y","origin":[8,-6.5,8]},"faces":{"north":{"uv":[0,13.6,0.6,14],"texture":"#2","tintindex":0},"east":{"uv":[12.8,9.6,13.4,10],"texture":"#2","tintindex":0},"south":{"uv":[12.8,11.2,13.4,11.6],"texture":"#2","tintindex":0},"west":{"uv":[12.8,12.8,13.4,13.2],"texture":"#2","tintindex":0},"up":{"uv":[11.8,4.6,11.2,4],"rotation":90,"texture":"#2","tintindex":0}}},{"from":[7.36124,-6.3125,6.06574],"to":[7.61124,-5.3125,6.31574],"rotation":{"angle":-45,"axis":"y","origin":[8,-6.5,8]},"faces":{"north":{"uv":[0,9.6,0.4,11.2],"texture":"#2","tintindex":0},"east":{"uv":[8,4.8,8.4,6.4],"texture":"#2","tintindex":0},"south":{"uv":[6.4,8,6.8,9.6],"texture":"#2","tintindex":0},"west":{"uv":[8,7.2,8.4,8.8],"texture":"#2","tintindex":0},"up":{"uv":[2,14.8,1.6,14.4],"rotation":90,"texture":"#2","tintindex":0},"down":{"uv":[14.8,1.6,14.4,2],"rotation":270,"texture":"#2","tintindex":0}}},{"from":[7.03927,-6.5125,6.49629],"to":[7.28927,-5.6375,6.74629],"rotation":{"angle":-45,"axis":"y","origin":[8,-6.5,8]},"faces":{"north":{"uv":[8,9.6,8.4,11],"texture":"#2","tintindex":0},"east":{"uv":[9.6,3.2,10,4.6],"texture":"#2","tintindex":0},"south":{"uv":[4.8,9.6,5.2,11],"texture":"#2","tintindex":0},"west":{"uv":[9.6,5.6,10,7],"texture":"#2","tintindex":0},"up":{"uv":[3.6,14.8,3.2,14.4],"rotation":90,"texture":"#2","tintindex":0},"down":{"uv":[14.8,3.2,14.4,3.6],"rotation":270,"texture":"#2","tintindex":0}}},{"from":[7.78594,-6.4375,6.04025],"to":[8.28594,-5.6875,6.54025],"rotation":{"angle":-22.5,"axis":"y","origin":[8,-6.5,8]},"faces":{"north":{"uv":[4.8,0,5.6,1.2],"texture":"#2","tintindex":0},"east":{"uv":[3.2,0,4,1.2],"texture":"#2","tintindex":0},"south":{"uv":[3.2,2.4,4,3.6],"texture":"#2","tintindex":0},"west":{"uv":[0,4.8,0.8,6],"texture":"#2","tintindex":0},"up":{"uv":[10.4,0.8,9.6,0],"rotation":90,"texture":"#2","tintindex":0},"down":{"uv":[2.4,9.6,1.6,10.4],"rotation":270,"texture":"#2","tintindex":0}}},{"name":"cube_outline","from":[8.28975,-6.3875,6.52111],"to":[7.81475,-6.7375,6.04611],"rotation":{"angle":-22.5,"axis":"y","origin":[8,-6.5,8]},"faces":{"north":{"uv":[11.33333,12.66667,12,13.16667],"texture":"#4","tintindex":0},"east":{"uv":[12.66667,8,13.33333,8.5],"texture":"#4","tintindex":0},"south":{"uv":[12.66667,9.33333,13.33333,9.83333],"texture":"#4","tintindex":0},"west":{"uv":[12.66667,10.66667,13.33333,11.16667],"texture":"#4","tintindex":0},"up":{"uv":[12,8,11.33333,7.33333],"rotation":90,"texture":"#4","tintindex":0}}},{"name":"cube_outline","from":[8.28975,-5.3875,6.52111],"to":[7.81475,-5.7375,6.04611],"rotation":{"angle":-22.5,"axis":"y","origin":[8,-6.5,8]},"faces":{"north":{"uv":[13.33333,4,14,4.5],"texture":"#4","tintindex":0},"east":{"uv":[12.66667,12,13.33333,12.5],"texture":"#4","tintindex":0},"south":{"uv":[13.33333,1.33333,14,1.83333],"texture":"#4","tintindex":0},"west":{"uv":[13.33333,2.66667,14,3.16667],"texture":"#4","tintindex":0},"down":{"uv":[12,8.66667,11.33333,9.33333],"rotation":270,"texture":"#4","tintindex":0}}},{"name":"cube_outline","from":[7.66124,-5.2625,6.36574],"to":[7.31124,-6.3625,6.01574],"rotation":{"angle":-45,"axis":"y","origin":[8,-6.5,8]},"faces":{"north":{"uv":[8.66667,8,9.16667,9.5],"texture":"#4","tintindex":0},"east":{"uv":[4,8,4.5,9.5],"texture":"#4","tintindex":0},"south":{"uv":[8.66667,2.66667,9.16667,4.16667],"texture":"#4","tintindex":0},"west":{"uv":[8.66667,5.33333,9.16667,6.83333],"texture":"#4","tintindex":0},"up":{"uv":[14.5,0.5,14,0],"rotation":90,"texture":"#4","tintindex":0},"down":{"uv":[1.83333,14,1.33333,14.5],"rotation":270,"texture":"#4","tintindex":0}}},{"name":"cube_outline","from":[7.33927,-5.5875,6.79629],"to":[6.98927,-6.5625,6.44629],"rotation":{"angle":-45,"axis":"y","origin":[8,-6.5,8]},"faces":{"north":{"uv":[10,10,10.5,11.33333],"texture":"#4","tintindex":0},"east":{"uv":[7.33333,9.33333,7.83333,10.66667],"texture":"#4","tintindex":0},"south":{"uv":[10,6,10.5,7.33333],"texture":"#4","tintindex":0},"west":{"uv":[10,8,10.5,9.33333],"texture":"#4","tintindex":0},"up":{"uv":[3.16667,14.5,2.66667,14],"rotation":90,"texture":"#4","tintindex":0},"down":{"uv":[4.5,14,4,14.5],"rotation":270,"texture":"#4","tintindex":0}}},{"name":"cube_outline","from":[8.33594,-5.6375,6.59025],"to":[7.73594,-6.4875,5.99025],"rotation":{"angle":-22.5,"axis":"y","origin":[8,-6.5,8]},"faces":{"north":{"uv":[0,5.33333,0.83333,6.5],"texture":"#4","tintindex":0},"east":{"uv":[4,0,4.83333,1.16667],"texture":"#4","tintindex":0},"south":{"uv":[4,2,4.83333,3.16667],"texture":"#4","tintindex":0},"west":{"uv":[4,4,4.83333,5.16667],"texture":"#4","tintindex":0},"up":{"uv":[0.83333,10.83333,0,10],"rotation":90,"texture":"#4","tintindex":0},"down":{"uv":[2.83333,10,2,10.83333],"rotation":270,"texture":"#4","tintindex":0}}},{"from":[6.7099,-7.5625,6.57447],"to":[7.0849,-7.4375,6.94947],"rotation":{"angle":-22.5,"axis":"y","origin":[8,-6.5,8]},"faces":{"north":{"uv":[12.8,14.4,13.4,14.6],"texture":"#2","tintindex":0},"east":{"uv":[9.6,14.4,10.2,14.6],"texture":"#2","tintindex":0},"south":{"uv":[14.4,9.6,15,9.8],"texture":"#2","tintindex":0},"west":{"uv":[14.4,11.2,15,11.4],"texture":"#2","tintindex":0},"down":{"uv":[11.8,5.6,11.2,6.2],"rotation":270,"texture":"#2","tintindex":0}}},{"from":[6.63109,-7.4375,6.5186],"to":[7.13109,-6.8125,7.0186],"rotation":{"angle":-22.5,"axis":"y","origin":[8,-6.5,8]},"faces":{"north":{"uv":[4.8,4.8,5.6,5.8],"texture":"#2","tintindex":0},"east":{"uv":[1.6,4.8,2.4,5.8],"texture":"#2","tintindex":0},"south":{"uv":[4.8,2.4,5.6,3.4],"texture":"#2","tintindex":0},"west":{"uv":[3.2,4.8,4,5.8],"texture":"#2","tintindex":0},"up":{"uv":[10.4,2.4,9.6,1.6],"rotation":90,"texture":"#2","tintindex":0},"down":{"uv":[4,9.6,3.2,10.4],"rotation":270,"texture":"#2","tintindex":0}}},{"from":[6.15538,-7.6875,7.38017],"to":[6.40538,-7.1875,7.63017],"rotation":{"angle":-45,"axis":"y","origin":[8,-6.5,8]},"faces":{"north":{"uv":[4.8,12,5.2,12.8],"texture":"#2","tintindex":0},"east":{"uv":[11.2,8.8,11.6,9.6],"texture":"#2","tintindex":0},"south":{"uv":[11.2,10.4,11.6,11.2],"texture":"#2","tintindex":0},"west":{"uv":[0,12,0.4,12.8],"texture":"#2","tintindex":0},"up":{"uv":[14.8,5.2,14.4,4.8],"rotation":90,"texture":"#2","tintindex":0},"down":{"uv":[6.8,14.4,6.4,14.8],"rotation":270,"texture":"#2","tintindex":0}}},{"from":[6.47735,-7.3125,6.94963],"to":[6.72735,-6.5625,7.19963],"rotation":{"angle":-45,"axis":"y","origin":[8,-6.5,8]},"faces":{"north":{"uv":[11.2,0,11.6,1.2],"texture":"#2","tintindex":0},"east":{"uv":[9.6,8,10,9.2],"texture":"#2","tintindex":0},"south":{"uv":[6.4,10.4,6.8,11.6],"texture":"#2","tintindex":0},"west":{"uv":[9.6,10.4,10,11.6],"texture":"#2","tintindex":0},"up":{"uv":[14.8,6.8,14.4,6.4],"rotation":90,"texture":"#2","tintindex":0},"down":{"uv":[14.8,8,14.4,8.4],"rotation":270,"texture":"#2","tintindex":0}}},{"from":[6.7099,-6.8125,6.57447],"to":[7.0849,-6.6875,6.94947],"rotation":{"angle":-22.5,"axis":"y","origin":[8,-6.5,8]},"faces":{"north":{"uv":[4.8,15.2,5.4,15.4],"texture":"#2","tintindex":0},"east":{"uv":[14.4,12.8,15,13],"texture":"#2","tintindex":0},"south":{"uv":[14.4,14.4,15,14.6],"texture":"#2","tintindex":0},"west":{"uv":[0,15.2,0.6,15.4],"texture":"#2","tintindex":0},"up":{"uv":[11.8,7.8,11.2,7.2],"rotation":90,"texture":"#2","tintindex":0}}},{"name":"cube_outline","from":[7.1349,-7.3875,6.99947],"to":[6.6599,-7.6125,6.52447],"rotation":{"angle":-22.5,"axis":"y","origin":[8,-6.5,8]},"faces":{"north":{"uv":[14,10.66667,14.66667,11],"texture":"#4","tintindex":0},"east":{"uv":[14,8,14.66667,8.33333],"texture":"#4","tintindex":0},"south":{"uv":[14,9.33333,14.66667,9.66667],"texture":"#4","tintindex":0},"west":{"uv":[10.66667,14,11.33333,14.33333],"texture":"#4","tintindex":0},"up":{"uv":[12,10.66667,11.33333,10],"rotation":90,"texture":"#4","tintindex":0}}},{"name":"cube_outline","from":[7.18109,-6.7625,7.0686],"to":[6.58109,-7.4875,6.4686],"rotation":{"angle":-22.5,"axis":"y","origin":[8,-6.5,8]},"faces":{"north":{"uv":[4,6,4.83333,7],"texture":"#4","tintindex":0},"east":{"uv":[2,5.33333,2.83333,6.33333],"texture":"#4","tintindex":0},"south":{"uv":[6,0,6.83333,1],"texture":"#4","tintindex":0},"west":{"uv":[6,2,6.83333,3],"texture":"#4","tintindex":0},"up":{"uv":[10.83333,2.83333,10,2],"rotation":90,"texture":"#4","tintindex":0},"down":{"uv":[10.83333,4,10,4.83333],"rotation":270,"texture":"#4","tintindex":0}}},{"name":"cube_outline","from":[6.45538,-7.1375,7.68017],"to":[6.10538,-7.7375,7.33017],"rotation":{"angle":-45,"axis":"y","origin":[8,-6.5,8]},"faces":{"north":{"uv":[2.66667,12,3.16667,12.83333],"texture":"#4","tintindex":0},"east":{"uv":[0,12,0.5,12.83333],"texture":"#4","tintindex":0},"south":{"uv":[1.33333,12,1.83333,12.83333],"texture":"#4","tintindex":0},"west":{"uv":[12,2,12.5,2.83333],"texture":"#4","tintindex":0},"up":{"uv":[14.5,5.83333,14,5.33333],"rotation":90,"texture":"#4","tintindex":0},"down":{"uv":[7.16667,14,6.66667,14.5],"rotation":270,"texture":"#4","tintindex":0}}},{"name":"cube_outline","from":[6.77735,-6.5125,7.24963],"to":[6.42735,-7.3625,6.89963],"rotation":{"angle":-45,"axis":"y","origin":[8,-6.5,8]},"faces":{"north":{"uv":[5.33333,11.33333,5.83333,12.5],"texture":"#4","tintindex":0},"east":{"uv":[4,10.66667,4.5,11.83333],"texture":"#4","tintindex":0},"south":{"uv":[8.66667,10.66667,9.16667,11.83333],"texture":"#4","tintindex":0},"west":{"uv":[11.33333,0,11.83333,1.16667],"texture":"#4","tintindex":0},"up":{"uv":[14.5,7.16667,14,6.66667],"rotation":90,"texture":"#4","tintindex":0},"down":{"uv":[8.5,14,8,14.5],"rotation":270,"texture":"#4","tintindex":0}}},{"name":"cube_outline","from":[7.1349,-6.6375,6.99947],"to":[6.6599,-6.8625,6.52447],"rotation":{"angle":-22.5,"axis":"y","origin":[8,-6.5,8]},"faces":{"north":{"uv":[14.66667,2.66667,15.33333,3],"texture":"#4","tintindex":0},"east":{"uv":[14,12,14.66667,12.33333],"texture":"#4","tintindex":0},"south":{"uv":[14,13.33333,14.66667,13.66667],"texture":"#4","tintindex":0},"west":{"uv":[14.66667,1.33333,15.33333,1.66667],"texture":"#4","tintindex":0},"down":{"uv":[12,11.33333,11.33333,12],"rotation":270,"texture":"#4","tintindex":0}}},{"from":[8.93694,-7.5625,8.35798],"to":[9.31194,-7.4375,8.73298],"rotation":{"angle":-22.5,"axis":"y","origin":[8,-6.5,8]},"faces":{"north":{"uv":[12.8,14.4,13.4,14.6],"texture":"#2","tintindex":0},"east":{"uv":[9.6,14.4,10.2,14.6],"texture":"#2","tintindex":0},"south":{"uv":[14.4,9.6,15,9.8],"texture":"#2","tintindex":0},"west":{"uv":[14.4,11.2,15,11.4],"texture":"#2","tintindex":0},"down":{"uv":[11.8,5.6,11.2,6.2],"rotation":270,"texture":"#2","tintindex":0}}},{"from":[8.85814,-7.4375,8.30211],"to":[9.35814,-6.8125,8.80211],"rotation":{"angle":-22.5,"axis":"y","origin":[8,-6.5,8]},"faces":{"north":{"uv":[4.8,4.8,5.6,5.8],"texture":"#2","tintindex":0},"east":{"uv":[1.6,4.8,2.4,5.8],"texture":"#2","tintindex":0},"south":{"uv":[4.8,2.4,5.6,3.4],"texture":"#2","tintindex":0},"west":{"uv":[3.2,4.8,4,5.8],"texture":"#2","tintindex":0},"up":{"uv":[10.4,2.4,9.6,1.6],"rotation":90,"texture":"#2","tintindex":0},"down":{"uv":[4,9.6,3.2,10.4],"rotation":270,"texture":"#2","tintindex":0}}},{"from":[8.89542,-7.6875,8.17567],"to":[9.14542,-7.1875,8.42567],"rotation":{"angle":-45,"axis":"y","origin":[8,-6.5,8]},"faces":{"north":{"uv":[4.8,12,5.2,12.8],"texture":"#2","tintindex":0},"east":{"uv":[11.2,8.8,11.6,9.6],"texture":"#2","tintindex":0},"south":{"uv":[11.2,10.4,11.6,11.2],"texture":"#2","tintindex":0},"west":{"uv":[0,12,0.4,12.8],"texture":"#2","tintindex":0},"up":{"uv":[14.8,5.2,14.4,4.8],"rotation":90,"texture":"#2","tintindex":0},"down":{"uv":[6.8,14.4,6.4,14.8],"rotation":270,"texture":"#2","tintindex":0}}},{"from":[9.21739,-7.3125,7.74512],"to":[9.46739,-6.5625,7.99512],"rotation":{"angle":-45,"axis":"y","origin":[8,-6.5,8]},"faces":{"north":{"uv":[11.2,0,11.6,1.2],"texture":"#2","tintindex":0},"east":{"uv":[9.6,8,10,9.2],"texture":"#2","tintindex":0},"south":{"uv":[6.4,10.4,6.8,11.6],"texture":"#2","tintindex":0},"west":{"uv":[9.6,10.4,10,11.6],"texture":"#2","tintindex":0},"up":{"uv":[14.8,6.8,14.4,6.4],"rotation":90,"texture":"#2","tintindex":0},"down":{"uv":[14.8,8,14.4,8.4],"rotation":270,"texture":"#2","tintindex":0}}},{"from":[8.93694,-6.8125,8.35798],"to":[9.31194,-6.6875,8.73298],"rotation":{"angle":-22.5,"axis":"y","origin":[8,-6.5,8]},"faces":{"north":{"uv":[4.8,15.2,5.4,15.4],"texture":"#2","tintindex":0},"east":{"uv":[14.4,12.8,15,13],"texture":"#2","tintindex":0},"south":{"uv":[14.4,14.4,15,14.6],"texture":"#2","tintindex":0},"west":{"uv":[0,15.2,0.6,15.4],"texture":"#2","tintindex":0},"up":{"uv":[11.8,7.8,11.2,7.2],"rotation":90,"texture":"#2","tintindex":0}}},{"name":"cube_outline","from":[9.36194,-7.3875,8.78298],"to":[8.88694,-7.6125,8.30797],"rotation":{"angle":-22.5,"axis":"y","origin":[8,-6.5,8]},"faces":{"north":{"uv":[14,10.66667,14.66667,11],"texture":"#4","tintindex":0},"east":{"uv":[14,8,14.66667,8.33333],"texture":"#4","tintindex":0},"south":{"uv":[14,9.33333,14.66667,9.66667],"texture":"#4","tintindex":0},"west":{"uv":[10.66667,14,11.33333,14.33333],"texture":"#4","tintindex":0},"up":{"uv":[12,10.66667,11.33333,10],"rotation":90,"texture":"#4","tintindex":0}}},{"name":"cube_outline","from":[9.40814,-6.7625,8.85211],"to":[8.80814,-7.4875,8.25211],"rotation":{"angle":-22.5,"axis":"y","origin":[8,-6.5,8]},"faces":{"north":{"uv":[4,6,4.83333,7],"texture":"#4","tintindex":0},"east":{"uv":[2,5.33333,2.83333,6.33333],"texture":"#4","tintindex":0},"south":{"uv":[6,0,6.83333,1],"texture":"#4","tintindex":0},"west":{"uv":[6,2,6.83333,3],"texture":"#4","tintindex":0},"up":{"uv":[10.83333,2.83333,10,2],"rotation":90,"texture":"#4","tintindex":0},"down":{"uv":[10.83333,4,10,4.83333],"rotation":270,"texture":"#4","tintindex":0}}},{"name":"cube_outline","from":[9.19542,-7.1375,8.47566],"to":[8.84542,-7.7375,8.12567],"rotation":{"angle":-45,"axis":"y","origin":[8,-6.5,8]},"faces":{"north":{"uv":[2.66667,12,3.16667,12.83333],"texture":"#4","tintindex":0},"east":{"uv":[0,12,0.5,12.83333],"texture":"#4","tintindex":0},"south":{"uv":[1.33333,12,1.83333,12.83333],"texture":"#4","tintindex":0},"west":{"uv":[12,2,12.5,2.83333],"texture":"#4","tintindex":0},"up":{"uv":[14.5,5.83333,14,5.33333],"rotation":90,"texture":"#4","tintindex":0},"down":{"uv":[7.16667,14,6.66667,14.5],"rotation":270,"texture":"#4","tintindex":0}}},{"name":"cube_outline","from":[9.51739,-6.5125,8.04512],"to":[9.16739,-7.3625,7.69512],"rotation":{"angle":-45,"axis":"y","origin":[8,-6.5,8]},"faces":{"north":{"uv":[5.33333,11.33333,5.83333,12.5],"texture":"#4","tintindex":0},"east":{"uv":[4,10.66667,4.5,11.83333],"texture":"#4","tintindex":0},"south":{"uv":[8.66667,10.66667,9.16667,11.83333],"texture":"#4","tintindex":0},"west":{"uv":[11.33333,0,11.83333,1.16667],"texture":"#4","tintindex":0},"up":{"uv":[14.5,7.16667,14,6.66667],"rotation":90,"texture":"#4","tintindex":0},"down":{"uv":[8.5,14,8,14.5],"rotation":270,"texture":"#4","tintindex":0}}},{"name":"cube_outline","from":[9.36194,-6.6375,8.78298],"to":[8.88694,-6.8625,8.30797],"rotation":{"angle":-22.5,"axis":"y","origin":[8,-6.5,8]},"faces":{"north":{"uv":[14.66667,2.66667,15.33333,3],"texture":"#4","tintindex":0},"east":{"uv":[14,12,14.66667,12.33333],"texture":"#4","tintindex":0},"south":{"uv":[14,13.33333,14.66667,13.66667],"texture":"#4","tintindex":0},"west":{"uv":[14.66667,1.33333,15.33333,1.66667],"texture":"#4","tintindex":0},"down":{"uv":[12,11.33333,11.33333,12],"rotation":270,"texture":"#4","tintindex":0}}},{"from":[7.86672,-7.525,5.93427],"to":[7.87172,-4.525,9.43427],"rotation":{"angle":-22.5,"axis":"y","origin":[8,-6.5,8]},"faces":{"east":{"uv":[9.33333,0,0,8],"texture":"#5","tintindex":0},"west":{"uv":[0,0,9.33333,8],"texture":"#5","tintindex":0}}},{"from":[8.12809,-7.525,5.93332],"to":[8.13309,-4.525,9.43332],"rotation":{"angle":22.5,"axis":"y","origin":[8,-6.5,8]},"faces":{"east":{"uv":[0,8,9.33333,16],"texture":"#5","tintindex":0},"west":{"uv":[9.33333,8,0,16],"texture":"#5","tintindex":0}}},{"from":[8.12485,-6.725,7.69548],"to":[10.12485,-6.225,7.94548],"rotation":{"angle":-22.5,"axis":"y","origin":[8,-6.5,8]},"faces":{"north":{"uv":[0,1.14286,2.28571,1.71429],"texture":"#10","tintindex":0},"east":{"uv":[14.85714,2.28571,15.14286,2.85714],"texture":"#10","tintindex":0},"south":{"uv":[0,0,2.28571,0.57143],"texture":"#10","tintindex":0},"west":{"uv":[3.42857,14.85714,3.71429,15.42857],"texture":"#10","tintindex":0},"up":{"uv":[7.71429,5.71429,7.42857,3.42857],"rotation":90,"texture":"#10","tintindex":0},"down":{"uv":[0.28571,8,0,10.28571],"rotation":270,"texture":"#10","tintindex":0}}},{"from":[8.37485,-8.35,7.82048],"to":[11.37485,1.15,7.82548],"rotation":{"angle":-22.5,"axis":"y","origin":[8,-6.625,8]},"faces":{"north":{"uv":[4.8,7,7.2,14.6],"texture":"#6","tintindex":0},"south":{"uv":[7.2,7,4.8,14.6],"texture":"#6","tintindex":0}}},{"from":[11.18474,-8.35,9.12526],"to":[14.18474,1.15,9.13026],"rotation":{"angle":0,"axis":"y","origin":[8,-6.625,8]},"faces":{"north":{"uv":[2.4,7,4.8,14.6],"texture":"#6","tintindex":0},"south":{"uv":[4.8,7,2.4,14.6],"texture":"#6","tintindex":0}}},{"from":[14.14458,-8.35,6.67281],"to":[17.14458,1.15,6.67781],"rotation":{"angle":-22.5,"axis":"y","origin":[8,-6.625,8]},"faces":{"north":{"uv":[0,7,2.4,14.6],"texture":"#6","tintindex":0},"south":{"uv":[2.4,7,0,14.6],"texture":"#6","tintindex":0}}},{"from":[8.4665,-12.775,7.58752],"to":[11.4665,-6.275,7.59253],"rotation":{"angle":0,"axis":"y","origin":[8,-6.5,8]},"faces":{"north":{"uv":[12.2,7,14.6,12.2],"texture":"#6","tintindex":0},"south":{"uv":[14.6,7,12.2,12.2],"texture":"#6","tintindex":0}}},{"from":[11.35856,-12.775,8.94512],"to":[14.35857,-6.275,8.95012],"rotation":{"angle":22.5,"axis":"y","origin":[8,-6.5,8]},"faces":{"north":{"uv":[9.8,7,12.2,12.2],"texture":"#6","tintindex":0},"south":{"uv":[12.2,7,9.8,12.2],"texture":"#6","tintindex":0}}},{"from":[13.51096,-12.775,11.30611],"to":[16.51096,-6.275,11.31111],"rotation":{"angle":45,"axis":"y","origin":[8,-6.5,8]},"faces":{"north":{"uv":[7.4,7,9.8,12.2],"texture":"#6","tintindex":0},"south":{"uv":[9.8,7,7.4,12.2],"texture":"#6","tintindex":0}}},{"from":[9.62485,-6.225,7.69548],"to":[10.12485,-5.225,7.94548],"rotation":{"angle":-22.5,"axis":"y","origin":[8,-6.5,8]},"faces":{"north":{"uv":[2.28571,8,2.85714,9.14286],"texture":"#10","tintindex":0},"east":{"uv":[8,12.57143,8.28571,13.71429],"texture":"#10","tintindex":0},"south":{"uv":[1.14286,8,1.71429,9.14286],"texture":"#10","tintindex":0},"west":{"uv":[12.57143,8.57143,12.85714,9.71429],"texture":"#10","tintindex":0},"up":{"uv":[15.14286,4,14.85714,3.42857],"rotation":90,"texture":"#10","tintindex":0},"down":{"uv":[4.85714,14.85714,4.57143,15.42857],"rotation":270,"texture":"#10","tintindex":0}}},{"from":[9.12485,-5.725,7.69548],"to":[9.62485,-5.225,7.94548],"rotation":{"angle":-22.5,"axis":"y","origin":[8,-6.5,8]},"faces":{"north":{"uv":[10.28571,12.57143,10.85714,13.14286],"texture":"#10","tintindex":0},"east":{"uv":[5.71429,14.85714,6,15.42857],"texture":"#10","tintindex":0},"south":{"uv":[9.14286,12.57143,9.71429,13.14286],"texture":"#10","tintindex":0},"west":{"uv":[6.85714,14.85714,7.14286,15.42857],"texture":"#10","tintindex":0},"up":{"uv":[15.14286,8,14.85714,7.42857],"rotation":90,"texture":"#10","tintindex":0},"down":{"uv":[15.14286,8.57143,14.85714,9.14286],"rotation":270,"texture":"#10","tintindex":0}}},{"from":[9.12485,-5.975,7.69548],"to":[9.37485,-5.725,7.94548],"rotation":{"angle":-22.5,"axis":"y","origin":[8,-6.5,8]},"faces":{"north":{"uv":[15.42857,5.71429,15.71429,6],"texture":"#10","tintindex":0},"east":{"uv":[11.42857,14.85714,11.71429,15.14286],"texture":"#10","tintindex":0},"south":{"uv":[14.85714,12.57143,15.14286,12.85714],"texture":"#10","tintindex":0},"west":{"uv":[15.42857,4.57143,15.71429,4.85714],"texture":"#10","tintindex":0},"up":{"uv":[8.28571,15.71429,8,15.42857],"rotation":90,"texture":"#10","tintindex":0},"down":{"uv":[10.57143,15.42857,10.28571,15.71429],"rotation":270,"texture":"#10","tintindex":0}}},{"from":[8.5,-10.275,7.65826],"to":[12.5,-1.775,7.66326],"rotation":{"angle":0,"axis":"y","origin":[8,-6.5,8]},"faces":{"north":{"uv":[6.4,0,9.6,6.8],"texture":"#6","tintindex":0},"south":{"uv":[9.6,0,6.4,6.8],"texture":"#6","tintindex":0}}},{"from":[8.5,-9.275,7.64576],"to":[12.5,-0.775,7.66076],"rotation":{"angle":0,"axis":"y","origin":[8,-5.5,7.9875]},"faces":{"north":{"uv":[12.8,0.8,16,7.6],"texture":"#11","tintindex":0},"south":{"uv":[16,0.8,12.8,7.6],"texture":"#11","tintindex":0}}},{"from":[12.02668,-10.275,5.9622],"to":[16.02668,-1.775,5.9672],"rotation":{"angle":-22.5,"axis":"y","origin":[8,-6.5,8]},"faces":{"north":{"uv":[3.2,0,6.4,6.8],"texture":"#6","tintindex":0},"south":{"uv":[6.4,0,3.2,6.8],"texture":"#6","tintindex":0}}},{"from":[14.63585,-10.275,3.04564],"to":[18.67256,-1.775,3.05064],"rotation":{"angle":-45,"axis":"y","origin":[8,-6.5,8]},"faces":{"north":{"uv":[0,0,3.2,6.8],"texture":"#6","tintindex":0},"south":{"uv":[3.2,0,0,6.8],"texture":"#6","tintindex":0}}},{"from":[8.4665,-11.025,7.58752],"to":[11.4665,-4.525,7.60253],"rotation":{"angle":0,"axis":"y","origin":[8,-4.75,8]},"faces":{"north":{"uv":[13.6,9.3,16,14.5],"texture":"#11","tintindex":0},"south":{"uv":[16,9.3,13.6,14.5],"texture":"#11","tintindex":0}}},{"from":[11.35474,-11.025,8.94588],"to":[14.35474,-4.525,8.96088],"rotation":{"angle":22.5,"axis":"y","origin":[7.99617,-4.75,8.00076]},"faces":{"north":{"uv":[11.2,9.3,13.6,14.5],"texture":"#11","tintindex":0},"south":{"uv":[13.6,9.3,11.2,14.5],"texture":"#11","tintindex":0}}},{"from":[12.02668,-9.275,5.9497],"to":[16.02668,-0.775,5.9647],"rotation":{"angle":-22.5,"axis":"y","origin":[8,-5.5,7.98751]},"faces":{"north":{"uv":[9.6,0.8,12.8,7.6],"texture":"#11","tintindex":0},"south":{"uv":[12.8,0.8,9.6,7.6],"texture":"#11","tintindex":0}}},{"from":[14.63585,-9.275,3.03314],"to":[18.67256,-0.775,3.04814],"rotation":{"angle":-45,"axis":"y","origin":[8,-5.5,7.9875]},"faces":{"north":{"uv":[6.4,0.8,9.6,7.6],"texture":"#11","tintindex":0},"south":{"uv":[9.6,0.8,6.4,7.6],"texture":"#11","tintindex":0}}},{"from":[14.14075,-4.975,6.67205],"to":[17.14075,4.525,6.68705],"rotation":{"angle":-22.5,"axis":"y","origin":[7.99617,-3.25,7.99924]},"faces":{"north":{"uv":[0,8.4,2.4,16],"texture":"#11","tintindex":0},"south":{"uv":[2.4,8.4,0,16],"texture":"#11","tintindex":0}}},{"from":[11.18091,-4.975,9.1245],"to":[14.18091,4.525,9.1395],"rotation":{"angle":0,"axis":"y","origin":[7.99617,-3.25,7.99924]},"faces":{"north":{"uv":[2.4,8.4,4.8,16],"texture":"#11","tintindex":0},"south":{"uv":[4.8,8.4,2.4,16],"texture":"#11","tintindex":0}}},{"from":[8.37485,-4.975,7.82048],"to":[11.37485,4.525,7.83548],"rotation":{"angle":-22.5,"axis":"y","origin":[8,-3.25,8]},"faces":{"north":{"uv":[4.8,8.4,7.2,16],"texture":"#11","tintindex":0},"south":{"uv":[7.2,8.4,4.8,16],"texture":"#11","tintindex":0}}},{"from":[4.62515,-4.975,7.82048],"to":[7.62516,4.525,7.83548],"rotation":{"angle":22.5,"axis":"y","origin":[8,-3.25,8]},"faces":{"north":{"uv":[7.2,8.4,4.8,16],"texture":"#11","tintindex":0},"south":{"uv":[4.8,8.4,7.2,16],"texture":"#11","tintindex":0}}},{"from":[1.81909,-4.975,9.1245],"to":[4.81909,4.525,9.1395],"rotation":{"angle":0,"axis":"y","origin":[8.00383,-3.25,7.99924]},"faces":{"north":{"uv":[4.8,8.4,2.4,16],"texture":"#11","tintindex":0},"south":{"uv":[2.4,8.4,4.8,16],"texture":"#11","tintindex":0}}},{"from":[-1.14074,-4.975,6.67205],"to":[1.85926,4.525,6.68705],"rotation":{"angle":22.5,"axis":"y","origin":[8.00383,-3.25,7.99924]},"faces":{"north":{"uv":[2.4,8.4,0,16],"texture":"#11","tintindex":0},"south":{"uv":[0,8.4,2.4,16],"texture":"#11","tintindex":0}}},{"from":[-0.02668,-9.275,5.9497],"to":[3.97332,-0.775,5.9647],"rotation":{"angle":22.5,"axis":"y","origin":[8,-5.5,7.98751]},"faces":{"north":{"uv":[12.8,0.8,9.6,7.6],"texture":"#11","tintindex":0},"south":{"uv":[9.6,0.8,12.8,7.6],"texture":"#11","tintindex":0}}},{"from":[-2.67256,-9.275,3.03314],"to":[1.36415,-0.775,3.04814],"rotation":{"angle":45,"axis":"y","origin":[8,-5.5,7.9875]},"faces":{"north":{"uv":[9.6,0.8,6.4,7.6],"texture":"#11","tintindex":0},"south":{"uv":[6.4,0.8,9.6,7.6],"texture":"#11","tintindex":0}}},{"from":[4.5335,-11.025,7.58752],"to":[7.5335,-4.525,7.60253],"rotation":{"angle":0,"axis":"y","origin":[8,-4.75,8]},"faces":{"north":{"uv":[16,9.3,13.6,14.5],"texture":"#11","tintindex":0},"south":{"uv":[13.6,9.3,16,14.5],"texture":"#11","tintindex":0}}},{"from":[3.5,-9.275,7.64576],"to":[7.5,-0.775,7.66076],"rotation":{"angle":0,"axis":"y","origin":[8,-5.5,7.9875]},"faces":{"north":{"uv":[16,0.8,12.8,7.6],"texture":"#11","tintindex":0},"south":{"uv":[12.8,0.8,16,7.6],"texture":"#11","tintindex":0}}},{"from":[1.64527,-11.025,8.94588],"to":[4.64527,-4.525,8.96088],"rotation":{"angle":-22.5,"axis":"y","origin":[8.00383,-4.75,8.00076]},"faces":{"north":{"uv":[13.6,9.3,11.2,14.5],"texture":"#11","tintindex":0},"south":{"uv":[11.2,9.3,13.6,14.5],"texture":"#11","tintindex":0}}},{"from":[7.0416,-6.48039,7.41001],"to":[7.5416,-5.73039,7.90651],"rotation":{"angle":-22.5,"axis":"z","origin":[8,-6.5,8]},"faces":{"north":{"uv":[4,9.71429,3.42857,10.57143],"texture":"#10","tintindex":0},"east":{"uv":[2.85714,9.71429,2.28571,10.57143],"texture":"#10","tintindex":0},"south":{"uv":[10.28571,1.71429,9.71429,2.57143],"texture":"#10","tintindex":0},"west":{"uv":[1.71429,9.71429,1.14286,10.57143],"texture":"#10","tintindex":0},"up":{"uv":[13.14286,1.71429,12.57143,2.28571],"rotation":90,"texture":"#10","tintindex":0}}},{"from":[7.33617,-6.43344,7.40826],"to":[7.83617,-5.80844,7.90826],"rotation":{"angle":22.5,"axis":"z","origin":[8,-6.5,8]},"faces":{"north":{"uv":[1.71429,11.42857,1.14286,12.14286],"texture":"#10","tintindex":0},"east":{"uv":[10.85714,10.85714,10.28571,11.57143],"texture":"#10","tintindex":0},"south":{"uv":[9.71429,10.85714,9.14286,11.57143],"texture":"#10","tintindex":0},"west":{"uv":[8.57143,10.85714,8,11.57143],"texture":"#10","tintindex":0},"up":{"uv":[2.85714,12.57143,2.28571,13.14286],"rotation":90,"texture":"#10","tintindex":0},"down":{"uv":[13.14286,3.42857,12.57143,2.85714],"rotation":270,"texture":"#10","tintindex":0}}},{"from":[5.33449,-7.3125,7.4752],"to":[6.33449,-6.8125,7.8417],"rotation":{"angle":-22.5,"axis":"z","origin":[8,-6.5,8]},"faces":{"north":{"uv":[8,6.85714,6.85714,7.42857],"texture":"#10","tintindex":0},"south":{"uv":[6.28571,6.85714,5.14286,7.42857],"texture":"#10","tintindex":0},"up":{"uv":[10.14286,3.42857,9.71429,4.57143],"rotation":90,"texture":"#10","tintindex":0},"down":{"uv":[5,10.85714,4.57143,9.71429],"rotation":270,"texture":"#10","tintindex":0}}},{"from":[6.33449,-7.3125,7.4752],"to":[6.83449,-6.4375,7.8417],"rotation":{"angle":-22.5,"axis":"z","origin":[8,-6.5,8]},"faces":{"north":{"uv":[9.14286,3.42857,8.57143,4.42857],"texture":"#10","tintindex":0},"east":{"uv":[11.28571,5.71429,10.85714,6.71429],"texture":"#10","tintindex":0},"south":{"uv":[9.14286,1.71429,8.57143,2.71429],"texture":"#10","tintindex":0},"west":{"uv":[0.42857,10.85714,0,11.85714],"texture":"#10","tintindex":0},"up":{"uv":[13.57143,5.14286,13.14286,5.71429],"rotation":90,"texture":"#10","tintindex":0},"down":{"uv":[13.57143,6.85714,13.14286,6.28571],"rotation":270,"texture":"#10","tintindex":0}}},{"from":[6.7415,-6.02811,7.47539],"to":[7.8665,-5.27811,7.84039],"rotation":{"angle":22.5,"axis":"z","origin":[8,-6.5,8]},"faces":{"north":{"uv":[5.85714,0,4.57143,0.85714],"texture":"#10","tintindex":0},"south":{"uv":[1.28571,4.57143,0,5.42857],"texture":"#10","tintindex":0},"up":{"uv":[9,5.14286,8.57143,6.42857],"rotation":90,"texture":"#10","tintindex":0},"down":{"uv":[9,8.71429,8.57143,7.42857],"rotation":270,"texture":"#10","tintindex":0}}},{"from":[7.45152,-5.2928,7.35001],"to":[7.95152,-4.5428,7.96651],"rotation":{"angle":0,"axis":"x","origin":[8,-6.5,8]},"faces":{"north":{"uv":[6.28571,9.71429,5.71429,10.57143],"texture":"#10","tintindex":0},"east":{"uv":[5.85714,8,5.14286,8.85714],"texture":"#10","tintindex":0},"south":{"uv":[10.28571,5.14286,9.71429,6],"texture":"#10","tintindex":0},"west":{"uv":[4.14286,8,3.42857,8.85714],"texture":"#10","tintindex":0},"up":{"uv":[11.57143,7.42857,10.85714,8],"rotation":90,"texture":"#10","tintindex":0},"down":{"uv":[3,12,2.28571,11.42857],"rotation":270,"texture":"#10","tintindex":0}}},{"from":[7.94434,-5.6121,7.35076],"to":[8.94433,-4.8621,7.96576],"rotation":{"angle":45,"axis":"z","origin":[8,-6.5,8]},"faces":{"north":{"uv":[5.14286,4.57143,4,5.42857],"texture":"#10","tintindex":0},"south":{"uv":[3.42857,4.57143,2.28571,5.42857],"texture":"#10","tintindex":0},"up":{"uv":[6.42857,5.14286,5.71429,6.28571],"rotation":90,"texture":"#10","tintindex":0},"down":{"uv":[0.71429,7.42857,0,6.28571],"rotation":270,"texture":"#10","tintindex":0}}},{"from":[6.89087,-6.0428,7.35001],"to":[7.39087,-5.2928,7.96651],"rotation":{"angle":0,"axis":"x","origin":[8,-6.5,8]},"faces":{"north":{"uv":[10.28571,6.85714,9.71429,7.71429],"texture":"#10","tintindex":0},"east":{"uv":[9.28571,0,8.57143,0.85714],"texture":"#10","tintindex":0},"south":{"uv":[7.42857,9.71429,6.85714,10.57143],"texture":"#10","tintindex":0},"west":{"uv":[7.57143,8,6.85714,8.85714],"texture":"#10","tintindex":0},"up":{"uv":[4.71429,11.42857,4,12],"rotation":90,"texture":"#10","tintindex":0},"down":{"uv":[6.42857,12,5.71429,11.42857],"rotation":270,"texture":"#10","tintindex":0}}},{"from":[7.1165,-6.90311,7.53826],"to":[7.8665,-6.02811,7.77826],"rotation":{"angle":22.5,"axis":"z","origin":[8,-6.5,8]},"faces":{"north":{"uv":[6.57143,3.42857,5.71429,4.42857],"texture":"#10","tintindex":0},"south":{"uv":[6,1.71429,5.14286,2.71429],"texture":"#10","tintindex":0},"west":{"uv":[1.42857,13.14286,1.14286,14.14286],"texture":"#10","tintindex":0},"down":{"uv":[14,0.85714,13.71429,0],"rotation":270,"texture":"#10","tintindex":0}}},{"from":[6.03796,-4.51138,7.47058],"to":[6.53796,-3.88638,7.84558],"rotation":{"angle":45,"axis":"z","origin":[8,-6.5,8]},"faces":{"north":{"uv":[12,10.28571,11.42857,11],"texture":"#10","tintindex":0},"east":{"uv":[13,12,12.57143,12.71429],"texture":"#10","tintindex":0},"south":{"uv":[12,8.57143,11.42857,9.28571],"texture":"#10","tintindex":0},"west":{"uv":[13,10.28571,12.57143,11],"texture":"#10","tintindex":0},"up":{"uv":[14.14286,1.71429,13.71429,2.28571],"rotation":90,"texture":"#10","tintindex":0},"down":{"uv":[2.71429,14.28571,2.28571,13.71429],"rotation":270,"texture":"#10","tintindex":0}}},{"from":[4.83449,-7.3125,7.4752],"to":[5.33449,-6.8125,7.8417],"rotation":{"angle":-22.5,"axis":"z","origin":[8,-6.5,8]},"faces":{"north":{"uv":[13.14286,4,12.57143,4.57143],"texture":"#10","tintindex":0},"east":{"uv":[3.85714,13.71429,3.42857,14.28571],"texture":"#10","tintindex":0},"south":{"uv":[4,12.57143,3.42857,13.14286],"texture":"#10","tintindex":0},"west":{"uv":[14.14286,2.85714,13.71429,3.42857],"texture":"#10","tintindex":0},"up":{"uv":[14.14286,4,13.71429,4.57143],"rotation":90,"texture":"#10","tintindex":0}}},{"from":[4.9553,-5.76867,7.47826],"to":[5.4178,-5.39367,7.83826],"rotation":{"angle":0,"axis":"y","origin":[8,-6.5,8]},"faces":{"north":{"uv":[6.28571,13.71429,5.71429,14.14286],"texture":"#10","tintindex":0},"east":{"uv":[14.71429,6.28571,14.28571,6.71429],"texture":"#10","tintindex":0},"south":{"uv":[5.14286,13.71429,4.57143,14.14286],"texture":"#10","tintindex":0},"west":{"uv":[14.71429,5.14286,14.28571,5.57143],"texture":"#10","tintindex":0},"up":{"uv":[7.28571,13.71429,6.85714,14.28571],"rotation":90,"texture":"#10","tintindex":0}}},{"from":[6.98752,-8.07961,7.53539],"to":[7.48752,-7.5796,7.78189],"rotation":{"angle":-45,"axis":"z","origin":[8,-6.5,8]},"faces":{"north":{"uv":[6.28571,12.57143,5.71429,13.14286],"texture":"#10","tintindex":0},"east":{"uv":[15.14286,1.14286,14.85714,1.71429],"texture":"#10","tintindex":0},"south":{"uv":[5.14286,12.57143,4.57143,13.14286],"texture":"#10","tintindex":0},"west":{"uv":[1.42857,14.85714,1.14286,15.42857],"texture":"#10","tintindex":0}}},{"from":[6.30646,-6.43968,7.53364],"to":[6.80646,-5.81468,7.78364],"rotation":{"angle":22.5,"axis":"z","origin":[8,-6.5,8]},"faces":{"north":{"uv":[12,12,11.42857,12.71429],"texture":"#10","tintindex":0},"east":{"uv":[10.57143,13.71429,10.28571,14.42857],"texture":"#10","tintindex":0},"south":{"uv":[12.57143,5.71429,12,6.42857],"texture":"#10","tintindex":0},"west":{"uv":[14,9.71429,13.71429,10.42857],"texture":"#10","tintindex":0},"down":{"uv":[2.57143,15.42857,2.28571,14.85714],"rotation":270,"texture":"#10","tintindex":0}}},{"from":[6.98752,-8.32961,7.53539],"to":[7.61252,-8.07961,7.78189],"rotation":{"angle":-45,"axis":"z","origin":[8,-6.5,8]},"faces":{"north":{"uv":[14.42857,11.42857,13.71429,11.71429],"texture":"#10","tintindex":0},"east":{"uv":[15.14286,9.71429,14.85714,10],"texture":"#10","tintindex":0},"south":{"uv":[12.14286,13.71429,11.42857,14],"texture":"#10","tintindex":0},"west":{"uv":[9.42857,14.85714,9.14286,15.14286],"texture":"#10","tintindex":0},"up":{"uv":[14,12.57143,13.71429,13.28571],"rotation":90,"texture":"#10","tintindex":0},"down":{"uv":[0.28571,15,0,14.28571],"rotation":270,"texture":"#10","tintindex":0}}},{"from":[6.53302,-3.9802,7.47951],"to":[6.86802,-3.4802,7.83701],"rotation":{"angle":45,"axis":"z","origin":[8,-6.5,8]},"faces":{"north":{"uv":[13.14286,7.42857,12.57143,8],"texture":"#10","tintindex":0},"east":{"uv":[14.14286,8.57143,13.71429,9.14286],"texture":"#10","tintindex":0},"south":{"uv":[7.42857,12.57143,6.85714,13.14286],"texture":"#10","tintindex":0},"west":{"uv":[14.14286,7.42857,13.71429,8],"texture":"#10","tintindex":0},"up":{"uv":[9.57143,13.71429,9.14286,14.28571],"rotation":90,"texture":"#10","tintindex":0}}},{"from":[5.87516,-6.725,7.69548],"to":[7.87516,-6.225,7.94548],"rotation":{"angle":22.5,"axis":"y","origin":[8,-6.5,8]},"faces":{"north":{"uv":[2.28571,1.14286,0,1.71429],"texture":"#10","tintindex":0},"east":{"uv":[3.71429,14.85714,3.42857,15.42857],"texture":"#10","tintindex":0},"south":{"uv":[2.28571,0,0,0.57143],"texture":"#10","tintindex":0},"west":{"uv":[15.14286,2.28571,14.85714,2.85714],"texture":"#10","tintindex":0},"up":{"uv":[7.71429,3.42857,7.42857,5.71429],"rotation":90,"texture":"#10","tintindex":0},"down":{"uv":[0.28571,10.28571,0,8],"rotation":270,"texture":"#10","tintindex":0}}},{"from":[5.87516,-6.225,7.69548],"to":[6.37516,-5.225,7.94548],"rotation":{"angle":22.5,"axis":"y","origin":[8,-6.5,8]},"faces":{"north":{"uv":[2.85714,8,2.28571,9.14286],"texture":"#10","tintindex":0},"east":{"uv":[12.85714,8.57143,12.57143,9.71429],"texture":"#10","tintindex":0},"south":{"uv":[1.71429,8,1.14286,9.14286],"texture":"#10","tintindex":0},"west":{"uv":[8.28571,12.57143,8,13.71429],"texture":"#10","tintindex":0},"up":{"uv":[15.14286,3.42857,14.85714,4],"rotation":90,"texture":"#10","tintindex":0},"down":{"uv":[4.85714,15.42857,4.57143,14.85714],"rotation":270,"texture":"#10","tintindex":0}}},{"from":[6.37516,-5.725,7.69548],"to":[6.87516,-5.225,7.94548],"rotation":{"angle":22.5,"axis":"y","origin":[8,-6.5,8]},"faces":{"north":{"uv":[10.85714,12.57143,10.28571,13.14286],"texture":"#10","tintindex":0},"east":{"uv":[7.14286,14.85714,6.85714,15.42857],"texture":"#10","tintindex":0},"south":{"uv":[9.71429,12.57143,9.14286,13.14286],"texture":"#10","tintindex":0},"west":{"uv":[6,14.85714,5.71429,15.42857],"texture":"#10","tintindex":0},"up":{"uv":[15.14286,7.42857,14.85714,8],"rotation":90,"texture":"#10","tintindex":0},"down":{"uv":[15.14286,9.14286,14.85714,8.57143],"rotation":270,"texture":"#10","tintindex":0}}},{"from":[6.62516,-5.975,7.69548],"to":[6.87516,-5.725,7.94548],"rotation":{"angle":22.5,"axis":"y","origin":[8,-6.5,8]},"faces":{"north":{"uv":[15.71429,5.71429,15.42857,6],"texture":"#10","tintindex":0},"east":{"uv":[15.71429,4.57143,15.42857,4.85714],"texture":"#10","tintindex":0},"south":{"uv":[15.14286,12.57143,14.85714,12.85714],"texture":"#10","tintindex":0},"west":{"uv":[11.71429,14.85714,11.42857,15.14286],"texture":"#10","tintindex":0},"up":{"uv":[8.28571,15.42857,8,15.71429],"rotation":90,"texture":"#10","tintindex":0},"down":{"uv":[10.57143,15.71429,10.28571,15.42857],"rotation":270,"texture":"#10","tintindex":0}}},{"from":[3.5,-10.275,7.65826],"to":[7.5,-1.775,7.66326],"rotation":{"angle":0,"axis":"y","origin":[8,-6.5,8]},"faces":{"north":{"uv":[9.6,0,6.4,6.8],"texture":"#6","tintindex":0},"south":{"uv":[6.4,0,9.6,6.8],"texture":"#6","tintindex":0}}},{"from":[-0.02668,-10.275,5.9622],"to":[3.97332,-1.775,5.9672],"rotation":{"angle":22.5,"axis":"y","origin":[8,-6.5,8]},"faces":{"north":{"uv":[6.4,0,3.2,6.8],"texture":"#6","tintindex":0},"south":{"uv":[3.2,0,6.4,6.8],"texture":"#6","tintindex":0}}},{"from":[-2.67256,-10.275,3.04564],"to":[1.36415,-1.775,3.05064],"rotation":{"angle":45,"axis":"y","origin":[8,-6.5,8]},"faces":{"north":{"uv":[3.2,0,0,6.8],"texture":"#6","tintindex":0},"south":{"uv":[0,0,3.2,6.8],"texture":"#6","tintindex":0}}},{"from":[4.62515,-8.35,7.82048],"to":[7.62516,1.15,7.82548],"rotation":{"angle":22.5,"axis":"y","origin":[8,-6.625,8]},"faces":{"north":{"uv":[7.2,7,4.8,14.6],"texture":"#6","tintindex":0},"south":{"uv":[4.8,7,7.2,14.6],"texture":"#6","tintindex":0}}},{"from":[1.81526,-8.35,9.12526],"to":[4.81526,1.15,9.13026],"rotation":{"angle":0,"axis":"y","origin":[8,-6.625,8]},"faces":{"north":{"uv":[4.8,7,2.4,14.6],"texture":"#6","tintindex":0},"south":{"uv":[2.4,7,4.8,14.6],"texture":"#6","tintindex":0}}},{"from":[-1.14457,-8.35,6.67281],"to":[1.85543,1.15,6.67781],"rotation":{"angle":22.5,"axis":"y","origin":[8,-6.625,8]},"faces":{"north":{"uv":[2.4,7,0,14.6],"texture":"#6","tintindex":0},"south":{"uv":[0,7,2.4,14.6],"texture":"#6","tintindex":0}}},{"from":[-0.51095,-12.775,11.30611],"to":[2.48905,-6.275,11.31111],"rotation":{"angle":-45,"axis":"y","origin":[8,-6.5,8]},"faces":{"north":{"uv":[9.8,7,7.4,12.2],"texture":"#6","tintindex":0},"south":{"uv":[7.4,7,9.8,12.2],"texture":"#6","tintindex":0}}},{"from":[1.64143,-12.775,8.94512],"to":[4.64143,-6.275,8.95012],"rotation":{"angle":-22.5,"axis":"y","origin":[8,-6.5,8]},"faces":{"north":{"uv":[12.2,7,9.8,12.2],"texture":"#6","tintindex":0},"south":{"uv":[9.8,7,12.2,12.2],"texture":"#6","tintindex":0}}},{"from":[4.5335,-12.775,7.58752],"to":[7.5335,-6.275,7.59253],"rotation":{"angle":0,"axis":"y","origin":[8,-6.5,8]},"faces":{"north":{"uv":[14.6,7,12.2,12.2],"texture":"#6","tintindex":0},"south":{"uv":[12.2,7,14.6,12.2],"texture":"#6","tintindex":0}}},{"from":[4,-8.5,10.5],"to":[12,-0.5,10.505],"rotation":{"angle":0,"axis":"y","origin":[4,-8.5,10]},"faces":{"north":{"uv":[0,0,9.14286,9.14286],"texture":"#8","tintindex":0},"south":{"uv":[9.14286,0,0,9.14286],"texture":"#8","tintindex":0}}},{"from":[5,-7.5,11.5],"to":[11,-1.5,11.505],"rotation":{"angle":-45,"axis":"z","origin":[8,-4.5,11.5025]},"faces":{"north":{"uv":[9.14286,9.14286,16,16],"texture":"#8","tintindex":0},"south":{"uv":[16,9.14286,9.14286,16],"texture":"#8","tintindex":0}}}],"gui_light":"front","display":{"thirdperson_righthand":{"rotation":[53,-180,0],"translation":[0,1.25,0.75],"scale":[0.6,0.6,0.6]},"thirdperson_lefthand":{"rotation":[67.75,0,0],"translation":[-5.5,-9.5,10]},"firstperson_righthand":{"rotation":[-5,0,0],"translation":[2.25,2,0],"scale":[0.7,0.7,0.7]},"firstperson_lefthand":{"rotation":[-5,0,0],"translation":[2.25,2,0],"scale":[0.7,0.7,0.7]},"ground":{"rotation":[-45,0,0],"translation":[0,5,0],"scale":[0.7,0.7,0.7]},"gui":{"rotation":[0,-180,0],"translation":[0,13.75,0],"scale":[0.98,0.98,0.98]},"head":{"translation":[0,-49,13.5],"scale":[4,4,4]},"fixed":{"rotation":[0,-180,0],"translation":[0,0,-9],"scale":[2,2,2]}},"mcmodels":"64affc1f70b61f685488f1f00b4e156d"}