{"format_version":"1.9.0","credit":"Pologony Creation Co.,Ltd.","texture_size":[28,28],"textures":{"2":"plny_aurion_set:gold_gems","4":"plny_aurion_set:gold_gems_outline","5":"plny_aurion_set:animated/animated_1","6":"plny_aurion_set:wings_2","8":"plny_aurion_set:animated/circle_animated","10":"plny_aurion_set:wings_1","11":"plny_aurion_set:animated/wings_2_animated","particle":"plny_aurion_set:gold_gems_outline"},"elements":[{"from":[8.91681,8.03922,6.82002],"to":[9.91681,9.53922,7.81302],"rotation":{"angle":22.5,"axis":"z","origin":[8,8,8]},"faces":{"north":{"uv":[3.42857,9.71429,4,10.57143],"texture":"#10"},"east":{"uv":[1.14286,9.71429,1.71429,10.57143],"texture":"#10"},"south":{"uv":[9.71429,1.71429,10.28571,2.57143],"texture":"#10"},"west":{"uv":[2.28571,9.71429,2.85714,10.57143],"texture":"#10"},"up":{"uv":[13.14286,2.28571,12.57143,1.71429],"rotation":90,"texture":"#10"}}},{"from":[8.32766,8.13311,6.81652],"to":[9.32766,9.38311,7.81652],"rotation":{"angle":-22.5,"axis":"z","origin":[8,8,8]},"faces":{"north":{"uv":[1.14286,11.42857,1.71429,12.14286],"texture":"#10"},"east":{"uv":[8,10.85714,8.57143,11.57143],"texture":"#10"},"south":{"uv":[9.14286,10.85714,9.71429,11.57143],"texture":"#10"},"west":{"uv":[10.28571,10.85714,10.85714,11.57143],"texture":"#10"},"up":{"uv":[2.85714,13.14286,2.28571,12.57143],"rotation":90,"texture":"#10"},"down":{"uv":[13.14286,2.85714,12.57143,3.42857],"rotation":270,"texture":"#10"}}},{"from":[11.33102,6.375,6.9504],"to":[13.33102,7.375,7.6834],"rotation":{"angle":22.5,"axis":"z","origin":[8,8,8]},"faces":{"north":{"uv":[6.85714,6.85714,8,7.42857],"texture":"#10"},"south":{"uv":[5.14286,6.85714,6.28571,7.42857],"texture":"#10"},"up":{"uv":[10.14286,4.57143,9.71429,3.42857],"rotation":90,"texture":"#10"},"down":{"uv":[5,9.71429,4.57143,10.85714],"rotation":270,"texture":"#10"}}},{"from":[10.33102,6.37499,6.9504],"to":[11.33102,8.12499,7.6834],"rotation":{"angle":22.5,"axis":"z","origin":[8,8,8]},"faces":{"north":{"uv":[8.57143,3.42857,9.14286,4.42857],"texture":"#10"},"east":{"uv":[0,10.85714,0.42857,11.85714],"texture":"#10"},"south":{"uv":[8.57143,1.71429,9.14286,2.71429],"texture":"#10"},"west":{"uv":[10.85714,5.71429,11.28571,6.71429],"texture":"#10"},"up":{"uv":[13.57143,5.71429,13.14286,5.14286],"rotation":90,"texture":"#10"},"down":{"uv":[13.57143,6.28571,13.14286,6.85714],"rotation":270,"texture":"#10"}}},{"from":[8.267,8.94377,6.95077],"to":[10.517,10.44377,7.68077],"rotation":{"angle":-22.5,"axis":"z","origin":[8,8,8]},"faces":{"north":{"uv":[4.57143,0,5.85714,0.85714],"texture":"#10"},"south":{"uv":[0,4.57143,1.28571,5.42857],"texture":"#10"},"up":{"uv":[9,6.42857,8.57143,5.14286],"rotation":90,"texture":"#10"},"down":{"uv":[9,7.42857,8.57143,8.71429],"rotation":270,"texture":"#10"}}},{"from":[8.09696,10.4144,6.70002],"to":[9.09696,11.9144,7.93302],"rotation":{"angle":0,"axis":"x","origin":[8,8,8]},"faces":{"north":{"uv":[5.71429,9.71429,6.28571,10.57143],"texture":"#10"},"east":{"uv":[3.42857,8,4.14286,8.85714],"texture":"#10"},"south":{"uv":[9.71429,5.14286,10.28571,6],"texture":"#10"},"west":{"uv":[5.14286,8,5.85714,8.85714],"texture":"#10"},"up":{"uv":[11.57143,8,10.85714,7.42857],"rotation":90,"texture":"#10"},"down":{"uv":[3,11.42857,2.28571,12],"rotation":270,"texture":"#10"}}},{"from":[6.11133,9.77579,6.70152],"to":[8.11133,11.27579,7.93152],"rotation":{"angle":-45,"axis":"z","origin":[8,8,8]},"faces":{"north":{"uv":[4,4.57143,5.14286,5.42857],"texture":"#10"},"south":{"uv":[2.28571,4.57143,3.42857,5.42857],"texture":"#10"},"up":{"uv":[6.42857,6.28571,5.71429,5.14286],"rotation":90,"texture":"#10"},"down":{"uv":[0.71429,6.28571,0,7.42857],"rotation":270,"texture":"#10"}}},{"from":[9.21827,8.91439,6.70002],"to":[10.21827,10.41439,7.93302],"rotation":{"angle":0,"axis":"x","origin":[8,8,8]},"faces":{"north":{"uv":[9.71429,6.85714,10.28571,7.71429],"texture":"#10"},"east":{"uv":[6.85714,8,7.57143,8.85714],"texture":"#10"},"south":{"uv":[6.85714,9.71429,7.42857,10.57143],"texture":"#10"},"west":{"uv":[8.57143,0,9.28571,0.85714],"texture":"#10"},"up":{"uv":[4.71429,12,4,11.42857],"rotation":90,"texture":"#10"},"down":{"uv":[6.42857,11.42857,5.71429,12],"rotation":270,"texture":"#10"}}},{"from":[8.267,7.19377,7.07652],"to":[9.767,8.94377,7.55652],"rotation":{"angle":-22.5,"axis":"z","origin":[8,8,8]},"faces":{"north":{"uv":[5.71429,3.42857,6.57143,4.42857],"texture":"#10"},"east":{"uv":[1.14286,13.14286,1.42857,14.14286],"texture":"#10"},"south":{"uv":[5.14286,1.71429,6,2.71429],"texture":"#10"},"down":{"uv":[14,0,13.71429,0.85714],"rotation":270,"texture":"#10"}}},{"from":[10.92409,11.97724,6.94115],"to":[11.92409,13.22724,7.69115],"rotation":{"angle":-45,"axis":"z","origin":[8,8,8]},"faces":{"north":{"uv":[11.42857,10.28571,12,11],"texture":"#10"},"east":{"uv":[12.57143,10.28571,13,11],"texture":"#10"},"south":{"uv":[11.42857,8.57143,12,9.28571],"texture":"#10"},"west":{"uv":[12.57143,12,13,12.71429],"texture":"#10"},"up":{"uv":[14.14286,2.28571,13.71429,1.71429],"rotation":90,"texture":"#10"},"down":{"uv":[2.71429,13.71429,2.28571,14.28571],"rotation":270,"texture":"#10"}}},{"from":[13.33102,6.375,6.9504],"to":[14.33102,7.375,7.6834],"rotation":{"angle":22.5,"axis":"z","origin":[8,8,8]},"faces":{"north":{"uv":[12.57143,4,13.14286,4.57143],"texture":"#10"},"east":{"uv":[13.71429,2.85714,14.14286,3.42857],"texture":"#10"},"south":{"uv":[3.42857,12.57143,4,13.14286],"texture":"#10"},"west":{"uv":[3.42857,13.71429,3.85714,14.28571],"texture":"#10"},"up":{"uv":[14.14286,4.57143,13.71429,4],"rotation":90,"texture":"#10"}}},{"from":[13.1644,9.46266,6.95652],"to":[14.0894,10.21266,7.67652],"rotation":{"angle":0,"axis":"y","origin":[8,8,8]},"faces":{"north":{"uv":[5.71429,13.71429,6.28571,14.14286],"texture":"#10"},"east":{"uv":[14.28571,5.14286,14.71429,5.57143],"texture":"#10"},"south":{"uv":[4.57143,13.71429,5.14286,14.14286],"texture":"#10"},"west":{"uv":[14.28571,6.28571,14.71429,6.71429],"texture":"#10"},"up":{"uv":[7.28571,14.28571,6.85714,13.71429],"rotation":90,"texture":"#10"}}},{"from":[9.02497,4.84079,7.07077],"to":[10.02497,5.84079,7.56377],"rotation":{"angle":45,"axis":"z","origin":[8,8,8]},"faces":{"north":{"uv":[5.71429,12.57143,6.28571,13.14286],"texture":"#10"},"east":{"uv":[1.14286,14.85714,1.42857,15.42857],"texture":"#10"},"south":{"uv":[4.57143,12.57143,5.14286,13.14286],"texture":"#10"},"west":{"uv":[14.85714,1.14286,15.14286,1.71429],"texture":"#10"}}},{"from":[10.38708,8.12064,7.06727],"to":[11.38708,9.37064,7.56727],"rotation":{"angle":-22.5,"axis":"z","origin":[8,8,8]},"faces":{"north":{"uv":[11.42857,12,12,12.71429],"texture":"#10"},"east":{"uv":[13.71429,9.71429,14,10.42857],"texture":"#10"},"south":{"uv":[12,5.71429,12.57143,6.42857],"texture":"#10"},"west":{"uv":[10.28571,13.71429,10.57143,14.42857],"texture":"#10"},"down":{"uv":[2.57143,14.85714,2.28571,15.42857],"rotation":270,"texture":"#10"}}},{"from":[8.77497,4.34079,7.07077],"to":[10.02497,4.84079,7.56377],"rotation":{"angle":45,"axis":"z","origin":[8,8,8]},"faces":{"north":{"uv":[13.71429,11.42857,14.42857,11.71429],"texture":"#10"},"east":{"uv":[9.14286,14.85714,9.42857,15.14286],"texture":"#10"},"south":{"uv":[11.42857,13.71429,12.14286,14],"texture":"#10"},"west":{"uv":[14.85714,9.71429,15.14286,10],"texture":"#10"},"up":{"uv":[14,13.28571,13.71429,12.57143],"rotation":90,"texture":"#10"},"down":{"uv":[0.28571,14.28571,0,15],"rotation":270,"texture":"#10"}}},{"from":[7.06984,8.21126,6.31402],"to":[7.78284,8.92426,8.31902],"rotation":{"angle":-45,"axis":"z","origin":[8,8,8]},"faces":{"north":{"uv":[13.14286,14.28571,13.57143,14.71429],"texture":"#10"},"east":{"uv":[8,9.71429,9.14286,10.14286],"texture":"#10"},"south":{"uv":[8,14.28571,8.42857,14.71429],"texture":"#10"},"west":{"uv":[9.71429,8.57143,10.85714,9],"texture":"#10"},"up":{"uv":[10.85714,10.14286,9.71429,9.71429],"rotation":90,"texture":"#10"},"down":{"uv":[11.42857,0,10.28571,0.42857],"rotation":270,"texture":"#10"}}},{"from":[7.95372,7.32738,6.31402],"to":[8.66672,8.04038,8.31902],"rotation":{"angle":-45,"axis":"z","origin":[8,8,8]},"faces":{"north":{"uv":[14.85714,0,15.28571,0.42857],"texture":"#10"},"east":{"uv":[10.85714,1.14286,12,1.57143],"texture":"#10"},"south":{"uv":[14.28571,14.28571,14.71429,14.71429],"texture":"#10"},"west":{"uv":[10.85714,2.28571,12,2.71429],"texture":"#10"},"up":{"uv":[12,3.85714,10.85714,3.42857],"rotation":90,"texture":"#10"},"down":{"uv":[12,4.57143,10.85714,5],"rotation":270,"texture":"#10"}}},{"from":[7.5,7.55711,6.31652],"to":[8.5,8.80711,8.31652],"rotation":{"angle":0,"axis":"y","origin":[8,8,8]},"faces":{"north":{"uv":[12.57143,0,13.14286,0.71429],"texture":"#10"},"east":{"uv":[1.71429,6.28571,2.85714,7],"texture":"#10"},"south":{"uv":[0,12.57143,0.57143,13.28571],"texture":"#10"},"west":{"uv":[3.42857,6.28571,4.57143,7],"texture":"#10"}}},{"from":[7.25,6.95,6.56652],"to":[8.75,9.45,8.06652],"rotation":{"angle":0,"axis":"y","origin":[8,8,8]},"faces":{"north":{"uv":[3.42857,2.28571,4.28571,3.71429],"texture":"#10"},"east":{"uv":[0,2.28571,0.85714,3.71429],"texture":"#10"},"south":{"uv":[1.71429,2.28571,2.57143,3.71429],"texture":"#10"},"west":{"uv":[2.85714,0,3.71429,1.42857],"texture":"#10"},"up":{"uv":[7.71429,0.85714,6.85714,0],"rotation":90,"texture":"#10"},"down":{"uv":[7.71429,1.71429,6.85714,2.57143],"rotation":270,"texture":"#10"}}},{"from":[10.26397,13.0396,6.95902],"to":[10.93397,14.0396,7.67402],"rotation":{"angle":-45,"axis":"z","origin":[8,8,8]},"faces":{"north":{"uv":[12.57143,7.42857,13.14286,8],"texture":"#10"},"east":{"uv":[13.71429,7.42857,14.14286,8],"texture":"#10"},"south":{"uv":[6.85714,12.57143,7.42857,13.14286],"texture":"#10"},"west":{"uv":[13.71429,8.57143,14.14286,9.14286],"texture":"#10"},"up":{"uv":[9.57143,14.28571,9.14286,13.71429],"rotation":90,"texture":"#10"}}},{"from":[7.13597,8.375,10.21421],"to":[8.13597,10.375,11.21421],"rotation":{"angle":-22.5,"axis":"y","origin":[8,8,8]},"faces":{"north":{"uv":[1.6,2.4,2.4,4],"texture":"#2"},"east":{"uv":[0,0,0.8,1.6],"texture":"#2"},"south":{"uv":[1.6,0,2.4,1.6],"texture":"#2"},"west":{"uv":[0,2.4,0.8,4],"texture":"#2"},"up":{"uv":[7.2,0.8,6.4,0],"rotation":90,"texture":"#2"},"down":{"uv":[7.2,1.6,6.4,2.4],"rotation":270,"texture":"#2"}}},{"from":[8.02308,8.625,10.8262],"to":[8.52308,10.625,11.3262],"rotation":{"angle":-45,"axis":"y","origin":[8,8,8]},"faces":{"north":{"uv":[1.6,7.2,2,8.8],"texture":"#2"},"east":{"uv":[6.4,3.2,6.8,4.8],"texture":"#2"},"south":{"uv":[6.4,5.6,6.8,7.2],"texture":"#2"},"west":{"uv":[0,7.2,0.4,8.8],"texture":"#2"},"up":{"uv":[5.2,14,4.8,13.6],"rotation":90,"texture":"#2"},"down":{"uv":[8.4,13.6,8,14],"rotation":270,"texture":"#2"}}},{"from":[8.84379,8.125,9.78833],"to":[9.34379,10.125,10.28833],"rotation":{"angle":-45,"axis":"y","origin":[8,8,8]},"faces":{"north":{"uv":[8,2.4,8.4,4],"texture":"#2"},"east":{"uv":[3.2,7.2,3.6,8.8],"texture":"#2"},"south":{"uv":[4.8,7.2,5.2,8.8],"texture":"#2"},"west":{"uv":[8,0,8.4,1.6],"texture":"#2"},"up":{"uv":[11.6,14,11.2,13.6],"rotation":90,"texture":"#2"},"down":{"uv":[14.8,0,14.4,0.4],"rotation":270,"texture":"#2"}}},{"from":[7.29358,10.375,10.32594],"to":[8.04358,10.875,11.07594],"rotation":{"angle":-22.5,"axis":"y","origin":[8,8,8]},"faces":{"north":{"uv":[1.6,12.8,2.2,13.2],"texture":"#2"},"east":{"uv":[8,12,8.6,12.4],"texture":"#2"},"south":{"uv":[11.2,12,11.8,12.4],"texture":"#2"},"west":{"uv":[12.8,0,13.4,0.4],"texture":"#2"},"up":{"uv":[2.2,11.8,1.6,11.2],"rotation":90,"texture":"#2"}}},{"from":[7.29358,7.875,10.32594],"to":[8.04358,8.375,11.07594],"rotation":{"angle":-22.5,"axis":"y","origin":[8,8,8]},"faces":{"north":{"uv":[12.8,4.8,13.4,5.2],"texture":"#2"},"east":{"uv":[12.8,1.6,13.4,2],"texture":"#2"},"south":{"uv":[3.2,12.8,3.8,13.2],"texture":"#2"},"west":{"uv":[12.8,3.2,13.4,3.6],"texture":"#2"},"down":{"uv":[11.8,2.4,11.2,3],"rotation":270,"texture":"#2"}}},{"name":"cube_outline","from":[8.23597,10.475,11.31421],"to":[7.03597,8.275,10.11421],"rotation":{"angle":-22.5,"axis":"y","origin":[8,8,8]},"faces":{"north":{"uv":[2,2.66667,2.83333,4.16667],"texture":"#4"},"east":{"uv":[0,0,0.83333,1.5],"texture":"#4"},"south":{"uv":[2,0,2.83333,1.5],"texture":"#4"},"west":{"uv":[0,2.66667,0.83333,4.16667],"texture":"#4"},"up":{"uv":[10.16667,0.83333,9.33333,0],"rotation":90,"texture":"#4"},"down":{"uv":[6.16667,9.33333,5.33333,10.16667],"rotation":270,"texture":"#4"}}},{"name":"cube_outline","from":[8.62308,10.725,11.4262],"to":[7.92308,8.525,10.7262],"rotation":{"angle":-45,"axis":"y","origin":[8,8,8]},"faces":{"north":{"uv":[1.33333,7.33333,1.83333,8.83333],"texture":"#4"},"east":{"uv":[6,4,6.5,5.5],"texture":"#4"},"south":{"uv":[6,6.66667,6.5,8.16667],"texture":"#4"},"west":{"uv":[0,7.33333,0.5,8.83333],"texture":"#4"},"up":{"uv":[5.83333,13.83333,5.33333,13.33333],"rotation":90,"texture":"#4"},"down":{"uv":[9.83333,13.33333,9.33333,13.83333],"rotation":270,"texture":"#4"}}},{"name":"cube_outline","from":[9.44379,10.225,10.38833],"to":[8.74379,8.025,9.68833],"rotation":{"angle":-45,"axis":"y","origin":[8,8,8]},"faces":{"north":{"uv":[8,0,8.5,1.5],"texture":"#4"},"east":{"uv":[2.66667,7.33333,3.16667,8.83333],"texture":"#4"},"south":{"uv":[7.33333,4,7.83333,5.5],"texture":"#4"},"west":{"uv":[7.33333,6.66667,7.83333,8.16667],"texture":"#4"},"up":{"uv":[13.16667,13.83333,12.66667,13.33333],"rotation":90,"texture":"#4"},"down":{"uv":[0.5,14,0,14.5],"rotation":270,"texture":"#4"}}},{"name":"cube_outline","from":[8.14358,10.975,11.17594],"to":[7.19358,10.275,10.22594],"rotation":{"angle":-22.5,"axis":"y","origin":[8,8,8]},"faces":{"north":{"uv":[4,12.66667,4.66667,13.16667],"texture":"#4"},"east":{"uv":[12,4,12.66667,4.5],"texture":"#4"},"south":{"uv":[10,12,10.66667,12.5],"texture":"#4"},"west":{"uv":[12.66667,0,13.33333,0.5],"texture":"#4"},"down":{"uv":[12,6,11.33333,6.66667],"rotation":270,"texture":"#4"}}},{"name":"cube_outline","from":[8.14358,8.475,11.17594],"to":[7.19358,7.775,10.22594],"rotation":{"angle":-22.5,"axis":"y","origin":[8,8,8]},"faces":{"north":{"uv":[8,12.66667,8.66667,13.16667],"texture":"#4"},"east":{"uv":[12.66667,5.33333,13.33333,5.83333],"texture":"#4"},"south":{"uv":[6.66667,12.66667,7.33333,13.16667],"texture":"#4"},"west":{"uv":[12.66667,6.66667,13.33333,7.16667],"texture":"#4"},"up":{"uv":[7.33333,12,6.66667,11.33333],"rotation":90,"texture":"#4"}}},{"from":[7.72949,7.625,4.19222],"to":[8.47949,8.125,4.94222],"rotation":{"angle":-22.5,"axis":"y","origin":[8,8,8]},"faces":{"north":{"uv":[9.6,12.8,10.2,13.2],"texture":"#2"},"east":{"uv":[6.4,12.8,7,13.2],"texture":"#2"},"south":{"uv":[12.8,6.4,13.4,6.8],"texture":"#2"},"west":{"uv":[12.8,8,13.4,8.4],"texture":"#2"},"down":{"uv":[3.8,11.2,3.2,11.8],"rotation":270,"texture":"#2"}}},{"from":[7.72949,9.625,4.19222],"to":[8.47949,10.125,4.94222],"rotation":{"angle":-22.5,"axis":"y","origin":[8,8,8]},"faces":{"north":{"uv":[0,13.6,0.6,14],"texture":"#2"},"east":{"uv":[12.8,9.6,13.4,10],"texture":"#2"},"south":{"uv":[12.8,11.2,13.4,11.6],"texture":"#2"},"west":{"uv":[12.8,12.8,13.4,13.2],"texture":"#2"},"up":{"uv":[11.8,4.6,11.2,4],"rotation":90,"texture":"#2"}}},{"from":[6.72247,8.375,4.13148],"to":[7.22247,10.375,4.63148],"rotation":{"angle":-45,"axis":"y","origin":[8,8,8]},"faces":{"north":{"uv":[0,9.6,0.4,11.2],"texture":"#2"},"east":{"uv":[8,4.8,8.4,6.4],"texture":"#2"},"south":{"uv":[6.4,8,6.8,9.6],"texture":"#2"},"west":{"uv":[8,7.2,8.4,8.8],"texture":"#2"},"up":{"uv":[2,14.8,1.6,14.4],"rotation":90,"texture":"#2"},"down":{"uv":[14.8,1.6,14.4,2],"rotation":270,"texture":"#2"}}},{"from":[6.07853,7.975,4.99257],"to":[6.57853,9.725,5.49257],"rotation":{"angle":-45,"axis":"y","origin":[8,8,8]},"faces":{"north":{"uv":[8,9.6,8.4,11],"texture":"#2"},"east":{"uv":[9.6,3.2,10,4.6],"texture":"#2"},"south":{"uv":[4.8,9.6,5.2,11],"texture":"#2"},"west":{"uv":[9.6,5.6,10,7],"texture":"#2"},"up":{"uv":[3.6,14.8,3.2,14.4],"rotation":90,"texture":"#2"},"down":{"uv":[14.8,3.2,14.4,3.6],"rotation":270,"texture":"#2"}}},{"from":[7.57188,8.125,4.08049],"to":[8.57188,9.625,5.08049],"rotation":{"angle":-22.5,"axis":"y","origin":[8,8,8]},"faces":{"north":{"uv":[4.8,0,5.6,1.2],"texture":"#2"},"east":{"uv":[3.2,0,4,1.2],"texture":"#2"},"south":{"uv":[3.2,2.4,4,3.6],"texture":"#2"},"west":{"uv":[0,4.8,0.8,6],"texture":"#2"},"up":{"uv":[10.4,0.8,9.6,0],"rotation":90,"texture":"#2"},"down":{"uv":[2.4,9.6,1.6,10.4],"rotation":270,"texture":"#2"}}},{"name":"cube_outline","from":[8.57949,8.225,5.04222],"to":[7.62949,7.525,4.09222],"rotation":{"angle":-22.5,"axis":"y","origin":[8,8,8]},"faces":{"north":{"uv":[11.33333,12.66667,12,13.16667],"texture":"#4"},"east":{"uv":[12.66667,8,13.33333,8.5],"texture":"#4"},"south":{"uv":[12.66667,9.33333,13.33333,9.83333],"texture":"#4"},"west":{"uv":[12.66667,10.66667,13.33333,11.16667],"texture":"#4"},"up":{"uv":[12,8,11.33333,7.33333],"rotation":90,"texture":"#4"}}},{"name":"cube_outline","from":[8.57949,10.225,5.04222],"to":[7.62949,9.525,4.09222],"rotation":{"angle":-22.5,"axis":"y","origin":[8,8,8]},"faces":{"north":{"uv":[13.33333,4,14,4.5],"texture":"#4"},"east":{"uv":[12.66667,12,13.33333,12.5],"texture":"#4"},"south":{"uv":[13.33333,1.33333,14,1.83333],"texture":"#4"},"west":{"uv":[13.33333,2.66667,14,3.16667],"texture":"#4"},"down":{"uv":[12,8.66667,11.33333,9.33333],"rotation":270,"texture":"#4"}}},{"name":"cube_outline","from":[7.32247,10.475,4.73148],"to":[6.62247,8.275,4.03148],"rotation":{"angle":-45,"axis":"y","origin":[8,8,8]},"faces":{"north":{"uv":[8.66667,8,9.16667,9.5],"texture":"#4"},"east":{"uv":[4,8,4.5,9.5],"texture":"#4"},"south":{"uv":[8.66667,2.66667,9.16667,4.16667],"texture":"#4"},"west":{"uv":[8.66667,5.33333,9.16667,6.83333],"texture":"#4"},"up":{"uv":[14.5,0.5,14,0],"rotation":90,"texture":"#4"},"down":{"uv":[1.83333,14,1.33333,14.5],"rotation":270,"texture":"#4"}}},{"name":"cube_outline","from":[6.67853,9.825,5.59257],"to":[5.97853,7.875,4.89257],"rotation":{"angle":-45,"axis":"y","origin":[8,8,8]},"faces":{"north":{"uv":[10,10,10.5,11.33333],"texture":"#4"},"east":{"uv":[7.33333,9.33333,7.83333,10.66667],"texture":"#4"},"south":{"uv":[10,6,10.5,7.33333],"texture":"#4"},"west":{"uv":[10,8,10.5,9.33333],"texture":"#4"},"up":{"uv":[3.16667,14.5,2.66667,14],"rotation":90,"texture":"#4"},"down":{"uv":[4.5,14,4,14.5],"rotation":270,"texture":"#4"}}},{"name":"cube_outline","from":[8.67188,9.725,5.18049],"to":[7.47188,8.025,3.98049],"rotation":{"angle":-22.5,"axis":"y","origin":[8,8,8]},"faces":{"north":{"uv":[0,5.33333,0.83333,6.5],"texture":"#4"},"east":{"uv":[4,0,4.83333,1.16667],"texture":"#4"},"south":{"uv":[4,2,4.83333,3.16667],"texture":"#4"},"west":{"uv":[4,4,4.83333,5.16667],"texture":"#4"},"up":{"uv":[0.83333,10.83333,0,10],"rotation":90,"texture":"#4"},"down":{"uv":[2.83333,10,2,10.83333],"rotation":270,"texture":"#4"}}},{"from":[5.41979,5.875,5.14893],"to":[6.16979,6.125,5.89893],"rotation":{"angle":-22.5,"axis":"y","origin":[8,8,8]},"faces":{"north":{"uv":[12.8,14.4,13.4,14.6],"texture":"#2"},"east":{"uv":[9.6,14.4,10.2,14.6],"texture":"#2"},"south":{"uv":[14.4,9.6,15,9.8],"texture":"#2"},"west":{"uv":[14.4,11.2,15,11.4],"texture":"#2"},"down":{"uv":[11.8,5.6,11.2,6.2],"rotation":270,"texture":"#2"}}},{"from":[5.26218,6.125,5.0372],"to":[6.26218,7.375,6.0372],"rotation":{"angle":-22.5,"axis":"y","origin":[8,8,8]},"faces":{"north":{"uv":[4.8,4.8,5.6,5.8],"texture":"#2"},"east":{"uv":[1.6,4.8,2.4,5.8],"texture":"#2"},"south":{"uv":[4.8,2.4,5.6,3.4],"texture":"#2"},"west":{"uv":[3.2,4.8,4,5.8],"texture":"#2"},"up":{"uv":[10.4,2.4,9.6,1.6],"rotation":90,"texture":"#2"},"down":{"uv":[4,9.6,3.2,10.4],"rotation":270,"texture":"#2"}}},{"from":[4.31076,5.625,6.76034],"to":[4.81076,6.625,7.26034],"rotation":{"angle":-45,"axis":"y","origin":[8,8,8]},"faces":{"north":{"uv":[4.8,12,5.2,12.8],"texture":"#2"},"east":{"uv":[11.2,8.8,11.6,9.6],"texture":"#2"},"south":{"uv":[11.2,10.4,11.6,11.2],"texture":"#2"},"west":{"uv":[0,12,0.4,12.8],"texture":"#2"},"up":{"uv":[14.8,5.2,14.4,4.8],"rotation":90,"texture":"#2"},"down":{"uv":[6.8,14.4,6.4,14.8],"rotation":270,"texture":"#2"}}},{"from":[4.9547,6.375,5.89925],"to":[5.4547,7.875,6.39925],"rotation":{"angle":-45,"axis":"y","origin":[8,8,8]},"faces":{"north":{"uv":[11.2,0,11.6,1.2],"texture":"#2"},"east":{"uv":[9.6,8,10,9.2],"texture":"#2"},"south":{"uv":[6.4,10.4,6.8,11.6],"texture":"#2"},"west":{"uv":[9.6,10.4,10,11.6],"texture":"#2"},"up":{"uv":[14.8,6.8,14.4,6.4],"rotation":90,"texture":"#2"},"down":{"uv":[14.8,8,14.4,8.4],"rotation":270,"texture":"#2"}}},{"from":[5.41979,7.375,5.14893],"to":[6.16979,7.625,5.89893],"rotation":{"angle":-22.5,"axis":"y","origin":[8,8,8]},"faces":{"north":{"uv":[4.8,15.2,5.4,15.4],"texture":"#2"},"east":{"uv":[14.4,12.8,15,13],"texture":"#2"},"south":{"uv":[14.4,14.4,15,14.6],"texture":"#2"},"west":{"uv":[0,15.2,0.6,15.4],"texture":"#2"},"up":{"uv":[11.8,7.8,11.2,7.2],"rotation":90,"texture":"#2"}}},{"name":"cube_outline","from":[6.26979,6.225,5.99893],"to":[5.31979,5.775,5.04893],"rotation":{"angle":-22.5,"axis":"y","origin":[8,8,8]},"faces":{"north":{"uv":[14,10.66667,14.66667,11],"texture":"#4"},"east":{"uv":[14,8,14.66667,8.33333],"texture":"#4"},"south":{"uv":[14,9.33333,14.66667,9.66667],"texture":"#4"},"west":{"uv":[10.66667,14,11.33333,14.33333],"texture":"#4"},"up":{"uv":[12,10.66667,11.33333,10],"rotation":90,"texture":"#4"}}},{"name":"cube_outline","from":[6.36218,7.475,6.1372],"to":[5.16218,6.025,4.9372],"rotation":{"angle":-22.5,"axis":"y","origin":[8,8,8]},"faces":{"north":{"uv":[4,6,4.83333,7],"texture":"#4"},"east":{"uv":[2,5.33333,2.83333,6.33333],"texture":"#4"},"south":{"uv":[6,0,6.83333,1],"texture":"#4"},"west":{"uv":[6,2,6.83333,3],"texture":"#4"},"up":{"uv":[10.83333,2.83333,10,2],"rotation":90,"texture":"#4"},"down":{"uv":[10.83333,4,10,4.83333],"rotation":270,"texture":"#4"}}},{"name":"cube_outline","from":[4.91076,6.725,7.36034],"to":[4.21076,5.525,6.66034],"rotation":{"angle":-45,"axis":"y","origin":[8,8,8]},"faces":{"north":{"uv":[2.66667,12,3.16667,12.83333],"texture":"#4"},"east":{"uv":[0,12,0.5,12.83333],"texture":"#4"},"south":{"uv":[1.33333,12,1.83333,12.83333],"texture":"#4"},"west":{"uv":[12,2,12.5,2.83333],"texture":"#4"},"up":{"uv":[14.5,5.83333,14,5.33333],"rotation":90,"texture":"#4"},"down":{"uv":[7.16667,14,6.66667,14.5],"rotation":270,"texture":"#4"}}},{"name":"cube_outline","from":[5.5547,7.975,6.49925],"to":[4.8547,6.275,5.79925],"rotation":{"angle":-45,"axis":"y","origin":[8,8,8]},"faces":{"north":{"uv":[5.33333,11.33333,5.83333,12.5],"texture":"#4"},"east":{"uv":[4,10.66667,4.5,11.83333],"texture":"#4"},"south":{"uv":[8.66667,10.66667,9.16667,11.83333],"texture":"#4"},"west":{"uv":[11.33333,0,11.83333,1.16667],"texture":"#4"},"up":{"uv":[14.5,7.16667,14,6.66667],"rotation":90,"texture":"#4"},"down":{"uv":[8.5,14,8,14.5],"rotation":270,"texture":"#4"}}},{"name":"cube_outline","from":[6.26979,7.725,5.99893],"to":[5.31979,7.275,5.04893],"rotation":{"angle":-22.5,"axis":"y","origin":[8,8,8]},"faces":{"north":{"uv":[14.66667,2.66667,15.33333,3],"texture":"#4"},"east":{"uv":[14,12,14.66667,12.33333],"texture":"#4"},"south":{"uv":[14,13.33333,14.66667,13.66667],"texture":"#4"},"west":{"uv":[14.66667,1.33333,15.33333,1.66667],"texture":"#4"},"down":{"uv":[12,11.33333,11.33333,12],"rotation":270,"texture":"#4"}}},{"from":[9.87388,5.875,8.71595],"to":[10.62388,6.125,9.46595],"rotation":{"angle":-22.5,"axis":"y","origin":[8,8,8]},"faces":{"north":{"uv":[12.8,14.4,13.4,14.6],"texture":"#2"},"east":{"uv":[9.6,14.4,10.2,14.6],"texture":"#2"},"south":{"uv":[14.4,9.6,15,9.8],"texture":"#2"},"west":{"uv":[14.4,11.2,15,11.4],"texture":"#2"},"down":{"uv":[11.8,5.6,11.2,6.2],"rotation":270,"texture":"#2"}}},{"from":[9.71627,6.125,8.60422],"to":[10.71627,7.375,9.60422],"rotation":{"angle":-22.5,"axis":"y","origin":[8,8,8]},"faces":{"north":{"uv":[4.8,4.8,5.6,5.8],"texture":"#2"},"east":{"uv":[1.6,4.8,2.4,5.8],"texture":"#2"},"south":{"uv":[4.8,2.4,5.6,3.4],"texture":"#2"},"west":{"uv":[3.2,4.8,4,5.8],"texture":"#2"},"up":{"uv":[10.4,2.4,9.6,1.6],"rotation":90,"texture":"#2"},"down":{"uv":[4,9.6,3.2,10.4],"rotation":270,"texture":"#2"}}},{"from":[9.79084,5.625,8.35133],"to":[10.29084,6.625,8.85133],"rotation":{"angle":-45,"axis":"y","origin":[8,8,8]},"faces":{"north":{"uv":[4.8,12,5.2,12.8],"texture":"#2"},"east":{"uv":[11.2,8.8,11.6,9.6],"texture":"#2"},"south":{"uv":[11.2,10.4,11.6,11.2],"texture":"#2"},"west":{"uv":[0,12,0.4,12.8],"texture":"#2"},"up":{"uv":[14.8,5.2,14.4,4.8],"rotation":90,"texture":"#2"},"down":{"uv":[6.8,14.4,6.4,14.8],"rotation":270,"texture":"#2"}}},{"from":[10.43478,6.375,7.49024],"to":[10.93478,7.875,7.99024],"rotation":{"angle":-45,"axis":"y","origin":[8,8,8]},"faces":{"north":{"uv":[11.2,0,11.6,1.2],"texture":"#2"},"east":{"uv":[9.6,8,10,9.2],"texture":"#2"},"south":{"uv":[6.4,10.4,6.8,11.6],"texture":"#2"},"west":{"uv":[9.6,10.4,10,11.6],"texture":"#2"},"up":{"uv":[14.8,6.8,14.4,6.4],"rotation":90,"texture":"#2"},"down":{"uv":[14.8,8,14.4,8.4],"rotation":270,"texture":"#2"}}},{"from":[9.87388,7.375,8.71595],"to":[10.62388,7.625,9.46595],"rotation":{"angle":-22.5,"axis":"y","origin":[8,8,8]},"faces":{"north":{"uv":[4.8,15.2,5.4,15.4],"texture":"#2"},"east":{"uv":[14.4,12.8,15,13],"texture":"#2"},"south":{"uv":[14.4,14.4,15,14.6],"texture":"#2"},"west":{"uv":[0,15.2,0.6,15.4],"texture":"#2"},"up":{"uv":[11.8,7.8,11.2,7.2],"rotation":90,"texture":"#2"}}},{"name":"cube_outline","from":[10.72388,6.225,9.56595],"to":[9.77388,5.775,8.61595],"rotation":{"angle":-22.5,"axis":"y","origin":[8,8,8]},"faces":{"north":{"uv":[14,10.66667,14.66667,11],"texture":"#4"},"east":{"uv":[14,8,14.66667,8.33333],"texture":"#4"},"south":{"uv":[14,9.33333,14.66667,9.66667],"texture":"#4"},"west":{"uv":[10.66667,14,11.33333,14.33333],"texture":"#4"},"up":{"uv":[12,10.66667,11.33333,10],"rotation":90,"texture":"#4"}}},{"name":"cube_outline","from":[10.81627,7.475,9.70422],"to":[9.61627,6.025,8.50422],"rotation":{"angle":-22.5,"axis":"y","origin":[8,8,8]},"faces":{"north":{"uv":[4,6,4.83333,7],"texture":"#4"},"east":{"uv":[2,5.33333,2.83333,6.33333],"texture":"#4"},"south":{"uv":[6,0,6.83333,1],"texture":"#4"},"west":{"uv":[6,2,6.83333,3],"texture":"#4"},"up":{"uv":[10.83333,2.83333,10,2],"rotation":90,"texture":"#4"},"down":{"uv":[10.83333,4,10,4.83333],"rotation":270,"texture":"#4"}}},{"name":"cube_outline","from":[10.39084,6.725,8.95133],"to":[9.69084,5.525,8.25133],"rotation":{"angle":-45,"axis":"y","origin":[8,8,8]},"faces":{"north":{"uv":[2.66667,12,3.16667,12.83333],"texture":"#4"},"east":{"uv":[0,12,0.5,12.83333],"texture":"#4"},"south":{"uv":[1.33333,12,1.83333,12.83333],"texture":"#4"},"west":{"uv":[12,2,12.5,2.83333],"texture":"#4"},"up":{"uv":[14.5,5.83333,14,5.33333],"rotation":90,"texture":"#4"},"down":{"uv":[7.16667,14,6.66667,14.5],"rotation":270,"texture":"#4"}}},{"name":"cube_outline","from":[11.03478,7.975,8.09024],"to":[10.33478,6.275,7.39024],"rotation":{"angle":-45,"axis":"y","origin":[8,8,8]},"faces":{"north":{"uv":[5.33333,11.33333,5.83333,12.5],"texture":"#4"},"east":{"uv":[4,10.66667,4.5,11.83333],"texture":"#4"},"south":{"uv":[8.66667,10.66667,9.16667,11.83333],"texture":"#4"},"west":{"uv":[11.33333,0,11.83333,1.16667],"texture":"#4"},"up":{"uv":[14.5,7.16667,14,6.66667],"rotation":90,"texture":"#4"},"down":{"uv":[8.5,14,8,14.5],"rotation":270,"texture":"#4"}}},{"name":"cube_outline","from":[10.72388,7.725,9.56595],"to":[9.77388,7.275,8.61595],"rotation":{"angle":-22.5,"axis":"y","origin":[8,8,8]},"faces":{"north":{"uv":[14.66667,2.66667,15.33333,3],"texture":"#4"},"east":{"uv":[14,12,14.66667,12.33333],"texture":"#4"},"south":{"uv":[14,13.33333,14.66667,13.66667],"texture":"#4"},"west":{"uv":[14.66667,1.33333,15.33333,1.66667],"texture":"#4"},"down":{"uv":[12,11.33333,11.33333,12],"rotation":270,"texture":"#4"}}},{"from":[7.73344,5.95,3.86854],"to":[7.74344,11.95,10.86854],"rotation":{"angle":-22.5,"axis":"y","origin":[8,8,8]},"faces":{"east":{"uv":[9.33333,0,0,8],"texture":"#5"},"west":{"uv":[0,0,9.33333,8],"texture":"#5"}}},{"from":[8.25618,5.95,3.86663],"to":[8.26618,11.95,10.86663],"rotation":{"angle":22.5,"axis":"y","origin":[8,8,8]},"faces":{"east":{"uv":[0,8,9.33333,16],"texture":"#5"},"west":{"uv":[9.33333,8,0,16],"texture":"#5"}}},{"from":[8.24969,7.55,7.39096],"to":[12.24969,8.55,7.89096],"rotation":{"angle":-22.5,"axis":"y","origin":[8,8,8]},"faces":{"north":{"uv":[0,1.14286,2.28571,1.71429],"texture":"#10"},"east":{"uv":[14.85714,2.28571,15.14286,2.85714],"texture":"#10"},"south":{"uv":[0,0,2.28571,0.57143],"texture":"#10"},"west":{"uv":[3.42857,14.85714,3.71429,15.42857],"texture":"#10"},"up":{"uv":[7.71429,5.71429,7.42857,3.42857],"rotation":90,"texture":"#10"},"down":{"uv":[0.28571,8,0,10.28571],"rotation":270,"texture":"#10"}}},{"from":[8.74969,4.3,7.64096],"to":[14.74969,23.3,7.65096],"rotation":{"angle":-22.5,"axis":"y","origin":[8,7.75,8]},"faces":{"north":{"uv":[4.8,7,7.2,14.6],"texture":"#6"},"south":{"uv":[7.2,7,4.8,14.6],"texture":"#6"}}},{"from":[14.36948,4.3,10.25052],"to":[20.36948,23.3,10.26052],"rotation":{"angle":0,"axis":"y","origin":[8,7.75,8]},"faces":{"north":{"uv":[2.4,7,4.8,14.6],"texture":"#6"},"south":{"uv":[4.8,7,2.4,14.6],"texture":"#6"}}},{"from":[20.28915,4.3,5.34562],"to":[26.28915,23.3,5.35562],"rotation":{"angle":-22.5,"axis":"y","origin":[8,7.75,8]},"faces":{"north":{"uv":[0,7,2.4,14.6],"texture":"#6"},"south":{"uv":[2.4,7,0,14.6],"texture":"#6"}}},{"from":[8.933,-4.55,7.17505],"to":[14.933,8.45,7.18505],"rotation":{"angle":0,"axis":"y","origin":[8,8,8]},"faces":{"north":{"uv":[12.2,7,14.6,12.2],"texture":"#6"},"south":{"uv":[14.6,7,12.2,12.2],"texture":"#6"}}},{"from":[14.71713,-4.55,9.89023],"to":[20.71713,8.45,9.90023],"rotation":{"angle":22.5,"axis":"y","origin":[8,8,8]},"faces":{"north":{"uv":[9.8,7,12.2,12.2],"texture":"#6"},"south":{"uv":[12.2,7,9.8,12.2],"texture":"#6"}}},{"from":[19.02191,-4.55,14.61222],"to":[25.02191,8.45,14.62222],"rotation":{"angle":45,"axis":"y","origin":[8,8,8]},"faces":{"north":{"uv":[7.4,7,9.8,12.2],"texture":"#6"},"south":{"uv":[9.8,7,7.4,12.2],"texture":"#6"}}},{"from":[11.24969,8.55,7.39096],"to":[12.24969,10.55,7.89096],"rotation":{"angle":-22.5,"axis":"y","origin":[8,8,8]},"faces":{"north":{"uv":[2.28571,8,2.85714,9.14286],"texture":"#10"},"east":{"uv":[8,12.57143,8.28571,13.71429],"texture":"#10"},"south":{"uv":[1.14286,8,1.71429,9.14286],"texture":"#10"},"west":{"uv":[12.57143,8.57143,12.85714,9.71429],"texture":"#10"},"up":{"uv":[15.14286,4,14.85714,3.42857],"rotation":90,"texture":"#10"},"down":{"uv":[4.85714,14.85714,4.57143,15.42857],"rotation":270,"texture":"#10"}}},{"from":[10.24969,9.55,7.39096],"to":[11.24969,10.55,7.89096],"rotation":{"angle":-22.5,"axis":"y","origin":[8,8,8]},"faces":{"north":{"uv":[10.28571,12.57143,10.85714,13.14286],"texture":"#10"},"east":{"uv":[5.71429,14.85714,6,15.42857],"texture":"#10"},"south":{"uv":[9.14286,12.57143,9.71429,13.14286],"texture":"#10"},"west":{"uv":[6.85714,14.85714,7.14286,15.42857],"texture":"#10"},"up":{"uv":[15.14286,8,14.85714,7.42857],"rotation":90,"texture":"#10"},"down":{"uv":[15.14286,8.57143,14.85714,9.14286],"rotation":270,"texture":"#10"}}},{"from":[10.24969,9.05,7.39096],"to":[10.74969,9.55,7.89096],"rotation":{"angle":-22.5,"axis":"y","origin":[8,8,8]},"faces":{"north":{"uv":[15.42857,5.71429,15.71429,6],"texture":"#10"},"east":{"uv":[11.42857,14.85714,11.71429,15.14286],"texture":"#10"},"south":{"uv":[14.85714,12.57143,15.14286,12.85714],"texture":"#10"},"west":{"uv":[15.42857,4.57143,15.71429,4.85714],"texture":"#10"},"up":{"uv":[8.28571,15.71429,8,15.42857],"rotation":90,"texture":"#10"},"down":{"uv":[10.57143,15.42857,10.28571,15.71429],"rotation":270,"texture":"#10"}}},{"from":[9,0.45,7.31652],"to":[17,17.45,7.32652],"rotation":{"angle":0,"axis":"y","origin":[8,8,8]},"faces":{"north":{"uv":[6.4,0,9.6,6.8],"texture":"#6"},"south":{"uv":[9.6,0,6.4,6.8],"texture":"#6"}}},{"from":[9,2.45,7.29152],"to":[17,19.45,7.32152],"rotation":{"angle":0,"axis":"y","origin":[8,10,7.975]},"faces":{"north":{"uv":[12.8,0.8,16,7.6],"texture":"#11"},"south":{"uv":[16,0.8,12.8,7.6],"texture":"#11"}}},{"from":[16.05336,0.45,3.92439],"to":[24.05336,17.45,3.93439],"rotation":{"angle":-22.5,"axis":"y","origin":[8,8,8]},"faces":{"north":{"uv":[3.2,0,6.4,6.8],"texture":"#6"},"south":{"uv":[6.4,0,3.2,6.8],"texture":"#6"}}},{"from":[21.2717,0.45,-1.90872],"to":[29.34513,17.45,-1.89872],"rotation":{"angle":-45,"axis":"y","origin":[8,8,8]},"faces":{"north":{"uv":[0,0,3.2,6.8],"texture":"#6"},"south":{"uv":[3.2,0,0,6.8],"texture":"#6"}}},{"from":[8.933,-1.05,7.17505],"to":[14.933,11.95,7.20505],"rotation":{"angle":0,"axis":"y","origin":[8,11.5,8]},"faces":{"north":{"uv":[13.6,9.3,16,14.5],"texture":"#11"},"south":{"uv":[16,9.3,13.6,14.5],"texture":"#11"}}},{"from":[14.70947,-1.05,9.89175],"to":[20.70947,11.95,9.92175],"rotation":{"angle":22.5,"axis":"y","origin":[7.99234,11.5,8.00152]},"faces":{"north":{"uv":[11.2,9.3,13.6,14.5],"texture":"#11"},"south":{"uv":[13.6,9.3,11.2,14.5],"texture":"#11"}}},{"from":[16.05336,2.45,3.8994],"to":[24.05336,19.45,3.9294],"rotation":{"angle":-22.5,"axis":"y","origin":[8,10,7.97501]},"faces":{"north":{"uv":[9.6,0.8,12.8,7.6],"texture":"#11"},"south":{"uv":[12.8,0.8,9.6,7.6],"texture":"#11"}}},{"from":[21.2717,2.45,-1.93372],"to":[29.34513,19.45,-1.90372],"rotation":{"angle":-45,"axis":"y","origin":[8,10,7.975]},"faces":{"north":{"uv":[6.4,0.8,9.6,7.6],"texture":"#11"},"south":{"uv":[9.6,0.8,6.4,7.6],"texture":"#11"}}},{"from":[20.28149,11.05,5.34409],"to":[26.28149,30.05,5.37409],"rotation":{"angle":-22.5,"axis":"y","origin":[7.99234,14.5,7.99847]},"faces":{"north":{"uv":[0,8.4,2.4,16],"texture":"#11"},"south":{"uv":[2.4,8.4,0,16],"texture":"#11"}}},{"from":[14.36182,11.05,10.249],"to":[20.36182,30.05,10.279],"rotation":{"angle":0,"axis":"y","origin":[7.99234,14.5,7.99848]},"faces":{"north":{"uv":[2.4,8.4,4.8,16],"texture":"#11"},"south":{"uv":[4.8,8.4,2.4,16],"texture":"#11"}}},{"from":[8.74969,11.05,7.64096],"to":[14.74969,30.05,7.67096],"rotation":{"angle":-22.5,"axis":"y","origin":[8,14.5,8]},"faces":{"north":{"uv":[4.8,8.4,7.2,16],"texture":"#11"},"south":{"uv":[7.2,8.4,4.8,16],"texture":"#11"}}},{"from":[1.25031,11.05,7.64096],"to":[7.25031,30.05,7.67096],"rotation":{"angle":22.5,"axis":"y","origin":[8,14.5,8]},"faces":{"north":{"uv":[7.2,8.4,4.8,16],"texture":"#11"},"south":{"uv":[4.8,8.4,7.2,16],"texture":"#11"}}},{"from":[-4.36182,11.05,10.249],"to":[1.63818,30.05,10.279],"rotation":{"angle":0,"axis":"y","origin":[8.00766,14.5,7.99848]},"faces":{"north":{"uv":[4.8,8.4,2.4,16],"texture":"#11"},"south":{"uv":[2.4,8.4,4.8,16],"texture":"#11"}}},{"from":[-10.28149,11.05,5.34409],"to":[-4.28149,30.05,5.37409],"rotation":{"angle":22.5,"axis":"y","origin":[8.00766,14.5,7.99847]},"faces":{"north":{"uv":[2.4,8.4,0,16],"texture":"#11"},"south":{"uv":[0,8.4,2.4,16],"texture":"#11"}}},{"from":[-8.05336,2.45,3.8994],"to":[-0.05336,19.45,3.9294],"rotation":{"angle":22.5,"axis":"y","origin":[8,10,7.97501]},"faces":{"north":{"uv":[12.8,0.8,9.6,7.6],"texture":"#11"},"south":{"uv":[9.6,0.8,12.8,7.6],"texture":"#11"}}},{"from":[-13.34513,2.45,-1.93372],"to":[-5.2717,19.45,-1.90372],"rotation":{"angle":45,"axis":"y","origin":[8,10,7.975]},"faces":{"north":{"uv":[9.6,0.8,6.4,7.6],"texture":"#11"},"south":{"uv":[6.4,0.8,9.6,7.6],"texture":"#11"}}},{"from":[1.067,-1.05,7.17505],"to":[7.067,11.95,7.20505],"rotation":{"angle":0,"axis":"y","origin":[8,11.5,8]},"faces":{"north":{"uv":[16,9.3,13.6,14.5],"texture":"#11"},"south":{"uv":[13.6,9.3,16,14.5],"texture":"#11"}}},{"from":[-1,2.45,7.29152],"to":[7,19.45,7.32152],"rotation":{"angle":0,"axis":"y","origin":[8,10,7.975]},"faces":{"north":{"uv":[16,0.8,12.8,7.6],"texture":"#11"},"south":{"uv":[12.8,0.8,16,7.6],"texture":"#11"}}},{"from":[-4.70947,-1.05,9.89175],"to":[1.29053,11.95,9.92175],"rotation":{"angle":-22.5,"axis":"y","origin":[8.00766,11.5,8.00152]},"faces":{"north":{"uv":[13.6,9.3,11.2,14.5],"texture":"#11"},"south":{"uv":[11.2,9.3,13.6,14.5],"texture":"#11"}}},{"from":[6.08319,8.03922,6.82002],"to":[7.08319,9.53922,7.81302],"rotation":{"angle":-22.5,"axis":"z","origin":[8,8,8]},"faces":{"north":{"uv":[4,9.71429,3.42857,10.57143],"texture":"#10"},"east":{"uv":[2.85714,9.71429,2.28571,10.57143],"texture":"#10"},"south":{"uv":[10.28571,1.71429,9.71429,2.57143],"texture":"#10"},"west":{"uv":[1.71429,9.71429,1.14286,10.57143],"texture":"#10"},"up":{"uv":[13.14286,1.71429,12.57143,2.28571],"rotation":90,"texture":"#10"}}},{"from":[6.67234,8.13311,6.81652],"to":[7.67234,9.38311,7.81652],"rotation":{"angle":22.5,"axis":"z","origin":[8,8,8]},"faces":{"north":{"uv":[1.71429,11.42857,1.14286,12.14286],"texture":"#10"},"east":{"uv":[10.85714,10.85714,10.28571,11.57143],"texture":"#10"},"south":{"uv":[9.71429,10.85714,9.14286,11.57143],"texture":"#10"},"west":{"uv":[8.57143,10.85714,8,11.57143],"texture":"#10"},"up":{"uv":[2.85714,12.57143,2.28571,13.14286],"rotation":90,"texture":"#10"},"down":{"uv":[13.14286,3.42857,12.57143,2.85714],"rotation":270,"texture":"#10"}}},{"from":[2.66898,6.375,6.9504],"to":[4.66898,7.375,7.6834],"rotation":{"angle":-22.5,"axis":"z","origin":[8,8,8]},"faces":{"north":{"uv":[8,6.85714,6.85714,7.42857],"texture":"#10"},"south":{"uv":[6.28571,6.85714,5.14286,7.42857],"texture":"#10"},"up":{"uv":[10.14286,3.42857,9.71429,4.57143],"rotation":90,"texture":"#10"},"down":{"uv":[5,10.85714,4.57143,9.71429],"rotation":270,"texture":"#10"}}},{"from":[4.66898,6.37499,6.9504],"to":[5.66898,8.12499,7.6834],"rotation":{"angle":-22.5,"axis":"z","origin":[8,8,8]},"faces":{"north":{"uv":[9.14286,3.42857,8.57143,4.42857],"texture":"#10"},"east":{"uv":[11.28571,5.71429,10.85714,6.71429],"texture":"#10"},"south":{"uv":[9.14286,1.71429,8.57143,2.71429],"texture":"#10"},"west":{"uv":[0.42857,10.85714,0,11.85714],"texture":"#10"},"up":{"uv":[13.57143,5.14286,13.14286,5.71429],"rotation":90,"texture":"#10"},"down":{"uv":[13.57143,6.85714,13.14286,6.28571],"rotation":270,"texture":"#10"}}},{"from":[5.483,8.94377,6.95077],"to":[7.733,10.44377,7.68077],"rotation":{"angle":22.5,"axis":"z","origin":[8,8,8]},"faces":{"north":{"uv":[5.85714,0,4.57143,0.85714],"texture":"#10"},"south":{"uv":[1.28571,4.57143,0,5.42857],"texture":"#10"},"up":{"uv":[9,5.14286,8.57143,6.42857],"rotation":90,"texture":"#10"},"down":{"uv":[9,8.71429,8.57143,7.42857],"rotation":270,"texture":"#10"}}},{"from":[6.90304,10.4144,6.70002],"to":[7.90304,11.9144,7.93302],"rotation":{"angle":0,"axis":"x","origin":[8,8,8]},"faces":{"north":{"uv":[6.28571,9.71429,5.71429,10.57143],"texture":"#10"},"east":{"uv":[5.85714,8,5.14286,8.85714],"texture":"#10"},"south":{"uv":[10.28571,5.14286,9.71429,6],"texture":"#10"},"west":{"uv":[4.14286,8,3.42857,8.85714],"texture":"#10"},"up":{"uv":[11.57143,7.42857,10.85714,8],"rotation":90,"texture":"#10"},"down":{"uv":[3,12,2.28571,11.42857],"rotation":270,"texture":"#10"}}},{"from":[7.88867,9.77579,6.70152],"to":[9.88867,11.27579,7.93152],"rotation":{"angle":45,"axis":"z","origin":[8,8,8]},"faces":{"north":{"uv":[5.14286,4.57143,4,5.42857],"texture":"#10"},"south":{"uv":[3.42857,4.57143,2.28571,5.42857],"texture":"#10"},"up":{"uv":[6.42857,5.14286,5.71429,6.28571],"rotation":90,"texture":"#10"},"down":{"uv":[0.71429,7.42857,0,6.28571],"rotation":270,"texture":"#10"}}},{"from":[5.78173,8.91439,6.70002],"to":[6.78173,10.41439,7.93302],"rotation":{"angle":0,"axis":"x","origin":[8,8,8]},"faces":{"north":{"uv":[10.28571,6.85714,9.71429,7.71429],"texture":"#10"},"east":{"uv":[9.28571,0,8.57143,0.85714],"texture":"#10"},"south":{"uv":[7.42857,9.71429,6.85714,10.57143],"texture":"#10"},"west":{"uv":[7.57143,8,6.85714,8.85714],"texture":"#10"},"up":{"uv":[4.71429,11.42857,4,12],"rotation":90,"texture":"#10"},"down":{"uv":[6.42857,12,5.71429,11.42857],"rotation":270,"texture":"#10"}}},{"from":[6.233,7.19377,7.07652],"to":[7.733,8.94377,7.55652],"rotation":{"angle":22.5,"axis":"z","origin":[8,8,8]},"faces":{"north":{"uv":[6.57143,3.42857,5.71429,4.42857],"texture":"#10"},"south":{"uv":[6,1.71429,5.14286,2.71429],"texture":"#10"},"west":{"uv":[1.42857,13.14286,1.14286,14.14286],"texture":"#10"},"down":{"uv":[14,0.85714,13.71429,0],"rotation":270,"texture":"#10"}}},{"from":[4.07591,11.97724,6.94115],"to":[5.07591,13.22724,7.69115],"rotation":{"angle":45,"axis":"z","origin":[8,8,8]},"faces":{"north":{"uv":[12,10.28571,11.42857,11],"texture":"#10"},"east":{"uv":[13,12,12.57143,12.71429],"texture":"#10"},"south":{"uv":[12,8.57143,11.42857,9.28571],"texture":"#10"},"west":{"uv":[13,10.28571,12.57143,11],"texture":"#10"},"up":{"uv":[14.14286,1.71429,13.71429,2.28571],"rotation":90,"texture":"#10"},"down":{"uv":[2.71429,14.28571,2.28571,13.71429],"rotation":270,"texture":"#10"}}},{"from":[1.66898,6.375,6.9504],"to":[2.66898,7.375,7.6834],"rotation":{"angle":-22.5,"axis":"z","origin":[8,8,8]},"faces":{"north":{"uv":[13.14286,4,12.57143,4.57143],"texture":"#10"},"east":{"uv":[3.85714,13.71429,3.42857,14.28571],"texture":"#10"},"south":{"uv":[4,12.57143,3.42857,13.14286],"texture":"#10"},"west":{"uv":[14.14286,2.85714,13.71429,3.42857],"texture":"#10"},"up":{"uv":[14.14286,4,13.71429,4.57143],"rotation":90,"texture":"#10"}}},{"from":[1.9106,9.46266,6.95652],"to":[2.8356,10.21266,7.67652],"rotation":{"angle":0,"axis":"y","origin":[8,8,8]},"faces":{"north":{"uv":[6.28571,13.71429,5.71429,14.14286],"texture":"#10"},"east":{"uv":[14.71429,6.28571,14.28571,6.71429],"texture":"#10"},"south":{"uv":[5.14286,13.71429,4.57143,14.14286],"texture":"#10"},"west":{"uv":[14.71429,5.14286,14.28571,5.57143],"texture":"#10"},"up":{"uv":[7.28571,13.71429,6.85714,14.28571],"rotation":90,"texture":"#10"}}},{"from":[5.97503,4.84079,7.07077],"to":[6.97503,5.84079,7.56377],"rotation":{"angle":-45,"axis":"z","origin":[8,8,8]},"faces":{"north":{"uv":[6.28571,12.57143,5.71429,13.14286],"texture":"#10"},"east":{"uv":[15.14286,1.14286,14.85714,1.71429],"texture":"#10"},"south":{"uv":[5.14286,12.57143,4.57143,13.14286],"texture":"#10"},"west":{"uv":[1.42857,14.85714,1.14286,15.42857],"texture":"#10"}}},{"from":[4.61292,8.12064,7.06727],"to":[5.61292,9.37064,7.56727],"rotation":{"angle":22.5,"axis":"z","origin":[8,8,8]},"faces":{"north":{"uv":[12,12,11.42857,12.71429],"texture":"#10"},"east":{"uv":[10.57143,13.71429,10.28571,14.42857],"texture":"#10"},"south":{"uv":[12.57143,5.71429,12,6.42857],"texture":"#10"},"west":{"uv":[14,9.71429,13.71429,10.42857],"texture":"#10"},"down":{"uv":[2.57143,15.42857,2.28571,14.85714],"rotation":270,"texture":"#10"}}},{"from":[5.97503,4.34079,7.07077],"to":[7.22503,4.84079,7.56377],"rotation":{"angle":-45,"axis":"z","origin":[8,8,8]},"faces":{"north":{"uv":[14.42857,11.42857,13.71429,11.71429],"texture":"#10"},"east":{"uv":[15.14286,9.71429,14.85714,10],"texture":"#10"},"south":{"uv":[12.14286,13.71429,11.42857,14],"texture":"#10"},"west":{"uv":[9.42857,14.85714,9.14286,15.14286],"texture":"#10"},"up":{"uv":[14,12.57143,13.71429,13.28571],"rotation":90,"texture":"#10"},"down":{"uv":[0.28571,15,0,14.28571],"rotation":270,"texture":"#10"}}},{"from":[5.06603,13.0396,6.95902],"to":[5.73603,14.0396,7.67402],"rotation":{"angle":45,"axis":"z","origin":[8,8,8]},"faces":{"north":{"uv":[13.14286,7.42857,12.57143,8],"texture":"#10"},"east":{"uv":[14.14286,8.57143,13.71429,9.14286],"texture":"#10"},"south":{"uv":[7.42857,12.57143,6.85714,13.14286],"texture":"#10"},"west":{"uv":[14.14286,7.42857,13.71429,8],"texture":"#10"},"up":{"uv":[9.57143,13.71429,9.14286,14.28571],"rotation":90,"texture":"#10"}}},{"from":[3.75031,7.55,7.39096],"to":[7.75031,8.55,7.89096],"rotation":{"angle":22.5,"axis":"y","origin":[8,8,8]},"faces":{"north":{"uv":[2.28571,1.14286,0,1.71429],"texture":"#10"},"east":{"uv":[3.71429,14.85714,3.42857,15.42857],"texture":"#10"},"south":{"uv":[2.28571,0,0,0.57143],"texture":"#10"},"west":{"uv":[15.14286,2.28571,14.85714,2.85714],"texture":"#10"},"up":{"uv":[7.71429,3.42857,7.42857,5.71429],"rotation":90,"texture":"#10"},"down":{"uv":[0.28571,10.28571,0,8],"rotation":270,"texture":"#10"}}},{"from":[3.75031,8.55,7.39096],"to":[4.75031,10.55,7.89096],"rotation":{"angle":22.5,"axis":"y","origin":[8,8,8]},"faces":{"north":{"uv":[2.85714,8,2.28571,9.14286],"texture":"#10"},"east":{"uv":[12.85714,8.57143,12.57143,9.71429],"texture":"#10"},"south":{"uv":[1.71429,8,1.14286,9.14286],"texture":"#10"},"west":{"uv":[8.28571,12.57143,8,13.71429],"texture":"#10"},"up":{"uv":[15.14286,3.42857,14.85714,4],"rotation":90,"texture":"#10"},"down":{"uv":[4.85714,15.42857,4.57143,14.85714],"rotation":270,"texture":"#10"}}},{"from":[4.75031,9.55,7.39096],"to":[5.75031,10.55,7.89096],"rotation":{"angle":22.5,"axis":"y","origin":[8,8,8]},"faces":{"north":{"uv":[10.85714,12.57143,10.28571,13.14286],"texture":"#10"},"east":{"uv":[7.14286,14.85714,6.85714,15.42857],"texture":"#10"},"south":{"uv":[9.71429,12.57143,9.14286,13.14286],"texture":"#10"},"west":{"uv":[6,14.85714,5.71429,15.42857],"texture":"#10"},"up":{"uv":[15.14286,7.42857,14.85714,8],"rotation":90,"texture":"#10"},"down":{"uv":[15.14286,9.14286,14.85714,8.57143],"rotation":270,"texture":"#10"}}},{"from":[5.25031,9.05,7.39096],"to":[5.75031,9.55,7.89096],"rotation":{"angle":22.5,"axis":"y","origin":[8,8,8]},"faces":{"north":{"uv":[15.71429,5.71429,15.42857,6],"texture":"#10"},"east":{"uv":[15.71429,4.57143,15.42857,4.85714],"texture":"#10"},"south":{"uv":[15.14286,12.57143,14.85714,12.85714],"texture":"#10"},"west":{"uv":[11.71429,14.85714,11.42857,15.14286],"texture":"#10"},"up":{"uv":[8.28571,15.42857,8,15.71429],"rotation":90,"texture":"#10"},"down":{"uv":[10.57143,15.71429,10.28571,15.42857],"rotation":270,"texture":"#10"}}},{"from":[-1,0.45,7.31652],"to":[7,17.45,7.32652],"rotation":{"angle":0,"axis":"y","origin":[8,8,8]},"faces":{"north":{"uv":[9.6,0,6.4,6.8],"texture":"#6"},"south":{"uv":[6.4,0,9.6,6.8],"texture":"#6"}}},{"from":[-8.05336,0.45,3.92439],"to":[-0.05336,17.45,3.93439],"rotation":{"angle":22.5,"axis":"y","origin":[8,8,8]},"faces":{"north":{"uv":[6.4,0,3.2,6.8],"texture":"#6"},"south":{"uv":[3.2,0,6.4,6.8],"texture":"#6"}}},{"from":[-13.34513,0.45,-1.90872],"to":[-5.2717,17.45,-1.89872],"rotation":{"angle":45,"axis":"y","origin":[8,8,8]},"faces":{"north":{"uv":[3.2,0,0,6.8],"texture":"#6"},"south":{"uv":[0,0,3.2,6.8],"texture":"#6"}}},{"from":[1.25031,4.3,7.64096],"to":[7.25031,23.3,7.65096],"rotation":{"angle":22.5,"axis":"y","origin":[8,7.75,8]},"faces":{"north":{"uv":[7.2,7,4.8,14.6],"texture":"#6"},"south":{"uv":[4.8,7,7.2,14.6],"texture":"#6"}}},{"from":[-4.36948,4.3,10.25052],"to":[1.63052,23.3,10.26052],"rotation":{"angle":0,"axis":"y","origin":[8,7.75,8]},"faces":{"north":{"uv":[4.8,7,2.4,14.6],"texture":"#6"},"south":{"uv":[2.4,7,4.8,14.6],"texture":"#6"}}},{"from":[-10.28915,4.3,5.34562],"to":[-4.28915,23.3,5.35562],"rotation":{"angle":22.5,"axis":"y","origin":[8,7.75,8]},"faces":{"north":{"uv":[2.4,7,0,14.6],"texture":"#6"},"south":{"uv":[0,7,2.4,14.6],"texture":"#6"}}},{"from":[-9.02191,-4.55,14.61222],"to":[-3.02191,8.45,14.62222],"rotation":{"angle":-45,"axis":"y","origin":[8,8,8]},"faces":{"north":{"uv":[9.8,7,7.4,12.2],"texture":"#6"},"south":{"uv":[7.4,7,9.8,12.2],"texture":"#6"}}},{"from":[-4.71713,-4.55,9.89023],"to":[1.28287,8.45,9.90023],"rotation":{"angle":-22.5,"axis":"y","origin":[8,8,8]},"faces":{"north":{"uv":[12.2,7,9.8,12.2],"texture":"#6"},"south":{"uv":[9.8,7,12.2,12.2],"texture":"#6"}}},{"from":[1.067,-4.55,7.17505],"to":[7.067,8.45,7.18505],"rotation":{"angle":0,"axis":"y","origin":[8,8,8]},"faces":{"north":{"uv":[14.6,7,12.2,12.2],"texture":"#6"},"south":{"uv":[12.2,7,14.6,12.2],"texture":"#6"}}},{"from":[0,4,13],"to":[16,20,13.01],"rotation":{"angle":0,"axis":"y","origin":[0,4,12]},"faces":{"north":{"uv":[0,0,9.14286,9.14286],"texture":"#8"},"south":{"uv":[9.14286,0,0,9.14286],"texture":"#8"}}},{"from":[2,6,15],"to":[14,18,15.01],"rotation":{"angle":-45,"axis":"z","origin":[8,12,15.005]},"faces":{"north":{"uv":[9.14286,9.14286,16,16],"texture":"#8"},"south":{"uv":[16,9.14286,9.14286,16],"texture":"#8"}}}],"gui_light":"front","display":{"thirdperson_righthand":{"rotation":[53,-180,0],"translation":[0,1.25,0.75],"scale":[0.6,0.6,0.6]},"thirdperson_lefthand":{"rotation":[67.75,0,0],"translation":[-5.5,-9.5,10]},"firstperson_righthand":{"rotation":[-5,0,0],"translation":[2.25,2,0],"scale":[0.7,0.7,0.7]},"firstperson_lefthand":{"rotation":[-5,0,0],"translation":[2.25,2,0],"scale":[0.7,0.7,0.7]},"ground":{"rotation":[-45,0,0],"translation":[0,5,0],"scale":[0.7,0.7,0.7]},"gui":{"rotation":[0,-180,0],"translation":[0,-0.75,0],"scale":[0.49,0.49,0.49]},"head":{"translation":[0,-12.75,13.5],"scale":[2,2,2]},"fixed":{"rotation":[0,-180,0],"translation":[0,0,-9],"scale":[2,2,2]}},"mcmodels":"64affc1f70b61f685488f1f00b4e156d"}