{"providers":[{"file":"_iainternal:gui/no_recipe.png","chars":[""],"height":170,"ascent":47,"type":"bitmap"},{"file":"_iainternal:gui/crafting.png","chars":[""],"height":170,"ascent":47,"type":"bitmap"},{"file":"_iainternal:gui/cooking.png","chars":[""],"height":170,"ascent":47,"type":"bitmap"},{"file":"_iainternal:gui/blank_menu.png","chars":[""],"height":170,"ascent":47,"type":"bitmap"},{"file":"_iainternal:gui/anvil_repair.png","chars":[""],"height":170,"ascent":47,"type":"bitmap"},{"file":"_iainternal:gui/smithing.png","chars":[""],"height":170,"ascent":47,"type":"bitmap"},{"file":"social_icons_pack:android_icon.png","chars":[""],"height":9,"ascent":8,"type":"bitmap"},{"file":"social_icons_pack:apple_icon.png","chars":[""],"height":9,"ascent":8,"type":"bitmap"},{"file":"social_icons_pack:microsoft_icon.png","chars":[""],"height":9,"ascent":8,"type":"bitmap"},{"file":"social_icons_pack:windows_icon.png","chars":[""],"height":9,"ascent":8,"type":"bitmap"},{"file":"social_icons_pack:google_icon.png","chars":[""],"height":9,"ascent":8,"type":"bitmap"},{"file":"social_icons_pack:facebook_icon.png","chars":[""],"height":9,"ascent":8,"type":"bitmap"},{"file":"social_icons_pack:instagram_icon.png","chars":[""],"height":9,"ascent":8,"type":"bitmap"},{"file":"social_icons_pack:twitter_icon.png","chars":[""],"height":9,"ascent":8,"type":"bitmap"},{"file":"social_icons_pack:xtwitter_icon.png","chars":[""],"height":9,"ascent":8,"type":"bitmap"},{"file":"social_icons_pack:threads_icon.png","chars":[""],"height":9,"ascent":8,"type":"bitmap"},{"file":"social_icons_pack:tiktok_icon.png","chars":[""],"height":9,"ascent":8,"type":"bitmap"},{"file":"social_icons_pack:youtube_icon.png","chars":[""],"height":9,"ascent":8,"type":"bitmap"},{"file":"social_icons_pack:discord_icon.png","chars":[""],"height":9,"ascent":8,"type":"bitmap"},{"file":"social_icons_pack:telegram_icon.png","chars":[""],"height":9,"ascent":8,"type":"bitmap"},{"file":"social_icons_pack:whatsapp_icon.png","chars":[""],"height":9,"ascent":8,"type":"bitmap"},{"file":"social_icons_pack:snapchat_icon.png","chars":[""],"height":9,"ascent":8,"type":"bitmap"},{"file":"social_icons_pack:twitch_icon.png","chars":[""],"height":9,"ascent":8,"type":"bitmap"},{"file":"social_icons_pack:kick_icon.png","chars":[""],"height":9,"ascent":8,"type":"bitmap"},{"file":"social_icons_pack:teamspeak_icon.png","chars":[""],"height":9,"ascent":8,"type":"bitmap"},{"file":"social_icons_pack:spotify_icon.png","chars":[""],"height":9,"ascent":8,"type":"bitmap"},{"file":"social_icons_pack:reddit_icon.png","chars":[""],"height":9,"ascent":8,"type":"bitmap"},{"file":"social_icons_pack:tumblr_icon.png","chars":[""],"height":9,"ascent":8,"type":"bitmap"},{"file":"social_icons_pack:vk_icon.png","chars":[""],"height":9,"ascent":8,"type":"bitmap"},{"file":"social_icons_pack:bluesky_icon.png","chars":[""],"height":9,"ascent":8,"type":"bitmap"},{"file":"social_icons_pack:notion_icon.png","chars":[""],"height":9,"ascent":8,"type":"bitmap"},{"file":"social_icons_pack:trello_icon.png","chars":[""],"height":9,"ascent":8,"type":"bitmap"},{"file":"social_icons_pack:github_icon.png","chars":[""],"height":9,"ascent":8,"type":"bitmap"},{"file":"social_icons_pack:minecraft_icon.png","chars":[""],"height":9,"ascent":8,"type":"bitmap"},{"file":"social_icons_pack:modrinth_icon.png","chars":[""],"height":9,"ascent":8,"type":"bitmap"},{"file":"social_icons_pack:cruseforge_icon.png","chars":[""],"height":9,"ascent":8,"type":"bitmap"},{"file":"social_icons_pack:fandom_icon.png","chars":[""],"height":9,"ascent":8,"type":"bitmap"},{"file":"social_icons_pack:wikipedia_icon.png","chars":[""],"height":9,"ascent":8,"type":"bitmap"},{"file":"social_icons_pack:artstation_icon.png","chars":[""],"height":9,"ascent":8,"type":"bitmap"},{"file":"social_icons_pack:deviantart_icon.png","chars":[""],"height":9,"ascent":8,"type":"bitmap"},{"file":"social_icons_pack:sketchfab_icon.png","chars":[""],"height":9,"ascent":8,"type":"bitmap"},{"file":"social_icons_pack:linkedin_icon.png","chars":[""],"height":9,"ascent":8,"type":"bitmap"},{"file":"social_icons_pack:paypal_icon.png","chars":[""],"height":9,"ascent":8,"type":"bitmap"},{"file":"social_icons_pack:patreon_icon.png","chars":[""],"height":9,"ascent":8,"type":"bitmap"},{"file":"social_icons_pack:patreon2_icon.png","chars":[""],"height":9,"ascent":8,"type":"bitmap"},{"file":"social_icons_pack:kofi_icon.png","chars":[""],"height":9,"ascent":8,"type":"bitmap"},{"file":"social_icons_pack:wise_icon.png","chars":[""],"height":9,"ascent":8,"type":"bitmap"},{"file":"social_icons_pack:stripe_icon.png","chars":[""],"height":9,"ascent":8,"type":"bitmap"},{"file":"social_icons_pack:promptpay_icon.png","chars":[""],"height":9,"ascent":8,"type":"bitmap"},{"file":"social_icons_pack:truewallet_icon.png","chars":[""],"height":9,"ascent":8,"type":"bitmap"},{"file":"social_icons_pack:qrcode_icon.png","chars":[""],"height":9,"ascent":8,"type":"bitmap"},{"file":"social_icons_pack:qrpayment_icon.png","chars":[""],"height":9,"ascent":8,"type":"bitmap"},{"file":"social_icons_pack:domain_icon.png","chars":[""],"height":9,"ascent":8,"type":"bitmap"},{"file":"social_icons_pack:android_icon_bg.png","chars":[""],"height":9,"ascent":8,"type":"bitmap"},{"file":"social_icons_pack:apple_icon_bg.png","chars":[""],"height":9,"ascent":8,"type":"bitmap"},{"file":"social_icons_pack:microsoft_icon_bg.png","chars":[""],"height":9,"ascent":8,"type":"bitmap"},{"file":"social_icons_pack:windows_icon_bg.png","chars":[""],"height":9,"ascent":8,"type":"bitmap"},{"file":"social_icons_pack:google_icon_bg.png","chars":[""],"height":9,"ascent":8,"type":"bitmap"},{"file":"social_icons_pack:facebook_icon_bg.png","chars":[""],"height":9,"ascent":8,"type":"bitmap"},{"file":"social_icons_pack:instagram_icon_bg.png","chars":[""],"height":9,"ascent":8,"type":"bitmap"},{"file":"social_icons_pack:twitter_icon_bg.png","chars":[""],"height":9,"ascent":8,"type":"bitmap"},{"file":"social_icons_pack:xtwitter_icon_bg.png","chars":[""],"height":9,"ascent":8,"type":"bitmap"},{"file":"social_icons_pack:threads_icon_bg.png","chars":[""],"height":9,"ascent":8,"type":"bitmap"},{"file":"social_icons_pack:tiktok_icon_bg.png","chars":[""],"height":9,"ascent":8,"type":"bitmap"},{"file":"social_icons_pack:youtube_icon_bg.png","chars":[""],"height":9,"ascent":8,"type":"bitmap"},{"file":"social_icons_pack:discord_icon_bg.png","chars":[""],"height":9,"ascent":8,"type":"bitmap"},{"file":"social_icons_pack:telegram_icon_bg.png","chars":[""],"height":9,"ascent":8,"type":"bitmap"},{"file":"social_icons_pack:whatsapp_icon_bg.png","chars":[""],"height":9,"ascent":8,"type":"bitmap"},{"file":"social_icons_pack:snapchat_icon_bg.png","chars":[""],"height":9,"ascent":8,"type":"bitmap"},{"file":"social_icons_pack:twitch_icon_bg.png","chars":[""],"height":9,"ascent":8,"type":"bitmap"},{"file":"social_icons_pack:kick_icon_bg.png","chars":[""],"height":9,"ascent":8,"type":"bitmap"},{"file":"social_icons_pack:teamspeak_icon_bg.png","chars":[""],"height":9,"ascent":8,"type":"bitmap"},{"file":"social_icons_pack:spotify_icon_bg.png","chars":[""],"height":9,"ascent":8,"type":"bitmap"},{"file":"social_icons_pack:reddit_icon_bg.png","chars":[""],"height":9,"ascent":8,"type":"bitmap"},{"file":"social_icons_pack:tumblr_icon_bg.png","chars":[""],"height":9,"ascent":8,"type":"bitmap"},{"file":"social_icons_pack:vk_icon_bg.png","chars":[""],"height":9,"ascent":8,"type":"bitmap"},{"file":"social_icons_pack:bluesky_icon_bg.png","chars":[""],"height":9,"ascent":8,"type":"bitmap"},{"file":"social_icons_pack:notion_icon_bg.png","chars":[""],"height":9,"ascent":8,"type":"bitmap"},{"file":"social_icons_pack:trello_icon_bg.png","chars":[""],"height":9,"ascent":8,"type":"bitmap"},{"file":"social_icons_pack:github_icon_bg.png","chars":[""],"height":9,"ascent":8,"type":"bitmap"},{"file":"social_icons_pack:minecraft_icon_bg.png","chars":[""],"height":9,"ascent":8,"type":"bitmap"},{"file":"social_icons_pack:modrinth_icon_bg.png","chars":[""],"height":9,"ascent":8,"type":"bitmap"},{"file":"social_icons_pack:cruseforge_icon_bg.png","chars":[""],"height":9,"ascent":8,"type":"bitmap"},{"file":"social_icons_pack:fandom_icon_bg.png","chars":[""],"height":9,"ascent":8,"type":"bitmap"},{"file":"social_icons_pack:wikipedia_icon_bg.png","chars":[""],"height":9,"ascent":8,"type":"bitmap"},{"file":"social_icons_pack:artstation_icon_bg.png","chars":[""],"height":9,"ascent":8,"type":"bitmap"},{"file":"social_icons_pack:deviantart_icon_bg.png","chars":[""],"height":9,"ascent":8,"type":"bitmap"},{"file":"social_icons_pack:sketchfab_icon_bg.png","chars":[""],"height":9,"ascent":8,"type":"bitmap"},{"file":"social_icons_pack:linkedin_icon_bg.png","chars":[""],"height":9,"ascent":8,"type":"bitmap"},{"file":"social_icons_pack:paypal_icon_bg.png","chars":[""],"height":9,"ascent":8,"type":"bitmap"},{"file":"social_icons_pack:patreon_icon_bg.png","chars":[""],"height":9,"ascent":8,"type":"bitmap"},{"file":"social_icons_pack:patreon2_icon_bg.png","chars":[""],"height":9,"ascent":8,"type":"bitmap"},{"file":"social_icons_pack:kofi_icon_bg.png","chars":[""],"height":9,"ascent":8,"type":"bitmap"},{"file":"social_icons_pack:wise_icon_bg.png","chars":[""],"height":9,"ascent":8,"type":"bitmap"},{"file":"social_icons_pack:stripe_icon_bg.png","chars":[""],"height":9,"ascent":8,"type":"bitmap"},{"file":"social_icons_pack:promptpay_icon_bg.png","chars":[""],"height":9,"ascent":8,"type":"bitmap"},{"file":"social_icons_pack:truewallet_icon_bg.png","chars":[""],"height":9,"ascent":8,"type":"bitmap"},{"file":"social_icons_pack:qrcode_icon_bg.png","chars":[""],"height":9,"ascent":8,"type":"bitmap"},{"file":"social_icons_pack:qrpayment_icon_bg.png","chars":[""],"height":9,"ascent":8,"type":"bitmap"},{"file":"social_icons_pack:domain_icon_bg.png","chars":[""],"height":9,"ascent":8,"type":"bitmap"},{"file":"_iainternal:hud/small_cooldown_bar/0.png","chars":[""],"height":22,"ascent":-42,"type":"bitmap"},{"file":"_iainternal:hud/small_cooldown_bar/1.png","chars":[""],"height":22,"ascent":-42,"type":"bitmap"},{"file":"_iainternal:hud/small_cooldown_bar/2.png","chars":[""],"height":22,"ascent":-42,"type":"bitmap"},{"file":"_iainternal:hud/small_cooldown_bar/3.png","chars":[""],"height":22,"ascent":-42,"type":"bitmap"},{"file":"_iainternal:hud/small_cooldown_bar/4.png","chars":[""],"height":22,"ascent":-42,"type":"bitmap"},{"file":"_iainternal:hud/small_cooldown_bar/5.png","chars":[""],"height":22,"ascent":-42,"type":"bitmap"},{"file":"_iainternal:hud/small_cooldown_bar/6.png","chars":[""],"height":22,"ascent":-42,"type":"bitmap"},{"file":"_iainternal:hud/small_cooldown_bar/7.png","chars":[""],"height":22,"ascent":-42,"type":"bitmap"},{"file":"_iainternal:hud/small_cooldown_bar/8.png","chars":[""],"height":22,"ascent":-42,"type":"bitmap"},{"file":"_iainternal:hud/small_cooldown_bar/9.png","chars":[""],"height":22,"ascent":-42,"type":"bitmap"},{"file":"_iainternal:hud/small_cooldown_bar/10.png","chars":[""],"height":22,"ascent":-42,"type":"bitmap"},{"file":"_iainternal:hud/small_cooldown_bar/11.png","chars":[""],"height":22,"ascent":-42,"type":"bitmap"},{"file":"_iainternal:hud/small_cooldown_bar/12.png","chars":[""],"height":22,"ascent":-42,"type":"bitmap"},{"file":"_iainternal:hud/small_cooldown_bar/13.png","chars":[""],"height":22,"ascent":-42,"type":"bitmap"},{"file":"_iainternal:hud/small_cooldown_bar/14.png","chars":[""],"height":22,"ascent":-42,"type":"bitmap"},{"file":"_iainternal:hud/small_cooldown_bar/15.png","chars":[""],"height":22,"ascent":-42,"type":"bitmap"},{"file":"_iainternal:hud/small_cooldown_bar/16.png","chars":[""],"height":22,"ascent":-42,"type":"bitmap"},{"file":"_iainternal:hud/small_cooldown_bar/17.png","chars":[""],"height":22,"ascent":-42,"type":"bitmap"},{"file":"_iainternal:hud/small_cooldown_bar/18.png","chars":[""],"height":22,"ascent":-42,"type":"bitmap"},{"file":"_iainternal:hud/small_cooldown_bar/19.png","chars":[""],"height":22,"ascent":-42,"type":"bitmap"},{"file":"_iainternal:hud/small_cooldown_bar/20.png","chars":[""],"height":22,"ascent":-42,"type":"bitmap"},{"file":"char/black.png","chars":[""],"height":1,"ascent":-5000,"type":"bitmap"},{"file":"char/black.png","chars":[""],"height":2,"ascent":-5000,"type":"bitmap"},{"file":"char/black.png","chars":[""],"height":3,"ascent":-5000,"type":"bitmap"},{"file":"char/black.png","chars":[""],"height":4,"ascent":-5000,"type":"bitmap"},{"file":"char/black.png","chars":[""],"height":5,"ascent":-5000,"type":"bitmap"},{"file":"char/black.png","chars":[""],"height":6,"ascent":-5000,"type":"bitmap"},{"file":"char/black.png","chars":[""],"height":7,"ascent":-5000,"type":"bitmap"},{"file":"char/black.png","chars":[""],"height":15,"ascent":-5000,"type":"bitmap"},{"file":"char/black.png","chars":[""],"height":31,"ascent":-5000,"type":"bitmap"},{"file":"char/black.png","chars":[""],"height":63,"ascent":-5000,"type":"bitmap"},{"file":"char/black.png","chars":[""],"height":127,"ascent":-5000,"type":"bitmap"},{"file":"char/black.png","chars":[""],"height":256,"ascent":-5000,"type":"bitmap"},{"file":"char/black.png","chars":[""],"height":512,"ascent":-5000,"type":"bitmap"},{"file":"char/black.png","chars":[""],"height":1024,"ascent":-5000,"type":"bitmap"},{"file":"char/black.png","chars":[""],"height":-3,"ascent":-5000,"type":"bitmap"},{"file":"char/black.png","chars":[""],"height":-4,"ascent":-5000,"type":"bitmap"},{"file":"char/black.png","chars":[""],"height":-5,"ascent":-5000,"type":"bitmap"},{"file":"char/black.png","chars":[""],"height":-6,"ascent":-5000,"type":"bitmap"},{"file":"char/black.png","chars":[""],"height":-7,"ascent":-5000,"type":"bitmap"},{"file":"char/black.png","chars":[""],"height":-8,"ascent":-5000,"type":"bitmap"},{"file":"char/black.png","chars":[""],"height":-9,"ascent":-5000,"type":"bitmap"},{"file":"char/black.png","chars":[""],"height":-10,"ascent":-5000,"type":"bitmap"},{"file":"char/black.png","chars":[""],"height":-18,"ascent":-5000,"type":"bitmap"},{"file":"char/black.png","chars":[""],"height":-34,"ascent":-5000,"type":"bitmap"},{"file":"char/black.png","chars":[""],"height":-66,"ascent":-5000,"type":"bitmap"},{"file":"char/black.png","chars":[""],"height":-130,"ascent":-5000,"type":"bitmap"},{"file":"char/black.png","chars":[""],"height":-259,"ascent":-5000,"type":"bitmap"},{"file":"char/black.png","chars":[""],"height":-515,"ascent":-5000,"type":"bitmap"},{"file":"char/black.png","chars":[""],"height":-1027,"ascent":-5000,"type":"bitmap"}],"gui_light":"front"}