{"parent":"item/handheld_rod","textures":{"layer0":"item/fishing_rod"},"overrides":[{"predicate":{"cast":1},"model":"item/fishing_rod_cast"},{"predicate":{"custom_model_data":10000},"model":"infernoset:fishing_rod"},{"predicate":{"cast":1,"custom_model_data":10000},"model":"infernoset:fishing_rod_cast"},{"predicate":{"custom_model_data":10001},"model":"spartan_set:fishing_rod"},{"predicate":{"cast":1,"custom_model_data":10001},"model":"spartan_set:fishing_rod_cast"},{"predicate":{"custom_model_data":10002},"model":"independence_dayset:fishing_rod"},{"predicate":{"cast":1,"custom_model_data":10002},"model":"independence_dayset:fishing_rod_cast"},{"predicate":{"custom_model_data":10003},"model":"plny_pyrosoulset:fishing_rod"},{"predicate":{"cast":1,"custom_model_data":10003},"model":"plny_pyrosoulset:fishing_rod_cast"},{"predicate":{"custom_model_data":10004},"model":"plny_beeset:fishing_rod"},{"predicate":{"cast":1,"custom_model_data":10004},"model":"plny_beeset:fishing_rod_cast"},{"predicate":{"custom_model_data":10005},"model":"plny_aurion_set:fishing_rod"},{"predicate":{"cast":1,"custom_model_data":10005},"model":"plny_aurion_set:fishing_rod_cast"},{"predicate":{"custom_model_data":10006},"model":"ender_dragonset:fishing_rod"},{"predicate":{"cast":1,"custom_model_data":10006},"model":"ender_dragonset:fishing_rod_cast"},{"predicate":{"custom_model_data":10007},"model":"plny_halloween_pumpkin_set:fishing_rod"},{"predicate":{"cast":1,"custom_model_data":10007},"model":"plny_halloween_pumpkin_set:fishing_rod_cast"},{"predicate":{"custom_model_data":10008},"model":"nexusset:fishing_rod"},{"predicate":{"cast":1,"custom_model_data":10008},"model":"nexusset:fishing_rod_cast"},{"predicate":{"custom_model_data":10009},"model":"plny_christmas_2025_set:fishing_rod"},{"predicate":{"cast":1,"custom_model_data":10009},"model":"plny_christmas_2025_set:fishing_rod_cast"},{"predicate":{"custom_model_data":10010},"model":"item/fishing_rod"}]}