{"parent":"minecraft:item/generated","textures":{"layer0":"minecraft:item/leather_horse_armor"},"overrides":[{"predicate":{"custom_model_data":10000},"model":"summer_furnitures:parasol_2"},{"predicate":{"custom_model_data":10001},"model":"summer_furnitures:parasol_2"},{"predicate":{"custom_model_data":10002},"model":"summer_furnitures:parasol_2"},{"predicate":{"custom_model_data":10003},"model":"summer_furnitures:parasol_2"},{"predicate":{"custom_model_data":10004},"model":"summer_furnitures:parasol_2"},{"predicate":{"custom_model_data":10005},"model":"summer_furnitures:parasol_2"},{"predicate":{"custom_model_data":10006},"model":"summer_furnitures:parasol_2"},{"predicate":{"custom_model_data":10007},"model":"summer_furnitures:lounge_chair"},{"predicate":{"custom_model_data":10008},"model":"summer_furnitures:lounge_chair"},{"predicate":{"custom_model_data":10009},"model":"summer_furnitures:lounge_chair"},{"predicate":{"custom_model_data":10010},"model":"summer_furnitures:lounge_chair"},{"predicate":{"custom_model_data":10011},"model":"summer_furnitures:lounge_chair"},{"predicate":{"custom_model_data":10012},"model":"summer_furnitures:lounge_chair"},{"predicate":{"custom_model_data":10013},"model":"summer_furnitures:lounge_chair"},{"predicate":{"custom_model_data":10014},"model":"summer_furnitures:fabric_tikitable"},{"predicate":{"custom_model_data":10015},"model":"summer_furnitures:fabric_tikitable"},{"predicate":{"custom_model_data":10016},"model":"summer_furnitures:fabric_tikitable"},{"predicate":{"custom_model_data":10017},"model":"summer_furnitures:fabric_tikitable"},{"predicate":{"custom_model_data":10018},"model":"summer_furnitures:fabric_tikitable"},{"predicate":{"custom_model_data":10019},"model":"summer_furnitures:fabric_tikitable"},{"predicate":{"custom_model_data":10020},"model":"summer_furnitures:fabric_tikitable"},{"predicate":{"custom_model_data":10021},"model":"summer_furnitures:fabric_tikitable_low"},{"predicate":{"custom_model_data":10022},"model":"summer_furnitures:fabric_tikitable_low"},{"predicate":{"custom_model_data":10023},"model":"summer_furnitures:fabric_tikitable_low"},{"predicate":{"custom_model_data":10024},"model":"summer_furnitures:fabric_tikitable_low"},{"predicate":{"custom_model_data":10025},"model":"summer_furnitures:fabric_tikitable_low"},{"predicate":{"custom_model_data":10026},"model":"summer_furnitures:fabric_tikitable_low"},{"predicate":{"custom_model_data":10027},"model":"summer_furnitures:fabric_tikitable_low"},{"predicate":{"custom_model_data":10028},"model":"summer_furnitures:fabric_sofa"},{"predicate":{"custom_model_data":10029},"model":"summer_furnitures:fabric_sofa"},{"predicate":{"custom_model_data":10030},"model":"summer_furnitures:fabric_sofa"},{"predicate":{"custom_model_data":10031},"model":"summer_furnitures:fabric_sofa"},{"predicate":{"custom_model_data":10032},"model":"summer_furnitures:fabric_sofa"},{"predicate":{"custom_model_data":10033},"model":"summer_furnitures:fabric_sofa"},{"predicate":{"custom_model_data":10034},"model":"summer_furnitures:fabric_sofa"},{"predicate":{"custom_model_data":10035},"model":"summer_furnitures:beach_carpet"},{"predicate":{"custom_model_data":10036},"model":"summer_furnitures:beach_carpet"},{"predicate":{"custom_model_data":10037},"model":"summer_furnitures:beach_carpet"},{"predicate":{"custom_model_data":10038},"model":"summer_furnitures:beach_carpet"},{"predicate":{"custom_model_data":10039},"model":"summer_furnitures:beach_carpet"},{"predicate":{"custom_model_data":10040},"model":"summer_furnitures:beach_carpet"},{"predicate":{"custom_model_data":10041},"model":"summer_furnitures:beach_carpet"},{"predicate":{"custom_model_data":10042},"model":"summer_furnitures:epave"},{"predicate":{"custom_model_data":10043},"model":"summer_furnitures:epave"},{"predicate":{"custom_model_data":10044},"model":"summer_furnitures:epave"},{"predicate":{"custom_model_data":10045},"model":"summer_furnitures:fabric_stool"},{"predicate":{"custom_model_data":10046},"model":"summer_furnitures:fabric_stool"},{"predicate":{"custom_model_data":10047},"model":"summer_furnitures:fabric_stool"},{"predicate":{"custom_model_data":10048},"model":"summer_furnitures:fabric_stool"},{"predicate":{"custom_model_data":10049},"model":"summer_furnitures:fabric_stool"},{"predicate":{"custom_model_data":10050},"model":"summer_furnitures:fabric_stool"},{"predicate":{"custom_model_data":10051},"model":"summer_furnitures:fabric_stool"},{"predicate":{"custom_model_data":10052},"model":"item/leather_horse_armor"}]}