{"parent":"minecraft:item/generated","overrides":[{"model":"minecraft:item/netherite_leggings_quartz_trim","predicate":{"trim_type":0.1}},{"model":"minecraft:item/netherite_leggings_iron_trim","predicate":{"trim_type":0.2}},{"model":"minecraft:item/netherite_leggings_netherite_darker_trim","predicate":{"trim_type":0.3}},{"model":"minecraft:item/netherite_leggings_redstone_trim","predicate":{"trim_type":0.4}},{"model":"minecraft:item/netherite_leggings_copper_trim","predicate":{"trim_type":0.5}},{"model":"minecraft:item/netherite_leggings_gold_trim","predicate":{"trim_type":0.6}},{"model":"minecraft:item/netherite_leggings_emerald_trim","predicate":{"trim_type":0.7}},{"model":"minecraft:item/netherite_leggings_diamond_trim","predicate":{"trim_type":0.8}},{"model":"minecraft:item/netherite_leggings_lapis_trim","predicate":{"trim_type":0.9}},{"model":"minecraft:item/netherite_leggings_amethyst_trim","predicate":{"trim_type":1.0}},{"predicate":{"custom_model_data":10000},"model":"ender_dragonset:item/ia_auto/ender_dragonleggings"},{"predicate":{"trim_type":0.1,"custom_model_data":10000},"model":"ender_dragonset:item/ia_auto/ender_dragonleggings"},{"predicate":{"trim_type":0.2,"custom_model_data":10000},"model":"ender_dragonset:item/ia_auto/ender_dragonleggings"},{"predicate":{"trim_type":0.3,"custom_model_data":10000},"model":"ender_dragonset:item/ia_auto/ender_dragonleggings"},{"predicate":{"trim_type":0.4,"custom_model_data":10000},"model":"ender_dragonset:item/ia_auto/ender_dragonleggings"},{"predicate":{"trim_type":0.5,"custom_model_data":10000},"model":"ender_dragonset:item/ia_auto/ender_dragonleggings"},{"predicate":{"trim_type":0.6,"custom_model_data":10000},"model":"ender_dragonset:item/ia_auto/ender_dragonleggings"},{"predicate":{"trim_type":0.7,"custom_model_data":10000},"model":"ender_dragonset:item/ia_auto/ender_dragonleggings"},{"predicate":{"trim_type":0.8,"custom_model_data":10000},"model":"ender_dragonset:item/ia_auto/ender_dragonleggings"},{"predicate":{"trim_type":0.9,"custom_model_data":10000},"model":"ender_dragonset:item/ia_auto/ender_dragonleggings"},{"predicate":{"trim_type":1.0,"custom_model_data":10000},"model":"ender_dragonset:item/ia_auto/ender_dragonleggings"},{"predicate":{"custom_model_data":10001},"model":"plny_halloween_pumpkin_set:item/ia_auto/plny_halloween_pumpkin_setleggings"},{"predicate":{"trim_type":0.1,"custom_model_data":10001},"model":"plny_halloween_pumpkin_set:item/ia_auto/plny_halloween_pumpkin_setleggings"},{"predicate":{"trim_type":0.2,"custom_model_data":10001},"model":"plny_halloween_pumpkin_set:item/ia_auto/plny_halloween_pumpkin_setleggings"},{"predicate":{"trim_type":0.3,"custom_model_data":10001},"model":"plny_halloween_pumpkin_set:item/ia_auto/plny_halloween_pumpkin_setleggings"},{"predicate":{"trim_type":0.4,"custom_model_data":10001},"model":"plny_halloween_pumpkin_set:item/ia_auto/plny_halloween_pumpkin_setleggings"},{"predicate":{"trim_type":0.5,"custom_model_data":10001},"model":"plny_halloween_pumpkin_set:item/ia_auto/plny_halloween_pumpkin_setleggings"},{"predicate":{"trim_type":0.6,"custom_model_data":10001},"model":"plny_halloween_pumpkin_set:item/ia_auto/plny_halloween_pumpkin_setleggings"},{"predicate":{"trim_type":0.7,"custom_model_data":10001},"model":"plny_halloween_pumpkin_set:item/ia_auto/plny_halloween_pumpkin_setleggings"},{"predicate":{"trim_type":0.8,"custom_model_data":10001},"model":"plny_halloween_pumpkin_set:item/ia_auto/plny_halloween_pumpkin_setleggings"},{"predicate":{"trim_type":0.9,"custom_model_data":10001},"model":"plny_halloween_pumpkin_set:item/ia_auto/plny_halloween_pumpkin_setleggings"},{"predicate":{"trim_type":1.0,"custom_model_data":10001},"model":"plny_halloween_pumpkin_set:item/ia_auto/plny_halloween_pumpkin_setleggings"},{"predicate":{"custom_model_data":10002},"model":"nexusset:item/ia_auto/nexusleggings"},{"predicate":{"trim_type":0.1,"custom_model_data":10002},"model":"nexusset:item/ia_auto/nexusleggings"},{"predicate":{"trim_type":0.2,"custom_model_data":10002},"model":"nexusset:item/ia_auto/nexusleggings"},{"predicate":{"trim_type":0.3,"custom_model_data":10002},"model":"nexusset:item/ia_auto/nexusleggings"},{"predicate":{"trim_type":0.4,"custom_model_data":10002},"model":"nexusset:item/ia_auto/nexusleggings"},{"predicate":{"trim_type":0.5,"custom_model_data":10002},"model":"nexusset:item/ia_auto/nexusleggings"},{"predicate":{"trim_type":0.6,"custom_model_data":10002},"model":"nexusset:item/ia_auto/nexusleggings"},{"predicate":{"trim_type":0.7,"custom_model_data":10002},"model":"nexusset:item/ia_auto/nexusleggings"},{"predicate":{"trim_type":0.8,"custom_model_data":10002},"model":"nexusset:item/ia_auto/nexusleggings"},{"predicate":{"trim_type":0.9,"custom_model_data":10002},"model":"nexusset:item/ia_auto/nexusleggings"},{"predicate":{"trim_type":1.0,"custom_model_data":10002},"model":"nexusset:item/ia_auto/nexusleggings"},{"predicate":{"custom_model_data":10003},"model":"plny_christmas_2025_set:item/ia_auto/plny_christmas_2025_setleggings"},{"predicate":{"trim_type":0.1,"custom_model_data":10003},"model":"plny_christmas_2025_set:item/ia_auto/plny_christmas_2025_setleggings"},{"predicate":{"trim_type":0.2,"custom_model_data":10003},"model":"plny_christmas_2025_set:item/ia_auto/plny_christmas_2025_setleggings"},{"predicate":{"trim_type":0.3,"custom_model_data":10003},"model":"plny_christmas_2025_set:item/ia_auto/plny_christmas_2025_setleggings"},{"predicate":{"trim_type":0.4,"custom_model_data":10003},"model":"plny_christmas_2025_set:item/ia_auto/plny_christmas_2025_setleggings"},{"predicate":{"trim_type":0.5,"custom_model_data":10003},"model":"plny_christmas_2025_set:item/ia_auto/plny_christmas_2025_setleggings"},{"predicate":{"trim_type":0.6,"custom_model_data":10003},"model":"plny_christmas_2025_set:item/ia_auto/plny_christmas_2025_setleggings"},{"predicate":{"trim_type":0.7,"custom_model_data":10003},"model":"plny_christmas_2025_set:item/ia_auto/plny_christmas_2025_setleggings"},{"predicate":{"trim_type":0.8,"custom_model_data":10003},"model":"plny_christmas_2025_set:item/ia_auto/plny_christmas_2025_setleggings"},{"predicate":{"trim_type":0.9,"custom_model_data":10003},"model":"plny_christmas_2025_set:item/ia_auto/plny_christmas_2025_setleggings"},{"predicate":{"trim_type":1.0,"custom_model_data":10003},"model":"plny_christmas_2025_set:item/ia_auto/plny_christmas_2025_setleggings"},{"predicate":{"custom_model_data":10004},"model":"item/netherite_leggings"}],"textures":{"layer0":"minecraft:item/netherite_leggings"}}