{"parent":"minecraft:item/generated","overrides":[{"model":"minecraft:item/netherite_helmet_quartz_trim","predicate":{"trim_type":0.1}},{"model":"minecraft:item/netherite_helmet_iron_trim","predicate":{"trim_type":0.2}},{"model":"minecraft:item/netherite_helmet_netherite_darker_trim","predicate":{"trim_type":0.3}},{"model":"minecraft:item/netherite_helmet_redstone_trim","predicate":{"trim_type":0.4}},{"model":"minecraft:item/netherite_helmet_copper_trim","predicate":{"trim_type":0.5}},{"model":"minecraft:item/netherite_helmet_gold_trim","predicate":{"trim_type":0.6}},{"model":"minecraft:item/netherite_helmet_emerald_trim","predicate":{"trim_type":0.7}},{"model":"minecraft:item/netherite_helmet_diamond_trim","predicate":{"trim_type":0.8}},{"model":"minecraft:item/netherite_helmet_lapis_trim","predicate":{"trim_type":0.9}},{"model":"minecraft:item/netherite_helmet_amethyst_trim","predicate":{"trim_type":1.0}},{"predicate":{"custom_model_data":10000},"model":"hats_expansion:adventurer_hat"},{"predicate":{"trim_type":0.1,"custom_model_data":10000},"model":"hats_expansion:adventurer_hat"},{"predicate":{"trim_type":0.2,"custom_model_data":10000},"model":"hats_expansion:adventurer_hat"},{"predicate":{"trim_type":0.3,"custom_model_data":10000},"model":"hats_expansion:adventurer_hat"},{"predicate":{"trim_type":0.4,"custom_model_data":10000},"model":"hats_expansion:adventurer_hat"},{"predicate":{"trim_type":0.5,"custom_model_data":10000},"model":"hats_expansion:adventurer_hat"},{"predicate":{"trim_type":0.6,"custom_model_data":10000},"model":"hats_expansion:adventurer_hat"},{"predicate":{"trim_type":0.7,"custom_model_data":10000},"model":"hats_expansion:adventurer_hat"},{"predicate":{"trim_type":0.8,"custom_model_data":10000},"model":"hats_expansion:adventurer_hat"},{"predicate":{"trim_type":0.9,"custom_model_data":10000},"model":"hats_expansion:adventurer_hat"},{"predicate":{"trim_type":1.0,"custom_model_data":10000},"model":"hats_expansion:adventurer_hat"},{"predicate":{"custom_model_data":10001},"model":"hats_expansion:amongus_head"},{"predicate":{"trim_type":0.1,"custom_model_data":10001},"model":"hats_expansion:amongus_head"},{"predicate":{"trim_type":0.2,"custom_model_data":10001},"model":"hats_expansion:amongus_head"},{"predicate":{"trim_type":0.3,"custom_model_data":10001},"model":"hats_expansion:amongus_head"},{"predicate":{"trim_type":0.4,"custom_model_data":10001},"model":"hats_expansion:amongus_head"},{"predicate":{"trim_type":0.5,"custom_model_data":10001},"model":"hats_expansion:amongus_head"},{"predicate":{"trim_type":0.6,"custom_model_data":10001},"model":"hats_expansion:amongus_head"},{"predicate":{"trim_type":0.7,"custom_model_data":10001},"model":"hats_expansion:amongus_head"},{"predicate":{"trim_type":0.8,"custom_model_data":10001},"model":"hats_expansion:amongus_head"},{"predicate":{"trim_type":0.9,"custom_model_data":10001},"model":"hats_expansion:amongus_head"},{"predicate":{"trim_type":1.0,"custom_model_data":10001},"model":"hats_expansion:amongus_head"},{"predicate":{"custom_model_data":10002},"model":"hats_expansion:axolotl_hat"},{"predicate":{"trim_type":0.1,"custom_model_data":10002},"model":"hats_expansion:axolotl_hat"},{"predicate":{"trim_type":0.2,"custom_model_data":10002},"model":"hats_expansion:axolotl_hat"},{"predicate":{"trim_type":0.3,"custom_model_data":10002},"model":"hats_expansion:axolotl_hat"},{"predicate":{"trim_type":0.4,"custom_model_data":10002},"model":"hats_expansion:axolotl_hat"},{"predicate":{"trim_type":0.5,"custom_model_data":10002},"model":"hats_expansion:axolotl_hat"},{"predicate":{"trim_type":0.6,"custom_model_data":10002},"model":"hats_expansion:axolotl_hat"},{"predicate":{"trim_type":0.7,"custom_model_data":10002},"model":"hats_expansion:axolotl_hat"},{"predicate":{"trim_type":0.8,"custom_model_data":10002},"model":"hats_expansion:axolotl_hat"},{"predicate":{"trim_type":0.9,"custom_model_data":10002},"model":"hats_expansion:axolotl_hat"},{"predicate":{"trim_type":1.0,"custom_model_data":10002},"model":"hats_expansion:axolotl_hat"},{"predicate":{"custom_model_data":10003},"model":"hats_expansion:baseball_cap"},{"predicate":{"trim_type":0.1,"custom_model_data":10003},"model":"hats_expansion:baseball_cap"},{"predicate":{"trim_type":0.2,"custom_model_data":10003},"model":"hats_expansion:baseball_cap"},{"predicate":{"trim_type":0.3,"custom_model_data":10003},"model":"hats_expansion:baseball_cap"},{"predicate":{"trim_type":0.4,"custom_model_data":10003},"model":"hats_expansion:baseball_cap"},{"predicate":{"trim_type":0.5,"custom_model_data":10003},"model":"hats_expansion:baseball_cap"},{"predicate":{"trim_type":0.6,"custom_model_data":10003},"model":"hats_expansion:baseball_cap"},{"predicate":{"trim_type":0.7,"custom_model_data":10003},"model":"hats_expansion:baseball_cap"},{"predicate":{"trim_type":0.8,"custom_model_data":10003},"model":"hats_expansion:baseball_cap"},{"predicate":{"trim_type":0.9,"custom_model_data":10003},"model":"hats_expansion:baseball_cap"},{"predicate":{"trim_type":1.0,"custom_model_data":10003},"model":"hats_expansion:baseball_cap"},{"predicate":{"custom_model_data":10004},"model":"hats_expansion:cardboard_box"},{"predicate":{"trim_type":0.1,"custom_model_data":10004},"model":"hats_expansion:cardboard_box"},{"predicate":{"trim_type":0.2,"custom_model_data":10004},"model":"hats_expansion:cardboard_box"},{"predicate":{"trim_type":0.3,"custom_model_data":10004},"model":"hats_expansion:cardboard_box"},{"predicate":{"trim_type":0.4,"custom_model_data":10004},"model":"hats_expansion:cardboard_box"},{"predicate":{"trim_type":0.5,"custom_model_data":10004},"model":"hats_expansion:cardboard_box"},{"predicate":{"trim_type":0.6,"custom_model_data":10004},"model":"hats_expansion:cardboard_box"},{"predicate":{"trim_type":0.7,"custom_model_data":10004},"model":"hats_expansion:cardboard_box"},{"predicate":{"trim_type":0.8,"custom_model_data":10004},"model":"hats_expansion:cardboard_box"},{"predicate":{"trim_type":0.9,"custom_model_data":10004},"model":"hats_expansion:cardboard_box"},{"predicate":{"trim_type":1.0,"custom_model_data":10004},"model":"hats_expansion:cardboard_box"},{"predicate":{"custom_model_data":10005},"model":"hats_expansion:fedora"},{"predicate":{"trim_type":0.1,"custom_model_data":10005},"model":"hats_expansion:fedora"},{"predicate":{"trim_type":0.2,"custom_model_data":10005},"model":"hats_expansion:fedora"},{"predicate":{"trim_type":0.3,"custom_model_data":10005},"model":"hats_expansion:fedora"},{"predicate":{"trim_type":0.4,"custom_model_data":10005},"model":"hats_expansion:fedora"},{"predicate":{"trim_type":0.5,"custom_model_data":10005},"model":"hats_expansion:fedora"},{"predicate":{"trim_type":0.6,"custom_model_data":10005},"model":"hats_expansion:fedora"},{"predicate":{"trim_type":0.7,"custom_model_data":10005},"model":"hats_expansion:fedora"},{"predicate":{"trim_type":0.8,"custom_model_data":10005},"model":"hats_expansion:fedora"},{"predicate":{"trim_type":0.9,"custom_model_data":10005},"model":"hats_expansion:fedora"},{"predicate":{"trim_type":1.0,"custom_model_data":10005},"model":"hats_expansion:fedora"},{"predicate":{"custom_model_data":10006},"model":"hats_expansion:frog_hat"},{"predicate":{"trim_type":0.1,"custom_model_data":10006},"model":"hats_expansion:frog_hat"},{"predicate":{"trim_type":0.2,"custom_model_data":10006},"model":"hats_expansion:frog_hat"},{"predicate":{"trim_type":0.3,"custom_model_data":10006},"model":"hats_expansion:frog_hat"},{"predicate":{"trim_type":0.4,"custom_model_data":10006},"model":"hats_expansion:frog_hat"},{"predicate":{"trim_type":0.5,"custom_model_data":10006},"model":"hats_expansion:frog_hat"},{"predicate":{"trim_type":0.6,"custom_model_data":10006},"model":"hats_expansion:frog_hat"},{"predicate":{"trim_type":0.7,"custom_model_data":10006},"model":"hats_expansion:frog_hat"},{"predicate":{"trim_type":0.8,"custom_model_data":10006},"model":"hats_expansion:frog_hat"},{"predicate":{"trim_type":0.9,"custom_model_data":10006},"model":"hats_expansion:frog_hat"},{"predicate":{"trim_type":1.0,"custom_model_data":10006},"model":"hats_expansion:frog_hat"},{"predicate":{"custom_model_data":10007},"model":"hats_expansion:hard_hat"},{"predicate":{"trim_type":0.1,"custom_model_data":10007},"model":"hats_expansion:hard_hat"},{"predicate":{"trim_type":0.2,"custom_model_data":10007},"model":"hats_expansion:hard_hat"},{"predicate":{"trim_type":0.3,"custom_model_data":10007},"model":"hats_expansion:hard_hat"},{"predicate":{"trim_type":0.4,"custom_model_data":10007},"model":"hats_expansion:hard_hat"},{"predicate":{"trim_type":0.5,"custom_model_data":10007},"model":"hats_expansion:hard_hat"},{"predicate":{"trim_type":0.6,"custom_model_data":10007},"model":"hats_expansion:hard_hat"},{"predicate":{"trim_type":0.7,"custom_model_data":10007},"model":"hats_expansion:hard_hat"},{"predicate":{"trim_type":0.8,"custom_model_data":10007},"model":"hats_expansion:hard_hat"},{"predicate":{"trim_type":0.9,"custom_model_data":10007},"model":"hats_expansion:hard_hat"},{"predicate":{"trim_type":1.0,"custom_model_data":10007},"model":"hats_expansion:hard_hat"},{"predicate":{"custom_model_data":10008},"model":"hats_expansion:jellyfish_hat"},{"predicate":{"trim_type":0.1,"custom_model_data":10008},"model":"hats_expansion:jellyfish_hat"},{"predicate":{"trim_type":0.2,"custom_model_data":10008},"model":"hats_expansion:jellyfish_hat"},{"predicate":{"trim_type":0.3,"custom_model_data":10008},"model":"hats_expansion:jellyfish_hat"},{"predicate":{"trim_type":0.4,"custom_model_data":10008},"model":"hats_expansion:jellyfish_hat"},{"predicate":{"trim_type":0.5,"custom_model_data":10008},"model":"hats_expansion:jellyfish_hat"},{"predicate":{"trim_type":0.6,"custom_model_data":10008},"model":"hats_expansion:jellyfish_hat"},{"predicate":{"trim_type":0.7,"custom_model_data":10008},"model":"hats_expansion:jellyfish_hat"},{"predicate":{"trim_type":0.8,"custom_model_data":10008},"model":"hats_expansion:jellyfish_hat"},{"predicate":{"trim_type":0.9,"custom_model_data":10008},"model":"hats_expansion:jellyfish_hat"},{"predicate":{"trim_type":1.0,"custom_model_data":10008},"model":"hats_expansion:jellyfish_hat"},{"predicate":{"custom_model_data":10009},"model":"hats_expansion:sensei"},{"predicate":{"trim_type":0.1,"custom_model_data":10009},"model":"hats_expansion:sensei"},{"predicate":{"trim_type":0.2,"custom_model_data":10009},"model":"hats_expansion:sensei"},{"predicate":{"trim_type":0.3,"custom_model_data":10009},"model":"hats_expansion:sensei"},{"predicate":{"trim_type":0.4,"custom_model_data":10009},"model":"hats_expansion:sensei"},{"predicate":{"trim_type":0.5,"custom_model_data":10009},"model":"hats_expansion:sensei"},{"predicate":{"trim_type":0.6,"custom_model_data":10009},"model":"hats_expansion:sensei"},{"predicate":{"trim_type":0.7,"custom_model_data":10009},"model":"hats_expansion:sensei"},{"predicate":{"trim_type":0.8,"custom_model_data":10009},"model":"hats_expansion:sensei"},{"predicate":{"trim_type":0.9,"custom_model_data":10009},"model":"hats_expansion:sensei"},{"predicate":{"trim_type":1.0,"custom_model_data":10009},"model":"hats_expansion:sensei"},{"predicate":{"custom_model_data":10010},"model":"hats_expansion:sombrero"},{"predicate":{"trim_type":0.1,"custom_model_data":10010},"model":"hats_expansion:sombrero"},{"predicate":{"trim_type":0.2,"custom_model_data":10010},"model":"hats_expansion:sombrero"},{"predicate":{"trim_type":0.3,"custom_model_data":10010},"model":"hats_expansion:sombrero"},{"predicate":{"trim_type":0.4,"custom_model_data":10010},"model":"hats_expansion:sombrero"},{"predicate":{"trim_type":0.5,"custom_model_data":10010},"model":"hats_expansion:sombrero"},{"predicate":{"trim_type":0.6,"custom_model_data":10010},"model":"hats_expansion:sombrero"},{"predicate":{"trim_type":0.7,"custom_model_data":10010},"model":"hats_expansion:sombrero"},{"predicate":{"trim_type":0.8,"custom_model_data":10010},"model":"hats_expansion:sombrero"},{"predicate":{"trim_type":0.9,"custom_model_data":10010},"model":"hats_expansion:sombrero"},{"predicate":{"trim_type":1.0,"custom_model_data":10010},"model":"hats_expansion:sombrero"},{"predicate":{"custom_model_data":10011},"model":"hats_expansion:straw_hat"},{"predicate":{"trim_type":0.1,"custom_model_data":10011},"model":"hats_expansion:straw_hat"},{"predicate":{"trim_type":0.2,"custom_model_data":10011},"model":"hats_expansion:straw_hat"},{"predicate":{"trim_type":0.3,"custom_model_data":10011},"model":"hats_expansion:straw_hat"},{"predicate":{"trim_type":0.4,"custom_model_data":10011},"model":"hats_expansion:straw_hat"},{"predicate":{"trim_type":0.5,"custom_model_data":10011},"model":"hats_expansion:straw_hat"},{"predicate":{"trim_type":0.6,"custom_model_data":10011},"model":"hats_expansion:straw_hat"},{"predicate":{"trim_type":0.7,"custom_model_data":10011},"model":"hats_expansion:straw_hat"},{"predicate":{"trim_type":0.8,"custom_model_data":10011},"model":"hats_expansion:straw_hat"},{"predicate":{"trim_type":0.9,"custom_model_data":10011},"model":"hats_expansion:straw_hat"},{"predicate":{"trim_type":1.0,"custom_model_data":10011},"model":"hats_expansion:straw_hat"},{"predicate":{"custom_model_data":10012},"model":"hats_expansion:tv_head"},{"predicate":{"trim_type":0.1,"custom_model_data":10012},"model":"hats_expansion:tv_head"},{"predicate":{"trim_type":0.2,"custom_model_data":10012},"model":"hats_expansion:tv_head"},{"predicate":{"trim_type":0.3,"custom_model_data":10012},"model":"hats_expansion:tv_head"},{"predicate":{"trim_type":0.4,"custom_model_data":10012},"model":"hats_expansion:tv_head"},{"predicate":{"trim_type":0.5,"custom_model_data":10012},"model":"hats_expansion:tv_head"},{"predicate":{"trim_type":0.6,"custom_model_data":10012},"model":"hats_expansion:tv_head"},{"predicate":{"trim_type":0.7,"custom_model_data":10012},"model":"hats_expansion:tv_head"},{"predicate":{"trim_type":0.8,"custom_model_data":10012},"model":"hats_expansion:tv_head"},{"predicate":{"trim_type":0.9,"custom_model_data":10012},"model":"hats_expansion:tv_head"},{"predicate":{"trim_type":1.0,"custom_model_data":10012},"model":"hats_expansion:tv_head"},{"predicate":{"custom_model_data":10013},"model":"hats_expansion:ufo_hat"},{"predicate":{"trim_type":0.1,"custom_model_data":10013},"model":"hats_expansion:ufo_hat"},{"predicate":{"trim_type":0.2,"custom_model_data":10013},"model":"hats_expansion:ufo_hat"},{"predicate":{"trim_type":0.3,"custom_model_data":10013},"model":"hats_expansion:ufo_hat"},{"predicate":{"trim_type":0.4,"custom_model_data":10013},"model":"hats_expansion:ufo_hat"},{"predicate":{"trim_type":0.5,"custom_model_data":10013},"model":"hats_expansion:ufo_hat"},{"predicate":{"trim_type":0.6,"custom_model_data":10013},"model":"hats_expansion:ufo_hat"},{"predicate":{"trim_type":0.7,"custom_model_data":10013},"model":"hats_expansion:ufo_hat"},{"predicate":{"trim_type":0.8,"custom_model_data":10013},"model":"hats_expansion:ufo_hat"},{"predicate":{"trim_type":0.9,"custom_model_data":10013},"model":"hats_expansion:ufo_hat"},{"predicate":{"trim_type":1.0,"custom_model_data":10013},"model":"hats_expansion:ufo_hat"},{"predicate":{"custom_model_data":10014},"model":"ender_dragonset:item/ia_auto/ender_dragonhelmet"},{"predicate":{"trim_type":0.1,"custom_model_data":10014},"model":"ender_dragonset:item/ia_auto/ender_dragonhelmet"},{"predicate":{"trim_type":0.2,"custom_model_data":10014},"model":"ender_dragonset:item/ia_auto/ender_dragonhelmet"},{"predicate":{"trim_type":0.3,"custom_model_data":10014},"model":"ender_dragonset:item/ia_auto/ender_dragonhelmet"},{"predicate":{"trim_type":0.4,"custom_model_data":10014},"model":"ender_dragonset:item/ia_auto/ender_dragonhelmet"},{"predicate":{"trim_type":0.5,"custom_model_data":10014},"model":"ender_dragonset:item/ia_auto/ender_dragonhelmet"},{"predicate":{"trim_type":0.6,"custom_model_data":10014},"model":"ender_dragonset:item/ia_auto/ender_dragonhelmet"},{"predicate":{"trim_type":0.7,"custom_model_data":10014},"model":"ender_dragonset:item/ia_auto/ender_dragonhelmet"},{"predicate":{"trim_type":0.8,"custom_model_data":10014},"model":"ender_dragonset:item/ia_auto/ender_dragonhelmet"},{"predicate":{"trim_type":0.9,"custom_model_data":10014},"model":"ender_dragonset:item/ia_auto/ender_dragonhelmet"},{"predicate":{"trim_type":1.0,"custom_model_data":10014},"model":"ender_dragonset:item/ia_auto/ender_dragonhelmet"},{"predicate":{"custom_model_data":10015},"model":"plny_halloween_pumpkin_set:item/ia_auto/plny_halloween_pumpkin_sethelmet"},{"predicate":{"trim_type":0.1,"custom_model_data":10015},"model":"plny_halloween_pumpkin_set:item/ia_auto/plny_halloween_pumpkin_sethelmet"},{"predicate":{"trim_type":0.2,"custom_model_data":10015},"model":"plny_halloween_pumpkin_set:item/ia_auto/plny_halloween_pumpkin_sethelmet"},{"predicate":{"trim_type":0.3,"custom_model_data":10015},"model":"plny_halloween_pumpkin_set:item/ia_auto/plny_halloween_pumpkin_sethelmet"},{"predicate":{"trim_type":0.4,"custom_model_data":10015},"model":"plny_halloween_pumpkin_set:item/ia_auto/plny_halloween_pumpkin_sethelmet"},{"predicate":{"trim_type":0.5,"custom_model_data":10015},"model":"plny_halloween_pumpkin_set:item/ia_auto/plny_halloween_pumpkin_sethelmet"},{"predicate":{"trim_type":0.6,"custom_model_data":10015},"model":"plny_halloween_pumpkin_set:item/ia_auto/plny_halloween_pumpkin_sethelmet"},{"predicate":{"trim_type":0.7,"custom_model_data":10015},"model":"plny_halloween_pumpkin_set:item/ia_auto/plny_halloween_pumpkin_sethelmet"},{"predicate":{"trim_type":0.8,"custom_model_data":10015},"model":"plny_halloween_pumpkin_set:item/ia_auto/plny_halloween_pumpkin_sethelmet"},{"predicate":{"trim_type":0.9,"custom_model_data":10015},"model":"plny_halloween_pumpkin_set:item/ia_auto/plny_halloween_pumpkin_sethelmet"},{"predicate":{"trim_type":1.0,"custom_model_data":10015},"model":"plny_halloween_pumpkin_set:item/ia_auto/plny_halloween_pumpkin_sethelmet"},{"predicate":{"custom_model_data":10016},"model":"nexusset:item/ia_auto/nexushelmet"},{"predicate":{"trim_type":0.1,"custom_model_data":10016},"model":"nexusset:item/ia_auto/nexushelmet"},{"predicate":{"trim_type":0.2,"custom_model_data":10016},"model":"nexusset:item/ia_auto/nexushelmet"},{"predicate":{"trim_type":0.3,"custom_model_data":10016},"model":"nexusset:item/ia_auto/nexushelmet"},{"predicate":{"trim_type":0.4,"custom_model_data":10016},"model":"nexusset:item/ia_auto/nexushelmet"},{"predicate":{"trim_type":0.5,"custom_model_data":10016},"model":"nexusset:item/ia_auto/nexushelmet"},{"predicate":{"trim_type":0.6,"custom_model_data":10016},"model":"nexusset:item/ia_auto/nexushelmet"},{"predicate":{"trim_type":0.7,"custom_model_data":10016},"model":"nexusset:item/ia_auto/nexushelmet"},{"predicate":{"trim_type":0.8,"custom_model_data":10016},"model":"nexusset:item/ia_auto/nexushelmet"},{"predicate":{"trim_type":0.9,"custom_model_data":10016},"model":"nexusset:item/ia_auto/nexushelmet"},{"predicate":{"trim_type":1.0,"custom_model_data":10016},"model":"nexusset:item/ia_auto/nexushelmet"},{"predicate":{"custom_model_data":10017},"model":"plny_christmas_2025_set:item/ia_auto/plny_christmas_2025_sethelmet"},{"predicate":{"trim_type":0.1,"custom_model_data":10017},"model":"plny_christmas_2025_set:item/ia_auto/plny_christmas_2025_sethelmet"},{"predicate":{"trim_type":0.2,"custom_model_data":10017},"model":"plny_christmas_2025_set:item/ia_auto/plny_christmas_2025_sethelmet"},{"predicate":{"trim_type":0.3,"custom_model_data":10017},"model":"plny_christmas_2025_set:item/ia_auto/plny_christmas_2025_sethelmet"},{"predicate":{"trim_type":0.4,"custom_model_data":10017},"model":"plny_christmas_2025_set:item/ia_auto/plny_christmas_2025_sethelmet"},{"predicate":{"trim_type":0.5,"custom_model_data":10017},"model":"plny_christmas_2025_set:item/ia_auto/plny_christmas_2025_sethelmet"},{"predicate":{"trim_type":0.6,"custom_model_data":10017},"model":"plny_christmas_2025_set:item/ia_auto/plny_christmas_2025_sethelmet"},{"predicate":{"trim_type":0.7,"custom_model_data":10017},"model":"plny_christmas_2025_set:item/ia_auto/plny_christmas_2025_sethelmet"},{"predicate":{"trim_type":0.8,"custom_model_data":10017},"model":"plny_christmas_2025_set:item/ia_auto/plny_christmas_2025_sethelmet"},{"predicate":{"trim_type":0.9,"custom_model_data":10017},"model":"plny_christmas_2025_set:item/ia_auto/plny_christmas_2025_sethelmet"},{"predicate":{"trim_type":1.0,"custom_model_data":10017},"model":"plny_christmas_2025_set:item/ia_auto/plny_christmas_2025_sethelmet"},{"predicate":{"custom_model_data":10018},"model":"christmas_hats_2025:hats/elf_hat"},{"predicate":{"trim_type":0.1,"custom_model_data":10018},"model":"christmas_hats_2025:hats/elf_hat"},{"predicate":{"trim_type":0.2,"custom_model_data":10018},"model":"christmas_hats_2025:hats/elf_hat"},{"predicate":{"trim_type":0.3,"custom_model_data":10018},"model":"christmas_hats_2025:hats/elf_hat"},{"predicate":{"trim_type":0.4,"custom_model_data":10018},"model":"christmas_hats_2025:hats/elf_hat"},{"predicate":{"trim_type":0.5,"custom_model_data":10018},"model":"christmas_hats_2025:hats/elf_hat"},{"predicate":{"trim_type":0.6,"custom_model_data":10018},"model":"christmas_hats_2025:hats/elf_hat"},{"predicate":{"trim_type":0.7,"custom_model_data":10018},"model":"christmas_hats_2025:hats/elf_hat"},{"predicate":{"trim_type":0.8,"custom_model_data":10018},"model":"christmas_hats_2025:hats/elf_hat"},{"predicate":{"trim_type":0.9,"custom_model_data":10018},"model":"christmas_hats_2025:hats/elf_hat"},{"predicate":{"trim_type":1.0,"custom_model_data":10018},"model":"christmas_hats_2025:hats/elf_hat"},{"predicate":{"custom_model_data":10019},"model":"christmas_hats_2025:hats/gingerbread_beanie_hat"},{"predicate":{"trim_type":0.1,"custom_model_data":10019},"model":"christmas_hats_2025:hats/gingerbread_beanie_hat"},{"predicate":{"trim_type":0.2,"custom_model_data":10019},"model":"christmas_hats_2025:hats/gingerbread_beanie_hat"},{"predicate":{"trim_type":0.3,"custom_model_data":10019},"model":"christmas_hats_2025:hats/gingerbread_beanie_hat"},{"predicate":{"trim_type":0.4,"custom_model_data":10019},"model":"christmas_hats_2025:hats/gingerbread_beanie_hat"},{"predicate":{"trim_type":0.5,"custom_model_data":10019},"model":"christmas_hats_2025:hats/gingerbread_beanie_hat"},{"predicate":{"trim_type":0.6,"custom_model_data":10019},"model":"christmas_hats_2025:hats/gingerbread_beanie_hat"},{"predicate":{"trim_type":0.7,"custom_model_data":10019},"model":"christmas_hats_2025:hats/gingerbread_beanie_hat"},{"predicate":{"trim_type":0.8,"custom_model_data":10019},"model":"christmas_hats_2025:hats/gingerbread_beanie_hat"},{"predicate":{"trim_type":0.9,"custom_model_data":10019},"model":"christmas_hats_2025:hats/gingerbread_beanie_hat"},{"predicate":{"trim_type":1.0,"custom_model_data":10019},"model":"christmas_hats_2025:hats/gingerbread_beanie_hat"},{"predicate":{"custom_model_data":10020},"model":"christmas_hats_2025:hats/golden_bell_hat"},{"predicate":{"trim_type":0.1,"custom_model_data":10020},"model":"christmas_hats_2025:hats/golden_bell_hat"},{"predicate":{"trim_type":0.2,"custom_model_data":10020},"model":"christmas_hats_2025:hats/golden_bell_hat"},{"predicate":{"trim_type":0.3,"custom_model_data":10020},"model":"christmas_hats_2025:hats/golden_bell_hat"},{"predicate":{"trim_type":0.4,"custom_model_data":10020},"model":"christmas_hats_2025:hats/golden_bell_hat"},{"predicate":{"trim_type":0.5,"custom_model_data":10020},"model":"christmas_hats_2025:hats/golden_bell_hat"},{"predicate":{"trim_type":0.6,"custom_model_data":10020},"model":"christmas_hats_2025:hats/golden_bell_hat"},{"predicate":{"trim_type":0.7,"custom_model_data":10020},"model":"christmas_hats_2025:hats/golden_bell_hat"},{"predicate":{"trim_type":0.8,"custom_model_data":10020},"model":"christmas_hats_2025:hats/golden_bell_hat"},{"predicate":{"trim_type":0.9,"custom_model_data":10020},"model":"christmas_hats_2025:hats/golden_bell_hat"},{"predicate":{"trim_type":1.0,"custom_model_data":10020},"model":"christmas_hats_2025:hats/golden_bell_hat"},{"predicate":{"custom_model_data":10021},"model":"christmas_hats_2025:hats/golden_hair_bow_hat"},{"predicate":{"trim_type":0.1,"custom_model_data":10021},"model":"christmas_hats_2025:hats/golden_hair_bow_hat"},{"predicate":{"trim_type":0.2,"custom_model_data":10021},"model":"christmas_hats_2025:hats/golden_hair_bow_hat"},{"predicate":{"trim_type":0.3,"custom_model_data":10021},"model":"christmas_hats_2025:hats/golden_hair_bow_hat"},{"predicate":{"trim_type":0.4,"custom_model_data":10021},"model":"christmas_hats_2025:hats/golden_hair_bow_hat"},{"predicate":{"trim_type":0.5,"custom_model_data":10021},"model":"christmas_hats_2025:hats/golden_hair_bow_hat"},{"predicate":{"trim_type":0.6,"custom_model_data":10021},"model":"christmas_hats_2025:hats/golden_hair_bow_hat"},{"predicate":{"trim_type":0.7,"custom_model_data":10021},"model":"christmas_hats_2025:hats/golden_hair_bow_hat"},{"predicate":{"trim_type":0.8,"custom_model_data":10021},"model":"christmas_hats_2025:hats/golden_hair_bow_hat"},{"predicate":{"trim_type":0.9,"custom_model_data":10021},"model":"christmas_hats_2025:hats/golden_hair_bow_hat"},{"predicate":{"trim_type":1.0,"custom_model_data":10021},"model":"christmas_hats_2025:hats/golden_hair_bow_hat"},{"predicate":{"custom_model_data":10022},"model":"christmas_hats_2025:hats/mrs_claus_hat"},{"predicate":{"trim_type":0.1,"custom_model_data":10022},"model":"christmas_hats_2025:hats/mrs_claus_hat"},{"predicate":{"trim_type":0.2,"custom_model_data":10022},"model":"christmas_hats_2025:hats/mrs_claus_hat"},{"predicate":{"trim_type":0.3,"custom_model_data":10022},"model":"christmas_hats_2025:hats/mrs_claus_hat"},{"predicate":{"trim_type":0.4,"custom_model_data":10022},"model":"christmas_hats_2025:hats/mrs_claus_hat"},{"predicate":{"trim_type":0.5,"custom_model_data":10022},"model":"christmas_hats_2025:hats/mrs_claus_hat"},{"predicate":{"trim_type":0.6,"custom_model_data":10022},"model":"christmas_hats_2025:hats/mrs_claus_hat"},{"predicate":{"trim_type":0.7,"custom_model_data":10022},"model":"christmas_hats_2025:hats/mrs_claus_hat"},{"predicate":{"trim_type":0.8,"custom_model_data":10022},"model":"christmas_hats_2025:hats/mrs_claus_hat"},{"predicate":{"trim_type":0.9,"custom_model_data":10022},"model":"christmas_hats_2025:hats/mrs_claus_hat"},{"predicate":{"trim_type":1.0,"custom_model_data":10022},"model":"christmas_hats_2025:hats/mrs_claus_hat"},{"predicate":{"custom_model_data":10023},"model":"christmas_hats_2025:hats/nutcracker_hat"},{"predicate":{"trim_type":0.1,"custom_model_data":10023},"model":"christmas_hats_2025:hats/nutcracker_hat"},{"predicate":{"trim_type":0.2,"custom_model_data":10023},"model":"christmas_hats_2025:hats/nutcracker_hat"},{"predicate":{"trim_type":0.3,"custom_model_data":10023},"model":"christmas_hats_2025:hats/nutcracker_hat"},{"predicate":{"trim_type":0.4,"custom_model_data":10023},"model":"christmas_hats_2025:hats/nutcracker_hat"},{"predicate":{"trim_type":0.5,"custom_model_data":10023},"model":"christmas_hats_2025:hats/nutcracker_hat"},{"predicate":{"trim_type":0.6,"custom_model_data":10023},"model":"christmas_hats_2025:hats/nutcracker_hat"},{"predicate":{"trim_type":0.7,"custom_model_data":10023},"model":"christmas_hats_2025:hats/nutcracker_hat"},{"predicate":{"trim_type":0.8,"custom_model_data":10023},"model":"christmas_hats_2025:hats/nutcracker_hat"},{"predicate":{"trim_type":0.9,"custom_model_data":10023},"model":"christmas_hats_2025:hats/nutcracker_hat"},{"predicate":{"trim_type":1.0,"custom_model_data":10023},"model":"christmas_hats_2025:hats/nutcracker_hat"},{"predicate":{"custom_model_data":10024},"model":"christmas_hats_2025:hats/present_hat"},{"predicate":{"trim_type":0.1,"custom_model_data":10024},"model":"christmas_hats_2025:hats/present_hat"},{"predicate":{"trim_type":0.2,"custom_model_data":10024},"model":"christmas_hats_2025:hats/present_hat"},{"predicate":{"trim_type":0.3,"custom_model_data":10024},"model":"christmas_hats_2025:hats/present_hat"},{"predicate":{"trim_type":0.4,"custom_model_data":10024},"model":"christmas_hats_2025:hats/present_hat"},{"predicate":{"trim_type":0.5,"custom_model_data":10024},"model":"christmas_hats_2025:hats/present_hat"},{"predicate":{"trim_type":0.6,"custom_model_data":10024},"model":"christmas_hats_2025:hats/present_hat"},{"predicate":{"trim_type":0.7,"custom_model_data":10024},"model":"christmas_hats_2025:hats/present_hat"},{"predicate":{"trim_type":0.8,"custom_model_data":10024},"model":"christmas_hats_2025:hats/present_hat"},{"predicate":{"trim_type":0.9,"custom_model_data":10024},"model":"christmas_hats_2025:hats/present_hat"},{"predicate":{"trim_type":1.0,"custom_model_data":10024},"model":"christmas_hats_2025:hats/present_hat"},{"predicate":{"custom_model_data":10025},"model":"christmas_hats_2025:hats/santa_claus_hat"},{"predicate":{"trim_type":0.1,"custom_model_data":10025},"model":"christmas_hats_2025:hats/santa_claus_hat"},{"predicate":{"trim_type":0.2,"custom_model_data":10025},"model":"christmas_hats_2025:hats/santa_claus_hat"},{"predicate":{"trim_type":0.3,"custom_model_data":10025},"model":"christmas_hats_2025:hats/santa_claus_hat"},{"predicate":{"trim_type":0.4,"custom_model_data":10025},"model":"christmas_hats_2025:hats/santa_claus_hat"},{"predicate":{"trim_type":0.5,"custom_model_data":10025},"model":"christmas_hats_2025:hats/santa_claus_hat"},{"predicate":{"trim_type":0.6,"custom_model_data":10025},"model":"christmas_hats_2025:hats/santa_claus_hat"},{"predicate":{"trim_type":0.7,"custom_model_data":10025},"model":"christmas_hats_2025:hats/santa_claus_hat"},{"predicate":{"trim_type":0.8,"custom_model_data":10025},"model":"christmas_hats_2025:hats/santa_claus_hat"},{"predicate":{"trim_type":0.9,"custom_model_data":10025},"model":"christmas_hats_2025:hats/santa_claus_hat"},{"predicate":{"trim_type":1.0,"custom_model_data":10025},"model":"christmas_hats_2025:hats/santa_claus_hat"},{"predicate":{"custom_model_data":10026},"model":"christmas_hats_2025:hats/tree_beanie_hat"},{"predicate":{"trim_type":0.1,"custom_model_data":10026},"model":"christmas_hats_2025:hats/tree_beanie_hat"},{"predicate":{"trim_type":0.2,"custom_model_data":10026},"model":"christmas_hats_2025:hats/tree_beanie_hat"},{"predicate":{"trim_type":0.3,"custom_model_data":10026},"model":"christmas_hats_2025:hats/tree_beanie_hat"},{"predicate":{"trim_type":0.4,"custom_model_data":10026},"model":"christmas_hats_2025:hats/tree_beanie_hat"},{"predicate":{"trim_type":0.5,"custom_model_data":10026},"model":"christmas_hats_2025:hats/tree_beanie_hat"},{"predicate":{"trim_type":0.6,"custom_model_data":10026},"model":"christmas_hats_2025:hats/tree_beanie_hat"},{"predicate":{"trim_type":0.7,"custom_model_data":10026},"model":"christmas_hats_2025:hats/tree_beanie_hat"},{"predicate":{"trim_type":0.8,"custom_model_data":10026},"model":"christmas_hats_2025:hats/tree_beanie_hat"},{"predicate":{"trim_type":0.9,"custom_model_data":10026},"model":"christmas_hats_2025:hats/tree_beanie_hat"},{"predicate":{"trim_type":1.0,"custom_model_data":10026},"model":"christmas_hats_2025:hats/tree_beanie_hat"},{"predicate":{"custom_model_data":10027},"model":"item/netherite_helmet"}],"textures":{"layer0":"minecraft:item/netherite_helmet"}}