{"parent":"minecraft:item/generated","overrides":[{"model":"minecraft:item/netherite_boots_quartz_trim","predicate":{"trim_type":0.1}},{"model":"minecraft:item/netherite_boots_iron_trim","predicate":{"trim_type":0.2}},{"model":"minecraft:item/netherite_boots_netherite_darker_trim","predicate":{"trim_type":0.3}},{"model":"minecraft:item/netherite_boots_redstone_trim","predicate":{"trim_type":0.4}},{"model":"minecraft:item/netherite_boots_copper_trim","predicate":{"trim_type":0.5}},{"model":"minecraft:item/netherite_boots_gold_trim","predicate":{"trim_type":0.6}},{"model":"minecraft:item/netherite_boots_emerald_trim","predicate":{"trim_type":0.7}},{"model":"minecraft:item/netherite_boots_diamond_trim","predicate":{"trim_type":0.8}},{"model":"minecraft:item/netherite_boots_lapis_trim","predicate":{"trim_type":0.9}},{"model":"minecraft:item/netherite_boots_amethyst_trim","predicate":{"trim_type":1.0}},{"predicate":{"custom_model_data":10000},"model":"ender_dragonset:item/ia_auto/ender_dragonboots"},{"predicate":{"trim_type":0.1,"custom_model_data":10000},"model":"ender_dragonset:item/ia_auto/ender_dragonboots"},{"predicate":{"trim_type":0.2,"custom_model_data":10000},"model":"ender_dragonset:item/ia_auto/ender_dragonboots"},{"predicate":{"trim_type":0.3,"custom_model_data":10000},"model":"ender_dragonset:item/ia_auto/ender_dragonboots"},{"predicate":{"trim_type":0.4,"custom_model_data":10000},"model":"ender_dragonset:item/ia_auto/ender_dragonboots"},{"predicate":{"trim_type":0.5,"custom_model_data":10000},"model":"ender_dragonset:item/ia_auto/ender_dragonboots"},{"predicate":{"trim_type":0.6,"custom_model_data":10000},"model":"ender_dragonset:item/ia_auto/ender_dragonboots"},{"predicate":{"trim_type":0.7,"custom_model_data":10000},"model":"ender_dragonset:item/ia_auto/ender_dragonboots"},{"predicate":{"trim_type":0.8,"custom_model_data":10000},"model":"ender_dragonset:item/ia_auto/ender_dragonboots"},{"predicate":{"trim_type":0.9,"custom_model_data":10000},"model":"ender_dragonset:item/ia_auto/ender_dragonboots"},{"predicate":{"trim_type":1.0,"custom_model_data":10000},"model":"ender_dragonset:item/ia_auto/ender_dragonboots"},{"predicate":{"custom_model_data":10001},"model":"plny_halloween_pumpkin_set:item/ia_auto/plny_halloween_pumpkin_setboots"},{"predicate":{"trim_type":0.1,"custom_model_data":10001},"model":"plny_halloween_pumpkin_set:item/ia_auto/plny_halloween_pumpkin_setboots"},{"predicate":{"trim_type":0.2,"custom_model_data":10001},"model":"plny_halloween_pumpkin_set:item/ia_auto/plny_halloween_pumpkin_setboots"},{"predicate":{"trim_type":0.3,"custom_model_data":10001},"model":"plny_halloween_pumpkin_set:item/ia_auto/plny_halloween_pumpkin_setboots"},{"predicate":{"trim_type":0.4,"custom_model_data":10001},"model":"plny_halloween_pumpkin_set:item/ia_auto/plny_halloween_pumpkin_setboots"},{"predicate":{"trim_type":0.5,"custom_model_data":10001},"model":"plny_halloween_pumpkin_set:item/ia_auto/plny_halloween_pumpkin_setboots"},{"predicate":{"trim_type":0.6,"custom_model_data":10001},"model":"plny_halloween_pumpkin_set:item/ia_auto/plny_halloween_pumpkin_setboots"},{"predicate":{"trim_type":0.7,"custom_model_data":10001},"model":"plny_halloween_pumpkin_set:item/ia_auto/plny_halloween_pumpkin_setboots"},{"predicate":{"trim_type":0.8,"custom_model_data":10001},"model":"plny_halloween_pumpkin_set:item/ia_auto/plny_halloween_pumpkin_setboots"},{"predicate":{"trim_type":0.9,"custom_model_data":10001},"model":"plny_halloween_pumpkin_set:item/ia_auto/plny_halloween_pumpkin_setboots"},{"predicate":{"trim_type":1.0,"custom_model_data":10001},"model":"plny_halloween_pumpkin_set:item/ia_auto/plny_halloween_pumpkin_setboots"},{"predicate":{"custom_model_data":10002},"model":"nexusset:item/ia_auto/nexusboots"},{"predicate":{"trim_type":0.1,"custom_model_data":10002},"model":"nexusset:item/ia_auto/nexusboots"},{"predicate":{"trim_type":0.2,"custom_model_data":10002},"model":"nexusset:item/ia_auto/nexusboots"},{"predicate":{"trim_type":0.3,"custom_model_data":10002},"model":"nexusset:item/ia_auto/nexusboots"},{"predicate":{"trim_type":0.4,"custom_model_data":10002},"model":"nexusset:item/ia_auto/nexusboots"},{"predicate":{"trim_type":0.5,"custom_model_data":10002},"model":"nexusset:item/ia_auto/nexusboots"},{"predicate":{"trim_type":0.6,"custom_model_data":10002},"model":"nexusset:item/ia_auto/nexusboots"},{"predicate":{"trim_type":0.7,"custom_model_data":10002},"model":"nexusset:item/ia_auto/nexusboots"},{"predicate":{"trim_type":0.8,"custom_model_data":10002},"model":"nexusset:item/ia_auto/nexusboots"},{"predicate":{"trim_type":0.9,"custom_model_data":10002},"model":"nexusset:item/ia_auto/nexusboots"},{"predicate":{"trim_type":1.0,"custom_model_data":10002},"model":"nexusset:item/ia_auto/nexusboots"},{"predicate":{"custom_model_data":10003},"model":"plny_christmas_2025_set:item/ia_auto/plny_christmas_2025_setboots"},{"predicate":{"trim_type":0.1,"custom_model_data":10003},"model":"plny_christmas_2025_set:item/ia_auto/plny_christmas_2025_setboots"},{"predicate":{"trim_type":0.2,"custom_model_data":10003},"model":"plny_christmas_2025_set:item/ia_auto/plny_christmas_2025_setboots"},{"predicate":{"trim_type":0.3,"custom_model_data":10003},"model":"plny_christmas_2025_set:item/ia_auto/plny_christmas_2025_setboots"},{"predicate":{"trim_type":0.4,"custom_model_data":10003},"model":"plny_christmas_2025_set:item/ia_auto/plny_christmas_2025_setboots"},{"predicate":{"trim_type":0.5,"custom_model_data":10003},"model":"plny_christmas_2025_set:item/ia_auto/plny_christmas_2025_setboots"},{"predicate":{"trim_type":0.6,"custom_model_data":10003},"model":"plny_christmas_2025_set:item/ia_auto/plny_christmas_2025_setboots"},{"predicate":{"trim_type":0.7,"custom_model_data":10003},"model":"plny_christmas_2025_set:item/ia_auto/plny_christmas_2025_setboots"},{"predicate":{"trim_type":0.8,"custom_model_data":10003},"model":"plny_christmas_2025_set:item/ia_auto/plny_christmas_2025_setboots"},{"predicate":{"trim_type":0.9,"custom_model_data":10003},"model":"plny_christmas_2025_set:item/ia_auto/plny_christmas_2025_setboots"},{"predicate":{"trim_type":1.0,"custom_model_data":10003},"model":"plny_christmas_2025_set:item/ia_auto/plny_christmas_2025_setboots"},{"predicate":{"custom_model_data":10004},"model":"item/netherite_boots"}],"textures":{"layer0":"minecraft:item/netherite_boots"}}