{"parent":"minecraft:item/handheld","textures":{"layer0":"minecraft:item/netherite_axe"},"overrides":[{"predicate":{"custom_model_data":10000},"model":"infernoset:axe"},{"predicate":{"custom_model_data":10001},"model":"spartan_set:axe"},{"predicate":{"custom_model_data":10002},"model":"independence_dayset:axe"},{"predicate":{"custom_model_data":10003},"model":"plny_pyrosoulset:axe"},{"predicate":{"custom_model_data":10004},"model":"plny_beeset:axe"},{"predicate":{"custom_model_data":10005},"model":"plny_aurion_set:axe"},{"predicate":{"custom_model_data":10006},"model":"ender_dragonset:axe"},{"predicate":{"custom_model_data":10007},"model":"plny_halloween_pumpkin_set:axe"},{"predicate":{"custom_model_data":10008},"model":"nexusset:axe"},{"predicate":{"custom_model_data":10009},"model":"plny_christmas_2025_set:axe"},{"predicate":{"custom_model_data":10010},"model":"item/netherite_axe"}]}