{"parent":"minecraft:item/generated","textures":{"layer0":"minecraft:item/paper"},"overrides":[{"predicate":{"custom_model_data":10007},"model":"infernoset:key"},{"predicate":{"custom_model_data":10008},"model":"infernoset:backpack"},{"predicate":{"custom_model_data":10009},"model":"infernoset:wings"},{"predicate":{"custom_model_data":10010},"model":"infernoset:helmet"},{"predicate":{"custom_model_data":10011},"model":"spartan_set:cape"},{"predicate":{"custom_model_data":10012},"model":"spartan_set:chest"},{"predicate":{"custom_model_data":10013},"model":"spartan_set:helmet"},{"predicate":{"custom_model_data":10014},"model":"spartan_set:key"},{"predicate":{"custom_model_data":10015},"model":"summer_furnitures:parasol"},{"predicate":{"custom_model_data":10016},"model":"summer_furnitures:wicker_lounge_chair"},{"predicate":{"custom_model_data":10017},"model":"summer_furnitures:wicker_sofa"},{"predicate":{"custom_model_data":10018},"model":"summer_furnitures:ground_mini_torch"},{"predicate":{"custom_model_data":10019},"model":"summer_furnitures:wall_mini_torch"},{"predicate":{"custom_model_data":10020},"model":"summer_furnitures:tikitorch"},{"predicate":{"custom_model_data":10021},"model":"summer_furnitures:palm_tree_1"},{"predicate":{"custom_model_data":10022},"model":"summer_furnitures:palm_tree_2"},{"predicate":{"custom_model_data":10023},"model":"summer_furnitures:palm_tree_log"},{"predicate":{"custom_model_data":10024},"model":"summer_furnitures:tropical_plante"},{"predicate":{"custom_model_data":10025},"model":"summer_furnitures:tropical_plante_wild"},{"predicate":{"custom_model_data":10026},"model":"summer_furnitures:tropical_plante_2"},{"predicate":{"custom_model_data":10027},"model":"summer_furnitures:tropical_plante_2_wild"},{"predicate":{"custom_model_data":10028},"model":"summer_furnitures:elephant_plant"},{"predicate":{"custom_model_data":10029},"model":"summer_furnitures:elephant_plant_pot"},{"predicate":{"custom_model_data":10030},"model":"summer_furnitures:palm_tree_pot"},{"predicate":{"custom_model_data":10031},"model":"summer_furnitures:orange_juce"},{"predicate":{"custom_model_data":10032},"model":"summer_furnitures:strawberry_juce"},{"predicate":{"custom_model_data":10033},"model":"summer_furnitures:kiwi_juce"},{"predicate":{"custom_model_data":10034},"model":"summer_furnitures:juces"},{"predicate":{"custom_model_data":10035},"model":"summer_furnitures:coconut_drink"},{"predicate":{"custom_model_data":10036},"model":"summer_furnitures:tikitable_low"},{"predicate":{"custom_model_data":10037},"model":"summer_furnitures:tikitable"},{"predicate":{"custom_model_data":10038},"model":"summer_furnitures:cactus_pot"},{"predicate":{"custom_model_data":10039},"model":"summer_furnitures:duck_buoy"},{"predicate":{"custom_model_data":10040},"model":"summer_furnitures:turtle_buoy"},{"predicate":{"custom_model_data":10041},"model":"summer_furnitures:pink_flamingo_buoy"},{"predicate":{"custom_model_data":10042},"model":"summer_furnitures:licorn_buoy"},{"predicate":{"custom_model_data":10043},"model":"summer_furnitures:sand_castle"},{"predicate":{"custom_model_data":10044},"model":"summer_furnitures:starfish_obbergine"},{"predicate":{"custom_model_data":10045},"model":"summer_furnitures:starfish_orange"},{"predicate":{"custom_model_data":10046},"model":"summer_furnitures:starfish_cyan"},{"predicate":{"custom_model_data":10047},"model":"summer_furnitures:starfish_mauve"},{"predicate":{"custom_model_data":10048},"model":"summer_furnitures:starfish_pink"},{"predicate":{"custom_model_data":10049},"model":"summer_furnitures:starfish_blue"},{"predicate":{"custom_model_data":10050},"model":"summer_furnitures:pink_shell"},{"predicate":{"custom_model_data":10051},"model":"summer_furnitures:blue_shell"},{"predicate":{"custom_model_data":10052},"model":"summer_furnitures:green_shell"},{"predicate":{"custom_model_data":10053},"model":"summer_furnitures:brown_shell"},{"predicate":{"custom_model_data":10054},"model":"summer_furnitures:sand_toy"},{"predicate":{"custom_model_data":10055},"model":"summer_furnitures:tiki_bar"},{"predicate":{"custom_model_data":10056},"model":"summer_furnitures:tiki_stool"},{"predicate":{"custom_model_data":10060},"model":"independence_dayset:backpack"},{"predicate":{"custom_model_data":10061},"model":"independence_dayset:chest"},{"predicate":{"custom_model_data":10062},"model":"independence_dayset:hat"},{"predicate":{"custom_model_data":10063},"model":"independence_dayset:key"},{"predicate":{"custom_model_data":10064},"model":"independence_dayset:wings"},{"predicate":{"custom_model_data":10065},"model":"pixelmine_currency:item/ia_auto/ancient_chest"},{"predicate":{"custom_model_data":10066},"model":"pixelmine_currency:item/ia_auto/ancient_coin"},{"predicate":{"custom_model_data":10067},"model":"pixelmine_currency:item/ia_auto/bag_of_bronze_paper_bill"},{"predicate":{"custom_model_data":10068},"model":"pixelmine_currency:item/ia_auto/bag_of_paper_bill"},{"predicate":{"custom_model_data":10069},"model":"pixelmine_currency:item/ia_auto/bag_of_silver_paper_bill"},{"predicate":{"custom_model_data":10070},"model":"pixelmine_currency:item/ia_auto/big_diamonds_pile"},{"predicate":{"custom_model_data":10071},"model":"pixelmine_currency:item/ia_auto/big_emeralds_pile"},{"predicate":{"custom_model_data":10072},"model":"pixelmine_currency:item/ia_auto/big_pile_of_ancient_coins"},{"predicate":{"custom_model_data":10073},"model":"pixelmine_currency:item/ia_auto/big_pile_of_bronze_coins"},{"predicate":{"custom_model_data":10074},"model":"pixelmine_currency:item/ia_auto/big_pile_of_gold_coins"},{"predicate":{"custom_model_data":10075},"model":"pixelmine_currency:item/ia_auto/big_pile_of_silver_coins"},{"predicate":{"custom_model_data":10076},"model":"pixelmine_currency:item/ia_auto/big_rubies_pile"},{"predicate":{"custom_model_data":10077},"model":"pixelmine_currency:item/ia_auto/big_sapphires_pile"},{"predicate":{"custom_model_data":10078},"model":"pixelmine_currency:item/ia_auto/bronze_card"},{"predicate":{"custom_model_data":10079},"model":"pixelmine_currency:item/ia_auto/bronze_chest"},{"predicate":{"custom_model_data":10080},"model":"pixelmine_currency:item/ia_auto/bronze_coin"},{"predicate":{"custom_model_data":10081},"model":"pixelmine_currency:item/ia_auto/bronze_coin_with_star_symbol"},{"predicate":{"custom_model_data":10082},"model":"pixelmine_currency:item/ia_auto/bronze_key"},{"predicate":{"custom_model_data":10083},"model":"pixelmine_currency:item/ia_auto/bronze_ticket"},{"predicate":{"custom_model_data":10084},"model":"pixelmine_currency:item/ia_auto/bucket_of_ancient"},{"predicate":{"custom_model_data":10085},"model":"pixelmine_currency:item/ia_auto/bucket_of_bronze"},{"predicate":{"custom_model_data":10086},"model":"pixelmine_currency:item/ia_auto/bucket_of_diamonds"},{"predicate":{"custom_model_data":10087},"model":"pixelmine_currency:item/ia_auto/bucket_of_emeralds"},{"predicate":{"custom_model_data":10088},"model":"pixelmine_currency:item/ia_auto/bucket_of_gold"},{"predicate":{"custom_model_data":10089},"model":"pixelmine_currency:item/ia_auto/bucket_of_rubies"},{"predicate":{"custom_model_data":10090},"model":"pixelmine_currency:item/ia_auto/bucket_of_sapphires"},{"predicate":{"custom_model_data":10091},"model":"pixelmine_currency:item/ia_auto/bucket_of_silver"},{"predicate":{"custom_model_data":10092},"model":"pixelmine_currency:item/ia_auto/diamond"},{"predicate":{"custom_model_data":10093},"model":"pixelmine_currency:item/ia_auto/diamond_box"},{"predicate":{"custom_model_data":10094},"model":"pixelmine_currency:item/ia_auto/diamond_coin_with_star_symbol"},{"predicate":{"custom_model_data":10095},"model":"pixelmine_currency:item/ia_auto/diamond_key"},{"predicate":{"custom_model_data":10096},"model":"pixelmine_currency:item/ia_auto/emerald"},{"predicate":{"custom_model_data":10097},"model":"pixelmine_currency:item/ia_auto/emerald_box"},{"predicate":{"custom_model_data":10098},"model":"pixelmine_currency:item/ia_auto/emerald_coin_with_star_symbol"},{"predicate":{"custom_model_data":10099},"model":"pixelmine_currency:item/ia_auto/emerald_key"},{"predicate":{"custom_model_data":10100},"model":"pixelmine_currency:item/ia_auto/golden_chest"},{"predicate":{"custom_model_data":10101},"model":"pixelmine_currency:item/ia_auto/golden_key"},{"predicate":{"custom_model_data":10102},"model":"pixelmine_currency:item/ia_auto/gold_card"},{"predicate":{"custom_model_data":10103},"model":"pixelmine_currency:item/ia_auto/gold_coin"},{"predicate":{"custom_model_data":10104},"model":"pixelmine_currency:item/ia_auto/gold_coin_with_star_symbol"},{"predicate":{"custom_model_data":10105},"model":"pixelmine_currency:item/ia_auto/gold_paper_bill"},{"predicate":{"custom_model_data":10106},"model":"pixelmine_currency:item/ia_auto/gold_ticket"},{"predicate":{"custom_model_data":10107},"model":"pixelmine_currency:item/ia_auto/medium_ancient_pouch"},{"predicate":{"custom_model_data":10108},"model":"pixelmine_currency:item/ia_auto/medium_bronze_pouch"},{"predicate":{"custom_model_data":10109},"model":"pixelmine_currency:item/ia_auto/medium_diamonds_pile"},{"predicate":{"custom_model_data":10110},"model":"pixelmine_currency:item/ia_auto/medium_diamond_pouch"},{"predicate":{"custom_model_data":10111},"model":"pixelmine_currency:item/ia_auto/medium_emeraldspile_"},{"predicate":{"custom_model_data":10112},"model":"pixelmine_currency:item/ia_auto/medium_emerald_pouch"},{"predicate":{"custom_model_data":10113},"model":"pixelmine_currency:item/ia_auto/medium_gold_pouch"},{"predicate":{"custom_model_data":10114},"model":"pixelmine_currency:item/ia_auto/medium_pile_of_ancient_coins"},{"predicate":{"custom_model_data":10115},"model":"pixelmine_currency:item/ia_auto/medium_pile_of_bronze_coins"},{"predicate":{"custom_model_data":10116},"model":"pixelmine_currency:item/ia_auto/medium_pile_of_gold_coins"},{"predicate":{"custom_model_data":10117},"model":"pixelmine_currency:item/ia_auto/medium_pile_of_silver_coins"},{"predicate":{"custom_model_data":10118},"model":"pixelmine_currency:item/ia_auto/medium_rubies_pile_"},{"predicate":{"custom_model_data":10119},"model":"pixelmine_currency:item/ia_auto/medium_ruby_pouch"},{"predicate":{"custom_model_data":10120},"model":"pixelmine_currency:item/ia_auto/medium_sapphires_pile"},{"predicate":{"custom_model_data":10121},"model":"pixelmine_currency:item/ia_auto/medium_sapphire_pouch"},{"predicate":{"custom_model_data":10122},"model":"pixelmine_currency:item/ia_auto/medium_silver_pouch"},{"predicate":{"custom_model_data":10123},"model":"pixelmine_currency:item/ia_auto/paper_bill"},{"predicate":{"custom_model_data":10124},"model":"pixelmine_currency:item/ia_auto/premium_ticket"},{"predicate":{"custom_model_data":10125},"model":"pixelmine_currency:item/ia_auto/rolled_up_bills"},{"predicate":{"custom_model_data":10126},"model":"pixelmine_currency:item/ia_auto/royal_key"},{"predicate":{"custom_model_data":10127},"model":"pixelmine_currency:item/ia_auto/ruby"},{"predicate":{"custom_model_data":10128},"model":"pixelmine_currency:item/ia_auto/ruby_box"},{"predicate":{"custom_model_data":10129},"model":"pixelmine_currency:item/ia_auto/ruby_coin_with_star_symbol"},{"predicate":{"custom_model_data":10130},"model":"pixelmine_currency:item/ia_auto/ruby_key"},{"predicate":{"custom_model_data":10131},"model":"pixelmine_currency:item/ia_auto/safe"},{"predicate":{"custom_model_data":10132},"model":"pixelmine_currency:item/ia_auto/sapphire"},{"predicate":{"custom_model_data":10133},"model":"pixelmine_currency:item/ia_auto/sapphire_box"},{"predicate":{"custom_model_data":10134},"model":"pixelmine_currency:item/ia_auto/sapphire_coin_with_star_symbol"},{"predicate":{"custom_model_data":10135},"model":"pixelmine_currency:item/ia_auto/sapphire_key"},{"predicate":{"custom_model_data":10136},"model":"pixelmine_currency:item/ia_auto/silver_card"},{"predicate":{"custom_model_data":10137},"model":"pixelmine_currency:item/ia_auto/silver_chest"},{"predicate":{"custom_model_data":10138},"model":"pixelmine_currency:item/ia_auto/silver_coin"},{"predicate":{"custom_model_data":10139},"model":"pixelmine_currency:item/ia_auto/silver_coin_with_star_symbol"},{"predicate":{"custom_model_data":10140},"model":"pixelmine_currency:item/ia_auto/silver_key"},{"predicate":{"custom_model_data":10141},"model":"pixelmine_currency:item/ia_auto/silver_paper_bill"},{"predicate":{"custom_model_data":10142},"model":"pixelmine_currency:item/ia_auto/silver_ticket"},{"predicate":{"custom_model_data":10143},"model":"pixelmine_currency:item/ia_auto/small_ancient_pouch"},{"predicate":{"custom_model_data":10144},"model":"pixelmine_currency:item/ia_auto/small_bronze_pouch"},{"predicate":{"custom_model_data":10145},"model":"pixelmine_currency:item/ia_auto/small_diamonds_pile_"},{"predicate":{"custom_model_data":10146},"model":"pixelmine_currency:item/ia_auto/small_diamond_pouch"},{"predicate":{"custom_model_data":10147},"model":"pixelmine_currency:item/ia_auto/small_emeralds_pile_"},{"predicate":{"custom_model_data":10148},"model":"pixelmine_currency:item/ia_auto/small_emerald_pouch"},{"predicate":{"custom_model_data":10149},"model":"pixelmine_currency:item/ia_auto/small_gold_pouch"},{"predicate":{"custom_model_data":10150},"model":"pixelmine_currency:item/ia_auto/small_pile_of_ancient_coins"},{"predicate":{"custom_model_data":10151},"model":"pixelmine_currency:item/ia_auto/small_pile_of_bronze_coins"},{"predicate":{"custom_model_data":10152},"model":"pixelmine_currency:item/ia_auto/small_pile_of_gold_coins"},{"predicate":{"custom_model_data":10153},"model":"pixelmine_currency:item/ia_auto/small_pile_of_silver_coins"},{"predicate":{"custom_model_data":10154},"model":"pixelmine_currency:item/ia_auto/small_rubies_pile_"},{"predicate":{"custom_model_data":10155},"model":"pixelmine_currency:item/ia_auto/small_ruby_pouch"},{"predicate":{"custom_model_data":10156},"model":"pixelmine_currency:item/ia_auto/small_sapphires_pile_"},{"predicate":{"custom_model_data":10157},"model":"pixelmine_currency:item/ia_auto/small_sapphire_pouch"},{"predicate":{"custom_model_data":10158},"model":"pixelmine_currency:item/ia_auto/small_silver_pouch"},{"predicate":{"custom_model_data":10159},"model":"pixelmine_currency:item/ia_auto/stack_of_gold_paper_bill"},{"predicate":{"custom_model_data":10160},"model":"pixelmine_currency:item/ia_auto/stack_of_paper_bill"},{"predicate":{"custom_model_data":10161},"model":"pixelmine_currency:item/ia_auto/stack_of_silver_paper_bill"},{"predicate":{"custom_model_data":10162},"model":"pixelmine_currency:item/ia_auto/treasure_crate"},{"predicate":{"custom_model_data":10163},"model":"pixelmine_currency:item/ia_auto/wallet"},{"predicate":{"custom_model_data":10164},"model":"pixelmine_currency:item/ia_auto/wallet_with_paper_pill"},{"predicate":{"custom_model_data":10165},"model":"plny_pyrosoulset:chest"},{"predicate":{"custom_model_data":10166},"model":"plny_pyrosoulset:helmet"},{"predicate":{"custom_model_data":10167},"model":"plny_pyrosoulset:key"},{"predicate":{"custom_model_data":10168},"model":"plny_pyrosoulset:wings"},{"predicate":{"custom_model_data":10169},"model":"plny_beeset:chest"},{"predicate":{"custom_model_data":10170},"model":"plny_beeset:helmet"},{"predicate":{"custom_model_data":10171},"model":"plny_beeset:key"},{"predicate":{"custom_model_data":10172},"model":"plny_beeset:wings_v1"},{"predicate":{"custom_model_data":10173},"model":"plny_beeset:wings_v2_animated"},{"predicate":{"custom_model_data":10174},"model":"plny_aurion_set:chest"},{"predicate":{"custom_model_data":10175},"model":"plny_aurion_set:helmet"},{"predicate":{"custom_model_data":10176},"model":"plny_aurion_set:key"},{"predicate":{"custom_model_data":10177},"model":"plny_aurion_set:wings"},{"predicate":{"custom_model_data":10178},"model":"ender_dragonset:chest"},{"predicate":{"custom_model_data":10179},"model":"ender_dragonset:gauntlet"},{"predicate":{"custom_model_data":10180},"model":"ender_dragonset:helmet"},{"predicate":{"custom_model_data":10181},"model":"ender_dragonset:key"},{"predicate":{"custom_model_data":10182},"model":"ender_dragonset:wings"},{"predicate":{"custom_model_data":10183},"model":"plny_halloween_pumpkin_set:chest"},{"predicate":{"custom_model_data":10184},"model":"plny_halloween_pumpkin_set:helmet"},{"predicate":{"custom_model_data":10185},"model":"plny_halloween_pumpkin_set:key"},{"predicate":{"custom_model_data":10186},"model":"plny_halloween_pumpkin_set:wings"},{"predicate":{"custom_model_data":10187},"model":"nexusset:chest"},{"predicate":{"custom_model_data":10188},"model":"nexusset:chest_opening"},{"predicate":{"custom_model_data":10189},"model":"nexusset:helmet"},{"predicate":{"custom_model_data":10190},"model":"nexusset:key"},{"predicate":{"custom_model_data":10191},"model":"nexusset:wings"},{"predicate":{"custom_model_data":10192},"model":"plny_christmas_2025_set:chest"},{"predicate":{"custom_model_data":10193},"model":"plny_christmas_2025_set:helmet"},{"predicate":{"custom_model_data":10194},"model":"plny_christmas_2025_set:key"},{"predicate":{"custom_model_data":10195},"model":"plny_christmas_2025_set:wings"},{"predicate":{"custom_model_data":10196},"model":"christmas_hats_2025:hats/decorated_antlers_hat"},{"predicate":{"custom_model_data":10197},"model":"item/paper"}]}