{"credit":"Made by PolygonMC","textures":{"1":"infernoset:animations/animations_2","3":"infernoset:fishing_rod_cast","particle":"infernoset:animations/animations_2"},"elements":[{"from":[7.4,0,8],"to":[8.6,1.5,9.5],"rotation":{"angle":-45,"axis":"x","origin":[7.5,0,8]},"faces":{"north":{"uv":[8,9.33333,8.83333,10.33333],"texture":"#3"},"east":{"uv":[0,9.33333,1,10.33333],"texture":"#3"},"south":{"uv":[9.33333,8,10.16667,9],"texture":"#3"},"west":{"uv":[9.33333,0,10.33333,1],"texture":"#3"},"up":{"uv":[10.16667,10.33333,9.33333,9.33333],"texture":"#3"},"down":{"uv":[2.16667,10,1.33333,11],"texture":"#3"}}},{"from":[7.15,0.25,8.25],"to":[8.85,1.25,9.25],"rotation":{"angle":-45,"axis":"x","origin":[7.5,0,8]},"faces":{"north":{"uv":[10,1.33333,11.16667,2],"texture":"#3"},"east":{"uv":[11.33333,8,12,8.66667],"texture":"#3"},"south":{"uv":[10,2,11.16667,2.66667],"texture":"#3"},"west":{"uv":[11.33333,8.66667,12,9.33333],"texture":"#3"},"up":{"uv":[11.16667,3.33333,10,2.66667],"texture":"#3"},"down":{"uv":[11.16667,3.33333,10,4],"texture":"#3"}}},{"from":[7.75,0.56066,6.45723],"to":[8.25,1.56066,7.45723],"rotation":{"angle":45,"axis":"x","origin":[8,1.06066,6.95723]},"faces":{"north":{"uv":[0.66667,14,1,14.66667],"texture":"#3"},"east":{"uv":[9.33333,11.33333,10,12],"texture":"#3"},"south":{"uv":[14,0.66667,14.33333,1.33333],"texture":"#3"},"west":{"uv":[10,11.33333,10.66667,12],"texture":"#3"},"up":{"uv":[1.66667,14.66667,1.33333,14],"texture":"#3"},"down":{"uv":[14.33333,1.33333,14,2],"texture":"#3"}}},{"from":[7.75,-0.50711,7.5],"to":[8.25,0.49289,8.5],"rotation":{"angle":45,"axis":"x","origin":[8,-0.00711,8]},"faces":{"north":{"uv":[14,2,14.33333,2.66667],"texture":"#3"},"east":{"uv":[11.33333,10,12,10.66667],"texture":"#3"},"south":{"uv":[14,2.66667,14.33333,3.33333],"texture":"#3"},"west":{"uv":[10.66667,11.33333,11.33333,12],"texture":"#3"},"up":{"uv":[3.66667,14.66667,3.33333,14],"texture":"#3"},"down":{"uv":[14.33333,3.33333,14,4],"texture":"#3"}}},{"from":[7.75,0.56066,8.54277],"to":[8.25,1.56066,9.54277],"rotation":{"angle":-45,"axis":"x","origin":[8,1.06066,9.04277]},"faces":{"north":{"uv":[14,4,14.33333,4.66667],"texture":"#3"},"east":{"uv":[11.33333,10.66667,12,11.33333],"texture":"#3"},"south":{"uv":[5.33333,14,5.66667,14.66667],"texture":"#3"},"west":{"uv":[11.33333,11.33333,12,12],"texture":"#3"},"up":{"uv":[6.33333,14.66667,6,14],"texture":"#3"},"down":{"uv":[14.33333,6,14,6.66667],"texture":"#3"}}},{"from":[7.5,1.62132,7.5],"to":[8.5,2.62132,8.5],"rotation":{"angle":0,"axis":"y","origin":[7.5,1.62132,7.5]},"faces":{"north":{"uv":[0,12,0.66667,12.66667],"texture":"#3"},"east":{"uv":[12,0,12.66667,0.66667],"texture":"#3"},"south":{"uv":[0.66667,12,1.33333,12.66667],"texture":"#3"},"west":{"uv":[12,0.66667,12.66667,1.33333],"texture":"#3"}}},{"from":[7.5,16.32132,7.5],"to":[8.5,17.32132,8.5],"rotation":{"angle":0,"axis":"y","origin":[7.5,16.32132,7.5]},"faces":{"north":{"uv":[2,12,2.66667,12.66667],"texture":"#3"},"east":{"uv":[12,2,12.66667,2.66667],"texture":"#3"},"south":{"uv":[2.66667,12,3.33333,12.66667],"texture":"#3"},"west":{"uv":[12,2.66667,12.66667,3.33333],"texture":"#3"}}},{"from":[7.5,11.12132,7.5],"to":[8.5,12.12132,8.5],"rotation":{"angle":0,"axis":"y","origin":[7.5,11.12132,7.5]},"faces":{"north":{"uv":[7.33333,12,8,12.66667],"texture":"#3"},"east":{"uv":[12,7.33333,12.66667,8],"texture":"#3"},"south":{"uv":[8,12,8.66667,12.66667],"texture":"#3"},"west":{"uv":[12,8,12.66667,8.66667],"texture":"#3"}}},{"from":[7.5,6.62132,7.5],"to":[8.5,7.62132,8.5],"rotation":{"angle":0,"axis":"y","origin":[7.5,6.62132,7.5]},"faces":{"north":{"uv":[4,12,4.66667,12.66667],"texture":"#3"},"east":{"uv":[4.66667,12,5.33333,12.66667],"texture":"#3"},"south":{"uv":[5.33333,12,6,12.66667],"texture":"#3"},"west":{"uv":[12,5.33333,12.66667,6],"texture":"#3"}}},{"from":[7.6,3.12132,7.6],"to":[8.4,6.12132,8.4],"rotation":{"angle":45,"axis":"y","origin":[8,4.12132,8]},"faces":{"north":{"uv":[9.33333,1.33333,9.83333,3.33333],"texture":"#3"},"east":{"uv":[2.66667,9.33333,3.16667,11.33333],"texture":"#3"},"south":{"uv":[3.33333,9.33333,3.83333,11.33333],"texture":"#3"},"west":{"uv":[9.33333,3.33333,9.83333,5.33333],"texture":"#3"},"up":{"uv":[10.5,13.83333,10,13.33333],"texture":"#3"},"down":{"uv":[13.83333,10,13.33333,10.5],"texture":"#3"}}},{"from":[7.35,2.62132,7.35],"to":[8.65,3.12132,8.65],"rotation":{"angle":0,"axis":"y","origin":[7.5,2.62132,7.5]},"faces":{"north":{"uv":[13.33333,4.66667,14.16667,5],"texture":"#3"},"east":{"uv":[13.33333,5.33333,14.16667,5.66667],"texture":"#3"},"south":{"uv":[6,13.33333,6.83333,13.66667],"texture":"#3"},"west":{"uv":[13.33333,6.66667,14.16667,7],"texture":"#3"},"up":{"uv":[10.83333,4.83333,10,4],"texture":"#3"},"down":{"uv":[7.5,10,6.66667,10.83333],"texture":"#3"}}},{"from":[7.35,6.12132,7.35],"to":[8.65,6.62132,8.65],"rotation":{"angle":0,"axis":"y","origin":[7.5,6.12132,7.5]},"faces":{"north":{"uv":[13.33333,7.33333,14.16667,7.66667],"texture":"#3"},"east":{"uv":[8,13.33333,8.83333,13.66667],"texture":"#3"},"south":{"uv":[13.33333,8.66667,14.16667,9],"texture":"#3"},"west":{"uv":[13.33333,9.33333,14.16667,9.66667],"texture":"#3"},"up":{"uv":[0.83333,11.5,0,10.66667],"texture":"#3"},"down":{"uv":[11.5,0,10.66667,0.83333],"texture":"#3"}}},{"from":[7.4,7.41066,7],"to":[8.6,9.41066,9],"rotation":{"angle":-45,"axis":"x","origin":[8,8.41066,8]},"faces":{"north":{"uv":[8,5.33333,8.83333,6.66667],"texture":"#3"},"east":{"uv":[6.66667,0,8,1.33333],"texture":"#3"},"south":{"uv":[8,6.66667,8.83333,8],"texture":"#3"},"west":{"uv":[1.33333,6.66667,2.66667,8],"texture":"#3"},"up":{"uv":[8.83333,9.33333,8,8],"texture":"#3"},"down":{"uv":[7.5,8.66667,6.66667,10],"texture":"#3"}}},{"from":[7.4,12.12132,7.4],"to":[8.6,16.32132,8.6],"rotation":{"angle":0,"axis":"y","origin":[7.5,12.12132,7.5]},"faces":{"north":{"uv":[2.66667,0,3.5,2.83333],"texture":"#3"},"east":{"uv":[2.66667,3.33333,3.5,6.16667],"texture":"#3"},"south":{"uv":[4,0,4.83333,2.83333],"texture":"#3"},"west":{"uv":[4,3.33333,4.83333,6.16667],"texture":"#3"},"up":{"uv":[4.83333,11.5,4,10.66667],"texture":"#3"},"down":{"uv":[6.16667,10.66667,5.33333,11.5],"texture":"#3"}}},{"from":[7.4,16.99632,7],"to":[8.6,19.69632,8.2],"rotation":{"angle":-22.5,"axis":"x","origin":[8,18.09632,7.6]},"faces":{"north":{"uv":[6.66667,6.66667,7.5,8.5],"texture":"#3"},"east":{"uv":[8,0,8.83333,1.83333],"texture":"#3"},"south":{"uv":[1.33333,8,2.16667,9.83333],"texture":"#3"},"west":{"uv":[8,2,8.83333,3.83333],"texture":"#3"},"up":{"uv":[11.5,6.16667,10.66667,5.33333],"texture":"#3"},"down":{"uv":[11.5,6.66667,10.66667,7.5],"texture":"#3"}}},{"from":[7.3825,11.92286,9.27083],"to":[8.6325,15.42286,9.30083],"rotation":{"angle":-45,"axis":"y","origin":[8,13.67286,9.29333]},"faces":{"north":{"uv":[5.33333,0,6.16667,2.33333],"texture":"#3"},"south":{"uv":[5.33333,2.66667,6.16667,5],"texture":"#3"}}},{"from":[7.9775,11.92286,8.67583],"to":[8.0075,15.42286,9.92583],"rotation":{"angle":-45,"axis":"y","origin":[8,13.67286,9.29333]},"faces":{"east":{"uv":[5.33333,5.33333,6.16667,7.66667],"texture":"#3"},"west":{"uv":[0,6.66667,0.83333,9],"texture":"#3"}}},{"from":[7.15,7.25,8.25],"to":[8.85,8.75,9.75],"rotation":{"angle":-45,"axis":"x","origin":[7.5,7,8]},"faces":{"north":{"uv":[2.66667,8,3.83333,9],"texture":"#3"},"east":{"uv":[4,9.33333,5,10.33333],"texture":"#3"},"south":{"uv":[4,8,5.16667,9],"texture":"#3"},"west":{"uv":[5.33333,9.33333,6.33333,10.33333],"texture":"#3"},"up":{"uv":[9.16667,5,8,4],"texture":"#3"},"down":{"uv":[6.5,8,5.33333,9],"texture":"#3"}}},{"from":[7.25,9.04195,5.42891],"to":[8.75,10.04195,6.92891],"rotation":{"angle":-22.5,"axis":"x","origin":[8,10.19398,7.09736]},"faces":{"north":{"uv":[9.33333,10.66667,8.66667,11.66667],"rotation":90,"texture":"#3"},"east":{"uv":[8,10.66667,8.66667,11.66667],"rotation":270,"texture":"#3"},"west":{"uv":[10.66667,8,11.33333,9],"rotation":90,"texture":"#3"},"up":{"uv":[9.33333,6.66667,10.33333,7.66667],"rotation":180,"texture":"#3"},"down":{"uv":[9.33333,5.33333,10.33333,6.33333],"texture":"#3"}}},{"from":[7,9.04195,6.92891],"to":[9,11.04195,8.92891],"rotation":{"angle":-22.5,"axis":"x","origin":[8,10.19398,7.09736]},"faces":{"north":{"uv":[8,5.33333,6.66667,6.66667],"rotation":90,"texture":"#3"},"east":{"uv":[6.66667,1.33333,8,2.66667],"rotation":270,"texture":"#3"},"south":{"uv":[8,5.33333,6.66667,4],"rotation":90,"texture":"#3"},"west":{"uv":[6.66667,2.66667,8,4],"rotation":90,"texture":"#3"},"up":{"uv":[4,6.66667,5.33333,8],"rotation":180,"texture":"#3"},"down":{"uv":[2.66667,6.66667,4,8],"texture":"#3"}}},{"from":[8.50282,9.91723,8.17],"to":[10.00282,10.91723,9.17],"rotation":{"angle":-22.5,"axis":"x","origin":[8,10.19398,7.09736]},"faces":{"north":{"uv":[2,11.33333,1.33333,12.33333],"rotation":90,"texture":"#3"},"east":{"uv":[6,12,6.66667,12.66667],"rotation":270,"texture":"#3"},"south":{"uv":[11.33333,11,10.66667,10],"rotation":90,"texture":"#3"},"west":{"uv":[12,6,12.66667,6.66667],"rotation":90,"texture":"#3"},"up":{"uv":[10.66667,9.33333,11.66667,10],"rotation":180,"texture":"#3"},"down":{"uv":[9.33333,10.66667,10.33333,11.33333],"texture":"#3"}}},{"from":[9.72182,10.12955,8.28],"to":[10.89182,10.90955,9.06],"rotation":{"angle":-22.5,"axis":"x","origin":[8,10.19398,7.09736]},"faces":{"north":{"uv":[13.16667,11.33333,12.66667,12.16667],"rotation":90,"texture":"#3"},"east":{"uv":[10.66667,13.33333,11.16667,13.83333],"rotation":270,"texture":"#3"},"south":{"uv":[11.83333,13.5,11.33333,12.66667],"rotation":90,"texture":"#3"},"up":{"uv":[12.66667,10.66667,13.5,11.16667],"rotation":180,"texture":"#3"},"down":{"uv":[10,12.66667,10.83333,13.16667],"texture":"#3"}}},{"from":[10.31462,10.90955,8.38281],"to":[10.89182,11.77535,8.96001],"rotation":{"angle":-22.5,"axis":"x","origin":[8,10.19398,7.09736]},"faces":{"north":{"uv":[5.16667,14.66667,4.66667,15],"rotation":90,"texture":"#3"},"east":{"uv":[14.66667,3.33333,15.16667,3.66667],"rotation":270,"texture":"#3"},"south":{"uv":[15.16667,4.33333,14.66667,4],"rotation":90,"texture":"#3"},"west":{"uv":[4,14.66667,4.5,15],"rotation":90,"texture":"#3"},"up":{"uv":[14.66667,6,15,6.33333],"rotation":180,"texture":"#3"}}},{"from":[5.99718,9.91723,8.17],"to":[7.49718,10.91723,9.17],"rotation":{"angle":-22.5,"axis":"x","origin":[8,10.19398,7.09736]},"faces":{"north":{"uv":[4,11.33333,3.33333,12.33333],"rotation":90,"texture":"#3"},"east":{"uv":[6.66667,12,7.33333,12.66667],"rotation":270,"texture":"#3"},"south":{"uv":[12,3,11.33333,2],"rotation":90,"texture":"#3"},"west":{"uv":[12,6.66667,12.66667,7.33333],"rotation":90,"texture":"#3"},"up":{"uv":[2,11.33333,3,12],"rotation":180,"texture":"#3"},"down":{"uv":[11.33333,1.33333,12.33333,2],"texture":"#3"}}},{"from":[5.10818,10.12955,8.28],"to":[6.27818,10.90955,9.06],"rotation":{"angle":-22.5,"axis":"x","origin":[8,10.19398,7.09736]},"faces":{"north":{"uv":[2.5,13.33333,2,14.16667],"rotation":90,"texture":"#3"},"south":{"uv":[13.83333,1.5,13.33333,0.66667],"rotation":90,"texture":"#3"},"west":{"uv":[13.33333,11.33333,13.83333,11.83333],"rotation":90,"texture":"#3"},"up":{"uv":[0,13.33333,0.83333,13.83333],"rotation":180,"texture":"#3"},"down":{"uv":[12.66667,12.66667,13.5,13.16667],"texture":"#3"}}},{"from":[5.10818,10.90955,8.38281],"to":[5.68538,11.77535,8.96001],"rotation":{"angle":-22.5,"axis":"x","origin":[8,10.19398,7.09736]},"faces":{"north":{"uv":[6.5,14.66667,6,15],"rotation":90,"texture":"#3"},"east":{"uv":[14.66667,4.66667,15.16667,5],"rotation":270,"texture":"#3"},"south":{"uv":[15.16667,5.66667,14.66667,5.33333],"rotation":90,"texture":"#3"},"west":{"uv":[5.33333,14.66667,5.83333,15],"rotation":90,"texture":"#3"},"up":{"uv":[6.66667,14.66667,7,15],"rotation":180,"texture":"#3"}}},{"from":[7.5,9.86194,4.92892],"to":[8.5,9.89194,5.42892],"rotation":{"angle":-22.5,"axis":"x","origin":[8,10.19398,7.09736]},"faces":{"up":{"uv":[7.33333,14,8,14.33333],"rotation":180,"texture":"#3"},"down":{"uv":[6.66667,14,7.33333,14.33333],"texture":"#3"}}},{"from":[6,10.11195,5.42892],"to":[10,10.14195,7.42892],"rotation":{"angle":-22.5,"axis":"x","origin":[8,10.19398,7.09736]},"faces":{"up":{"uv":[0,0,16,8.00833],"rotation":180,"texture":"#1"},"down":{"uv":[16,0,0,8.00833],"texture":"#1"}}},{"from":[7.75,15.35,8.25],"to":[8.25,16.35,9.75],"rotation":{"angle":0,"axis":"y","origin":[8,17.1,6.75]},"faces":{"north":{"uv":[12,14,12.33333,14.66667],"texture":"#3"},"east":{"uv":[11.33333,4.66667,12.33333,5.33333],"texture":"#3"},"south":{"uv":[14,12,14.33333,12.66667],"texture":"#3"},"west":{"uv":[6.66667,11.33333,7.66667,12],"texture":"#3"},"up":{"uv":[4.33333,14.33333,4,13.33333],"texture":"#3"},"down":{"uv":[5,13.33333,4.66667,14.33333],"texture":"#3"}}},{"from":[7.75,11,8.25],"to":[8.25,12,9.75],"rotation":{"angle":0,"axis":"y","origin":[8,12.75,6.75]},"faces":{"north":{"uv":[11.33333,14,11.66667,14.66667],"texture":"#3"},"east":{"uv":[11.33333,3.33333,12.33333,4],"texture":"#3"},"south":{"uv":[14,11.33333,14.33333,12],"texture":"#3"},"west":{"uv":[11.33333,4,12.33333,4.66667],"texture":"#3"},"up":{"uv":[3,14.33333,2.66667,13.33333],"texture":"#3"},"down":{"uv":[13.66667,2.66667,13.33333,3.66667],"texture":"#3"}}},{"from":[7.985,10.75,3.65],"to":[8.015,20,7.65],"rotation":{"angle":0,"axis":"y","origin":[7.985,2,0]},"faces":{"east":{"uv":[2.66667,0,0,6.16667],"texture":"#3"},"west":{"uv":[0,0,2.66667,6.16667],"texture":"#3"}}},{"from":[8.5,18,5.15],"to":[9,18.5,7.15],"rotation":{"angle":-22.5,"axis":"x","origin":[8,18.25,6.65]},"faces":{"north":{"uv":[14.66667,9.33333,15,9.66667],"texture":"#3"},"east":{"uv":[6,12.66667,7.33333,13],"texture":"#3"},"south":{"uv":[10,14.66667,10.33333,15],"texture":"#3"},"west":{"uv":[12.66667,6,14,6.33333],"texture":"#3"},"up":{"uv":[13,8,12.66667,6.66667],"texture":"#3"},"down":{"uv":[7.66667,12.66667,7.33333,14],"texture":"#3"}}},{"from":[7.5,18,6.65],"to":[8.5,18.5,7.15],"rotation":{"angle":-22.5,"axis":"x","origin":[8,18.25,6.65]},"faces":{"north":{"uv":[14.66667,0.66667,15.33333,1],"texture":"#3"},"south":{"uv":[1.33333,14.66667,2,15],"texture":"#3"},"up":{"uv":[15.33333,1.66667,14.66667,1.33333],"texture":"#3"},"down":{"uv":[2.66667,14.66667,2,15],"texture":"#3"}}},{"from":[7.5,18,5.15],"to":[8.5,18.5,5.65],"rotation":{"angle":-22.5,"axis":"x","origin":[8,18.25,6.65]},"faces":{"north":{"uv":[14.66667,2,15.33333,2.33333],"texture":"#3"},"south":{"uv":[2.66667,14.66667,3.33333,15],"texture":"#3"},"up":{"uv":[15.33333,3,14.66667,2.66667],"texture":"#3"},"down":{"uv":[4,14.66667,3.33333,15],"texture":"#3"}}},{"from":[7,18,5.15],"to":[7.5,18.5,7.15],"rotation":{"angle":-22.5,"axis":"x","origin":[8,18.25,6.65]},"faces":{"north":{"uv":[14.66667,10,15,10.33333],"texture":"#3"},"east":{"uv":[8,12.66667,9.33333,13],"texture":"#3"},"south":{"uv":[10.66667,14.66667,11,15],"texture":"#3"},"west":{"uv":[12.66667,8,14,8.33333],"texture":"#3"},"up":{"uv":[13,10,12.66667,8.66667],"texture":"#3"},"down":{"uv":[9.66667,12.66667,9.33333,14],"texture":"#3"}}},{"from":[8.5,15,5.65],"to":[9,15.5,7.65],"rotation":{"angle":0,"axis":"y","origin":[7,5,0]},"faces":{"north":{"uv":[14.66667,8,15,8.33333],"texture":"#3"},"east":{"uv":[2,12.66667,3.33333,13],"texture":"#3"},"south":{"uv":[8.66667,14.66667,9,15],"texture":"#3"},"west":{"uv":[12.66667,2,14,2.33333],"texture":"#3"},"up":{"uv":[13,4,12.66667,2.66667],"texture":"#3"},"down":{"uv":[3.66667,12.66667,3.33333,14],"texture":"#3"}}},{"from":[7.5,15,7.15],"to":[8.5,15.5,7.65],"rotation":{"angle":0,"axis":"y","origin":[7,5,0]},"faces":{"north":{"uv":[12.66667,14,13.33333,14.33333],"texture":"#3"},"south":{"uv":[14,12.66667,14.66667,13],"texture":"#3"},"up":{"uv":[14,14.33333,13.33333,14],"texture":"#3"},"down":{"uv":[14.66667,13.33333,14,13.66667],"texture":"#3"}}},{"from":[7.5,15,5.65],"to":[8.5,15.5,6.15],"rotation":{"angle":0,"axis":"y","origin":[7,5,0]},"faces":{"north":{"uv":[14,14,14.66667,14.33333],"texture":"#3"},"south":{"uv":[0,14.66667,0.66667,15],"texture":"#3"},"up":{"uv":[15.33333,0.33333,14.66667,0],"texture":"#3"},"down":{"uv":[1.33333,14.66667,0.66667,15],"texture":"#3"}}},{"from":[7,15,5.65],"to":[7.5,15.5,7.65],"rotation":{"angle":0,"axis":"y","origin":[7,5,0]},"faces":{"north":{"uv":[14.66667,8.66667,15,9],"texture":"#3"},"east":{"uv":[4,12.66667,5.33333,13],"texture":"#3"},"south":{"uv":[9.33333,14.66667,9.66667,15],"texture":"#3"},"west":{"uv":[12.66667,4,14,4.33333],"texture":"#3"},"up":{"uv":[13,6,12.66667,4.66667],"texture":"#3"},"down":{"uv":[5.66667,12.66667,5.33333,14],"texture":"#3"}}},{"from":[7.5,12,5.65],"to":[8.5,12.5,6.15],"rotation":{"angle":0,"axis":"y","origin":[7,2,0]},"faces":{"north":{"uv":[10,14,10.66667,14.33333],"texture":"#3"},"south":{"uv":[14,10,14.66667,10.33333],"texture":"#3"},"up":{"uv":[11.33333,14.33333,10.66667,14],"texture":"#3"},"down":{"uv":[14.66667,10.66667,14,11],"texture":"#3"}}},{"from":[7.5,12,7.15],"to":[8.5,12.5,7.65],"rotation":{"angle":0,"axis":"y","origin":[7,2,0]},"faces":{"north":{"uv":[8,14,8.66667,14.33333],"texture":"#3"},"south":{"uv":[14,8,14.66667,8.33333],"texture":"#3"},"up":{"uv":[9.33333,14.33333,8.66667,14],"texture":"#3"},"down":{"uv":[10,14,9.33333,14.33333],"texture":"#3"}}},{"from":[8.5,12,5.65],"to":[9,12.5,7.65],"rotation":{"angle":0,"axis":"y","origin":[7,2,0]},"faces":{"north":{"uv":[14.66667,7.33333,15,7.66667],"texture":"#3"},"east":{"uv":[0,12.66667,1.33333,13],"texture":"#3"},"south":{"uv":[8,14.66667,8.33333,15],"texture":"#3"},"west":{"uv":[12.66667,0,14,0.33333],"texture":"#3"},"up":{"uv":[13,2,12.66667,0.66667],"texture":"#3"},"down":{"uv":[1.66667,12.66667,1.33333,14],"texture":"#3"}}},{"from":[7,12,5.65],"to":[7.5,12.5,7.65],"rotation":{"angle":0,"axis":"y","origin":[7,2,0]},"faces":{"north":{"uv":[14.66667,6.66667,15,7],"texture":"#3"},"east":{"uv":[12,10,13.33333,10.33333],"texture":"#3"},"south":{"uv":[7.33333,14.66667,7.66667,15],"texture":"#3"},"west":{"uv":[10.66667,12,12,12.33333],"texture":"#3"},"up":{"uv":[12.33333,12,12,10.66667],"texture":"#3"},"down":{"uv":[12.33333,12,12,13.33333],"texture":"#3"}}}],"gui_light":"front","display":{"thirdperson_righthand":{"rotation":[18.75,0,0],"translation":[0,0.75,1.25]},"thirdperson_lefthand":{"rotation":[18.75,0,0],"translation":[0,0.75,1.25]},"firstperson_righthand":{"rotation":[-51,0,-24],"translation":[-2.5,4.25,4.5]},"firstperson_lefthand":{"rotation":[-51,0,-24],"translation":[-2.5,4.25,4.5]},"ground":{"rotation":[-45,0,0],"translation":[0,4.5,0],"scale":[0.6,0.6,0.6]},"gui":{"rotation":[-90,45,90],"translation":[1.75,-0.75,0]},"head":{"rotation":[0,90,0]},"fixed":{"rotation":[0,-90,0],"translation":[0,0,-1.5],"scale":[2.5,2.5,2.5]}}}