{"format_version":"1.9.0","credit":"This is Unknown User copy! © 2025 iPlexity LLC. All Rights Reserved.","texture_size":[128,128],"textures":{"0":"christmas_hats_2025:hats/decorated_antlers_hat_texture","particle":"christmas_hats_2025:hats/decorated_antlers_hat_texture"},"elements":[{"from":[4,7,7.025],"to":[6,11,8.975],"rotation":{"angle":22.5,"axis":"z","origin":[5,10,7]},"faces":{"north":{"uv":[4,5.75,4.25,6.25],"texture":"#0"},"east":{"uv":[0.5,6,0.75,6.5],"texture":"#0"},"south":{"uv":[0.875,6,1.125,6.5],"texture":"#0"},"west":{"uv":[6,1.5,6.25,2],"texture":"#0"},"up":{"uv":[6.875,3.125,6.625,2.875],"texture":"#0"},"down":{"uv":[6.875,3.25,6.625,3.5],"texture":"#0"}}},{"from":[-3.68925,10.14805,7],"to":[5.31075,12.14805,9],"rotation":{"angle":-22.5,"axis":"z","origin":[3.31075,11.14805,7]},"faces":{"north":{"uv":[4.125,0.75,5.25,1],"texture":"#0"},"east":{"uv":[6.625,3.625,6.875,3.875],"texture":"#0"},"south":{"uv":[0.875,4.125,2,4.375],"texture":"#0"},"west":{"uv":[6.625,4.75,6.875,5],"texture":"#0"},"up":{"uv":[5.25,1.375,4.125,1.125],"texture":"#0"},"down":{"uv":[5.25,1.5,4.125,1.75],"texture":"#0"}}},{"from":[-3.68925,12.14805,7],"to":[-1.68925,16.14805,9],"rotation":{"angle":-22.5,"axis":"z","origin":[3.31075,11.14805,7]},"faces":{"north":{"uv":[6,2.125,6.25,2.625],"texture":"#0"},"east":{"uv":[1.25,6.125,1.5,6.625],"texture":"#0"},"south":{"uv":[1.625,6.125,1.875,6.625],"texture":"#0"},"west":{"uv":[2,6.125,2.25,6.625],"texture":"#0"},"up":{"uv":[6.875,6.375,6.625,6.125],"texture":"#0"},"down":{"uv":[6.5,6.625,6.25,6.875],"texture":"#0"}}},{"from":[3.31075,12.14805,7.025],"to":[5.31075,14.14805,8.975],"rotation":{"angle":-45,"axis":"z","origin":[3.31075,11.14805,7]},"faces":{"north":{"uv":[6.625,6.5,6.875,6.75],"texture":"#0"},"east":{"uv":[6.75,0,7,0.25],"texture":"#0"},"south":{"uv":[6.75,0.375,7,0.625],"texture":"#0"},"west":{"uv":[6.75,0.75,7,1],"texture":"#0"},"up":{"uv":[1.375,7,1.125,6.75],"texture":"#0"},"down":{"uv":[7,1.125,6.75,1.375],"texture":"#0"}}},{"from":[13.68925,12.14805,7],"to":[15.68925,15.14805,9],"rotation":{"angle":22.5,"axis":"z","origin":[12.68925,11.14805,7]},"faces":{"north":{"uv":[4.625,2.25,4.875,2.625],"texture":"#0"},"east":{"uv":[3.5,6.25,3.75,6.625],"texture":"#0"},"south":{"uv":[6.25,6.125,6.5,6.5],"texture":"#0"},"west":{"uv":[6.375,0,6.625,0.375],"texture":"#0"},"up":{"uv":[1.75,7,1.5,6.75],"texture":"#0"},"down":{"uv":[7,1.5,6.75,1.75],"texture":"#0"}}},{"from":[17.68925,12.14805,7],"to":[19.68925,16.14805,9],"rotation":{"angle":22.5,"axis":"z","origin":[12.68925,11.14805,7]},"faces":{"north":{"uv":[2.375,6.125,2.625,6.625],"texture":"#0"},"east":{"uv":[6.125,4.125,6.375,4.625],"texture":"#0"},"south":{"uv":[4.375,6.125,4.625,6.625],"texture":"#0"},"west":{"uv":[4.75,6.125,5,6.625],"texture":"#0"},"up":{"uv":[2.125,7,1.875,6.75],"texture":"#0"},"down":{"uv":[7,1.875,6.75,2.125],"texture":"#0"}}},{"from":[10.68925,12.14805,7.025],"to":[12.68925,14.14805,8.975],"rotation":{"angle":45,"axis":"z","origin":[12.68925,11.14805,7]},"faces":{"north":{"uv":[2.25,6.75,2.5,7],"texture":"#0"},"east":{"uv":[3.5,6.75,3.75,7],"texture":"#0"},"south":{"uv":[3.875,6.75,4.125,7],"texture":"#0"},"west":{"uv":[4.25,6.75,4.5,7],"texture":"#0"},"up":{"uv":[4.875,7,4.625,6.75],"texture":"#0"},"down":{"uv":[5.25,6.75,5,7],"texture":"#0"}}},{"from":[0.31075,12.14805,7],"to":[2.31075,15.14805,9],"rotation":{"angle":-22.5,"axis":"z","origin":[3.31075,11.14805,7]},"faces":{"north":{"uv":[6.375,0.5,6.625,0.875],"texture":"#0"},"east":{"uv":[6.375,1,6.625,1.375],"texture":"#0"},"south":{"uv":[6.375,1.5,6.625,1.875],"texture":"#0"},"west":{"uv":[6.375,2,6.625,2.375],"texture":"#0"},"up":{"uv":[7,5.375,6.75,5.125],"texture":"#0"},"down":{"uv":[5.625,6.75,5.375,7],"texture":"#0"}}},{"from":[10.68925,10.14805,7],"to":[19.68925,12.14805,9],"rotation":{"angle":22.5,"axis":"z","origin":[12.68925,11.14805,7]},"faces":{"north":{"uv":[4,3.5,5.125,3.75],"texture":"#0"},"east":{"uv":[0.5,5,0.75,5.25],"texture":"#0"},"south":{"uv":[4,3.875,5.125,4.125],"texture":"#0"},"west":{"uv":[6.625,2.5,6.875,2.75],"texture":"#0"},"up":{"uv":[5.25,0.25,4.125,0],"texture":"#0"},"down":{"uv":[5.25,0.375,4.125,0.625],"texture":"#0"}}},{"from":[10,7,7.025],"to":[12,11,8.975],"rotation":{"angle":-22.5,"axis":"z","origin":[11,10,7]},"faces":{"north":{"uv":[5.125,6.125,5.375,6.625],"texture":"#0"},"east":{"uv":[5.5,6.125,5.75,6.625],"texture":"#0"},"south":{"uv":[5.875,6.125,6.125,6.625],"texture":"#0"},"west":{"uv":[0,6.25,0.25,6.75],"texture":"#0"},"up":{"uv":[7,5.75,6.75,5.5],"texture":"#0"},"down":{"uv":[6,6.75,5.75,7],"texture":"#0"}}},{"from":[11,2,8],"to":[17,6,10],"rotation":{"angle":22.5,"axis":"z","origin":[12,3,8]},"faces":{"north":{"uv":[1.375,3.5,2.125,4],"texture":"#0"},"east":{"uv":[2.75,6.25,3,6.75],"texture":"#0"},"south":{"uv":[2.25,3.5,3,4],"texture":"#0"},"west":{"uv":[6.25,2.75,6.5,3.25],"texture":"#0"},"up":{"uv":[4.875,3,4.125,2.75],"texture":"#0"},"down":{"uv":[4.875,3.125,4.125,3.375],"texture":"#0"}}},{"from":[-1,2,8],"to":[5,6,10],"rotation":{"angle":-22.5,"axis":"z","origin":[4,3,8]},"faces":{"north":{"uv":[3.125,3.5,3.875,4],"texture":"#0"},"east":{"uv":[3.125,6.25,3.375,6.75],"texture":"#0"},"south":{"uv":[0,4,0.75,4.5],"texture":"#0"},"west":{"uv":[6.25,3.375,6.5,3.875],"texture":"#0"},"up":{"uv":[0.75,4.875,0,4.625],"texture":"#0"},"down":{"uv":[5.375,1.875,4.625,2.125],"texture":"#0"}}},{"from":[14.44552,3.28073,7.75],"to":[16.44552,5.78073,10.25],"rotation":{"angle":22.5,"axis":"z","origin":[15.69552,4.53073,9]},"faces":{"north":{"uv":[0,6.875,0.25,7.125],"texture":"#0"},"east":{"uv":[6.125,4.75,6.5,5],"texture":"#0"},"south":{"uv":[2.625,6.875,2.875,7.125],"texture":"#0"},"west":{"uv":[3.875,6.375,4.25,6.625],"texture":"#0"},"up":{"uv":[6.625,5.5,6.375,5.125],"texture":"#0"},"down":{"uv":[6.625,5.625,6.375,6],"texture":"#0"}}},{"from":[15.4429,2.28125,9],"to":[16.4429,4.28125,9],"rotation":{"angle":0,"axis":"y","origin":[15.94552,3.28073,9]},"faces":{"north":{"uv":[4.375,5.125,4.5,5.375],"texture":"#0"},"east":{"uv":[5.875,1.5,5.875,1.75],"texture":"#0"},"south":{"uv":[5.5,3.125,5.625,3.375],"texture":"#0"},"west":{"uv":[0.375,6.25,0.375,6.5],"texture":"#0"},"up":{"uv":[1,4,0.875,4],"texture":"#0"},"down":{"uv":[1.25,4,1.125,4],"texture":"#0"}}},{"from":[14.9429,0.28125,8],"to":[16.9429,2.28125,10],"rotation":{"angle":0,"axis":"y","origin":[15.94552,3.28073,9]},"faces":{"north":{"uv":[3,6.875,3.25,7.125],"texture":"#0"},"east":{"uv":[6.625,6.875,6.875,7.125],"texture":"#0"},"south":{"uv":[7,2.25,7.25,2.5],"texture":"#0"},"west":{"uv":[7,2.625,7.25,2.875],"texture":"#0"},"up":{"uv":[7.25,3.25,7,3],"texture":"#0"},"down":{"uv":[7.25,3.375,7,3.625],"texture":"#0"}}},{"from":[-0.44552,3.28073,7.75],"to":[1.55448,5.78073,10.25],"rotation":{"angle":-22.5,"axis":"z","origin":[0.30448,4.53073,9]},"faces":{"north":{"uv":[7,3.75,7.25,4],"texture":"#0"},"east":{"uv":[6.5,4,6.875,4.25],"texture":"#0"},"south":{"uv":[7,4.125,7.25,4.375],"texture":"#0"},"west":{"uv":[6.5,4.375,6.875,4.625],"texture":"#0"},"up":{"uv":[0.625,7,0.375,6.625],"texture":"#0"},"down":{"uv":[1,6.625,0.75,7],"texture":"#0"}}},{"from":[-0.4429,2.28125,9],"to":[0.5571,4.28125,9],"rotation":{"angle":0,"axis":"y","origin":[0.05448,3.28073,9]},"faces":{"north":{"uv":[5.625,5.125,5.75,5.375],"texture":"#0"},"east":{"uv":[7.25,7.375,7.25,7.625],"texture":"#0"},"south":{"uv":[6,2.75,6.125,3],"texture":"#0"},"west":{"uv":[1.625,7.5,1.625,7.75],"texture":"#0"},"up":{"uv":[3.75,4.125,3.625,4.125],"texture":"#0"},"down":{"uv":[3.5,5,3.375,5],"texture":"#0"}}},{"from":[-0.9429,0.28125,8],"to":[1.0571,2.28125,10],"rotation":{"angle":0,"axis":"y","origin":[0.05448,3.28073,9]},"faces":{"north":{"uv":[7,4.5,7.25,4.75],"texture":"#0"},"east":{"uv":[7,5.875,7.25,6.125],"texture":"#0"},"south":{"uv":[6.125,7,6.375,7.25],"texture":"#0"},"west":{"uv":[7,6.25,7.25,6.5],"texture":"#0"},"up":{"uv":[7.25,6.875,7,6.625],"texture":"#0"},"down":{"uv":[7.25,7,7,7.25],"texture":"#0"}}},{"from":[15.82506,8.71528,7],"to":[17.82506,10.71528,9],"rotation":{"angle":0,"axis":"y","origin":[16.32506,9.46528,8]},"faces":{"north":{"uv":[7.125,0,7.375,0.25],"texture":"#0"},"east":{"uv":[0.375,7.125,0.625,7.375],"texture":"#0"},"south":{"uv":[7.125,0.375,7.375,0.625],"texture":"#0"},"west":{"uv":[0.75,7.125,1,7.375],"texture":"#0"},"up":{"uv":[7.375,1,7.125,0.75],"texture":"#0"},"down":{"uv":[1.375,7.125,1.125,7.375],"texture":"#0"}}},{"from":[16.18925,9.89805,6.75],"to":[17.18925,12.39805,9.25],"rotation":{"angle":22.5,"axis":"z","origin":[12.68925,11.14805,7]},"faces":{"north":{"uv":[1.875,4.5,2,4.875],"texture":"#0"},"east":{"uv":[1.5,5.625,1.875,6],"texture":"#0"},"south":{"uv":[6.5,7.25,6.625,7.625],"texture":"#0"},"west":{"uv":[2,5.625,2.375,6],"texture":"#0"},"up":{"uv":[6.875,7.625,6.75,7.25],"texture":"#0"},"down":{"uv":[7.5,2.25,7.375,2.625],"texture":"#0"}}},{"from":[16.32506,9.71528,8],"to":[17.32506,11.71528,8],"rotation":{"angle":0,"axis":"y","origin":[16.32506,10.46528,8]},"faces":{"north":{"uv":[0.375,7.5,0.5,7.75],"texture":"#0"},"east":{"uv":[7.5,1.625,7.5,1.875],"texture":"#0"},"south":{"uv":[7.5,0.5,7.625,0.75],"texture":"#0"},"west":{"uv":[1.75,7.5,1.75,7.75],"texture":"#0"},"up":{"uv":[5.375,4.125,5.25,4.125],"texture":"#0"},"down":{"uv":[1.625,5.375,1.5,5.375],"texture":"#0"}}},{"from":[12.43925,9.89805,6.75],"to":[13.43925,12.39805,9.25],"rotation":{"angle":22.5,"axis":"z","origin":[12.68925,11.14805,7]},"faces":{"north":{"uv":[7.375,2.75,7.5,3.125],"texture":"#0"},"east":{"uv":[2.5,5.625,2.875,6],"texture":"#0"},"south":{"uv":[7.375,3.25,7.5,3.625],"texture":"#0"},"west":{"uv":[5.625,4.125,6,4.5],"texture":"#0"},"up":{"uv":[7.5,4.125,7.375,3.75],"texture":"#0"},"down":{"uv":[7.5,4.25,7.375,4.625],"texture":"#0"}}},{"from":[12.86051,8.28021,8],"to":[13.86051,10.28021,8],"rotation":{"angle":0,"axis":"y","origin":[12.86051,9.03021,8]},"faces":{"north":{"uv":[0.625,7.5,0.75,7.75],"texture":"#0"},"east":{"uv":[1.875,7.5,1.875,7.75],"texture":"#0"},"south":{"uv":[0.875,7.5,1,7.75],"texture":"#0"},"west":{"uv":[2,7.5,2,7.75],"texture":"#0"},"up":{"uv":[1.625,5.5,1.5,5.5],"texture":"#0"},"down":{"uv":[3.125,5.625,3,5.625],"texture":"#0"}}},{"from":[12.36051,7.28021,7],"to":[14.36051,9.28021,9],"rotation":{"angle":0,"axis":"y","origin":[12.86051,8.03021,8]},"faces":{"north":{"uv":[7.125,1.125,7.375,1.375],"texture":"#0"},"east":{"uv":[1.5,7.125,1.75,7.375],"texture":"#0"},"south":{"uv":[7.125,1.5,7.375,1.75],"texture":"#0"},"west":{"uv":[1.875,7.125,2.125,7.375],"texture":"#0"},"up":{"uv":[7.375,2.125,7.125,1.875],"texture":"#0"},"down":{"uv":[2.5,7.125,2.25,7.375],"texture":"#0"}}},{"from":[1.63949,7.28021,7],"to":[3.63949,9.28021,9],"rotation":{"angle":0,"axis":"y","origin":[3.13949,8.03021,8]},"faces":{"north":{"uv":[3.375,7.125,3.625,7.375],"texture":"#0"},"east":{"uv":[3.75,7.125,4,7.375],"texture":"#0"},"south":{"uv":[4.125,7.125,4.375,7.375],"texture":"#0"},"west":{"uv":[4.5,7.125,4.75,7.375],"texture":"#0"},"up":{"uv":[5.125,7.375,4.875,7.125],"texture":"#0"},"down":{"uv":[7.375,4.875,7.125,5.125],"texture":"#0"}}},{"from":[2.13949,8.28021,8],"to":[3.13949,10.28021,8],"rotation":{"angle":0,"axis":"y","origin":[3.13949,9.03021,8]},"faces":{"north":{"uv":[7.5,0.875,7.625,1.125],"texture":"#0"},"east":{"uv":[2.125,7.5,2.125,7.75],"texture":"#0"},"south":{"uv":[1.125,7.5,1.25,7.75],"texture":"#0"},"west":{"uv":[2.25,7.5,2.25,7.75],"texture":"#0"},"up":{"uv":[1.375,6,1.25,6],"texture":"#0"},"down":{"uv":[2.875,6.125,2.75,6.125],"texture":"#0"}}},{"from":[2.56075,9.89805,6.75],"to":[3.56075,12.39805,9.25],"rotation":{"angle":-22.5,"axis":"z","origin":[3.31075,11.14805,7]},"faces":{"north":{"uv":[7.375,5.625,7.5,6],"texture":"#0"},"east":{"uv":[5.625,4.625,6,5],"texture":"#0"},"south":{"uv":[6,7.375,6.125,7.75],"texture":"#0"},"west":{"uv":[3,5.75,3.375,6.125],"texture":"#0"},"up":{"uv":[7.5,6.5,7.375,6.125],"texture":"#0"},"down":{"uv":[6.375,7.375,6.25,7.75],"texture":"#0"}}},{"from":[-1.82506,8.71528,7],"to":[0.17494,10.71528,9],"rotation":{"angle":0,"axis":"y","origin":[-0.32506,9.46528,8]},"faces":{"north":{"uv":[5.25,7.125,5.5,7.375],"texture":"#0"},"east":{"uv":[7.125,5.25,7.375,5.5],"texture":"#0"},"south":{"uv":[5.625,7.125,5.875,7.375],"texture":"#0"},"west":{"uv":[0,7.25,0.25,7.5],"texture":"#0"},"up":{"uv":[2.875,7.5,2.625,7.25],"texture":"#0"},"down":{"uv":[3.25,7.25,3,7.5],"texture":"#0"}}},{"from":[-1.32506,9.71528,8],"to":[-0.32506,11.71528,8],"rotation":{"angle":0,"axis":"y","origin":[-0.32506,10.46528,8]},"faces":{"north":{"uv":[7.5,1.25,7.625,1.5],"texture":"#0"},"east":{"uv":[2.375,7.5,2.375,7.75],"texture":"#0"},"south":{"uv":[1.375,7.5,1.5,7.75],"texture":"#0"},"west":{"uv":[2.5,7.5,2.5,7.75],"texture":"#0"},"up":{"uv":[6.375,4,6.25,4],"texture":"#0"},"down":{"uv":[6.5,2.5,6.375,2.5],"texture":"#0"}}},{"from":[-1.18925,9.89805,6.75],"to":[-0.18925,12.39805,9.25],"rotation":{"angle":-22.5,"axis":"z","origin":[3.31075,11.14805,7]},"faces":{"north":{"uv":[7.375,6.625,7.5,7],"texture":"#0"},"east":{"uv":[5.75,3.125,6.125,3.5],"texture":"#0"},"south":{"uv":[7,7.375,7.125,7.75],"texture":"#0"},"west":{"uv":[3.5,5.75,3.875,6.125],"texture":"#0"},"up":{"uv":[7.5,7.5,7.375,7.125],"texture":"#0"},"down":{"uv":[7.625,0,7.5,0.375],"texture":"#0"}}},{"from":[9.68925,9.89805,6.75],"to":[19.93925,16.14805,6.75],"rotation":{"angle":22.5,"axis":"z","origin":[12.68925,11.14805,6.75]},"faces":{"north":{"uv":[0,0,1.25,0.75],"texture":"#0"},"east":{"uv":[3.375,7.5,3.375,8.25],"texture":"#0"},"south":{"uv":[1.25,0,0,0.75],"texture":"#0"},"west":{"uv":[3.5,7.5,3.5,8.25],"texture":"#0"},"up":{"uv":[8.625,4.75,7.375,4.75],"texture":"#0"},"down":{"uv":[8.75,2,7.5,2],"texture":"#0"}}},{"from":[9.68925,16.14805,6.75],"to":[19.93925,16.14805,9.25],"rotation":{"angle":22.5,"axis":"z","origin":[12.68925,11.14805,6.75]},"faces":{"north":{"uv":[7.5,2.125,8.75,2.125],"texture":"#0"},"east":{"uv":[3.625,7.5,4,7.5],"texture":"#0"},"south":{"uv":[4.125,7.5,5.375,7.5],"texture":"#0"},"west":{"uv":[7.5,4.875,7.875,4.875],"texture":"#0"},"up":{"uv":[4,0.375,2.75,0],"texture":"#0"},"down":{"uv":[4,0,2.75,0.375],"texture":"#0"}}},{"from":[19.93925,9.89805,6.75],"to":[19.93925,16.14805,9.25],"rotation":{"angle":22.5,"axis":"z","origin":[12.68925,11.14805,6.75]},"faces":{"north":{"uv":[5.5,7.5,5.5,8.25],"texture":"#0"},"east":{"uv":[4.125,1.875,4.5,2.625],"texture":"#0"},"south":{"uv":[5.625,7.5,5.625,8.25],"texture":"#0"},"west":{"uv":[4.5,1.875,4.125,2.625],"texture":"#0"},"up":{"uv":[7.5,5.375,7.5,5],"texture":"#0"},"down":{"uv":[5.75,7.5,5.75,7.875],"texture":"#0"}}},{"from":[9.68925,10.14805,6.75],"to":[9.68925,16.14805,9.25],"rotation":{"angle":22.5,"axis":"z","origin":[12.68925,11.14805,6.75]},"faces":{"north":{"uv":[5.875,7.5,5.875,8.25],"texture":"#0"},"east":{"uv":[3.5,4.125,3.125,4.875],"texture":"#0"},"south":{"uv":[0,7.625,0,8.375],"texture":"#0"},"west":{"uv":[3.125,4.125,3.5,4.875],"texture":"#0"},"up":{"uv":[0.125,8,0.125,7.625],"texture":"#0"},"down":{"uv":[0.25,7.625,0.25,8],"texture":"#0"}}},{"from":[3.5,6.75,6.8],"to":[6.5,11,6.8],"rotation":{"angle":22.5,"axis":"z","origin":[5,10,6.775]},"faces":{"north":{"uv":[4.625,4.25,5,4.75],"texture":"#0"},"east":{"uv":[7.625,2.25,7.625,2.75],"texture":"#0"},"south":{"uv":[4.625,4.875,5,5.375],"texture":"#0"},"west":{"uv":[2.625,7.625,2.625,8.125],"texture":"#0"},"up":{"uv":[7.875,5.5,7.5,5.5],"texture":"#0"},"down":{"uv":[8,1.625,7.625,1.625],"texture":"#0"}}},{"from":[6.5,6.75,6.8],"to":[6.5,11,9.3],"rotation":{"angle":22.5,"axis":"z","origin":[5,10,6.775]},"faces":{"north":{"uv":[2.75,7.625,2.75,8.125],"texture":"#0"},"east":{"uv":[0,5,0.375,5.5],"texture":"#0"},"south":{"uv":[2.875,7.625,2.875,8.125],"texture":"#0"},"west":{"uv":[0,5,0.375,5.5],"texture":"#0"},"up":{"uv":[7.625,3.25,7.625,2.875],"texture":"#0"},"down":{"uv":[3,7.625,3,8],"texture":"#0"}}},{"from":[3.5,6.75,6.8],"to":[6.5,6.75,9.3],"rotation":{"angle":22.5,"axis":"z","origin":[5,10,6.775]},"faces":{"north":{"uv":[7.625,1.75,8,1.75],"texture":"#0"},"east":{"uv":[7.625,1.875,8,1.875],"texture":"#0"},"south":{"uv":[7.625,3.375,8,3.375],"texture":"#0"},"west":{"uv":[7.625,3.5,8,3.5],"texture":"#0"},"up":{"uv":[6.25,0.375,5.875,0],"texture":"#0"},"down":{"uv":[6.25,0,5.875,0.375],"texture":"#0"}}},{"from":[9.5,6.75,6.8],"to":[12.5,11,6.8],"rotation":{"angle":-22.5,"axis":"z","origin":[11,10,6.775]},"faces":{"north":{"uv":[5,2.25,5.375,2.75],"texture":"#0"},"east":{"uv":[3.125,7.625,3.125,8.125],"texture":"#0"},"south":{"uv":[2.375,5,2.75,5.5],"texture":"#0"},"west":{"uv":[3.25,7.625,3.25,8.125],"texture":"#0"},"up":{"uv":[4,7.625,3.625,7.625],"texture":"#0"},"down":{"uv":[8,3.625,7.625,3.625],"texture":"#0"}}},{"from":[12.5,6.75,6.8],"to":[12.5,11,9.3],"rotation":{"angle":-22.5,"axis":"z","origin":[11,10,6.775]},"faces":{"north":{"uv":[7.625,3.75,7.625,4.25],"texture":"#0"},"east":{"uv":[2.875,5,3.25,5.5],"texture":"#0"},"south":{"uv":[4.125,7.625,4.125,8.125],"texture":"#0"},"west":{"uv":[3.25,5,2.875,5.5],"texture":"#0"},"up":{"uv":[4.25,8,4.25,7.625],"texture":"#0"},"down":{"uv":[4.375,7.625,4.375,8],"texture":"#0"}}},{"from":[9.68925,9.89805,6.75],"to":[19.93925,9.89805,9.25],"rotation":{"angle":22.5,"axis":"z","origin":[12.68925,11.14805,6.75]},"faces":{"north":{"uv":[7.625,4.375,8.875,4.375],"texture":"#0"},"east":{"uv":[4.5,7.625,4.875,7.625],"texture":"#0"},"south":{"uv":[7.625,4.5,8.875,4.5],"texture":"#0"},"west":{"uv":[7.625,4.625,8,4.625],"texture":"#0"},"up":{"uv":[4,1.875,2.75,1.5],"texture":"#0"},"down":{"uv":[4,1.5,2.75,1.875],"texture":"#0"}}},{"from":[9.68925,9.89805,9.25],"to":[19.93925,16.14805,9.25],"rotation":{"angle":22.5,"axis":"z","origin":[12.68925,11.14805,9.25]},"faces":{"north":{"uv":[2.625,0.875,1.375,1.625],"texture":"#0"},"east":{"uv":[5,7.625,5,8.375],"texture":"#0"},"south":{"uv":[1.375,0.875,2.625,1.625],"texture":"#0"},"west":{"uv":[5.125,7.625,5.125,8.375],"texture":"#0"},"up":{"uv":[8.875,5,7.625,5],"texture":"#0"},"down":{"uv":[8.875,5.125,7.625,5.125],"texture":"#0"}}},{"from":[3.5,6.75,9.2],"to":[6.5,11,9.2],"rotation":{"angle":22.5,"axis":"z","origin":[5,10,9.225]},"faces":{"north":{"uv":[4.25,5.125,3.875,5.625],"texture":"#0"},"east":{"uv":[5.25,7.625,5.25,8.125],"texture":"#0"},"south":{"uv":[3.875,5.125,4.25,5.625],"texture":"#0"},"west":{"uv":[5.375,7.625,5.375,8.125],"texture":"#0"},"up":{"uv":[8,5.25,7.625,5.25],"texture":"#0"},"down":{"uv":[8,5.375,7.625,5.375],"texture":"#0"}}},{"from":[9.5,6.75,9.2],"to":[12.5,11,9.2],"rotation":{"angle":-22.5,"axis":"z","origin":[11,10,9.225]},"faces":{"north":{"uv":[5.5,4.875,5.125,5.375],"texture":"#0"},"east":{"uv":[7.625,5.625,7.625,6.125],"texture":"#0"},"south":{"uv":[5.125,4.875,5.5,5.375],"texture":"#0"},"west":{"uv":[7.625,6.25,7.625,6.75],"texture":"#0"},"up":{"uv":[8,6.875,7.625,6.875],"texture":"#0"},"down":{"uv":[8,7,7.625,7],"texture":"#0"}}},{"from":[3.5,6.75,6.8],"to":[3.5,11,9.3],"rotation":{"angle":22.5,"axis":"z","origin":[5,10,6.775]},"faces":{"north":{"uv":[7.625,7.125,7.625,7.625],"texture":"#0"},"east":{"uv":[5.75,0,5.375,0.5],"texture":"#0"},"south":{"uv":[7.375,7.625,7.375,8.125],"texture":"#0"},"west":{"uv":[5.375,0,5.75,0.5],"texture":"#0"},"up":{"uv":[7.5,8,7.5,7.625],"texture":"#0"},"down":{"uv":[7.75,0,7.75,0.375],"texture":"#0"}}},{"from":[9.5,6.75,6.8],"to":[9.5,11,9.3],"rotation":{"angle":-22.5,"axis":"z","origin":[11,10,6.775]},"faces":{"north":{"uv":[7.75,0.5,7.75,1],"texture":"#0"},"east":{"uv":[5.375,0.625,5.75,1.125],"texture":"#0"},"south":{"uv":[7.75,2.25,7.75,2.75],"texture":"#0"},"west":{"uv":[5.375,0.625,5.75,1.125],"texture":"#0"},"up":{"uv":[7.75,1.5,7.75,1.125],"texture":"#0"},"down":{"uv":[7.75,2.875,7.75,3.25],"texture":"#0"}}},{"from":[9.5,6.75,6.8],"to":[12.5,6.75,9.3],"rotation":{"angle":-22.5,"axis":"z","origin":[11,10,6.775]},"faces":{"north":{"uv":[3.625,7.75,4,7.75],"texture":"#0"},"east":{"uv":[7.75,3.75,8.125,3.75],"texture":"#0"},"south":{"uv":[7.75,3.875,8.125,3.875],"texture":"#0"},"west":{"uv":[7.75,4,8.125,4],"texture":"#0"},"up":{"uv":[6.25,1.375,5.875,1],"texture":"#0"},"down":{"uv":[6.25,1,5.875,1.375],"texture":"#0"}}},{"from":[-3.93925,9.89805,9.25],"to":[6.31075,16.14805,9.25],"rotation":{"angle":-22.5,"axis":"z","origin":[3.31075,11.14805,9.25]},"faces":{"north":{"uv":[2.625,1.75,1.375,2.5],"texture":"#0"},"east":{"uv":[4.75,7.75,4.75,8.5],"texture":"#0"},"south":{"uv":[1.375,1.75,2.625,2.5],"texture":"#0"},"west":{"uv":[4.875,7.75,4.875,8.5],"texture":"#0"},"up":{"uv":[9,5.625,7.75,5.625],"texture":"#0"},"down":{"uv":[9,5.75,7.75,5.75],"texture":"#0"}}},{"from":[-3.93925,9.89805,6.75],"to":[-3.93925,16.14805,9.25],"rotation":{"angle":-22.5,"axis":"z","origin":[3.31075,11.14805,6.75]},"faces":{"north":{"uv":[7.75,5.875,7.75,6.625],"texture":"#0"},"east":{"uv":[4.5,4.25,4.125,5],"texture":"#0"},"south":{"uv":[6.5,7.75,6.5,8.5],"texture":"#0"},"west":{"uv":[4.125,4.25,4.5,5],"texture":"#0"},"up":{"uv":[6.625,8.125,6.625,7.75],"texture":"#0"},"down":{"uv":[6.75,7.75,6.75,8.125],"texture":"#0"}}},{"from":[6.31075,10.14805,6.75],"to":[6.31075,16.14805,9.25],"rotation":{"angle":-22.5,"axis":"z","origin":[3.31075,11.14805,6.75]},"faces":{"north":{"uv":[6.875,7.75,6.875,8.5],"texture":"#0"},"east":{"uv":[0.875,4.5,1.25,5.25],"texture":"#0"},"south":{"uv":[7.75,7.125,7.75,7.875],"texture":"#0"},"west":{"uv":[1.25,4.5,0.875,5.25],"texture":"#0"},"up":{"uv":[7.25,8.125,7.25,7.75],"texture":"#0"},"down":{"uv":[7.625,7.75,7.625,8.125],"texture":"#0"}}},{"from":[-3.93925,16.14805,6.75],"to":[6.31075,16.14805,9.25],"rotation":{"angle":-22.5,"axis":"z","origin":[3.31075,11.14805,6.75]},"faces":{"north":{"uv":[7.75,6.75,9,6.75],"texture":"#0"},"east":{"uv":[7.875,0,8.25,0],"texture":"#0"},"south":{"uv":[7.875,0.125,9.125,0.125],"texture":"#0"},"west":{"uv":[7.875,0.25,8.25,0.25],"texture":"#0"},"up":{"uv":[4,2.375,2.75,2],"texture":"#0"},"down":{"uv":[4,2,2.75,2.375],"texture":"#0"}}},{"from":[-3.93925,9.89805,6.75],"to":[6.31075,9.89805,9.25],"rotation":{"angle":-22.5,"axis":"z","origin":[3.31075,11.14805,6.75]},"faces":{"north":{"uv":[1.125,7.875,2.375,7.875],"texture":"#0"},"east":{"uv":[7.875,1.5,8.25,1.5],"texture":"#0"},"south":{"uv":[7.875,2.25,9.125,2.25],"texture":"#0"},"west":{"uv":[7.875,2.375,8.25,2.375],"texture":"#0"},"up":{"uv":[1.25,3.875,0,3.5],"texture":"#0"},"down":{"uv":[1.25,3.5,0,3.875],"texture":"#0"}}},{"from":[-3.93925,9.89805,6.75],"to":[6.31075,16.14805,6.75],"rotation":{"angle":-22.5,"axis":"z","origin":[3.31075,11.14805,6.75]},"faces":{"north":{"uv":[0,2.625,1.25,3.375],"texture":"#0"},"east":{"uv":[3.75,7.875,3.75,8.625],"texture":"#0"},"south":{"uv":[1.25,2.625,0,3.375],"texture":"#0"},"west":{"uv":[3.875,7.875,3.875,8.625],"texture":"#0"},"up":{"uv":[9.125,3.25,7.875,3.25],"texture":"#0"},"down":{"uv":[9.125,5.875,7.875,5.875],"texture":"#0"}}}],"gui_light":"front","display":{"thirdperson_righthand":{"rotation":[0,137,0],"translation":[-5.75,2.25,-3.5],"scale":[0.9,0.9,0.9]},"thirdperson_lefthand":{"rotation":[0,137,0],"translation":[-5.75,2.25,-3.5],"scale":[0.9,0.9,0.9]},"firstperson_righthand":{"rotation":[0,137,0],"translation":[8,-2,-11]},"firstperson_lefthand":{"rotation":[0,137,0],"translation":[8,-2,-11]},"ground":{"translation":[0,2,0],"scale":[0.5,0.5,0.5]},"gui":{"rotation":[22.5,155,0],"translation":[0,-1,0],"scale":[0.7,0.7,0.7]},"head":{"translation":[0,6.5,0],"scale":[1.6,1.6,1.6]},"fixed":{"rotation":[-90,0,0],"translation":[0,0,-15.5],"scale":[2,2,2]},"on_shelf":{"scale":[0.7,0.7,0.7]}},"mcmodels":"b2398fc685c686dd41de06b69345c6d1"}