{"format_version":"1.9.0","credit":"This is Unknown User copy! © 2025 iPlexity LLC. All Rights Reserved.","texture_size":[64,64],"textures":{"0":"christmas_hats_2025:hats/elf_hat_texture","particle":"christmas_hats_2025:hats/elf_hat_texture"},"elements":[{"from":[3,0,3],"to":[13,3,13],"rotation":{"angle":0,"axis":"y","origin":[3,-1,3]},"faces":{"north":{"uv":[7.25,3.5,9.75,4.25],"texture":"#0"},"east":{"uv":[7.25,4.5,9.75,5.25],"texture":"#0"},"south":{"uv":[0,7.5,2.5,8.25],"texture":"#0"},"west":{"uv":[7.5,5.5,10,6.25],"texture":"#0"},"up":{"uv":[2.5,2.5,0,0],"texture":"#0"},"down":{"uv":[2.5,2.75,0,5.25],"texture":"#0"}}},{"from":[13,3,3],"to":[13,6,13],"rotation":{"angle":-45,"axis":"z","origin":[13,3,8]},"faces":{"north":{"uv":[2.5,9.5,2.5,10.25],"texture":"#0"},"east":{"uv":[7.5,6.5,10,7.25],"texture":"#0"},"south":{"uv":[10.25,5,10.25,5.75],"texture":"#0"},"west":{"uv":[7.5,7.5,10,8.25],"texture":"#0"},"up":{"uv":[2.5,13,2.5,10.5],"texture":"#0"},"down":{"uv":[2.75,10.5,2.75,13],"texture":"#0"}}},{"from":[3,3,3],"to":[3,6,13],"rotation":{"angle":45,"axis":"z","origin":[3,3,8]},"faces":{"north":{"uv":[10.25,6,10.25,6.75],"texture":"#0"},"east":{"uv":[8,0,10.5,0.75],"texture":"#0"},"south":{"uv":[10.25,7,10.25,7.75],"texture":"#0"},"west":{"uv":[8,1,10.5,1.75],"texture":"#0"},"up":{"uv":[3,13,3,10.5],"texture":"#0"},"down":{"uv":[3.25,10.5,3.25,13],"texture":"#0"}}},{"from":[3,3,3],"to":[13,6,3],"rotation":{"angle":-45,"axis":"x","origin":[8,3,3]},"faces":{"north":{"uv":[8,2,10.5,2.75],"texture":"#0"},"east":{"uv":[3.5,10.5,3.5,11.25],"texture":"#0"},"south":{"uv":[2.75,8.25,5.25,9],"texture":"#0"},"west":{"uv":[3.75,10.5,3.75,11.25],"texture":"#0"},"up":{"uv":[12.5,9.25,10,9.25],"texture":"#0"},"down":{"uv":[12.5,9.5,10,9.5],"texture":"#0"}}},{"from":[3,3,13],"to":[13,6,13],"rotation":{"angle":45,"axis":"x","origin":[8,3,13]},"faces":{"north":{"uv":[0,8.5,2.5,9.25],"texture":"#0"},"east":{"uv":[4,10.5,4,11.25],"texture":"#0"},"south":{"uv":[5.5,8.5,8,9.25],"texture":"#0"},"west":{"uv":[4.25,10.5,4.25,11.25],"texture":"#0"},"up":{"uv":[12.75,8,10.25,8],"texture":"#0"},"down":{"uv":[12.75,8.25,10.25,8.25],"texture":"#0"}}},{"from":[4,3,4],"to":[12,9,12],"rotation":{"angle":0,"axis":"y","origin":[3,2,3]},"faces":{"north":{"uv":[0,5.5,2,7],"texture":"#0"},"east":{"uv":[5.75,0,7.75,1.5],"texture":"#0"},"south":{"uv":[5.75,1.75,7.75,3.25],"texture":"#0"},"west":{"uv":[2.25,5.75,4.25,7.25],"texture":"#0"},"up":{"uv":[4.75,5.5,2.75,3.5],"texture":"#0"},"down":{"uv":[7,3.5,5,5.5],"texture":"#0"}}},{"from":[0,9,5],"to":[11,13,11],"rotation":{"angle":22.5,"axis":"z","origin":[11,9,5]},"faces":{"north":{"uv":[4.5,5.75,7.25,6.75],"texture":"#0"},"east":{"uv":[8.25,8.5,9.75,9.5],"texture":"#0"},"south":{"uv":[4.5,7,7.25,8],"texture":"#0"},"west":{"uv":[2.75,9.25,4.25,10.25],"texture":"#0"},"up":{"uv":[5.5,1.5,2.75,0],"texture":"#0"},"down":{"uv":[5.5,1.75,2.75,3.25],"texture":"#0"}}},{"from":[-0.69341,3.486,6],"to":[2.30659,8.486,10],"rotation":{"angle":0,"axis":"y","origin":[1.30659,5.486,8]},"faces":{"north":{"uv":[4.5,9.25,5.25,10.5],"texture":"#0"},"east":{"uv":[0,9.5,1,10.75],"texture":"#0"},"south":{"uv":[5.5,9.5,6.25,10.75],"texture":"#0"},"west":{"uv":[1.25,9.5,2.25,10.75],"texture":"#0"},"up":{"uv":[7.25,10.5,6.5,9.5],"texture":"#0"},"down":{"uv":[8.25,9.75,7.5,10.75],"texture":"#0"}}},{"from":[-2.69341,1.486,7],"to":[0.30659,4.486,9],"rotation":{"angle":0,"axis":"y","origin":[-1.69341,1.486,8]},"faces":{"north":{"uv":[8.5,9.75,9.25,10.5],"texture":"#0"},"east":{"uv":[10,3,10.5,3.75],"texture":"#0"},"south":{"uv":[9.5,9.75,10.25,10.5],"texture":"#0"},"west":{"uv":[10,4,10.5,4.75],"texture":"#0"},"up":{"uv":[3.5,8,2.75,7.5],"texture":"#0"},"down":{"uv":[10.75,8.5,10,9],"texture":"#0"}}}],"gui_light":"front","display":{"thirdperson_righthand":{"rotation":[0,137,0],"translation":[0,6.25,-4.5],"scale":[0.9,0.9,0.9]},"thirdperson_lefthand":{"rotation":[0,137,0],"translation":[0,6.25,-4.5],"scale":[0.9,0.9,0.9]},"firstperson_righthand":{"rotation":[0,137,0],"translation":[9.75,0.75,-12.5]},"firstperson_lefthand":{"rotation":[0,137,0],"translation":[9.75,0.75,-12.5]},"ground":{"translation":[0,2,0],"scale":[0.5,0.5,0.5]},"gui":{"rotation":[22.5,155,0],"translation":[-0.75,2,0],"scale":[0.8,0.8,0.8]},"head":{"translation":[0,15.75,0],"scale":[1.6,1.6,1.6]},"fixed":{"rotation":[-90,0,0],"translation":[0,0,-16],"scale":[2,2,2]},"on_shelf":{"translation":[1,0,0]}},"mcmodels":"b2398fc685c686dd41de06b69345c6d1"}