{"format_version":"1.9.0","credit":"This is Unknown User copy! © 2025 iPlexity LLC. All Rights Reserved.","texture_size":[64,64],"textures":{"1":"christmas_hats_2025:hats/tree_beanie_hat_texture","particle":"#1"},"elements":[{"from":[2.5,0,2.5],"to":[13.5,3,13.5],"rotation":{"angle":0,"axis":"y","origin":[3,0,3]},"faces":{"north":{"uv":[2.5,10,5.25,10.75],"texture":"#1"},"east":{"uv":[5.5,10,8.25,10.75],"texture":"#1"},"south":{"uv":[8.5,10.5,11.25,11.25],"texture":"#1"},"west":{"uv":[2.5,11,5.25,11.75],"texture":"#1"},"up":{"uv":[6,2.75,3.25,0],"texture":"#1"},"down":{"uv":[6,3,3.25,5.75],"texture":"#1"}}},{"from":[2.25,-0.25,2.25],"to":[13.75,3.25,13.75],"rotation":{"angle":0,"axis":"y","origin":[3,0,3]},"faces":{"north":{"uv":[2.75,8.75,5.75,9.75],"texture":"#1"},"east":{"uv":[8.75,3.5,11.75,4.5],"texture":"#1"},"south":{"uv":[8.75,4.75,11.75,5.75],"texture":"#1"},"west":{"uv":[6,8.75,9,9.75],"texture":"#1"},"up":{"uv":[3,3,0,0],"texture":"#1"},"down":{"uv":[3,3.25,0,6.25],"texture":"#1"}}},{"from":[3.5,3,3.5],"to":[12.5,8,12.5],"rotation":{"angle":0,"axis":"y","origin":[4,3,4]},"faces":{"north":{"uv":[8.75,6,11,7.25],"texture":"#1"},"east":{"uv":[9.25,7.5,11.5,8.75],"texture":"#1"},"south":{"uv":[9.25,9,11.5,10.25],"texture":"#1"},"west":{"uv":[0,10,2.25,11.25],"texture":"#1"},"up":{"uv":[8.5,2.25,6.25,0],"texture":"#1"},"down":{"uv":[8.5,2.5,6.25,4.75],"texture":"#1"}}},{"from":[3.25,2.75,3.25],"to":[12.75,8.25,12.75],"rotation":{"angle":0,"axis":"y","origin":[4,3,4]},"faces":{"north":{"uv":[0,6.5,2.5,8],"texture":"#1"},"east":{"uv":[0,8.25,2.5,9.75],"texture":"#1"},"south":{"uv":[8.75,0,11.25,1.5],"texture":"#1"},"west":{"uv":[8.75,1.75,11.25,3.25],"texture":"#1"},"up":{"uv":[5.75,8.5,3.25,6],"texture":"#1"},"down":{"uv":[8.5,6,6,8.5],"texture":"#1"}}},{"from":[6.5,8,6.5],"to":[9.5,11,9.5],"rotation":{"angle":0,"axis":"y","origin":[4,8,4]},"faces":{"north":{"uv":[6.25,5,7,5.75],"texture":"#1"},"east":{"uv":[7.25,5,8,5.75],"texture":"#1"},"south":{"uv":[11.5,2.5,12.25,3.25],"texture":"#1"},"west":{"uv":[9.75,11.5,10.5,12.25],"texture":"#1"},"up":{"uv":[12.25,11.25,11.5,10.5],"texture":"#1"},"down":{"uv":[11.5,11.5,10.75,12.25],"texture":"#1"}}},{"from":[6.25,7.75,6.25],"to":[9.75,11.25,9.75],"rotation":{"angle":0,"axis":"y","origin":[4,8,4]},"faces":{"north":{"uv":[11.25,6,12.25,7],"texture":"#1"},"east":{"uv":[0,11.5,1,12.5],"texture":"#1"},"south":{"uv":[11.5,0,12.5,1],"texture":"#1"},"west":{"uv":[1.25,11.5,2.25,12.5],"texture":"#1"},"up":{"uv":[12.5,2.25,11.5,1.25],"texture":"#1"},"down":{"uv":[9.5,11.5,8.5,12.5],"texture":"#1"}}},{"from":[3.75,8.25,6.25],"to":[8.75,13.25,6.25],"rotation":{"angle":45,"axis":"y","origin":[6.25,10.75,6.25]},"faces":{"north":{"uv":[5.5,11,6.75,12.25],"texture":"#1"},"east":{"uv":[2.75,6.5,2.75,7.75],"texture":"#1"},"south":{"uv":[5.5,11,6.75,12.25],"texture":"#1"},"west":{"uv":[3,6.5,3,7.75],"texture":"#1"},"up":{"uv":[12.5,7.25,11.25,7.25],"texture":"#1"},"down":{"uv":[13,7.5,11.75,7.5],"texture":"#1"}}}],"gui_light":"front","display":{"thirdperson_righthand":{"rotation":[0,137,0],"translation":[0,6,-4.5],"scale":[0.9,0.9,0.9]},"thirdperson_lefthand":{"rotation":[0,137,0],"translation":[0,6,-4.5],"scale":[0.9,0.9,0.9]},"firstperson_righthand":{"rotation":[0,137,0],"translation":[10.5,1.5,-11.75]},"firstperson_lefthand":{"rotation":[0,137,0],"translation":[10.5,1.5,-11.75]},"ground":{"translation":[0,2.5,0],"scale":[0.5,0.5,0.5]},"gui":{"rotation":[22.5,155,0],"translation":[0.25,2.75,0],"scale":[0.9,0.9,0.9]},"head":{"translation":[0,15,0],"scale":[1.6,1.6,1.6]},"fixed":{"rotation":[-90,0,0],"translation":[0,0,-16.75],"scale":[2,2,2]},"on_shelf":{"translation":[0,11,0]}},"mcmodels":"b2398fc685c686dd41de06b69345c6d1"}