{"model":{"type":"range_dispatch","property":"custom_model_data","index":0,"fallback":{"type":"minecraft:condition","on_false":{"type":"minecraft:model","model":"minecraft:item/fishing_rod"},"on_true":{"type":"minecraft:model","model":"minecraft:item/fishing_rod_cast"},"property":"minecraft:fishing_rod/cast"},"entries":[{"threshold":10000,"model":{"type":"minecraft:condition","on_false":{"type":"model","model":"infernoset:fishing_rod"},"on_true":{"type":"model","model":"infernoset:fishing_rod_cast"},"property":"minecraft:fishing_rod/cast"}},{"threshold":10001,"model":{"type":"minecraft:condition","on_false":{"type":"model","model":"spartan_set:fishing_rod"},"on_true":{"type":"model","model":"spartan_set:fishing_rod_cast"},"property":"minecraft:fishing_rod/cast"}},{"threshold":10002,"model":{"type":"minecraft:condition","on_false":{"type":"model","model":"independence_dayset:fishing_rod"},"on_true":{"type":"model","model":"independence_dayset:fishing_rod_cast"},"property":"minecraft:fishing_rod/cast"}},{"threshold":10003,"model":{"type":"minecraft:condition","on_false":{"type":"model","model":"plny_pyrosoulset:fishing_rod"},"on_true":{"type":"model","model":"plny_pyrosoulset:fishing_rod_cast"},"property":"minecraft:fishing_rod/cast"}},{"threshold":10004,"model":{"type":"minecraft:condition","on_false":{"type":"model","model":"plny_beeset:fishing_rod"},"on_true":{"type":"model","model":"plny_beeset:fishing_rod_cast"},"property":"minecraft:fishing_rod/cast"}},{"threshold":10005,"model":{"type":"minecraft:condition","on_false":{"type":"model","model":"plny_aurion_set:fishing_rod"},"on_true":{"type":"model","model":"plny_aurion_set:fishing_rod_cast"},"property":"minecraft:fishing_rod/cast"}},{"threshold":10006,"model":{"type":"minecraft:condition","on_false":{"type":"model","model":"ender_dragonset:fishing_rod"},"on_true":{"type":"model","model":"ender_dragonset:fishing_rod_cast"},"property":"minecraft:fishing_rod/cast"}},{"threshold":10007,"model":{"type":"minecraft:condition","on_false":{"type":"model","model":"plny_halloween_pumpkin_set:fishing_rod"},"on_true":{"type":"model","model":"plny_halloween_pumpkin_set:fishing_rod_cast"},"property":"minecraft:fishing_rod/cast"}},{"threshold":10008,"model":{"type":"minecraft:condition","on_false":{"type":"model","model":"nexusset:fishing_rod"},"on_true":{"type":"model","model":"nexusset:fishing_rod_cast"},"property":"minecraft:fishing_rod/cast"}},{"threshold":10009,"model":{"type":"minecraft:condition","on_false":{"type":"model","model":"plny_christmas_2025_set:fishing_rod"},"on_true":{"type":"model","model":"plny_christmas_2025_set:fishing_rod_cast"},"property":"minecraft:fishing_rod/cast"}},{"threshold":10010,"model":{"type":"minecraft:condition","on_false":{"type":"model","model":"item/fishing_rod"},"on_true":{"type":"minecraft:model","model":"minecraft:item/fishing_rod_cast"},"property":"minecraft:fishing_rod/cast"}}]},"oversized_in_gui":true}