{"model":{"type":"range_dispatch","property":"custom_model_data","index":0,"fallback":{"type":"model","model":"item/leather_horse_armor","tints":[{"type":"dye","default":-6265536}]},"entries":[{"threshold":10000,"model":{"type":"model","model":"summer_furnitures:parasol_2","tints":[{"type":"dye","default":-6265536}]}},{"threshold":10001,"model":{"type":"model","model":"summer_furnitures:parasol_2","tints":[{"type":"dye","default":-6265536}]}},{"threshold":10002,"model":{"type":"model","model":"summer_furnitures:parasol_2","tints":[{"type":"dye","default":-6265536}]}},{"threshold":10003,"model":{"type":"model","model":"summer_furnitures:parasol_2","tints":[{"type":"dye","default":-6265536}]}},{"threshold":10004,"model":{"type":"model","model":"summer_furnitures:parasol_2","tints":[{"type":"dye","default":-6265536}]}},{"threshold":10005,"model":{"type":"model","model":"summer_furnitures:parasol_2","tints":[{"type":"dye","default":-6265536}]}},{"threshold":10006,"model":{"type":"model","model":"summer_furnitures:parasol_2","tints":[{"type":"dye","default":-6265536}]}},{"threshold":10007,"model":{"type":"model","model":"summer_furnitures:lounge_chair","tints":[{"type":"dye","default":-6265536}]}},{"threshold":10008,"model":{"type":"model","model":"summer_furnitures:lounge_chair","tints":[{"type":"dye","default":-6265536}]}},{"threshold":10009,"model":{"type":"model","model":"summer_furnitures:lounge_chair","tints":[{"type":"dye","default":-6265536}]}},{"threshold":10010,"model":{"type":"model","model":"summer_furnitures:lounge_chair","tints":[{"type":"dye","default":-6265536}]}},{"threshold":10011,"model":{"type":"model","model":"summer_furnitures:lounge_chair","tints":[{"type":"dye","default":-6265536}]}},{"threshold":10012,"model":{"type":"model","model":"summer_furnitures:lounge_chair","tints":[{"type":"dye","default":-6265536}]}},{"threshold":10013,"model":{"type":"model","model":"summer_furnitures:lounge_chair","tints":[{"type":"dye","default":-6265536}]}},{"threshold":10014,"model":{"type":"model","model":"summer_furnitures:fabric_tikitable","tints":[{"type":"dye","default":-6265536}]}},{"threshold":10015,"model":{"type":"model","model":"summer_furnitures:fabric_tikitable","tints":[{"type":"dye","default":-6265536}]}},{"threshold":10016,"model":{"type":"model","model":"summer_furnitures:fabric_tikitable","tints":[{"type":"dye","default":-6265536}]}},{"threshold":10017,"model":{"type":"model","model":"summer_furnitures:fabric_tikitable","tints":[{"type":"dye","default":-6265536}]}},{"threshold":10018,"model":{"type":"model","model":"summer_furnitures:fabric_tikitable","tints":[{"type":"dye","default":-6265536}]}},{"threshold":10019,"model":{"type":"model","model":"summer_furnitures:fabric_tikitable","tints":[{"type":"dye","default":-6265536}]}},{"threshold":10020,"model":{"type":"model","model":"summer_furnitures:fabric_tikitable","tints":[{"type":"dye","default":-6265536}]}},{"threshold":10021,"model":{"type":"model","model":"summer_furnitures:fabric_tikitable_low","tints":[{"type":"dye","default":-6265536}]}},{"threshold":10022,"model":{"type":"model","model":"summer_furnitures:fabric_tikitable_low","tints":[{"type":"dye","default":-6265536}]}},{"threshold":10023,"model":{"type":"model","model":"summer_furnitures:fabric_tikitable_low","tints":[{"type":"dye","default":-6265536}]}},{"threshold":10024,"model":{"type":"model","model":"summer_furnitures:fabric_tikitable_low","tints":[{"type":"dye","default":-6265536}]}},{"threshold":10025,"model":{"type":"model","model":"summer_furnitures:fabric_tikitable_low","tints":[{"type":"dye","default":-6265536}]}},{"threshold":10026,"model":{"type":"model","model":"summer_furnitures:fabric_tikitable_low","tints":[{"type":"dye","default":-6265536}]}},{"threshold":10027,"model":{"type":"model","model":"summer_furnitures:fabric_tikitable_low","tints":[{"type":"dye","default":-6265536}]}},{"threshold":10028,"model":{"type":"model","model":"summer_furnitures:fabric_sofa","tints":[{"type":"dye","default":-6265536}]}},{"threshold":10029,"model":{"type":"model","model":"summer_furnitures:fabric_sofa","tints":[{"type":"dye","default":-6265536}]}},{"threshold":10030,"model":{"type":"model","model":"summer_furnitures:fabric_sofa","tints":[{"type":"dye","default":-6265536}]}},{"threshold":10031,"model":{"type":"model","model":"summer_furnitures:fabric_sofa","tints":[{"type":"dye","default":-6265536}]}},{"threshold":10032,"model":{"type":"model","model":"summer_furnitures:fabric_sofa","tints":[{"type":"dye","default":-6265536}]}},{"threshold":10033,"model":{"type":"model","model":"summer_furnitures:fabric_sofa","tints":[{"type":"dye","default":-6265536}]}},{"threshold":10034,"model":{"type":"model","model":"summer_furnitures:fabric_sofa","tints":[{"type":"dye","default":-6265536}]}},{"threshold":10035,"model":{"type":"model","model":"summer_furnitures:beach_carpet","tints":[{"type":"dye","default":-6265536}]}},{"threshold":10036,"model":{"type":"model","model":"summer_furnitures:beach_carpet","tints":[{"type":"dye","default":-6265536}]}},{"threshold":10037,"model":{"type":"model","model":"summer_furnitures:beach_carpet","tints":[{"type":"dye","default":-6265536}]}},{"threshold":10038,"model":{"type":"model","model":"summer_furnitures:beach_carpet","tints":[{"type":"dye","default":-6265536}]}},{"threshold":10039,"model":{"type":"model","model":"summer_furnitures:beach_carpet","tints":[{"type":"dye","default":-6265536}]}},{"threshold":10040,"model":{"type":"model","model":"summer_furnitures:beach_carpet","tints":[{"type":"dye","default":-6265536}]}},{"threshold":10041,"model":{"type":"model","model":"summer_furnitures:beach_carpet","tints":[{"type":"dye","default":-6265536}]}},{"threshold":10042,"model":{"type":"model","model":"summer_furnitures:epave","tints":[{"type":"dye","default":-6265536}]}},{"threshold":10043,"model":{"type":"model","model":"summer_furnitures:epave","tints":[{"type":"dye","default":-6265536}]}},{"threshold":10044,"model":{"type":"model","model":"summer_furnitures:epave","tints":[{"type":"dye","default":-6265536}]}},{"threshold":10045,"model":{"type":"model","model":"summer_furnitures:fabric_stool","tints":[{"type":"dye","default":-6265536}]}},{"threshold":10046,"model":{"type":"model","model":"summer_furnitures:fabric_stool","tints":[{"type":"dye","default":-6265536}]}},{"threshold":10047,"model":{"type":"model","model":"summer_furnitures:fabric_stool","tints":[{"type":"dye","default":-6265536}]}},{"threshold":10048,"model":{"type":"model","model":"summer_furnitures:fabric_stool","tints":[{"type":"dye","default":-6265536}]}},{"threshold":10049,"model":{"type":"model","model":"summer_furnitures:fabric_stool","tints":[{"type":"dye","default":-6265536}]}},{"threshold":10050,"model":{"type":"model","model":"summer_furnitures:fabric_stool","tints":[{"type":"dye","default":-6265536}]}},{"threshold":10051,"model":{"type":"model","model":"summer_furnitures:fabric_stool","tints":[{"type":"dye","default":-6265536}]}},{"threshold":10052,"model":{"type":"model","model":"item/leather_horse_armor","tints":[{"type":"dye","default":-6265536}]}}]},"oversized_in_gui":true}