{"model":{"type":"range_dispatch","property":"custom_model_data","index":0,"fallback":{"type":"minecraft:model","model":"minecraft:item/netherite_shovel"},"entries":[{"threshold":10000,"model":{"type":"model","model":"infernoset:shovel"}},{"threshold":10001,"model":{"type":"model","model":"spartan_set:shovel"}},{"threshold":10002,"model":{"type":"model","model":"independence_dayset:shovel"}},{"threshold":10003,"model":{"type":"model","model":"plny_pyrosoulset:shovel"}},{"threshold":10004,"model":{"type":"model","model":"plny_beeset:shovel"}},{"threshold":10005,"model":{"type":"model","model":"plny_aurion_set:shovel"}},{"threshold":10006,"model":{"type":"model","model":"ender_dragonset:shovel"}},{"threshold":10007,"model":{"type":"model","model":"plny_halloween_pumpkin_set:shovel"}},{"threshold":10008,"model":{"type":"model","model":"nexusset:shovel"}},{"threshold":10009,"model":{"type":"model","model":"plny_christmas_2025_set:shovel"}},{"threshold":10010,"model":{"type":"model","model":"item/netherite_shovel"}}]},"oversized_in_gui":true}