{"model":{"type":"range_dispatch","property":"custom_model_data","index":0,"fallback":{"type":"minecraft:model","model":"minecraft:item/netherite_pickaxe"},"entries":[{"threshold":10000,"model":{"type":"model","model":"infernoset:pickaxe"}},{"threshold":10001,"model":{"type":"model","model":"spartan_set:pickaxe"}},{"threshold":10002,"model":{"type":"model","model":"independence_dayset:pickaxe"}},{"threshold":10003,"model":{"type":"model","model":"plny_pyrosoulset:pickaxe"}},{"threshold":10004,"model":{"type":"model","model":"plny_beeset:pickaxe"}},{"threshold":10005,"model":{"type":"model","model":"plny_aurion_set:pickaxe"}},{"threshold":10006,"model":{"type":"model","model":"ender_dragonset:pickaxe"}},{"threshold":10007,"model":{"type":"model","model":"plny_halloween_pumpkin_set:pickaxe"}},{"threshold":10008,"model":{"type":"model","model":"nexusset:pickaxe"}},{"threshold":10009,"model":{"type":"model","model":"plny_christmas_2025_set:pickaxe"}},{"threshold":10010,"model":{"type":"model","model":"item/netherite_pickaxe"}}]},"oversized_in_gui":true}