{"model":{"type":"range_dispatch","property":"custom_model_data","index":0,"fallback":{"type":"minecraft:model","model":"minecraft:item/potion","tints":[{"type":"minecraft:potion","default":-13083194}]},"entries":[{"threshold":1700001,"model":{"type":"model","model":"nexusset:wings_cosmeticscore","tints":[{"type":"minecraft:potion","default":-13083194}]}},{"threshold":1700002,"model":{"type":"model","model":"nexusset:wings_cosmeticscore_self","tints":[{"type":"minecraft:potion","default":-13083194}]}},{"threshold":1700003,"model":{"type":"model","model":"nexusset:helmet","tints":[{"type":"minecraft:potion","default":-13083194}]}},{"threshold":1700004,"model":{"type":"model","model":"nexusset:wings_cosmeticscore_self_2","tints":[{"type":"minecraft:potion","default":-13083194}]}},{"threshold":1700005,"model":{"type":"model","model":"nexusset:wings_cosmeticscore_normal_2","tints":[{"type":"minecraft:potion","default":-13083194}]}},{"threshold":3400001,"model":{"type":"model","model":"infernoset:wings_cosmetics","tints":[{"type":"minecraft:potion","default":-13083194}]}},{"threshold":3400002,"model":{"type":"model","model":"infernoset:wings_cosmetics_self","tints":[{"type":"minecraft:potion","default":-13083194}]}},{"threshold":3400003,"model":{"type":"model","model":"infernoset:helmet","tints":[{"type":"minecraft:potion","default":-13083194}]}},{"threshold":3400004,"model":{"type":"model","model":"infernoset:backpack_cosmetics","tints":[{"type":"minecraft:potion","default":-13083194}]}},{"threshold":3400005,"model":{"type":"model","model":"infernoset:backpack_cosmetics_self","tints":[{"type":"minecraft:potion","default":-13083194}]}},{"threshold":3400006,"model":{"type":"model","model":"infernoset:wings_cosmetics_self_2","tints":[{"type":"minecraft:potion","default":-13083194}]}},{"threshold":3400007,"model":{"type":"model","model":"infernoset:wings_cosmetics_normal_2","tints":[{"type":"minecraft:potion","default":-13083194}]}},{"threshold":3400008,"model":{"type":"model","model":"infernoset:backpack_cosmetics_self_2","tints":[{"type":"minecraft:potion","default":-13083194}]}},{"threshold":3400009,"model":{"type":"model","model":"infernoset:backpack_cosmetics_normal_2","tints":[{"type":"minecraft:potion","default":-13083194}]}},{"threshold":9123000,"model":{"type":"model","model":"independence_dayset:backpack_cosmetic","tints":[{"type":"minecraft:potion","default":-13083194}]}},{"threshold":9123001,"model":{"type":"model","model":"independence_dayset:backpack_cosmetic_self","tints":[{"type":"minecraft:potion","default":-13083194}]}},{"threshold":9123002,"model":{"type":"model","model":"independence_dayset:backpack_cosmetic_self_2","tints":[{"type":"minecraft:potion","default":-13083194}]}},{"threshold":9123003,"model":{"type":"model","model":"independence_dayset:backpack_cosmetic_normal_2","tints":[{"type":"minecraft:potion","default":-13083194}]}},{"threshold":9123004,"model":{"type":"model","model":"independence_dayset:hat","tints":[{"type":"minecraft:potion","default":-13083194}]}},{"threshold":9123005,"model":{"type":"model","model":"independence_dayset:wings_cosmetic","tints":[{"type":"minecraft:potion","default":-13083194}]}},{"threshold":9123006,"model":{"type":"model","model":"independence_dayset:wings_cosmetic_self","tints":[{"type":"minecraft:potion","default":-13083194}]}},{"threshold":9123007,"model":{"type":"model","model":"independence_dayset:wings_cosmetic_self_2","tints":[{"type":"minecraft:potion","default":-13083194}]}},{"threshold":9123008,"model":{"type":"model","model":"independence_dayset:wings_cosmetic_normal_2","tints":[{"type":"minecraft:potion","default":-13083194}]}},{"threshold":9723000,"model":{"type":"model","model":"ender_dragonset:helmet","tints":[{"type":"minecraft:potion","default":-13083194}]}},{"threshold":9723001,"model":{"type":"model","model":"ender_dragonset:wings_cosmetic","tints":[{"type":"minecraft:potion","default":-13083194}]}},{"threshold":9723002,"model":{"type":"model","model":"ender_dragonset:wings_cosmetic_self","tints":[{"type":"minecraft:potion","default":-13083194}]}},{"threshold":9723003,"model":{"type":"model","model":"ender_dragonset:wings_cosmetic_self_2","tints":[{"type":"minecraft:potion","default":-13083194}]}},{"threshold":9723004,"model":{"type":"model","model":"ender_dragonset:wings_cosmetic_normal_2","tints":[{"type":"minecraft:potion","default":-13083194}]}},{"threshold":9923000,"model":{"type":"model","model":"spartan_set:cape_cosmetic","tints":[{"type":"minecraft:potion","default":-13083194}]}},{"threshold":9923001,"model":{"type":"model","model":"spartan_set:cape_cosmetic_self","tints":[{"type":"minecraft:potion","default":-13083194}]}},{"threshold":9923002,"model":{"type":"model","model":"spartan_set:cape_cosmetic_self_2","tints":[{"type":"minecraft:potion","default":-13083194}]}},{"threshold":9923003,"model":{"type":"model","model":"spartan_set:cape_cosmetic_normal_2","tints":[{"type":"minecraft:potion","default":-13083194}]}},{"threshold":9923004,"model":{"type":"model","model":"spartan_set:helmet","tints":[{"type":"minecraft:potion","default":-13083194}]}},{"threshold":9925070,"model":{"type":"model","model":"plny_beeset:helmet","tints":[{"type":"minecraft:potion","default":-13083194}]}},{"threshold":9925071,"model":{"type":"model","model":"plny_beeset:wings_v1_cosmetic","tints":[{"type":"minecraft:potion","default":-13083194}]}},{"threshold":9925072,"model":{"type":"model","model":"plny_beeset:wings_v1_cosmetic_self","tints":[{"type":"minecraft:potion","default":-13083194}]}},{"threshold":9925073,"model":{"type":"model","model":"plny_beeset:wings_v1_cosmetic_self_2","tints":[{"type":"minecraft:potion","default":-13083194}]}},{"threshold":9925074,"model":{"type":"model","model":"plny_beeset:wings_v1_cosmetic_normal_2","tints":[{"type":"minecraft:potion","default":-13083194}]}},{"threshold":9925075,"model":{"type":"model","model":"plny_beeset:wings_v2_animated_cosmetic","tints":[{"type":"minecraft:potion","default":-13083194}]}},{"threshold":9925076,"model":{"type":"model","model":"plny_beeset:wings_v2_animated_cosmetic_self","tints":[{"type":"minecraft:potion","default":-13083194}]}},{"threshold":9925077,"model":{"type":"model","model":"plny_beeset:wings_v2_animated_cosmetic_self_2","tints":[{"type":"minecraft:potion","default":-13083194}]}},{"threshold":9925078,"model":{"type":"model","model":"plny_beeset:wings_v2_animated_cosmetic_normal_2","tints":[{"type":"minecraft:potion","default":-13083194}]}},{"threshold":9925432,"model":{"type":"model","model":"plny_pyrosoulset:helmet","tints":[{"type":"minecraft:potion","default":-13083194}]}},{"threshold":9925433,"model":{"type":"model","model":"plny_pyrosoulset:wings_cosmetic","tints":[{"type":"minecraft:potion","default":-13083194}]}},{"threshold":9925434,"model":{"type":"model","model":"plny_pyrosoulset:wings_cosmetic_self","tints":[{"type":"minecraft:potion","default":-13083194}]}},{"threshold":9925435,"model":{"type":"model","model":"plny_pyrosoulset:wings_cosmetic_self_2","tints":[{"type":"minecraft:potion","default":-13083194}]}},{"threshold":9925436,"model":{"type":"model","model":"plny_pyrosoulset:wings_cosmetic_normal_2","tints":[{"type":"minecraft:potion","default":-13083194}]}},{"threshold":9926650,"model":{"type":"model","model":"plny_aurion_set:helmet","tints":[{"type":"minecraft:potion","default":-13083194}]}},{"threshold":9926651,"model":{"type":"model","model":"plny_aurion_set:wings_cosmetic","tints":[{"type":"minecraft:potion","default":-13083194}]}},{"threshold":9926652,"model":{"type":"model","model":"plny_aurion_set:wings_cosmetic_self","tints":[{"type":"minecraft:potion","default":-13083194}]}},{"threshold":9926653,"model":{"type":"model","model":"plny_aurion_set:wings_cosmetic_self_2","tints":[{"type":"minecraft:potion","default":-13083194}]}},{"threshold":9926654,"model":{"type":"model","model":"plny_aurion_set:wings_cosmetic_normal_2","tints":[{"type":"minecraft:potion","default":-13083194}]}},{"threshold":9926712,"model":{"type":"model","model":"plny_halloween_pumpkin_set:helmet","tints":[{"type":"minecraft:potion","default":-13083194}]}},{"threshold":9926713,"model":{"type":"model","model":"plny_halloween_pumpkin_set:wings_cosmetic","tints":[{"type":"minecraft:potion","default":-13083194}]}},{"threshold":9926714,"model":{"type":"model","model":"plny_halloween_pumpkin_set:wings_cosmetic_self","tints":[{"type":"minecraft:potion","default":-13083194}]}},{"threshold":9926715,"model":{"type":"model","model":"plny_halloween_pumpkin_set:wings_cosmetic_self_2","tints":[{"type":"minecraft:potion","default":-13083194}]}},{"threshold":9926716,"model":{"type":"model","model":"plny_halloween_pumpkin_set:wings_cosmetic_normal_2","tints":[{"type":"minecraft:potion","default":-13083194}]}},{"threshold":9926736,"model":{"type":"model","model":"plny_christmas_2025_set:helmet","tints":[{"type":"minecraft:potion","default":-13083194}]}},{"threshold":9926737,"model":{"type":"model","model":"plny_christmas_2025_set:wings_cosmetic","tints":[{"type":"minecraft:potion","default":-13083194}]}},{"threshold":9926738,"model":{"type":"model","model":"plny_christmas_2025_set:wings_cosmetic_self","tints":[{"type":"minecraft:potion","default":-13083194}]}},{"threshold":9926739,"model":{"type":"model","model":"plny_christmas_2025_set:wings_cosmetic_self_2","tints":[{"type":"minecraft:potion","default":-13083194}]}},{"threshold":9926740,"model":{"type":"model","model":"plny_christmas_2025_set:wings_cosmetic_normal_2","tints":[{"type":"minecraft:potion","default":-13083194}]}},{"threshold":9926741,"model":{"type":"model","model":"item/potion","tints":[{"type":"minecraft:potion","default":-13083194}]}}]},"oversized_in_gui":true}