{"credit":"Made by Nog's Menagerie","textures":{"2":"nogs_menagerie:heads/nm_head_shark_hammerhead_texture"},"elements":[{"name":"head","from":[-7,11,0],"to":[23,17,14],"rotation":{"angle":0,"axis":"y","origin":[8.025,6.5,-8.5]},"faces":{"north":{"uv":[4,3,7.75,3.75],"texture":"#2"},"east":{"uv":[7.75,3,9.5,3.75],"texture":"#2"},"south":{"uv":[4,5.5,7.75,6.25],"texture":"#2"},"west":{"uv":[6,8.625,7.75,9.375],"texture":"#2"},"up":{"uv":[3.75,5.5,0,3.75],"texture":"#2"},"down":{"uv":[7.5,3.75,3.75,5.5],"texture":"#2"}}},{"name":"tooth","from":[13.974,9,2],"to":[13.974,11,11],"rotation":{"angle":0,"axis":"y","origin":[8.024,6.5,-8.475]},"faces":{"north":{"uv":[0,0,0,0.25],"texture":"#2"},"east":{"uv":[9.75,5.375,10.875,5.625],"texture":"#2"},"south":{"uv":[0,0,0,0.25],"texture":"#2"},"west":{"uv":[9.75,5.625,10.875,5.875],"texture":"#2"},"up":{"uv":[0,1.125,0,0],"texture":"#2"},"down":{"uv":[0,0,0,1.125],"texture":"#2"}}},{"name":"tooth","from":[2.026,9,2],"to":[2.026,11,11],"rotation":{"angle":0,"axis":"y","origin":[7.976,6.5,-8.475]},"faces":{"north":{"uv":[0,0,0,0.25],"texture":"#2"},"east":{"uv":[9.75,5.875,10.875,6.125],"texture":"#2"},"south":{"uv":[0,0,0,0.25],"texture":"#2"},"west":{"uv":[0,9.875,1.125,10.125],"texture":"#2"},"up":{"uv":[0,1.125,0,0],"texture":"#2"},"down":{"uv":[0,0,0,1.125],"texture":"#2"}}},{"name":"tooth","from":[2.025,9,2],"to":[13.975,11,2],"rotation":{"angle":0,"axis":"y","origin":[8.05,6.5,-8.475]},"faces":{"north":{"uv":[9.5,3.5,11,3.75],"texture":"#2"},"east":{"uv":[0,0,0,0.25],"texture":"#2"},"south":{"uv":[0,9.625,1.5,9.875],"texture":"#2"},"west":{"uv":[0,0,0,0.25],"texture":"#2"},"up":{"uv":[1.5,0,0,0],"texture":"#2"},"down":{"uv":[1.5,0,0,0],"texture":"#2"}}},{"name":"torso","from":[2,4.17473,2.11681],"to":[14,7.17473,13.11681],"rotation":{"angle":-22.5,"axis":"x","origin":[-9,11.30741,3.94293]},"faces":{"north":{"uv":[9,4.75,10.5,5.125],"texture":"#2"},"east":{"uv":[9.25,6.5,10.625,6.875],"texture":"#2"},"south":{"uv":[9.25,6.125,10.75,6.5],"texture":"#2"},"west":{"uv":[9.25,6.875,10.625,7.25],"texture":"#2"},"up":{"uv":[8,8.625,6.5,7.25],"texture":"#2"},"down":{"uv":[9,3.75,7.5,5.125],"texture":"#2"}}},{"name":"tooth","from":[13.974,7.17473,2.11681],"to":[13.974,9.17473,12.11681],"rotation":{"angle":-22.5,"axis":"x","origin":[-9,11.30741,3.94293]},"faces":{"north":{"uv":[0,0,0,0.25],"texture":"#2"},"east":{"uv":[9.75,2.25,11,2.5],"texture":"#2"},"south":{"uv":[0,0,0,0.25],"texture":"#2"},"west":{"uv":[9.75,2.5,11,2.75],"texture":"#2"},"up":{"uv":[0,1.25,0,0],"texture":"#2"},"down":{"uv":[0,0,0,1.25],"texture":"#2"}}},{"name":"tooth","from":[2.026,7.17473,2.11681],"to":[2.026,9.17473,12.11681],"rotation":{"angle":-22.5,"axis":"x","origin":[-9,11.30741,3.94293]},"faces":{"north":{"uv":[0,0,0,0.25],"texture":"#2"},"east":{"uv":[9.75,2.75,11,3],"texture":"#2"},"south":{"uv":[0,0,0,0.25],"texture":"#2"},"west":{"uv":[9.75,5.125,11,5.375],"texture":"#2"},"up":{"uv":[0,1.25,0,0],"texture":"#2"},"down":{"uv":[0,0,0,1.25],"texture":"#2"}}},{"name":"tooth","from":[2.025,7.17473,2.11681],"to":[13.975,9.17473,2.11681],"rotation":{"angle":-22.5,"axis":"x","origin":[-9,11.30741,3.94293]},"faces":{"north":{"uv":[5.75,9.625,7.25,9.875],"texture":"#2"},"east":{"uv":[0,0,0,0.25],"texture":"#2"},"south":{"uv":[9.75,2,11.25,2.25],"texture":"#2"},"west":{"uv":[0,0,0,0.25],"texture":"#2"},"up":{"uv":[1.5,0,0,0],"texture":"#2"},"down":{"uv":[1.5,0,0,0],"texture":"#2"}}}],"gui_light":"front","display":{"thirdperson_righthand":{"rotation":[24,13,0],"translation":[0,-1,-1],"scale":[0.6,0.6,0.6]},"thirdperson_lefthand":{"rotation":[24,13,0],"translation":[0,-1,-1],"scale":[0.6,0.6,0.6]},"firstperson_righthand":{"rotation":[0,109,5],"translation":[4,1.5,0],"scale":[0.71,0.71,0.71]},"firstperson_lefthand":{"rotation":[0,109,5],"translation":[4,1.5,0],"scale":[0.71,0.71,0.71]},"ground":{"scale":[0.65,0.65,0.65]},"gui":{"rotation":[17,-142,0],"translation":[-0.25,-2.25,0],"scale":[0.46,0.46,0.46]},"head":{"translation":[0,8.15,0]},"fixed":{"translation":[0,1.75,-9.75],"scale":[4,4,4]}},"mcmodels":"7e0c03a938a2893d7147ae4fa90c3262"}