{"textures":{"2":"modelengine:entity/hv_grimleaf","particle":"#2"},"elements":[{"from":[9.675,-1.6619415,4.108658],"to":[6.075,-5.26194,0.5086584],"faces":{"east":{"uv":[14.85,7.8,15.05,8.0],"tintindex":0,"rotation":0,"texture":"#2"},"south":{"uv":[14.85,8.0,15.05,8.2],"tintindex":0,"rotation":0,"texture":"#2"},"north":{"uv":[6.65,14.85,6.85,15.05],"tintindex":0,"rotation":0,"texture":"#2"},"west":{"uv":[8.900001,14.85,9.1,15.05],"tintindex":0,"rotation":0,"texture":"#2"},"up":{"uv":[9.3,15.05,9.1,14.85],"tintindex":0,"rotation":0,"texture":"#2"},"down":{"uv":[9.5,14.85,9.3,15.05],"tintindex":0,"rotation":0,"texture":"#2"}}},{"from":[6.375,-4.961939,0.80865765],"to":[9.375,-1.9619408,3.8086586],"faces":{"east":{"uv":[2.1000001,13.650001,2.25,13.8],"tintindex":0,"rotation":0,"texture":"#2"},"south":{"uv":[5.6,13.7,5.75,13.85],"tintindex":0,"rotation":0,"texture":"#2"},"north":{"uv":[10.400001,13.6,10.55,13.75],"tintindex":0,"rotation":0,"texture":"#2"},"west":{"uv":[13.75,12.3,13.900001,12.45],"tintindex":0,"rotation":0,"texture":"#2"},"up":{"uv":[13.900001,12.6,13.75,12.45],"tintindex":0,"rotation":0,"texture":"#2"},"down":{"uv":[14.05,3.2,13.900001,3.3500001],"tintindex":0,"rotation":0,"texture":"#2"}}},{"from":[2.375,-4.461939,3.8086586],"to":[13.625,6.538059,3.8086586],"faces":{"south":{"uv":[8.150001,13.150001,8.7,13.7],"tintindex":0,"rotation":0,"texture":"#2"},"north":{"uv":[7.6,13.150001,8.150001,13.7],"tintindex":0,"rotation":0,"texture":"#2"}},"rotation":{"origin":[8.125,0.53805923,3.8086586],"angle":22.5,"axis":"x"}}],"display":{"head":{"rotation":[0.0,0.0,0.0]},"firstperson_righthand":{"rotation":[0.0,0.0,0.0]},"thirdperson_lefthand":{"rotation":[0.0,-0.0,-0.0]},"firstperson_lefthand":{"rotation":[0.0,-0.0,-0.0]},"fixed":{"rotation":[0.0,0.0,0.0]},"ground":{"rotation":[0.0,0.0,0.0]},"thirdperson_righthand":{"rotation":[0.0,0.0,0.0]},"gui":{"rotation":[-150.0,-45.0,180.0]}}}