{"textures":{"2":"modelengine:entity/hv_grimleaf","particle":"#2"},"elements":[{"from":[6.4249997,15.05,7.800001],"to":[2.3249998,10.95,3.7000008],"faces":{"east":{"uv":[14.85,2.1000001,15.05,2.3],"tintindex":0,"rotation":0,"texture":"#2"},"south":{"uv":[14.85,3.1000001,15.05,3.3],"tintindex":0,"rotation":0,"texture":"#2"},"north":{"uv":[14.35,0.7,14.55,0.90000004],"tintindex":0,"rotation":0,"texture":"#2"},"west":{"uv":[14.85,5.75,15.05,5.9500003],"tintindex":0,"rotation":0,"texture":"#2"},"up":{"uv":[6.65,15.05,6.4500003,14.85],"tintindex":0,"rotation":0,"texture":"#2"},"down":{"uv":[15.05,6.5,14.85,6.7000003],"tintindex":0,"rotation":0,"texture":"#2"}}},{"from":[2.6249995,11.249999,4.0],"to":[6.1249995,14.749999,7.5],"faces":{"east":{"uv":[11.3,7.7000003,11.5,7.9],"tintindex":0,"rotation":0,"texture":"#2"},"south":{"uv":[12.35,2.2,12.55,2.4],"tintindex":0,"rotation":0,"texture":"#2"},"north":{"uv":[9.7,10.75,9.900001,10.95],"tintindex":0,"rotation":0,"texture":"#2"},"west":{"uv":[10.2,13.6,10.400001,13.8],"tintindex":0,"rotation":0,"texture":"#2"},"up":{"uv":[2.1000001,13.85,1.9,13.650001],"tintindex":0,"rotation":0,"texture":"#2"},"down":{"uv":[14.35,9.75,14.150001,9.95],"tintindex":0,"rotation":0,"texture":"#2"}}}],"display":{"head":{"rotation":[0.0,0.0,0.0]},"firstperson_righthand":{"rotation":[0.0,0.0,0.0]},"thirdperson_lefthand":{"rotation":[0.0,-0.0,-0.0]},"firstperson_lefthand":{"rotation":[0.0,-0.0,-0.0]},"fixed":{"rotation":[0.0,0.0,0.0]},"ground":{"rotation":[0.0,0.0,0.0]},"thirdperson_righthand":{"rotation":[0.0,0.0,0.0]},"gui":{"rotation":[-150.0,-45.0,180.0]}}}