{"textures":{"2":"modelengine:entity/hv_grimleaf","particle":"#2"},"elements":[{"from":[0.2714467,6.567768,4.92],"to":[10.021446,16.567768,6.42],"faces":{"east":{"uv":[11.900001,13.1,12.0,13.6],"tintindex":0,"rotation":0,"texture":"#2"},"south":{"uv":[13.45,4.75,13.95,5.25],"tintindex":0,"rotation":0,"texture":"#2"},"north":{"uv":[13.400001,13.2,13.900001,13.7],"tintindex":0,"rotation":0,"texture":"#2"},"west":{"uv":[5.65,13.2,5.75,13.7],"tintindex":0,"rotation":0,"texture":"#2"},"up":{"uv":[15.35,0.90000004,14.85,0.8],"tintindex":0,"rotation":0,"texture":"#2"},"down":{"uv":[15.35,0.90000004,14.85,1.0],"tintindex":0,"rotation":0,"texture":"#2"}},"rotation":{"origin":[7.6464467,14.567768,7.92],"angle":45.0,"axis":"z"}},{"from":[2.2714467,7.567768,5.67],"to":[10.021446,15.567768,11.67],"faces":{"east":{"uv":[14.35,2.7,14.650001,3.1000001],"tintindex":0,"rotation":0,"texture":"#2"},"south":{"uv":[14.150001,8.55,14.55,8.95],"tintindex":0,"rotation":0,"texture":"#2"},"north":{"uv":[13.6,1.4,14.0,1.8000001],"tintindex":0,"rotation":0,"texture":"#2"},"west":{"uv":[14.35,4.0,14.650001,4.4],"tintindex":0,"rotation":0,"texture":"#2"},"up":{"uv":[5.9500003,14.650001,5.55,14.35],"tintindex":0,"rotation":0,"texture":"#2"},"down":{"uv":[14.75,6.25,14.35,6.55],"tintindex":0,"rotation":0,"texture":"#2"}},"rotation":{"origin":[6.1464467,11.567768,8.67],"angle":22.5,"axis":"z"}},{"from":[-0.7285538,2.567768,5.32],"to":[15.021446,18.567768,5.32],"faces":{"south":{"uv":[9.95,8.7,10.75,9.5],"tintindex":0,"rotation":0,"texture":"#2"},"north":{"uv":[9.85,7.9,10.650001,8.7],"tintindex":0,"rotation":0,"texture":"#2"}},"rotation":{"origin":[7.6464467,11.567768,6.8199997],"angle":45.0,"axis":"z"}},{"from":[5.9785533,7.567768,5.67],"to":[13.728554,15.567768,11.67],"faces":{"east":{"uv":[11.45,14.35,11.75,14.75],"tintindex":0,"rotation":0,"texture":"#2"},"south":{"uv":[14.150001,8.95,14.55,9.35],"tintindex":0,"rotation":0,"texture":"#2"},"north":{"uv":[8.75,14.150001,9.150001,14.55],"tintindex":0,"rotation":0,"texture":"#2"},"west":{"uv":[14.35,12.3,14.650001,12.7],"tintindex":0,"rotation":0,"texture":"#2"},"up":{"uv":[14.75,13.0,14.35,12.7],"tintindex":0,"rotation":0,"texture":"#2"},"down":{"uv":[14.75,13.0,14.35,13.3],"tintindex":0,"rotation":0,"texture":"#2"}},"rotation":{"origin":[9.853554,11.567768,8.67],"angle":-22.5,"axis":"z"}},{"from":[0.2714467,6.567768,10.92],"to":[10.021446,16.567768,12.42],"faces":{"east":{"uv":[0.90000004,11.8,1.0,12.3],"tintindex":0,"rotation":0,"texture":"#2"},"south":{"uv":[2.25,13.35,2.75,13.85],"tintindex":0,"rotation":0,"texture":"#2"},"north":{"uv":[0.90000004,13.3,1.4,13.8],"tintindex":0,"rotation":0,"texture":"#2"},"west":{"uv":[11.0,12.1,11.1,12.6],"tintindex":0,"rotation":0,"texture":"#2"},"up":{"uv":[15.3,14.7,14.8,14.6],"tintindex":0,"rotation":0,"texture":"#2"},"down":{"uv":[15.3,14.7,14.8,14.8],"tintindex":0,"rotation":0,"texture":"#2"}},"rotation":{"origin":[7.6464467,14.567768,9.42],"angle":45.0,"axis":"z"}}],"display":{"head":{"rotation":[0.0,0.0,0.0]},"firstperson_righthand":{"rotation":[0.0,0.0,0.0]},"thirdperson_lefthand":{"rotation":[0.0,-0.0,-0.0]},"firstperson_lefthand":{"rotation":[0.0,-0.0,-0.0]},"fixed":{"rotation":[0.0,0.0,0.0]},"ground":{"rotation":[0.0,0.0,0.0]},"thirdperson_righthand":{"rotation":[0.0,0.0,0.0]},"gui":{"rotation":[-150.0,-45.0,180.0]}}}