{"textures":{"2":"modelengine:entity/hv_grimleaf","particle":"#2"},"elements":[{"from":[-0.375,-3.0,9.75],"to":[15.375,13.0,9.75],"faces":{"south":{"uv":[2.6000001,9.7,3.4,10.5],"tintindex":0,"rotation":0,"texture":"#2"},"north":{"uv":[6.7000003,9.6,7.5,10.400001],"tintindex":0,"rotation":0,"texture":"#2"}},"rotation":{"origin":[8.0,6.0,8.25],"angle":45.0,"axis":"z"}},{"from":[3.625,1.0,9.5],"to":[12.375,10.0,10.0],"faces":{"east":{"uv":[7.3,11.3,7.35,11.75],"tintindex":0,"rotation":0,"texture":"#2"},"south":{"uv":[4.7000003,13.7,5.15,14.150001],"tintindex":0,"rotation":0,"texture":"#2"},"north":{"uv":[4.25,13.7,4.7000003,14.150001],"tintindex":0,"rotation":0,"texture":"#2"},"west":{"uv":[5.8,11.35,5.85,11.8],"tintindex":0,"rotation":0,"texture":"#2"},"up":{"uv":[1.45,10.95,1.0,10.900001],"tintindex":0,"rotation":0,"texture":"#2"},"down":{"uv":[11.45,2.9,11.0,2.95],"tintindex":0,"rotation":0,"texture":"#2"}},"rotation":{"origin":[8.0,6.0,8.0],"angle":45.0,"axis":"z"}}],"display":{"head":{"rotation":[0.0,0.0,0.0]},"firstperson_righthand":{"rotation":[0.0,0.0,0.0]},"thirdperson_lefthand":{"rotation":[0.0,-0.0,-0.0]},"firstperson_lefthand":{"rotation":[0.0,-0.0,-0.0]},"fixed":{"rotation":[0.0,0.0,0.0]},"ground":{"rotation":[0.0,0.0,0.0]},"thirdperson_righthand":{"rotation":[0.0,0.0,0.0]},"gui":{"rotation":[-150.0,-45.0,180.0]}}}