{"textures":{"2":"modelengine:entity/hv_grimleaf","particle":"#2"},"elements":[{"from":[1.625,1.0,9.4],"to":[11.375,11.0,10.4],"faces":{"east":{"uv":[4.2000003,10.400001,4.25,10.900001],"tintindex":0,"rotation":0,"texture":"#2"},"south":{"uv":[5.15,13.2,5.65,13.7],"tintindex":0,"rotation":0,"texture":"#2"},"north":{"uv":[4.65,13.2,5.15,13.7],"tintindex":0,"rotation":0,"texture":"#2"},"west":{"uv":[11.1,11.150001,11.150001,11.650001],"tintindex":0,"rotation":0,"texture":"#2"},"up":{"uv":[4.85,9.400001,4.35,9.35],"tintindex":0,"rotation":0,"texture":"#2"},"down":{"uv":[10.3,6.55,9.8,6.6],"tintindex":0,"rotation":0,"texture":"#2"}},"rotation":{"origin":[8.0,8.0,7.9],"angle":45.0,"axis":"z"}}],"display":{"head":{"rotation":[0.0,0.0,0.0]},"firstperson_righthand":{"rotation":[0.0,0.0,0.0]},"thirdperson_lefthand":{"rotation":[0.0,-0.0,-0.0]},"firstperson_lefthand":{"rotation":[0.0,-0.0,-0.0]},"fixed":{"rotation":[0.0,0.0,0.0]},"ground":{"rotation":[0.0,0.0,0.0]},"thirdperson_righthand":{"rotation":[0.0,0.0,0.0]},"gui":{"rotation":[-150.0,-45.0,180.0]}}}