{"textures":{"2":"modelengine:entity/hv_grimleaf","particle":"#2"},"elements":[{"from":[1.2714467,-2.232233,7.25],"to":[11.021446,7.767767,8.75],"faces":{"east":{"uv":[3.75,11.3,3.8500001,11.8],"tintindex":0,"rotation":0,"texture":"#2"},"south":{"uv":[13.150001,11.0,13.650001,11.5],"tintindex":0,"rotation":0,"texture":"#2"},"north":{"uv":[13.150001,9.45,13.650001,9.95],"tintindex":0,"rotation":0,"texture":"#2"},"west":{"uv":[7.2000003,11.3,7.3,11.8],"tintindex":0,"rotation":0,"texture":"#2"},"up":{"uv":[15.25,4.0,14.75,3.9],"tintindex":0,"rotation":0,"texture":"#2"},"down":{"uv":[15.3,1.6,14.8,1.7],"tintindex":0,"rotation":0,"texture":"#2"}},"rotation":{"origin":[7.6464467,4.767767,5.75],"angle":45.0,"axis":"z"}},{"from":[-0.7285538,-6.982233,8.5],"to":[15.021446,9.017767,8.5],"faces":{"south":{"uv":[9.8,5.6,10.6,6.4],"tintindex":0,"rotation":0,"texture":"#2"},"north":{"uv":[9.8,4.8,10.6,5.6],"tintindex":0,"rotation":0,"texture":"#2"}},"rotation":{"origin":[7.6464467,2.017767,7.0],"angle":45.0,"axis":"z"}}],"display":{"head":{"rotation":[0.0,0.0,0.0]},"firstperson_righthand":{"rotation":[0.0,0.0,0.0]},"thirdperson_lefthand":{"rotation":[0.0,-0.0,-0.0]},"firstperson_lefthand":{"rotation":[0.0,-0.0,-0.0]},"fixed":{"rotation":[0.0,0.0,0.0]},"ground":{"rotation":[0.0,0.0,0.0]},"thirdperson_righthand":{"rotation":[0.0,0.0,0.0]},"gui":{"rotation":[-150.0,-45.0,180.0]}}}