{"textures":{"2":"modelengine:entity/hv_grimleaf","particle":"#2"},"elements":[{"from":[3.625,1.0,6.0],"to":[12.375,10.0,6.5],"faces":{"east":{"uv":[0.45000002,11.3,0.5,11.75],"tintindex":0,"rotation":0,"texture":"#2"},"south":{"uv":[13.650001,10.95,14.1,11.400001],"tintindex":0,"rotation":0,"texture":"#2"},"north":{"uv":[11.0,13.6,11.45,14.05],"tintindex":0,"rotation":0,"texture":"#2"},"west":{"uv":[3.8500001,11.3,3.9,11.75],"tintindex":0,"rotation":0,"texture":"#2"},"up":{"uv":[1.95,10.2,1.5,10.150001],"tintindex":0,"rotation":0,"texture":"#2"},"down":{"uv":[11.2,9.3,10.75,9.35],"tintindex":0,"rotation":0,"texture":"#2"}},"rotation":{"origin":[8.0,6.0,8.0],"angle":45.0,"axis":"z"}},{"from":[-0.375,-3.0,6.25],"to":[15.375,13.0,6.25],"faces":{"south":{"uv":[5.9,9.55,6.7000003,10.35],"tintindex":0,"rotation":0,"texture":"#2"},"north":{"uv":[5.1,9.55,5.9,10.35],"tintindex":0,"rotation":0,"texture":"#2"}},"rotation":{"origin":[8.0,6.0,7.75],"angle":45.0,"axis":"z"}}],"display":{"head":{"rotation":[0.0,0.0,0.0]},"firstperson_righthand":{"rotation":[0.0,0.0,0.0]},"thirdperson_lefthand":{"rotation":[0.0,-0.0,-0.0]},"firstperson_lefthand":{"rotation":[0.0,-0.0,-0.0]},"fixed":{"rotation":[0.0,0.0,0.0]},"ground":{"rotation":[0.0,0.0,0.0]},"thirdperson_righthand":{"rotation":[0.0,0.0,0.0]},"gui":{"rotation":[-150.0,-45.0,180.0]}}}