{"textures":{"2":"modelengine:entity/hv_grimleaf","particle":"#2"},"elements":[{"from":[1.625,1.0,5.6],"to":[11.375,11.0,6.6],"faces":{"east":{"uv":[2.8500001,5.4500003,2.9,5.9500003],"tintindex":0,"rotation":0,"texture":"#2"},"south":{"uv":[13.150001,8.95,13.650001,9.45],"tintindex":0,"rotation":0,"texture":"#2"},"north":{"uv":[8.7,13.150001,9.2,13.650001],"tintindex":0,"rotation":0,"texture":"#2"},"west":{"uv":[3.4,9.7,3.45,10.2],"tintindex":0,"rotation":0,"texture":"#2"},"up":{"uv":[2.75,6.25,2.25,6.2000003],"tintindex":0,"rotation":0,"texture":"#2"},"down":{"uv":[9.1,6.75,8.6,6.8],"tintindex":0,"rotation":0,"texture":"#2"}},"rotation":{"origin":[8.0,8.0,8.1],"angle":45.0,"axis":"z"}}],"display":{"head":{"rotation":[0.0,0.0,0.0]},"firstperson_righthand":{"rotation":[0.0,0.0,0.0]},"thirdperson_lefthand":{"rotation":[0.0,-0.0,-0.0]},"firstperson_lefthand":{"rotation":[0.0,-0.0,-0.0]},"fixed":{"rotation":[0.0,0.0,0.0]},"ground":{"rotation":[0.0,0.0,0.0]},"thirdperson_righthand":{"rotation":[0.0,0.0,0.0]},"gui":{"rotation":[-150.0,-45.0,180.0]}}}