{"textures":{"2":"modelengine:entity/hv_grimleaf","particle":"#2"},"elements":[{"from":[1.2714467,-2.232233,7.25],"to":[11.021446,7.767767,8.75],"faces":{"east":{"uv":[4.25,9.6,4.35,10.1],"tintindex":0,"rotation":0,"texture":"#2"},"south":{"uv":[13.150001,8.45,13.650001,8.95],"tintindex":0,"rotation":0,"texture":"#2"},"north":{"uv":[3.25,13.150001,3.75,13.650001],"tintindex":0,"rotation":0,"texture":"#2"},"west":{"uv":[7.5,9.6,7.6,10.1],"tintindex":0,"rotation":0,"texture":"#2"},"up":{"uv":[1.25,10.150001,0.75,10.05],"tintindex":0,"rotation":0,"texture":"#2"},"down":{"uv":[15.150001,3.0,14.650001,3.1000001],"tintindex":0,"rotation":0,"texture":"#2"}},"rotation":{"origin":[7.6464467,4.767767,10.25],"angle":45.0,"axis":"z"}},{"from":[-0.7285538,-6.982233,7.5],"to":[15.021446,9.017767,7.5],"faces":{"south":{"uv":[9.6,4.0,10.400001,4.8],"tintindex":0,"rotation":0,"texture":"#2"},"north":{"uv":[3.45,9.6,4.25,10.400001],"tintindex":0,"rotation":0,"texture":"#2"}},"rotation":{"origin":[7.6464467,2.017767,9.0],"angle":45.0,"axis":"z"}}],"display":{"head":{"rotation":[0.0,0.0,0.0]},"firstperson_righthand":{"rotation":[0.0,0.0,0.0]},"thirdperson_lefthand":{"rotation":[0.0,-0.0,-0.0]},"firstperson_lefthand":{"rotation":[0.0,-0.0,-0.0]},"fixed":{"rotation":[0.0,0.0,0.0]},"ground":{"rotation":[0.0,0.0,0.0]},"thirdperson_righthand":{"rotation":[0.0,0.0,0.0]},"gui":{"rotation":[-150.0,-45.0,180.0]}}}