{"textures":{"2":"modelengine:entity/hv_grimleaf","particle":"#2"},"elements":[{"from":[5.125,5.4393387,6.0],"to":[10.125,14.439339,11.0],"faces":{"east":{"uv":[14.400001,4.4,14.650001,4.85],"tintindex":0,"rotation":0,"texture":"#2"},"south":{"uv":[6.5,14.400001,6.75,14.85],"tintindex":0,"rotation":0,"texture":"#2"},"north":{"uv":[6.1,4.75,6.35,5.2000003],"tintindex":0,"rotation":0,"texture":"#2"},"west":{"uv":[6.75,14.400001,7.0,14.85],"tintindex":0,"rotation":0,"texture":"#2"},"up":{"uv":[15.0,10.5,14.75,10.25],"tintindex":0,"rotation":0,"texture":"#2"},"down":{"uv":[10.6,14.75,10.35,15.0],"tintindex":0,"rotation":0,"texture":"#2"}}},{"from":[2.625,15.439339,5.0],"to":[12.625,18.439339,14.0],"faces":{"east":{"uv":[3.75,13.45,4.2000003,13.6],"tintindex":0,"rotation":0,"texture":"#2"},"south":{"uv":[5.1,9.400001,5.6,9.55],"tintindex":0,"rotation":0,"texture":"#2"},"north":{"uv":[5.8,6.7000003,6.3,6.85],"tintindex":0,"rotation":0,"texture":"#2"},"west":{"uv":[14.55,9.5,15.0,9.650001],"tintindex":0,"rotation":0,"texture":"#2"},"up":{"uv":[4.85,6.7000003,4.35,6.25],"tintindex":0,"rotation":0,"texture":"#2"},"down":{"uv":[11.75,1.45,11.25,1.9],"tintindex":0,"rotation":0,"texture":"#2"}}},{"from":[3.625,12.439339,5.0],"to":[11.625,21.439339,13.0],"faces":{"east":{"uv":[7.9500003,14.150001,8.35,14.6],"tintindex":0,"rotation":0,"texture":"#2"},"south":{"uv":[14.150001,8.1,14.55,8.55],"tintindex":0,"rotation":0,"texture":"#2"},"north":{"uv":[7.55,14.150001,7.9500003,14.6],"tintindex":0,"rotation":0,"texture":"#2"},"west":{"uv":[8.35,14.150001,8.75,14.6],"tintindex":0,"rotation":0,"texture":"#2"},"up":{"uv":[14.55,9.75,14.150001,9.35],"tintindex":0,"rotation":0,"texture":"#2"},"down":{"uv":[13.650001,14.150001,13.25,14.55],"tintindex":0,"rotation":0,"texture":"#2"}}}],"display":{"head":{"rotation":[0.0,0.0,0.0]},"firstperson_righthand":{"rotation":[0.0,0.0,0.0]},"thirdperson_lefthand":{"rotation":[0.0,-0.0,-0.0]},"firstperson_lefthand":{"rotation":[0.0,-0.0,-0.0]},"fixed":{"rotation":[0.0,0.0,0.0]},"ground":{"rotation":[0.0,0.0,0.0]},"thirdperson_righthand":{"rotation":[0.0,0.0,0.0]},"gui":{"rotation":[-150.0,-45.0,180.0]}}}