{"textures":{"2":"modelengine:entity/hv_grimleaf","particle":"#2"},"elements":[{"from":[3.2714467,3.0606594,5.0],"to":[11.021446,11.060659,11.0],"faces":{"east":{"uv":[12.8,1.8000001,13.1,2.2],"tintindex":0,"rotation":0,"texture":"#2"},"south":{"uv":[0.0,13.150001,0.4,13.55],"tintindex":0,"rotation":0,"texture":"#2"},"north":{"uv":[12.150001,8.5,12.55,8.900001],"tintindex":0,"rotation":0,"texture":"#2"},"west":{"uv":[14.35,2.3,14.650001,2.7],"tintindex":0,"rotation":0,"texture":"#2"},"up":{"uv":[10.75,2.2,10.35,1.9],"tintindex":0,"rotation":0,"texture":"#2"},"down":{"uv":[7.15,13.150001,6.75,13.45],"tintindex":0,"rotation":0,"texture":"#2"}},"rotation":{"origin":[7.6464467,8.060659,8.0],"angle":45.0,"axis":"z"}}],"display":{"head":{"rotation":[0.0,0.0,0.0]},"firstperson_righthand":{"rotation":[0.0,0.0,0.0]},"thirdperson_lefthand":{"rotation":[0.0,-0.0,-0.0]},"firstperson_lefthand":{"rotation":[0.0,-0.0,-0.0]},"fixed":{"rotation":[0.0,0.0,0.0]},"ground":{"rotation":[0.0,0.0,0.0]},"thirdperson_righthand":{"rotation":[0.0,0.0,0.0]},"gui":{"rotation":[-150.0,-45.0,180.0]}}}