{"textures":{"2":"modelengine:entity/hv_grimleaf","particle":"#2"},"elements":[{"from":[5.775,3.75,5.5],"to":[10.525,8.25,10.5],"faces":{"east":{"uv":[14.7,8.2,14.95,8.45],"tintindex":0,"rotation":0,"texture":"#2"},"south":{"uv":[14.7,8.45,14.95,8.7],"tintindex":0,"rotation":0,"texture":"#2"},"north":{"uv":[14.7,0.3,14.95,0.55],"tintindex":0,"rotation":0,"texture":"#2"},"west":{"uv":[14.7,8.7,14.95,8.95],"tintindex":0,"rotation":0,"texture":"#2"},"up":{"uv":[14.95,9.2,14.7,8.95],"tintindex":0,"rotation":0,"texture":"#2"},"down":{"uv":[14.95,9.2,14.7,9.45],"tintindex":0,"rotation":0,"texture":"#2"}}}],"display":{"head":{"rotation":[0.0,0.0,0.0]},"firstperson_righthand":{"rotation":[0.0,0.0,0.0]},"thirdperson_lefthand":{"rotation":[0.0,-0.0,-0.0]},"firstperson_lefthand":{"rotation":[0.0,-0.0,-0.0]},"fixed":{"rotation":[0.0,0.0,0.0]},"ground":{"rotation":[0.0,0.0,0.0]},"thirdperson_righthand":{"rotation":[0.0,0.0,0.0]},"gui":{"rotation":[-150.0,-45.0,180.0]}}}