{"textures":{"2":"modelengine:entity/hv_grimleaf","particle":"#2"},"elements":[{"from":[-4.46,4.5999985,4.8],"to":[1.54,4.5999985,11.2],"faces":{"up":{"uv":[0.65000004,14.900001,0.35,14.6],"tintindex":0,"rotation":0,"texture":"#2"},"down":{"uv":[1.6,14.6,1.3000001,14.900001],"tintindex":0,"rotation":0,"texture":"#2"}},"rotation":{"origin":[-1.46,4.5999985,8.0],"angle":45.0,"axis":"z"}},{"from":[0.40000057,8.0,4.8],"to":[7.4,8.0,11.2],"faces":{"up":{"uv":[14.85,2.0,14.5,1.7],"tintindex":0,"rotation":0,"texture":"#2"},"down":{"uv":[14.85,2.0,14.5,2.3],"tintindex":0,"rotation":0,"texture":"#2"}},"rotation":{"origin":[3.8999996,8.0,8.0],"angle":22.5,"axis":"z"}}],"display":{"head":{"rotation":[0.0,0.0,0.0]},"firstperson_righthand":{"rotation":[0.0,0.0,0.0]},"thirdperson_lefthand":{"rotation":[0.0,-0.0,-0.0]},"firstperson_lefthand":{"rotation":[0.0,-0.0,-0.0]},"fixed":{"rotation":[0.0,0.0,0.0]},"ground":{"rotation":[0.0,0.0,0.0]},"thirdperson_righthand":{"rotation":[0.0,0.0,0.0]},"gui":{"rotation":[-150.0,-45.0,180.0]}}}