{"textures":{"2":"modelengine:entity/hv_grimleaf","particle":"#2"},"elements":[{"from":[6.0,1.0,6.0],"to":[10.0,9.0,10.0],"faces":{"east":{"uv":[14.650001,12.150001,14.85,12.55],"tintindex":0,"rotation":0,"texture":"#2"},"south":{"uv":[12.3,14.650001,12.5,15.05],"tintindex":0,"rotation":0,"texture":"#2"},"north":{"uv":[12.1,14.650001,12.3,15.05],"tintindex":0,"rotation":0,"texture":"#2"},"west":{"uv":[14.650001,13.3,14.85,13.7],"tintindex":0,"rotation":0,"texture":"#2"},"up":{"uv":[15.05,10.95,14.85,10.75],"tintindex":0,"rotation":0,"texture":"#2"},"down":{"uv":[15.05,10.95,14.85,11.150001],"tintindex":0,"rotation":0,"texture":"#2"}}}],"display":{"head":{"rotation":[0.0,0.0,0.0]},"firstperson_righthand":{"rotation":[0.0,0.0,0.0]},"thirdperson_lefthand":{"rotation":[0.0,-0.0,-0.0]},"firstperson_lefthand":{"rotation":[0.0,-0.0,-0.0]},"fixed":{"rotation":[0.0,0.0,0.0]},"ground":{"rotation":[0.0,0.0,0.0]},"thirdperson_righthand":{"rotation":[0.0,0.0,0.0]},"gui":{"rotation":[-150.0,-45.0,180.0]}}}