{"textures":{"2":"modelengine:entity/hv_grimleaf","particle":"#2"},"elements":[{"from":[3.3749995,3.0,4.75],"to":[8.625,9.0,11.25],"faces":{"east":{"uv":[2.25,10.2,2.6000001,10.5],"tintindex":0,"rotation":0,"texture":"#2"},"south":{"uv":[12.400001,6.65,12.650001,6.9500003],"tintindex":0,"rotation":0,"texture":"#2"},"north":{"uv":[10.75,1.9,11.0,2.2],"tintindex":0,"rotation":0,"texture":"#2"},"west":{"uv":[7.85,11.0,8.2,11.3],"tintindex":0,"rotation":0,"texture":"#2"},"up":{"uv":[12.95,12.150001,12.7,11.8],"tintindex":0,"rotation":0,"texture":"#2"},"down":{"uv":[13.1,6.25,12.85,6.6],"tintindex":0,"rotation":0,"texture":"#2"}}}],"display":{"head":{"rotation":[0.0,0.0,0.0]},"firstperson_righthand":{"rotation":[0.0,0.0,0.0]},"thirdperson_lefthand":{"rotation":[0.0,-0.0,-0.0]},"firstperson_lefthand":{"rotation":[0.0,-0.0,-0.0]},"fixed":{"rotation":[0.0,0.0,0.0]},"ground":{"rotation":[0.0,0.0,0.0]},"thirdperson_righthand":{"rotation":[0.0,0.0,0.0]},"gui":{"rotation":[-150.0,-45.0,180.0]}}}