{"textures":{"2":"modelengine:entity/hv_grimleaf","particle":"#2"},"elements":[{"from":[4.8,4.5999985,14.459999],"to":[11.2,4.5999985,20.46],"faces":{"up":{"uv":[14.900001,5.4500003,14.6,5.15],"tintindex":0,"rotation":0,"texture":"#2"},"down":{"uv":[14.900001,5.4500003,14.6,5.75],"tintindex":0,"rotation":0,"texture":"#2"}},"rotation":{"origin":[8.0,4.5999985,17.46],"angle":45.0,"axis":"x"}},{"from":[4.8,8.0,8.6],"to":[11.2,8.0,15.6],"faces":{"up":{"uv":[4.0,14.900001,3.7,14.55],"tintindex":0,"rotation":0,"texture":"#2"},"down":{"uv":[14.85,7.85,14.55,8.2],"tintindex":0,"rotation":0,"texture":"#2"}},"rotation":{"origin":[8.0,8.0,12.1],"angle":22.5,"axis":"x"}}],"display":{"head":{"rotation":[0.0,0.0,0.0]},"firstperson_righthand":{"rotation":[0.0,0.0,0.0]},"thirdperson_lefthand":{"rotation":[0.0,-0.0,-0.0]},"firstperson_lefthand":{"rotation":[0.0,-0.0,-0.0]},"fixed":{"rotation":[0.0,0.0,0.0]},"ground":{"rotation":[0.0,0.0,0.0]},"thirdperson_righthand":{"rotation":[0.0,0.0,0.0]},"gui":{"rotation":[-150.0,-45.0,180.0]}}}