{"textures":{"2":"modelengine:entity/hv_grimleaf","particle":"#2"},"elements":[{"from":[5.75,5.75,5.75],"to":[10.25,10.25,10.25],"faces":{"east":{"uv":[0.0,14.8,0.25,15.05],"tintindex":0,"rotation":0,"texture":"#2"},"south":{"uv":[14.8,1.35,15.05,1.6],"tintindex":0,"rotation":0,"texture":"#2"},"north":{"uv":[14.75,13.05,15.0,13.3],"tintindex":0,"rotation":0,"texture":"#2"},"west":{"uv":[1.85,14.8,2.1000001,15.05],"tintindex":0,"rotation":0,"texture":"#2"},"up":{"uv":[13.0,15.05,12.75,14.8],"tintindex":0,"rotation":0,"texture":"#2"},"down":{"uv":[13.25,14.8,13.0,15.05],"tintindex":0,"rotation":0,"texture":"#2"}}}],"display":{"head":{"rotation":[0.0,0.0,0.0]},"firstperson_righthand":{"rotation":[0.0,0.0,0.0]},"thirdperson_lefthand":{"rotation":[0.0,-0.0,-0.0]},"firstperson_lefthand":{"rotation":[0.0,-0.0,-0.0]},"fixed":{"rotation":[0.0,0.0,0.0]},"ground":{"rotation":[0.0,0.0,0.0]},"thirdperson_righthand":{"rotation":[0.0,0.0,0.0]},"gui":{"rotation":[-150.0,-45.0,180.0]}}}