{"textures":{"2":"modelengine:entity/hv_grimleaf","particle":"#2"},"elements":[{"from":[5.25,-4.375,5.5],"to":[10.75,5.125,10.5],"faces":{"east":{"uv":[14.25,14.150001,14.5,14.650001],"tintindex":0,"rotation":0,"texture":"#2"},"south":{"uv":[13.95,14.150001,14.25,14.650001],"tintindex":0,"rotation":0,"texture":"#2"},"north":{"uv":[13.650001,14.150001,13.95,14.650001],"tintindex":0,"rotation":0,"texture":"#2"},"west":{"uv":[1.85,14.3,2.1000001,14.8],"tintindex":0,"rotation":0,"texture":"#2"},"up":{"uv":[7.55,13.7,7.25,13.45],"tintindex":0,"rotation":0,"texture":"#2"},"down":{"uv":[0.8,13.55,0.5,13.8],"tintindex":0,"rotation":0,"texture":"#2"}}},{"from":[6.0,-5.375,6.0],"to":[10.0,8.625,10.0],"faces":{"east":{"uv":[11.5,5.35,11.7,6.05],"tintindex":0,"rotation":0,"texture":"#2"},"south":{"uv":[11.25,14.05,11.45,14.75],"tintindex":0,"rotation":0,"texture":"#2"},"north":{"uv":[11.3,7.0,11.5,7.7000003],"tintindex":0,"rotation":0,"texture":"#2"},"west":{"uv":[0.85,14.25,1.0500001,14.95],"tintindex":0,"rotation":0,"texture":"#2"},"up":{"uv":[15.05,11.35,14.85,11.150001],"tintindex":0,"rotation":0,"texture":"#2"},"down":{"uv":[15.05,11.35,14.85,11.55],"tintindex":0,"rotation":0,"texture":"#2"}}}],"display":{"head":{"rotation":[0.0,0.0,0.0]},"firstperson_righthand":{"rotation":[0.0,0.0,0.0]},"thirdperson_lefthand":{"rotation":[0.0,-0.0,-0.0]},"firstperson_lefthand":{"rotation":[0.0,-0.0,-0.0]},"fixed":{"rotation":[0.0,0.0,0.0]},"ground":{"rotation":[0.0,0.0,0.0]},"thirdperson_righthand":{"rotation":[0.0,0.0,0.0]},"gui":{"rotation":[-150.0,-45.0,180.0]}}}