{"textures":{"2":"modelengine:entity/hv_grimleaf","particle":"#2"},"elements":[{"from":[4.8,8.0,0.4000001],"to":[11.2,8.0,7.4],"faces":{"up":{"uv":[10.900001,14.85,10.6,14.5],"tintindex":0,"rotation":0,"texture":"#2"},"down":{"uv":[14.8,14.0,14.5,14.35],"tintindex":0,"rotation":0,"texture":"#2"}},"rotation":{"origin":[8.0,8.0,3.8999996],"angle":-22.5,"axis":"x"}},{"from":[4.8,4.5999985,-4.46],"to":[11.2,4.5999985,1.54],"faces":{"up":{"uv":[4.8,14.900001,4.5,14.6],"tintindex":0,"rotation":0,"texture":"#2"},"down":{"uv":[5.1,14.6,4.8,14.900001],"tintindex":0,"rotation":0,"texture":"#2"}},"rotation":{"origin":[8.0,4.5999985,-1.46],"angle":-45.0,"axis":"x"}}],"display":{"head":{"rotation":[0.0,0.0,0.0]},"firstperson_righthand":{"rotation":[0.0,0.0,0.0]},"thirdperson_lefthand":{"rotation":[0.0,-0.0,-0.0]},"firstperson_lefthand":{"rotation":[0.0,-0.0,-0.0]},"fixed":{"rotation":[0.0,0.0,0.0]},"ground":{"rotation":[0.0,0.0,0.0]},"thirdperson_righthand":{"rotation":[0.0,0.0,0.0]},"gui":{"rotation":[-150.0,-45.0,180.0]}}}