{"textures":{"2":"modelengine:entity/hv_grimleaf","particle":"#2"},"elements":[{"from":[5.5,5.75,2.375],"to":[10.5,8.25,9.625],"faces":{"east":{"uv":[13.1,4.75,13.45,4.9],"tintindex":0,"rotation":0,"texture":"#2"},"south":{"uv":[14.85,11.7,15.1,11.85],"tintindex":0,"rotation":0,"texture":"#2"},"north":{"uv":[14.85,11.55,15.1,11.7],"tintindex":0,"rotation":0,"texture":"#2"},"west":{"uv":[13.150001,9.95,13.5,10.1],"tintindex":0,"rotation":0,"texture":"#2"},"up":{"uv":[5.9,15.0,5.65,14.650001],"tintindex":0,"rotation":0,"texture":"#2"},"down":{"uv":[14.900001,7.15,14.650001,7.5],"tintindex":0,"rotation":0,"texture":"#2"}}}],"display":{"head":{"rotation":[0.0,0.0,0.0]},"firstperson_righthand":{"rotation":[0.0,0.0,0.0]},"thirdperson_lefthand":{"rotation":[0.0,-0.0,-0.0]},"firstperson_lefthand":{"rotation":[0.0,-0.0,-0.0]},"fixed":{"rotation":[0.0,0.0,0.0]},"ground":{"rotation":[0.0,0.0,0.0]},"thirdperson_righthand":{"rotation":[0.0,0.0,0.0]},"gui":{"rotation":[-150.0,-45.0,180.0]}}}