{"textures":{"2":"modelengine:entity/hv_grimleaf","particle":"#2"},"elements":[{"from":[5.7916665,-0.875,5.75],"to":[10.041667,9.125,10.25],"faces":{"east":{"uv":[0.5,10.400001,0.75,10.900001],"tintindex":0,"rotation":0,"texture":"#2"},"south":{"uv":[12.2,5.75,12.400001,6.25],"tintindex":0,"rotation":0,"texture":"#2"},"north":{"uv":[9.6,4.8,9.8,5.3],"tintindex":0,"rotation":0,"texture":"#2"},"west":{"uv":[3.15,10.5,3.4,11.0],"tintindex":0,"rotation":0,"texture":"#2"},"up":{"uv":[8.55,10.35,8.35,10.1],"tintindex":0,"rotation":0,"texture":"#2"},"down":{"uv":[4.4,12.55,4.2000003,12.8],"tintindex":0,"rotation":0,"texture":"#2"}}},{"from":[5.5416665,0.375,5.5],"to":[10.291667,7.125,10.5],"faces":{"east":{"uv":[5.9500003,14.6,6.2000003,14.95],"tintindex":0,"rotation":0,"texture":"#2"},"south":{"uv":[6.2000003,14.6,6.4500003,14.95],"tintindex":0,"rotation":0,"texture":"#2"},"north":{"uv":[14.6,5.75,14.85,6.1],"tintindex":0,"rotation":0,"texture":"#2"},"west":{"uv":[7.0,14.6,7.25,14.95],"tintindex":0,"rotation":0,"texture":"#2"},"up":{"uv":[10.900001,14.05,10.650001,13.8],"tintindex":0,"rotation":0,"texture":"#2"},"down":{"uv":[14.55,7.85,14.3,8.1],"tintindex":0,"rotation":0,"texture":"#2"}}}],"display":{"head":{"rotation":[0.0,0.0,0.0]},"firstperson_righthand":{"rotation":[0.0,0.0,0.0]},"thirdperson_lefthand":{"rotation":[0.0,-0.0,-0.0]},"firstperson_lefthand":{"rotation":[0.0,-0.0,-0.0]},"fixed":{"rotation":[0.0,0.0,0.0]},"ground":{"rotation":[0.0,0.0,0.0]},"thirdperson_righthand":{"rotation":[0.0,0.0,0.0]},"gui":{"rotation":[-150.0,-45.0,180.0]}}}