{"textures":{"2":"modelengine:entity/hv_grimleaf","particle":"#2"},"elements":[{"from":[4.8,8.0,0.40000057],"to":[11.2,8.0,7.4],"faces":{"up":{"uv":[14.75,10.45,14.45,10.1],"tintindex":0,"rotation":0,"texture":"#2"},"down":{"uv":[14.75,10.45,14.45,10.8],"tintindex":0,"rotation":0,"texture":"#2"}},"rotation":{"origin":[8.0,8.0,3.8999996],"angle":-22.5,"axis":"x"}},{"from":[4.8,4.5999985,-4.46],"to":[11.2,4.5999985,1.54],"faces":{"up":{"uv":[9.2,14.85,8.900001,14.55],"tintindex":0,"rotation":0,"texture":"#2"},"down":{"uv":[9.5,14.55,9.2,14.85],"tintindex":0,"rotation":0,"texture":"#2"}},"rotation":{"origin":[8.0,4.5999985,-1.46],"angle":-45.0,"axis":"x"}}],"display":{"head":{"rotation":[0.0,0.0,0.0]},"firstperson_righthand":{"rotation":[0.0,0.0,0.0]},"thirdperson_lefthand":{"rotation":[0.0,-0.0,-0.0]},"firstperson_lefthand":{"rotation":[0.0,-0.0,-0.0]},"fixed":{"rotation":[0.0,0.0,0.0]},"ground":{"rotation":[0.0,0.0,0.0]},"thirdperson_righthand":{"rotation":[0.0,0.0,0.0]},"gui":{"rotation":[-150.0,-45.0,180.0]}}}