{"textures":{"2":"modelengine:entity/hv_grimleaf","particle":"#2"},"elements":[{"from":[14.46,4.5999985,4.8],"to":[20.46,4.5999985,11.2],"faces":{"up":{"uv":[9.8,14.85,9.5,14.55],"tintindex":0,"rotation":0,"texture":"#2"},"down":{"uv":[10.1,14.55,9.8,14.85],"tintindex":0,"rotation":0,"texture":"#2"}},"rotation":{"origin":[17.46,4.5999985,8.0],"angle":-45.0,"axis":"z"}},{"from":[8.6,8.0,4.8],"to":[15.6,8.0,11.2],"faces":{"up":{"uv":[12.95,14.75,12.6,14.45],"tintindex":0,"rotation":0,"texture":"#2"},"down":{"uv":[0.35,14.5,0.0,14.8],"tintindex":0,"rotation":0,"texture":"#2"}},"rotation":{"origin":[12.1,8.0,8.0],"angle":-22.5,"axis":"z"}}],"display":{"head":{"rotation":[0.0,0.0,0.0]},"firstperson_righthand":{"rotation":[0.0,0.0,0.0]},"thirdperson_lefthand":{"rotation":[0.0,-0.0,-0.0]},"firstperson_lefthand":{"rotation":[0.0,-0.0,-0.0]},"fixed":{"rotation":[0.0,0.0,0.0]},"ground":{"rotation":[0.0,0.0,0.0]},"thirdperson_righthand":{"rotation":[0.0,0.0,0.0]},"gui":{"rotation":[-150.0,-45.0,180.0]}}}