{"textures":{"2":"modelengine:entity/hv_grimleaf","particle":"#2"},"elements":[{"from":[-4.46,4.5999985,4.8],"to":[1.54,4.5999985,11.2],"faces":{"up":{"uv":[3.45,14.900001,3.15,14.6],"tintindex":0,"rotation":0,"texture":"#2"},"down":{"uv":[4.5,14.6,4.2000003,14.900001],"tintindex":0,"rotation":0,"texture":"#2"}},"rotation":{"origin":[-1.46,4.5999985,8.0],"angle":45.0,"axis":"z"}},{"from":[0.40000057,8.0,4.8],"to":[7.4,8.0,11.2],"faces":{"up":{"uv":[14.85,3.4,14.5,3.1000001],"tintindex":0,"rotation":0,"texture":"#2"},"down":{"uv":[14.85,6.55,14.5,6.85],"tintindex":0,"rotation":0,"texture":"#2"}},"rotation":{"origin":[3.8999996,8.0,8.0],"angle":22.5,"axis":"z"}}],"display":{"head":{"rotation":[0.0,0.0,0.0]},"firstperson_righthand":{"rotation":[0.0,0.0,0.0]},"thirdperson_lefthand":{"rotation":[0.0,-0.0,-0.0]},"firstperson_lefthand":{"rotation":[0.0,-0.0,-0.0]},"fixed":{"rotation":[0.0,0.0,0.0]},"ground":{"rotation":[0.0,0.0,0.0]},"thirdperson_righthand":{"rotation":[0.0,0.0,0.0]},"gui":{"rotation":[-150.0,-45.0,180.0]}}}