{"textures":{"2":"modelengine:entity/hv_grimleaf","particle":"#2"},"elements":[{"from":[5.6249995,1.5,5.25],"to":[10.625,8.5,10.75],"faces":{"east":{"uv":[13.85,8.1,14.150001,8.45],"tintindex":0,"rotation":0,"texture":"#2"},"south":{"uv":[3.45,14.6,3.7,14.95],"tintindex":0,"rotation":0,"texture":"#2"},"north":{"uv":[1.6,14.6,1.85,14.95],"tintindex":0,"rotation":0,"texture":"#2"},"west":{"uv":[14.35,13.3,14.650001,13.650001],"tintindex":0,"rotation":0,"texture":"#2"},"up":{"uv":[14.900001,7.8,14.650001,7.5],"tintindex":0,"rotation":0,"texture":"#2"},"down":{"uv":[13.8,14.650001,13.55,14.95],"tintindex":0,"rotation":0,"texture":"#2"}}}],"display":{"head":{"rotation":[0.0,0.0,0.0]},"firstperson_righthand":{"rotation":[0.0,0.0,0.0]},"thirdperson_lefthand":{"rotation":[0.0,-0.0,-0.0]},"firstperson_lefthand":{"rotation":[0.0,-0.0,-0.0]},"fixed":{"rotation":[0.0,0.0,0.0]},"ground":{"rotation":[0.0,0.0,0.0]},"thirdperson_righthand":{"rotation":[0.0,0.0,0.0]},"gui":{"rotation":[-150.0,-45.0,180.0]}}}