{"textures":{"0":"modelengine:entity/hv_grimleaf_vfx","particle":"#0"},"elements":[{"from":[-4.0,-7.5,7.0],"to":[20.0,16.5,7.0],"faces":{"south":{"uv":[8.0,0.0,0.0,8.0],"tintindex":0,"rotation":0,"texture":"#0"},"north":{"uv":[0.0,0.0,8.0,8.0],"tintindex":0,"rotation":0,"texture":"#0"}}}],"display":{"head":{"rotation":[0.0,0.0,0.0]},"firstperson_righthand":{"rotation":[0.0,0.0,0.0]},"thirdperson_lefthand":{"rotation":[0.0,-0.0,-0.0]},"firstperson_lefthand":{"rotation":[0.0,-0.0,-0.0]},"fixed":{"rotation":[0.0,0.0,0.0]},"ground":{"rotation":[0.0,0.0,0.0]},"thirdperson_righthand":{"rotation":[0.0,0.0,0.0]},"gui":{"rotation":[-150.0,-45.0,180.0]}}}