{"textures":{"2":"modelengine:entity/hv_grimleaf","particle":"#2"},"elements":[{"from":[3.0,2.5,7.0],"to":[13.0,12.5,9.0],"faces":{"east":{"uv":[12.55,2.2,12.650001,2.7],"tintindex":0,"rotation":0,"texture":"#2"},"south":{"uv":[13.400001,12.7,13.900001,13.2],"tintindex":0,"rotation":0,"texture":"#2"},"north":{"uv":[2.75,13.35,3.25,13.85],"tintindex":0,"rotation":0,"texture":"#2"},"west":{"uv":[2.25,12.85,2.3500001,13.35],"tintindex":0,"rotation":0,"texture":"#2"},"up":{"uv":[15.3,14.900001,14.8,14.8],"tintindex":0,"rotation":0,"texture":"#2"},"down":{"uv":[15.35,0.7,14.85,0.8],"tintindex":0,"rotation":0,"texture":"#2"}}},{"from":[0.5,-2.5,8.5],"to":[15.5,15.5,8.5],"faces":{"south":{"uv":[4.35,9.400001,5.1,10.3],"tintindex":0,"rotation":0,"texture":"#2"},"north":{"uv":[9.2,9.1,9.95,10.0],"tintindex":0,"rotation":0,"texture":"#2"}}}],"display":{"head":{"rotation":[0.0,0.0,0.0]},"firstperson_righthand":{"rotation":[0.0,0.0,0.0]},"thirdperson_lefthand":{"rotation":[0.0,-0.0,-0.0]},"firstperson_lefthand":{"rotation":[0.0,-0.0,-0.0]},"fixed":{"rotation":[0.0,0.0,0.0]},"ground":{"rotation":[0.0,0.0,0.0]},"thirdperson_righthand":{"rotation":[0.0,0.0,0.0]},"gui":{"rotation":[-150.0,-45.0,180.0]}}}