{"textures":{"2":"modelengine:entity/hv_grimleaf","particle":"#2"},"elements":[{"from":[3.0,9.56066,7.9393406],"to":[13.0,11.56066,17.93934],"faces":{"east":{"uv":[14.85,1.8000001,15.35,1.9],"tintindex":0,"rotation":0,"texture":"#2"},"south":{"uv":[14.85,1.9,15.35,2.0],"tintindex":0,"rotation":0,"texture":"#2"},"north":{"uv":[14.85,1.7,15.35,1.8000001],"tintindex":0,"rotation":0,"texture":"#2"},"west":{"uv":[14.85,2.0,15.35,2.1000001],"tintindex":0,"rotation":0,"texture":"#2"},"up":{"uv":[14.150001,9.45,13.650001,8.95],"tintindex":0,"rotation":0,"texture":"#2"},"down":{"uv":[14.150001,9.45,13.650001,9.95],"tintindex":0,"rotation":0,"texture":"#2"}}},{"from":[0.5,10.06066,2.9393406],"to":[15.5,10.06066,20.93934],"faces":{"up":{"uv":[8.35,10.3,7.6,9.400001],"tintindex":0,"rotation":0,"texture":"#2"},"down":{"uv":[0.75,9.5,0.0,10.400001],"tintindex":0,"rotation":0,"texture":"#2"}}}],"display":{"head":{"rotation":[0.0,0.0,0.0]},"firstperson_righthand":{"rotation":[0.0,0.0,0.0]},"thirdperson_lefthand":{"rotation":[0.0,-0.0,-0.0]},"firstperson_lefthand":{"rotation":[0.0,-0.0,-0.0]},"fixed":{"rotation":[0.0,0.0,0.0]},"ground":{"rotation":[0.0,0.0,0.0]},"thirdperson_righthand":{"rotation":[0.0,0.0,0.0]},"gui":{"rotation":[-150.0,-45.0,180.0]}}}