{"textures":{"2":"modelengine:entity/hv_grimleaf","particle":"#2"},"elements":[{"from":[8.263889,8.611111,8.611111],"to":[-14.708334,7.388889,7.388889],"faces":{"east":{"uv":[0.75,9.5,1.3000001,10.05],"tintindex":0,"rotation":0,"texture":"#2"},"south":{"uv":[0.0,0.55,10.35,1.1],"tintindex":0,"rotation":0,"texture":"#2"},"north":{"uv":[0.0,0.0,10.35,0.55],"tintindex":0,"rotation":0,"texture":"#2"},"west":{"uv":[6.2000003,13.150001,6.75,13.7],"tintindex":0,"rotation":0,"texture":"#2"},"up":{"uv":[10.35,1.65,0.0,1.1],"tintindex":0,"rotation":0,"texture":"#2"},"down":{"uv":[10.35,1.65,0.0,2.2],"tintindex":0,"rotation":0,"texture":"#2"}}},{"from":[-14.597223,7.5,7.5],"to":[8.152778,8.5,8.5],"faces":{"east":{"uv":[5.15,13.7,5.6,14.150001],"tintindex":0,"rotation":0,"texture":"#2"},"south":{"uv":[0.0,2.65,10.25,3.1000001],"tintindex":0,"rotation":0,"texture":"#2"},"north":{"uv":[0.0,2.2,10.25,2.65],"tintindex":0,"rotation":0,"texture":"#2"},"west":{"uv":[6.2000003,13.7,6.65,14.150001],"tintindex":0,"rotation":0,"texture":"#2"},"up":{"uv":[10.25,3.55,0.0,3.1000001],"tintindex":0,"rotation":0,"texture":"#2"},"down":{"uv":[10.25,3.55,0.0,4.0],"tintindex":0,"rotation":0,"texture":"#2"}}}],"display":{"head":{"rotation":[0.0,0.0,0.0]},"firstperson_righthand":{"rotation":[0.0,0.0,0.0]},"thirdperson_lefthand":{"rotation":[0.0,-0.0,-0.0]},"firstperson_lefthand":{"rotation":[0.0,-0.0,-0.0]},"fixed":{"rotation":[0.0,0.0,0.0]},"ground":{"rotation":[0.0,0.0,0.0]},"thirdperson_righthand":{"rotation":[0.0,0.0,0.0]},"gui":{"rotation":[-150.0,-45.0,180.0]}}}