{"textures":{"2":"modelengine:entity/hv_grimleaf","particle":"#2"},"elements":[{"from":[5.375,1.5000019,5.25],"to":[10.375,8.5,10.75],"faces":{"east":{"uv":[14.45,3.65,14.75,4.0],"tintindex":0,"rotation":0,"texture":"#2"},"south":{"uv":[8.0,14.6,8.25,14.95],"tintindex":0,"rotation":0,"texture":"#2"},"north":{"uv":[7.75,14.6,8.0,14.95],"tintindex":0,"rotation":0,"texture":"#2"},"west":{"uv":[14.45,9.75,14.75,10.1],"tintindex":0,"rotation":0,"texture":"#2"},"up":{"uv":[14.3,14.95,14.05,14.650001],"tintindex":0,"rotation":0,"texture":"#2"},"down":{"uv":[14.95,0.0,14.7,0.3],"tintindex":0,"rotation":0,"texture":"#2"}}}],"display":{"head":{"rotation":[0.0,0.0,0.0]},"firstperson_righthand":{"rotation":[0.0,0.0,0.0]},"thirdperson_lefthand":{"rotation":[0.0,-0.0,-0.0]},"firstperson_lefthand":{"rotation":[0.0,-0.0,-0.0]},"fixed":{"rotation":[0.0,0.0,0.0]},"ground":{"rotation":[0.0,0.0,0.0]},"thirdperson_righthand":{"rotation":[0.0,0.0,0.0]},"gui":{"rotation":[-150.0,-45.0,180.0]}}}