{"textures":{"2":"modelengine:entity/hv_grimleaf","particle":"#2"},"elements":[{"from":[4.8,4.5999985,14.46],"to":[11.2,4.5999985,20.46],"faces":{"up":{"uv":[14.900001,5.15,14.6,4.85],"tintindex":0,"rotation":0,"texture":"#2"},"down":{"uv":[5.4,14.6,5.1,14.900001],"tintindex":0,"rotation":0,"texture":"#2"}},"rotation":{"origin":[8.0,4.5999985,17.46],"angle":45.0,"axis":"x"}},{"from":[4.8,8.0,8.6],"to":[11.2,8.0,15.6],"faces":{"up":{"uv":[14.8,14.7,14.5,14.35],"tintindex":0,"rotation":0,"texture":"#2"},"down":{"uv":[14.85,0.7,14.55,1.0500001],"tintindex":0,"rotation":0,"texture":"#2"}},"rotation":{"origin":[8.0,8.0,12.1],"angle":22.5,"axis":"x"}}],"display":{"head":{"rotation":[0.0,0.0,0.0]},"firstperson_righthand":{"rotation":[0.0,0.0,0.0]},"thirdperson_lefthand":{"rotation":[0.0,-0.0,-0.0]},"firstperson_lefthand":{"rotation":[0.0,-0.0,-0.0]},"fixed":{"rotation":[0.0,0.0,0.0]},"ground":{"rotation":[0.0,0.0,0.0]},"thirdperson_righthand":{"rotation":[0.0,0.0,0.0]},"gui":{"rotation":[-150.0,-45.0,180.0]}}}