{"textures":{"2":"modelengine:entity/hv_grimleaf","particle":"#2"},"elements":[{"from":[6.0,1.0,6.0],"to":[10.0,9.0,10.0],"faces":{"east":{"uv":[4.65,12.8,4.85,13.2],"tintindex":0,"rotation":0,"texture":"#2"},"south":{"uv":[0.65000004,14.6,0.85,15.0],"tintindex":0,"rotation":0,"texture":"#2"},"north":{"uv":[12.650001,5.35,12.85,5.75],"tintindex":0,"rotation":0,"texture":"#2"},"west":{"uv":[11.900001,14.650001,12.1,15.05],"tintindex":0,"rotation":0,"texture":"#2"},"up":{"uv":[9.7,15.05,9.5,14.85],"tintindex":0,"rotation":0,"texture":"#2"},"down":{"uv":[9.900001,14.85,9.7,15.05],"tintindex":0,"rotation":0,"texture":"#2"}}}],"display":{"head":{"rotation":[0.0,0.0,0.0]},"firstperson_righthand":{"rotation":[0.0,0.0,0.0]},"thirdperson_lefthand":{"rotation":[0.0,-0.0,-0.0]},"firstperson_lefthand":{"rotation":[0.0,-0.0,-0.0]},"fixed":{"rotation":[0.0,0.0,0.0]},"ground":{"rotation":[0.0,0.0,0.0]},"thirdperson_righthand":{"rotation":[0.0,0.0,0.0]},"gui":{"rotation":[-150.0,-45.0,180.0]}}}