{"textures":{"2":"modelengine:entity/hv_grimleaf","particle":"#2"},"elements":[{"from":[5.475,3.75,5.5],"to":[10.225,8.25,10.5],"faces":{"east":{"uv":[14.75,3.65,15.0,3.9],"tintindex":0,"rotation":0,"texture":"#2"},"south":{"uv":[14.75,6.1,15.0,6.35],"tintindex":0,"rotation":0,"texture":"#2"},"north":{"uv":[1.0500001,14.75,1.3000001,15.0],"tintindex":0,"rotation":0,"texture":"#2"},"west":{"uv":[14.75,9.75,15.0,10.0],"tintindex":0,"rotation":0,"texture":"#2"},"up":{"uv":[15.0,10.25,14.75,10.0],"tintindex":0,"rotation":0,"texture":"#2"},"down":{"uv":[10.35,14.75,10.1,15.0],"tintindex":0,"rotation":0,"texture":"#2"}}}],"display":{"head":{"rotation":[0.0,0.0,0.0]},"firstperson_righthand":{"rotation":[0.0,0.0,0.0]},"thirdperson_lefthand":{"rotation":[0.0,-0.0,-0.0]},"firstperson_lefthand":{"rotation":[0.0,-0.0,-0.0]},"fixed":{"rotation":[0.0,0.0,0.0]},"ground":{"rotation":[0.0,0.0,0.0]},"thirdperson_righthand":{"rotation":[0.0,0.0,0.0]},"gui":{"rotation":[-150.0,-45.0,180.0]}}}