{"textures":{"2":"modelengine:entity/hv_grimleaf","particle":"#2"},"elements":[{"from":[5.25,-4.375,5.5],"to":[10.75,5.125,10.5],"faces":{"east":{"uv":[10.1,14.25,10.35,14.75],"tintindex":0,"rotation":0,"texture":"#2"},"south":{"uv":[3.9,10.400001,4.2000003,10.900001],"tintindex":0,"rotation":0,"texture":"#2"},"north":{"uv":[7.4,4.0,7.7000003,4.5],"tintindex":0,"rotation":0,"texture":"#2"},"west":{"uv":[10.35,14.25,10.6,14.75],"tintindex":0,"rotation":0,"texture":"#2"},"up":{"uv":[7.7000003,4.75,7.4,4.5],"tintindex":0,"rotation":0,"texture":"#2"},"down":{"uv":[11.0,10.0,10.7,10.25],"tintindex":0,"rotation":0,"texture":"#2"}}},{"from":[6.0,-5.375,6.0],"to":[10.0,8.625,10.0],"faces":{"east":{"uv":[2.6000001,9.0,2.8,9.7],"tintindex":0,"rotation":0,"texture":"#2"},"south":{"uv":[8.35,9.400001,8.55,10.1],"tintindex":0,"rotation":0,"texture":"#2"},"north":{"uv":[2.8,7.6,3.0,8.3],"tintindex":0,"rotation":0,"texture":"#2"},"west":{"uv":[11.1,4.65,11.3,5.35],"tintindex":0,"rotation":0,"texture":"#2"},"up":{"uv":[10.1,15.05,9.900001,14.85],"tintindex":0,"rotation":0,"texture":"#2"},"down":{"uv":[10.8,14.85,10.6,15.05],"tintindex":0,"rotation":0,"texture":"#2"}}}],"display":{"head":{"rotation":[0.0,0.0,0.0]},"firstperson_righthand":{"rotation":[0.0,0.0,0.0]},"thirdperson_lefthand":{"rotation":[0.0,-0.0,-0.0]},"firstperson_lefthand":{"rotation":[0.0,-0.0,-0.0]},"fixed":{"rotation":[0.0,0.0,0.0]},"ground":{"rotation":[0.0,0.0,0.0]},"thirdperson_righthand":{"rotation":[0.0,0.0,0.0]},"gui":{"rotation":[-150.0,-45.0,180.0]}}}