{"textures":{"2":"modelengine:entity/hv_grimleaf","particle":"#2"},"elements":[{"from":[7.8078794,4.952591,4.75],"to":[13.0578785,10.952591,11.25],"faces":{"east":{"uv":[13.55,2.3,13.900001,2.6000001],"tintindex":0,"rotation":0,"texture":"#2"},"south":{"uv":[13.8,14.650001,14.05,14.95],"tintindex":0,"rotation":0,"texture":"#2"},"north":{"uv":[14.650001,13.7,14.900001,14.0],"tintindex":0,"rotation":0,"texture":"#2"},"west":{"uv":[13.55,4.0,13.900001,4.3],"tintindex":0,"rotation":0,"texture":"#2"},"up":{"uv":[7.5,14.95,7.25,14.6],"tintindex":0,"rotation":0,"texture":"#2"},"down":{"uv":[7.75,14.6,7.5,14.95],"tintindex":0,"rotation":0,"texture":"#2"}}}],"display":{"head":{"rotation":[0.0,0.0,0.0]},"firstperson_righthand":{"rotation":[0.0,0.0,0.0]},"thirdperson_lefthand":{"rotation":[0.0,-0.0,-0.0]},"firstperson_lefthand":{"rotation":[0.0,-0.0,-0.0]},"fixed":{"rotation":[0.0,0.0,0.0]},"ground":{"rotation":[0.0,0.0,0.0]},"thirdperson_righthand":{"rotation":[0.0,0.0,0.0]},"gui":{"rotation":[-150.0,-45.0,180.0]}}}