{"textures":{"2":"modelengine:entity/hv_grimleaf","particle":"#2"},"elements":[{"from":[5.75,5.75,5.75],"to":[10.25,10.25,10.25],"faces":{"east":{"uv":[11.25,14.75,11.5,15.0],"tintindex":0,"rotation":0,"texture":"#2"},"south":{"uv":[11.5,14.75,11.75,15.0],"tintindex":0,"rotation":0,"texture":"#2"},"north":{"uv":[14.75,10.5,15.0,10.75],"tintindex":0,"rotation":0,"texture":"#2"},"west":{"uv":[12.5,14.75,12.75,15.0],"tintindex":0,"rotation":0,"texture":"#2"},"up":{"uv":[15.0,12.8,14.75,12.55],"tintindex":0,"rotation":0,"texture":"#2"},"down":{"uv":[15.0,12.8,14.75,13.05],"tintindex":0,"rotation":0,"texture":"#2"}}}],"display":{"head":{"rotation":[0.0,0.0,0.0]},"firstperson_righthand":{"rotation":[0.0,0.0,0.0]},"thirdperson_lefthand":{"rotation":[0.0,-0.0,-0.0]},"firstperson_lefthand":{"rotation":[0.0,-0.0,-0.0]},"fixed":{"rotation":[0.0,0.0,0.0]},"ground":{"rotation":[0.0,0.0,0.0]},"thirdperson_righthand":{"rotation":[0.0,0.0,0.0]},"gui":{"rotation":[-150.0,-45.0,180.0]}}}