{"textures":{"2":"modelengine:entity/hv_grimleaf","particle":"#2"},"elements":[{"from":[5.5,5.75,2.375],"to":[10.5,8.25,9.625],"faces":{"east":{"uv":[10.95,3.45,11.3,3.6000001],"tintindex":0,"rotation":0,"texture":"#2"},"south":{"uv":[14.85,6.7000003,15.1,6.85],"tintindex":0,"rotation":0,"texture":"#2"},"north":{"uv":[14.85,5.9500003,15.1,6.1],"tintindex":0,"rotation":0,"texture":"#2"},"west":{"uv":[12.0,1.3000001,12.35,1.45],"tintindex":0,"rotation":0,"texture":"#2"},"up":{"uv":[14.900001,4.7000003,14.650001,4.35],"tintindex":0,"rotation":0,"texture":"#2"},"down":{"uv":[5.65,14.650001,5.4,15.0],"tintindex":0,"rotation":0,"texture":"#2"}}}],"display":{"head":{"rotation":[0.0,0.0,0.0]},"firstperson_righthand":{"rotation":[0.0,0.0,0.0]},"thirdperson_lefthand":{"rotation":[0.0,-0.0,-0.0]},"firstperson_lefthand":{"rotation":[0.0,-0.0,-0.0]},"fixed":{"rotation":[0.0,0.0,0.0]},"ground":{"rotation":[0.0,0.0,0.0]},"thirdperson_righthand":{"rotation":[0.0,0.0,0.0]},"gui":{"rotation":[-150.0,-45.0,180.0]}}}