{"textures":{"2":"modelengine:entity/hv_grimleaf","particle":"#2"},"elements":[{"from":[5.7083335,0.375,5.5],"to":[10.458333,7.125,10.5],"faces":{"east":{"uv":[8.5,14.6,8.75,14.95],"tintindex":0,"rotation":0,"texture":"#2"},"south":{"uv":[14.6,11.1,14.85,11.45],"tintindex":0,"rotation":0,"texture":"#2"},"north":{"uv":[8.25,14.6,8.5,14.95],"tintindex":0,"rotation":0,"texture":"#2"},"west":{"uv":[14.6,11.45,14.85,11.8],"tintindex":0,"rotation":0,"texture":"#2"},"up":{"uv":[14.55,14.95,14.3,14.7],"tintindex":0,"rotation":0,"texture":"#2"},"down":{"uv":[14.8,14.7,14.55,14.95],"tintindex":0,"rotation":0,"texture":"#2"}}},{"from":[5.9583335,-0.875,5.75],"to":[10.208333,9.125,10.25],"faces":{"east":{"uv":[7.6,12.55,7.85,13.05],"tintindex":0,"rotation":0,"texture":"#2"},"south":{"uv":[4.0,14.55,4.2000003,15.05],"tintindex":0,"rotation":0,"texture":"#2"},"north":{"uv":[10.900001,14.5,11.1,15.0],"tintindex":0,"rotation":0,"texture":"#2"},"west":{"uv":[1.0500001,14.25,1.3000001,14.75],"tintindex":0,"rotation":0,"texture":"#2"},"up":{"uv":[13.75,11.75,13.55,11.5],"tintindex":0,"rotation":0,"texture":"#2"},"down":{"uv":[14.150001,4.9,13.95,5.15],"tintindex":0,"rotation":0,"texture":"#2"}}}],"display":{"head":{"rotation":[0.0,0.0,0.0]},"firstperson_righthand":{"rotation":[0.0,0.0,0.0]},"thirdperson_lefthand":{"rotation":[0.0,-0.0,-0.0]},"firstperson_lefthand":{"rotation":[0.0,-0.0,-0.0]},"fixed":{"rotation":[0.0,0.0,0.0]},"ground":{"rotation":[0.0,0.0,0.0]},"thirdperson_righthand":{"rotation":[0.0,0.0,0.0]},"gui":{"rotation":[-150.0,-45.0,180.0]}}}