{"textures":{"2":"modelengine:entity/hv_grimleaf","particle":"#2"},"elements":[{"from":[9.512501,7.0,1.5],"to":[12.762501,9.0,14.5],"faces":{"east":{"uv":[14.5,3.55,15.150001,3.65],"tintindex":0,"rotation":0,"texture":"#2"},"south":{"uv":[2.8,8.3,2.95,8.400001],"tintindex":0,"rotation":0,"texture":"#2"},"north":{"uv":[7.7000003,5.4,7.85,5.5],"tintindex":0,"rotation":0,"texture":"#2"},"west":{"uv":[14.55,9.650001,15.2,9.75],"tintindex":0,"rotation":0,"texture":"#2"},"up":{"uv":[11.900001,15.0,11.75,14.35],"tintindex":0,"rotation":0,"texture":"#2"},"down":{"uv":[14.7,8.2,14.55,8.85],"tintindex":0,"rotation":0,"texture":"#2"}},"rotation":{"origin":[10.887501,8.0,8.0],"angle":45.0,"axis":"x"}},{"from":[7.8125,-6.5,-6.5],"to":[7.8125,22.5,22.5],"faces":{"east":{"uv":[0.0,4.0,1.45,5.4500003],"tintindex":0,"rotation":0,"texture":"#2"},"west":{"uv":[1.45,4.0,2.9,5.4500003],"tintindex":0,"rotation":0,"texture":"#2"}}},{"from":[6.8125,-2.5,-2.5],"to":[9.5625,18.5,18.5],"faces":{"east":{"uv":[2.9,5.2000003,3.95,6.25],"tintindex":0,"rotation":0,"texture":"#2"},"south":{"uv":[7.75,8.3,7.9,9.35],"tintindex":0,"rotation":0,"texture":"#2"},"north":{"uv":[7.6,8.3,7.75,9.35],"tintindex":0,"rotation":0,"texture":"#2"},"west":{"uv":[3.95,5.2000003,5.0,6.25],"tintindex":0,"rotation":0,"texture":"#2"},"up":{"uv":[3.6000001,9.45,3.45,8.400001],"tintindex":0,"rotation":0,"texture":"#2"},"down":{"uv":[11.25,14.05,11.1,15.1],"tintindex":0,"rotation":0,"texture":"#2"}}}],"display":{"head":{"rotation":[0.0,0.0,0.0]},"firstperson_righthand":{"rotation":[0.0,0.0,0.0]},"thirdperson_lefthand":{"rotation":[0.0,-0.0,-0.0]},"firstperson_lefthand":{"rotation":[0.0,-0.0,-0.0]},"fixed":{"rotation":[0.0,0.0,0.0]},"ground":{"rotation":[0.0,0.0,0.0]},"thirdperson_righthand":{"rotation":[0.0,0.0,0.0]},"gui":{"rotation":[-150.0,-45.0,180.0]}}}