{"textures":{"0":"modelengine:entity/hv_grimleaf_vfx","particle":"#0"},"elements":[{"from":[8.5,-8.189341,2.0],"to":[8.5,3.8106594,14.0],"faces":{"east":{"uv":[0.0,8.0,8.0,0.0],"tintindex":0,"rotation":0,"texture":"#0"},"west":{"uv":[8.0,8.0,0.0,0.0],"tintindex":0,"rotation":0,"texture":"#0"}},"rotation":{"origin":[8.0,-3.9393406,8.0],"angle":45.0,"axis":"x"}},{"from":[8.5,0.24999952,2.0],"to":[8.5,12.249999,14.0],"faces":{"east":{"uv":[0.0,0.0,8.0,8.0],"tintindex":0,"rotation":0,"texture":"#0"},"west":{"uv":[8.0,0.0,0.0,8.0],"tintindex":0,"rotation":0,"texture":"#0"}},"rotation":{"origin":[8.0,8.0,8.0],"angle":45.0,"axis":"x"}}],"display":{"head":{"rotation":[0.0,0.0,0.0]},"firstperson_righthand":{"rotation":[0.0,0.0,0.0]},"thirdperson_lefthand":{"rotation":[0.0,-0.0,-0.0]},"firstperson_lefthand":{"rotation":[0.0,-0.0,-0.0]},"fixed":{"rotation":[0.0,0.0,0.0]},"ground":{"rotation":[0.0,0.0,0.0]},"thirdperson_righthand":{"rotation":[0.0,0.0,0.0]},"gui":{"rotation":[-150.0,-45.0,180.0]}}}