{"textures":{"0":"modelengine:entity/hv_grimleaf_vfx","particle":"#0"},"elements":[{"from":[8.0,-4.0,-3.999998],"to":[8.0,20.0,20.0],"faces":{"east":{"uv":[0.0,0.0,8.0,8.0],"tintindex":0,"rotation":90,"texture":"#0"},"west":{"uv":[8.0,0.0,0.0,8.0],"tintindex":0,"rotation":270,"texture":"#0"}}},{"from":[-3.8500004,7.3500004,-2.999998],"to":[20.15,7.3500004,21.0],"faces":{"up":{"uv":[0.0,0.0,8.0,8.0],"tintindex":0,"rotation":0,"texture":"#0"},"down":{"uv":[8.0,0.0,0.0,8.0],"tintindex":0,"rotation":180,"texture":"#0"}}}],"display":{"head":{"rotation":[0.0,0.0,0.0]},"firstperson_righthand":{"rotation":[0.0,0.0,0.0]},"thirdperson_lefthand":{"rotation":[0.0,-0.0,-0.0]},"firstperson_lefthand":{"rotation":[0.0,-0.0,-0.0]},"fixed":{"rotation":[0.0,0.0,0.0]},"ground":{"rotation":[0.0,0.0,0.0]},"thirdperson_righthand":{"rotation":[0.0,0.0,0.0]},"gui":{"rotation":[-150.0,-45.0,180.0]}}}