{"textures":{"2":"modelengine:entity/hv_grimleaf","particle":"#2"},"elements":[{"from":[6.4375,7.8499994,0.8500004],"to":[6.4375,11.099999,4.85],"faces":{"east":{"uv":[14.2,11.650001,14.6,12.0],"tintindex":0,"rotation":0,"texture":"#2"},"west":{"uv":[0.45000002,14.25,0.85,14.6],"tintindex":0,"rotation":0,"texture":"#2"}}},{"from":[8.176067,4.1974077,1.3000002],"to":[8.176067,7.4474077,4.8],"faces":{"east":{"uv":[12.25,14.3,12.6,14.650001],"tintindex":0,"rotation":0,"texture":"#2"},"west":{"uv":[14.3,13.650001,14.650001,14.0],"tintindex":0,"rotation":0,"texture":"#2"}},"rotation":{"origin":[8.051067,6.3224077,3.3000002],"angle":45.0,"axis":"y"}},{"from":[5.8125,8.65,10.6],"to":[7.0625,9.9,14.6],"faces":{"east":{"uv":[11.1,5.35,11.5,5.5],"tintindex":0,"rotation":0,"texture":"#2"},"south":{"uv":[3.3,11.150001,3.4,11.3],"tintindex":0,"rotation":0,"texture":"#2"},"north":{"uv":[3.3,11.0,3.4,11.150001],"tintindex":0,"rotation":0,"texture":"#2"},"west":{"uv":[14.650001,4.7000003,15.05,4.85],"tintindex":0,"rotation":0,"texture":"#2"},"up":{"uv":[9.95,9.1,9.85,8.7],"tintindex":0,"rotation":0,"texture":"#2"},"down":{"uv":[11.650001,7.9500003,11.55,8.35],"tintindex":0,"rotation":0,"texture":"#2"}},"rotation":{"origin":[6.4375,9.275,12.6],"angle":-22.5,"axis":"x"}},{"from":[5.8125,9.849999,-8.299999],"to":[7.0625,11.099999,-2.3000002],"faces":{"east":{"uv":[8.6,6.6,9.2,6.75],"tintindex":0,"rotation":0,"texture":"#2"},"south":{"uv":[11.45,12.95,11.55,13.1],"tintindex":0,"rotation":0,"texture":"#2"},"north":{"uv":[11.45,12.8,11.55,12.95],"tintindex":0,"rotation":0,"texture":"#2"},"west":{"uv":[9.8,6.4,10.400001,6.55],"tintindex":0,"rotation":0,"texture":"#2"},"up":{"uv":[3.7,9.0,3.6000001,8.400001],"tintindex":0,"rotation":0,"texture":"#2"},"down":{"uv":[3.7,9.0,3.6000001,9.6],"tintindex":0,"rotation":0,"texture":"#2"}},"rotation":{"origin":[6.4375,10.474999,-4.3],"angle":-22.5,"axis":"x"}},{"from":[5.8125,7.2,0.8999996],"to":[7.0625,8.45,4.9],"faces":{"east":{"uv":[14.8,14.0,15.2,14.150001],"tintindex":0,"rotation":0,"texture":"#2"},"south":{"uv":[11.0,12.6,11.1,12.75],"tintindex":0,"rotation":0,"texture":"#2"},"north":{"uv":[12.55,2.8500001,12.650001,3.0],"tintindex":0,"rotation":0,"texture":"#2"},"west":{"uv":[14.8,14.150001,15.2,14.3],"tintindex":0,"rotation":0,"texture":"#2"},"up":{"uv":[12.650001,8.900001,12.55,8.5],"tintindex":0,"rotation":0,"texture":"#2"},"down":{"uv":[12.75,0.90000004,12.650001,1.3000001],"tintindex":0,"rotation":0,"texture":"#2"}},"rotation":{"origin":[6.4375,7.825,2.9],"angle":-22.5,"axis":"x"}},{"from":[5.8625,9.4,14.2],"to":[7.1125,10.65,20.7],"faces":{"east":{"uv":[14.55,1.0500001,15.2,1.2],"tintindex":0,"rotation":0,"texture":"#2"},"south":{"uv":[10.650001,8.55,10.75,8.7],"tintindex":0,"rotation":0,"texture":"#2"},"north":{"uv":[10.650001,8.400001,10.75,8.55],"tintindex":0,"rotation":0,"texture":"#2"},"west":{"uv":[14.55,1.2,15.2,1.35],"tintindex":0,"rotation":0,"texture":"#2"},"up":{"uv":[7.2000003,6.8,7.1,6.15],"tintindex":0,"rotation":0,"texture":"#2"},"down":{"uv":[1.4,8.2,1.3000001,8.85],"tintindex":0,"rotation":0,"texture":"#2"}}},{"from":[5.8625,8.799999,-4.3500004],"to":[7.1125,10.049999,2.15],"faces":{"east":{"uv":[14.5,6.85,15.150001,7.0],"tintindex":0,"rotation":0,"texture":"#2"},"south":{"uv":[7.5,10.1,7.6,10.25],"tintindex":0,"rotation":0,"texture":"#2"},"north":{"uv":[4.25,10.1,4.35,10.25],"tintindex":0,"rotation":0,"texture":"#2"},"west":{"uv":[14.5,7.0,15.150001,7.15],"tintindex":0,"rotation":0,"texture":"#2"},"up":{"uv":[1.5,7.4500003,1.4,6.8],"tintindex":0,"rotation":0,"texture":"#2"},"down":{"uv":[7.2000003,5.5,7.1,6.15],"tintindex":0,"rotation":0,"texture":"#2"}},"rotation":{"origin":[8.05,8.799999,-1.1000004],"angle":45.0,"axis":"x"}},{"from":[6.481784,9.599999,-1.7442837],"to":[9.981784,12.849999,-1.7442837],"faces":{"south":{"uv":[11.900001,14.3,12.25,14.650001],"tintindex":0,"rotation":0,"texture":"#2"},"north":{"uv":[14.3,7.5,14.650001,7.85],"tintindex":0,"rotation":0,"texture":"#2"}},"rotation":{"origin":[8.481784,10.724999,-1.6192837],"angle":45.0,"axis":"y"}},{"from":[6.3817835,7.8499994,-4.2442837],"to":[9.8817835,11.099999,-4.2442837],"faces":{"south":{"uv":[14.35,0.35,14.7,0.7],"tintindex":0,"rotation":0,"texture":"#2"},"north":{"uv":[14.35,0.0,14.7,0.35],"tintindex":0,"rotation":0,"texture":"#2"}},"rotation":{"origin":[7.8817835,8.974999,-4.1192837],"angle":-45.0,"axis":"y"}},{"from":[6.4375,7.8499994,-10.65],"to":[6.4375,11.099999,-6.6499996],"faces":{"east":{"uv":[14.05,3.65,14.45,4.0],"tintindex":0,"rotation":0,"texture":"#2"},"west":{"uv":[14.2,11.3,14.6,11.650001],"tintindex":0,"rotation":0,"texture":"#2"}}},{"from":[5.7625,7.95,4.5],"to":[7.0125,9.2,11.0],"faces":{"east":{"uv":[10.75,9.35,11.400001,9.5],"tintindex":0,"rotation":0,"texture":"#2"},"south":{"uv":[3.45,9.45,3.6000001,9.6],"tintindex":0,"rotation":0,"texture":"#2"},"north":{"uv":[5.65,8.1,5.8,8.25],"tintindex":0,"rotation":0,"texture":"#2"},"west":{"uv":[14.5,3.4,15.150001,3.55],"tintindex":0,"rotation":0,"texture":"#2"},"up":{"uv":[8.900001,15.2,8.75,14.55],"tintindex":0,"rotation":0,"texture":"#2"},"down":{"uv":[14.7,8.85,14.55,9.5],"tintindex":0,"rotation":0,"texture":"#2"}}},{"from":[5.8125,8.7,20.3],"to":[7.0625,9.95,24.3],"faces":{"east":{"uv":[14.7,0.55,15.1,0.7],"tintindex":0,"rotation":0,"texture":"#2"},"south":{"uv":[12.55,2.7,12.650001,2.8500001],"tintindex":0,"rotation":0,"texture":"#2"},"north":{"uv":[10.55,11.900001,10.650001,12.05],"tintindex":0,"rotation":0,"texture":"#2"},"west":{"uv":[14.75,6.35,15.150001,6.5],"tintindex":0,"rotation":0,"texture":"#2"},"up":{"uv":[11.85,1.85,11.75,1.45],"tintindex":0,"rotation":0,"texture":"#2"},"down":{"uv":[1.9,12.400001,1.8000001,12.8],"tintindex":0,"rotation":0,"texture":"#2"}},"rotation":{"origin":[6.4375,9.325,22.3],"angle":22.5,"axis":"x"}},{"from":[3.3817835,7.8499994,-1.7442837],"to":[5.8817835,11.099999,-1.7442837],"faces":{"south":{"uv":[14.650001,4.0,14.900001,4.35],"tintindex":0,"rotation":0,"texture":"#2"},"north":{"uv":[2.8500001,14.650001,3.1000001,15.0],"tintindex":0,"rotation":0,"texture":"#2"}},"rotation":{"origin":[3.8817835,8.974999,-1.6192837],"angle":-45.0,"axis":"z"}},{"from":[5.7625,8.0,23.9],"to":[7.0125,9.25,25.9],"faces":{"east":{"uv":[10.400001,4.65,10.6,4.8],"tintindex":0,"rotation":0,"texture":"#2"},"south":{"uv":[11.0,10.0,11.150001,10.150001],"tintindex":0,"rotation":0,"texture":"#2"},"north":{"uv":[10.25,3.8500001,10.400001,4.0],"tintindex":0,"rotation":0,"texture":"#2"},"west":{"uv":[11.400001,9.35,11.6,9.5],"tintindex":0,"rotation":0,"texture":"#2"},"up":{"uv":[10.400001,3.8500001,10.25,3.65],"tintindex":0,"rotation":0,"texture":"#2"},"down":{"uv":[7.5,10.8,7.35,11.0],"tintindex":0,"rotation":0,"texture":"#2"}}},{"from":[5.7625,6.8499994,-7.8999996],"to":[7.0125,8.099999,-3.8999996],"faces":{"east":{"uv":[14.8,14.3,15.2,14.45],"tintindex":0,"rotation":0,"texture":"#2"},"south":{"uv":[12.0,7.75,12.150001,7.9],"tintindex":0,"rotation":0,"texture":"#2"},"north":{"uv":[12.0,7.6,12.150001,7.75],"tintindex":0,"rotation":0,"texture":"#2"},"west":{"uv":[14.8,14.45,15.2,14.6],"tintindex":0,"rotation":0,"texture":"#2"},"up":{"uv":[5.0,6.65,4.85,6.25],"tintindex":0,"rotation":0,"texture":"#2"},"down":{"uv":[7.5,10.400001,7.35,10.8],"tintindex":0,"rotation":0,"texture":"#2"}},"rotation":{"origin":[6.3875,7.4749994,-5.8999996],"angle":45.0,"axis":"x"}},{"from":[6.231784,8.849999,0.25571632],"to":[9.731784,12.099999,0.25571632],"faces":{"south":{"uv":[2.45,14.3,2.8,14.650001],"tintindex":0,"rotation":0,"texture":"#2"},"north":{"uv":[2.1000001,14.3,2.45,14.650001],"tintindex":0,"rotation":0,"texture":"#2"}},"rotation":{"origin":[8.231784,9.974999,0.38071632],"angle":-22.5,"axis":"y"}},{"from":[6.4375,2.8499994,-5.8],"to":[6.4375,6.0999994,-3.3000002],"faces":{"east":{"uv":[14.650001,2.3,14.900001,2.65],"tintindex":0,"rotation":0,"texture":"#2"},"west":{"uv":[2.3500001,14.650001,2.6000001,15.0],"tintindex":0,"rotation":0,"texture":"#2"}},"rotation":{"origin":[6.5625,3.9749994,-5.3],"angle":-22.5,"axis":"x"}},{"from":[2.7317839,9.099999,-5.7442837],"to":[6.231784,12.349999,-5.7442837],"faces":{"south":{"uv":[14.3,7.15,14.650001,7.5],"tintindex":0,"rotation":0,"texture":"#2"},"north":{"uv":[2.8,14.3,3.15,14.650001],"tintindex":0,"rotation":0,"texture":"#2"}},"rotation":{"origin":[4.731784,10.224999,-5.6192837],"angle":45.0,"axis":"z"}},{"from":[6.4375,5.3499994,-2.3000002],"to":[6.4375,8.599999,0.19999981],"faces":{"east":{"uv":[2.6000001,14.650001,2.8500001,15.0],"tintindex":0,"rotation":0,"texture":"#2"},"west":{"uv":[14.650001,2.65,14.900001,3.0],"tintindex":0,"rotation":0,"texture":"#2"}},"rotation":{"origin":[6.5625,6.4749994,-1.8000002],"angle":45.0,"axis":"x"}},{"from":[5.1875,6.5487037,0.20129585],"to":[5.1875,10.548703,3.4512959],"faces":{"east":{"uv":[11.7,8.900001,12.05,9.3],"tintindex":0,"rotation":0,"texture":"#2"},"west":{"uv":[11.85,3.05,12.2,3.45],"tintindex":0,"rotation":0,"texture":"#2"}},"rotation":{"origin":[5.3125,9.548703,1.3262959],"angle":-45.0,"axis":"y"}},{"from":[6.4375,10.849999,-4.8],"to":[6.4375,14.099999,-2.3000002],"faces":{"east":{"uv":[14.6,11.8,14.85,12.150001],"tintindex":0,"rotation":0,"texture":"#2"},"west":{"uv":[2.1000001,14.650001,2.3500001,15.0],"tintindex":0,"rotation":0,"texture":"#2"}},"rotation":{"origin":[6.5625,11.974999,-4.3],"angle":-22.5,"axis":"x"}}],"display":{"head":{"rotation":[0.0,0.0,0.0]},"firstperson_righthand":{"rotation":[0.0,0.0,0.0]},"thirdperson_lefthand":{"rotation":[0.0,-0.0,-0.0]},"firstperson_lefthand":{"rotation":[0.0,-0.0,-0.0]},"fixed":{"rotation":[0.0,0.0,0.0]},"ground":{"rotation":[0.0,0.0,0.0]},"thirdperson_righthand":{"rotation":[0.0,0.0,0.0]},"gui":{"rotation":[-150.0,-45.0,180.0]}}}