{"textures":{"2":"modelengine:entity/hv_grimleaf","particle":"#2"},"elements":[{"from":[4.125,7.5,5.25],"to":[11.875,14.5,10.75],"faces":{"east":{"uv":[11.0,6.05,11.3,6.4],"tintindex":0,"rotation":0,"texture":"#2"},"south":{"uv":[1.4,13.3,1.8000001,13.650001],"tintindex":0,"rotation":0,"texture":"#2"},"north":{"uv":[10.6,6.05,11.0,6.4],"tintindex":0,"rotation":0,"texture":"#2"},"west":{"uv":[13.55,7.2000003,13.85,7.55],"tintindex":0,"rotation":0,"texture":"#2"},"up":{"uv":[13.55,11.8,13.150001,11.5],"tintindex":0,"rotation":0,"texture":"#2"},"down":{"uv":[14.6,12.0,14.2,12.3],"tintindex":0,"rotation":0,"texture":"#2"}}}],"display":{"head":{"rotation":[0.0,0.0,0.0]},"firstperson_righthand":{"rotation":[0.0,0.0,0.0]},"thirdperson_lefthand":{"rotation":[0.0,-0.0,-0.0]},"firstperson_lefthand":{"rotation":[0.0,-0.0,-0.0]},"fixed":{"rotation":[0.0,0.0,0.0]},"ground":{"rotation":[0.0,0.0,0.0]},"thirdperson_righthand":{"rotation":[0.0,0.0,0.0]},"gui":{"rotation":[-150.0,-45.0,180.0]}}}