{"textures":{"2":"modelengine:entity/hv_grimleaf","particle":"#2"},"elements":[{"from":[3.625,-15.643002,-4.3663483],"to":[12.375,1.8569965,4.3836517],"faces":{"east":{"uv":[5.8,12.2,6.25,13.1],"tintindex":0,"rotation":0,"texture":"#2"},"south":{"uv":[11.55,12.2,12.0,13.1],"tintindex":0,"rotation":0,"texture":"#2"},"north":{"uv":[12.2,4.85,12.650001,5.75],"tintindex":0,"rotation":0,"texture":"#2"},"west":{"uv":[0.0,12.25,0.45000002,13.150001],"tintindex":0,"rotation":0,"texture":"#2"},"up":{"uv":[14.3,14.150001,13.85,13.7],"tintindex":0,"rotation":0,"texture":"#2"},"down":{"uv":[14.35,0.0,13.900001,0.45000002],"tintindex":0,"rotation":0,"texture":"#2"}},"rotation":{"origin":[8.0,-6.8930035,0.008651733],"angle":-22.5,"axis":"x"}},{"from":[3.625,12.044497,13.758652],"to":[12.375,20.794498,30.008652],"faces":{"east":{"uv":[12.8,0.90000004,13.6,1.35],"tintindex":0,"rotation":0,"texture":"#2"},"south":{"uv":[13.85,7.65,14.3,8.1],"tintindex":0,"rotation":0,"texture":"#2"},"north":{"uv":[13.85,7.2000003,14.3,7.65],"tintindex":0,"rotation":0,"texture":"#2"},"west":{"uv":[12.8,1.35,13.6,1.8000001],"tintindex":0,"rotation":0,"texture":"#2"},"up":{"uv":[4.65,13.6,4.2000003,12.8],"tintindex":0,"rotation":0,"texture":"#2"},"down":{"uv":[10.1,12.8,9.650001,13.6],"tintindex":0,"rotation":0,"texture":"#2"}},"rotation":{"origin":[8.0,16.419497,21.883652],"angle":22.5,"axis":"x"}},{"from":[3.3125,-2.9555035,-4.4913483],"to":[12.6875,15.794497,4.8836517],"faces":{"east":{"uv":[11.3,4.4,11.75,5.35],"tintindex":0,"rotation":0,"texture":"#2"},"south":{"uv":[11.3,6.05,11.75,7.0],"tintindex":0,"rotation":0,"texture":"#2"},"north":{"uv":[11.3,3.45,11.75,4.4],"tintindex":0,"rotation":0,"texture":"#2"},"west":{"uv":[6.3,11.3,6.75,12.25],"tintindex":0,"rotation":0,"texture":"#2"},"up":{"uv":[12.35,14.3,11.900001,13.85],"tintindex":0,"rotation":0,"texture":"#2"},"down":{"uv":[12.8,13.85,12.35,14.3],"tintindex":0,"rotation":0,"texture":"#2"}},"rotation":{"origin":[8.0,5.7944965,0.19615173],"angle":22.5,"axis":"x"}},{"from":[3.0,10.481997,0.63365173],"to":[13.0,20.481997,18.758652],"faces":{"east":{"uv":[10.400001,6.4,11.3,6.9],"tintindex":0,"rotation":0,"texture":"#2"},"south":{"uv":[13.55,1.8000001,14.05,2.3],"tintindex":0,"rotation":0,"texture":"#2"},"north":{"uv":[0.0,13.55,0.5,14.05],"tintindex":0,"rotation":0,"texture":"#2"},"west":{"uv":[10.400001,6.9,11.3,7.4],"tintindex":0,"rotation":0,"texture":"#2"},"up":{"uv":[7.35,11.3,6.85,10.400001],"tintindex":0,"rotation":0,"texture":"#2"},"down":{"uv":[8.7,10.400001,8.2,11.3],"tintindex":0,"rotation":0,"texture":"#2"}},"rotation":{"origin":[8.0,15.481997,9.383652],"angle":-22.5,"axis":"x"}}],"display":{"head":{"rotation":[0.0,0.0,0.0]},"firstperson_righthand":{"rotation":[0.0,0.0,0.0]},"thirdperson_lefthand":{"rotation":[0.0,-0.0,-0.0]},"firstperson_lefthand":{"rotation":[0.0,-0.0,-0.0]},"fixed":{"rotation":[0.0,0.0,0.0]},"ground":{"rotation":[0.0,0.0,0.0]},"thirdperson_righthand":{"rotation":[0.0,0.0,0.0]},"gui":{"rotation":[-150.0,-45.0,180.0]}}}