{"textures":{"2":"modelengine:entity/hv_grimleaf","particle":"#2"},"elements":[{"from":[4.71875,11.033373,12.318985],"to":[11.28125,17.595873,24.506485],"faces":{"east":{"uv":[8.6,5.3,9.8,5.9500003],"tintindex":0,"rotation":0,"texture":"#2"},"south":{"uv":[12.0,0.65000004,12.650001,1.3000001],"tintindex":0,"rotation":0,"texture":"#2"},"north":{"uv":[12.0,0.0,12.650001,0.65000004],"tintindex":0,"rotation":0,"texture":"#2"},"west":{"uv":[8.6,5.9500003,9.8,6.6],"tintindex":0,"rotation":0,"texture":"#2"},"up":{"uv":[1.95,10.150001,1.3000001,8.95],"tintindex":0,"rotation":0,"texture":"#2"},"down":{"uv":[2.6000001,9.0,1.95,10.2],"tintindex":0,"rotation":0,"texture":"#2"}},"rotation":{"origin":[8.0,14.314623,18.412735],"angle":22.5,"axis":"x"}},{"from":[4.484375,-0.21662712,-1.368515],"to":[11.515625,13.845873,5.662735],"faces":{"east":{"uv":[3.0,7.0,3.7,8.400001],"tintindex":0,"rotation":0,"texture":"#2"},"south":{"uv":[7.2000003,5.5,7.9,6.9],"tintindex":0,"rotation":0,"texture":"#2"},"north":{"uv":[6.5,6.85,7.2000003,8.25],"tintindex":0,"rotation":0,"texture":"#2"},"west":{"uv":[7.2000003,6.9,7.9,8.3],"tintindex":0,"rotation":0,"texture":"#2"},"up":{"uv":[4.9500003,11.0,4.25,10.3],"tintindex":0,"rotation":0,"texture":"#2"},"down":{"uv":[8.2,10.3,7.5,11.0],"tintindex":0,"rotation":0,"texture":"#2"}},"rotation":{"origin":[8.0,6.3458724,2.14711],"angle":22.5,"axis":"x"}},{"from":[4.25,9.861498,2.475235],"to":[11.75,17.361498,16.068985],"faces":{"east":{"uv":[1.5,5.4500003,2.8500001,6.2000003],"tintindex":0,"rotation":0,"texture":"#2"},"south":{"uv":[0.75,10.150001,1.5,10.900001],"tintindex":0,"rotation":0,"texture":"#2"},"north":{"uv":[9.2,10.0,9.95,10.75],"tintindex":0,"rotation":0,"texture":"#2"},"west":{"uv":[5.0,5.9500003,6.35,6.7000003],"tintindex":0,"rotation":0,"texture":"#2"},"up":{"uv":[2.25,7.55,1.5,6.2000003],"tintindex":0,"rotation":0,"texture":"#2"},"down":{"uv":[3.0,6.25,2.25,7.6],"tintindex":0,"rotation":0,"texture":"#2"}},"rotation":{"origin":[8.0,13.611498,9.037735],"angle":-22.5,"axis":"x"}},{"from":[4.71875,-9.607252,-1.274765],"to":[11.28125,3.5177474,5.287735],"faces":{"east":{"uv":[0.0,8.2,0.65000004,9.5],"tintindex":0,"rotation":0,"texture":"#2"},"south":{"uv":[0.65000004,8.2,1.3000001,9.5],"tintindex":0,"rotation":0,"texture":"#2"},"north":{"uv":[7.9,8.1,8.55,9.400001],"tintindex":0,"rotation":0,"texture":"#2"},"west":{"uv":[5.65,8.25,6.3,9.55],"tintindex":0,"rotation":0,"texture":"#2"},"up":{"uv":[12.650001,7.6,12.0,6.9500003],"tintindex":0,"rotation":0,"texture":"#2"},"down":{"uv":[12.7,8.900001,12.05,9.55],"tintindex":0,"rotation":0,"texture":"#2"}},"rotation":{"origin":[8.0,-3.0447521,2.006485],"angle":-22.5,"axis":"x"}}],"display":{"head":{"rotation":[0.0,0.0,0.0]},"firstperson_righthand":{"rotation":[0.0,0.0,0.0]},"thirdperson_lefthand":{"rotation":[0.0,-0.0,-0.0]},"firstperson_lefthand":{"rotation":[0.0,-0.0,-0.0]},"fixed":{"rotation":[0.0,0.0,0.0]},"ground":{"rotation":[0.0,0.0,0.0]},"thirdperson_righthand":{"rotation":[0.0,0.0,0.0]},"gui":{"rotation":[-150.0,-45.0,180.0]}}}