{"textures":{"2":"modelengine:entity/hv_grimleaf","particle":"#2"},"elements":[{"from":[3.3125,-2.9555035,-4.4913483],"to":[12.6875,15.794497,4.8836517],"faces":{"east":{"uv":[9.650001,11.85,10.1,12.8],"tintindex":0,"rotation":0,"texture":"#2"},"south":{"uv":[11.900001,1.45,12.35,2.4],"tintindex":0,"rotation":0,"texture":"#2"},"north":{"uv":[0.45000002,11.8,0.90000004,12.75],"tintindex":0,"rotation":0,"texture":"#2"},"west":{"uv":[1.9,11.900001,2.3500001,12.85],"tintindex":0,"rotation":0,"texture":"#2"},"up":{"uv":[14.6,5.8,14.150001,5.35],"tintindex":0,"rotation":0,"texture":"#2"},"down":{"uv":[14.6,5.8,14.150001,6.25],"tintindex":0,"rotation":0,"texture":"#2"}},"rotation":{"origin":[8.0,5.7944965,0.19615173],"angle":22.5,"axis":"x"}},{"from":[3.625,-15.143002,-4.3663483],"to":[12.375,2.3569965,4.3836517],"faces":{"east":{"uv":[12.650001,3.1000001,13.1,4.0],"tintindex":0,"rotation":0,"texture":"#2"},"south":{"uv":[12.650001,4.0,13.1,4.9],"tintindex":0,"rotation":0,"texture":"#2"},"north":{"uv":[12.650001,2.2,13.1,3.1000001],"tintindex":0,"rotation":0,"texture":"#2"},"west":{"uv":[12.650001,6.65,13.1,7.55],"tintindex":0,"rotation":0,"texture":"#2"},"up":{"uv":[6.5,14.6,6.05,14.150001],"tintindex":0,"rotation":0,"texture":"#2"},"down":{"uv":[7.55,14.150001,7.1,14.6],"tintindex":0,"rotation":0,"texture":"#2"}},"rotation":{"origin":[8.0,-6.3930035,0.008651733],"angle":-22.5,"axis":"x"}},{"from":[3.625,12.044497,13.758652],"to":[12.375,20.794498,30.008652],"faces":{"east":{"uv":[13.1,4.3,13.900001,4.75],"tintindex":0,"rotation":0,"texture":"#2"},"south":{"uv":[5.1,14.150001,5.55,14.6],"tintindex":0,"rotation":0,"texture":"#2"},"north":{"uv":[14.150001,4.9,14.6,5.35],"tintindex":0,"rotation":0,"texture":"#2"},"west":{"uv":[13.1,6.25,13.900001,6.7000003],"tintindex":0,"rotation":0,"texture":"#2"},"up":{"uv":[13.55,7.5,13.1,6.7000003],"tintindex":0,"rotation":0,"texture":"#2"},"down":{"uv":[11.900001,13.1,11.45,13.900001],"tintindex":0,"rotation":0,"texture":"#2"}},"rotation":{"origin":[8.0,16.419497,21.883652],"angle":22.5,"axis":"x"}},{"from":[3.0,10.481997,0.63365173],"to":[13.0,20.481997,18.758652],"faces":{"east":{"uv":[11.0,2.4,11.900001,2.9],"tintindex":0,"rotation":0,"texture":"#2"},"south":{"uv":[8.7,13.650001,9.2,14.150001],"tintindex":0,"rotation":0,"texture":"#2"},"north":{"uv":[13.650001,8.45,14.150001,8.95],"tintindex":0,"rotation":0,"texture":"#2"},"west":{"uv":[11.05,0.0,11.95,0.5],"tintindex":0,"rotation":0,"texture":"#2"},"up":{"uv":[7.85,11.900001,7.35,11.0],"tintindex":0,"rotation":0,"texture":"#2"},"down":{"uv":[11.55,0.5,11.05,1.4],"tintindex":0,"rotation":0,"texture":"#2"}},"rotation":{"origin":[8.0,15.481997,9.383652],"angle":-22.5,"axis":"x"}}],"display":{"head":{"rotation":[0.0,0.0,0.0]},"firstperson_righthand":{"rotation":[0.0,0.0,0.0]},"thirdperson_lefthand":{"rotation":[0.0,-0.0,-0.0]},"firstperson_lefthand":{"rotation":[0.0,-0.0,-0.0]},"fixed":{"rotation":[0.0,0.0,0.0]},"ground":{"rotation":[0.0,0.0,0.0]},"thirdperson_righthand":{"rotation":[0.0,0.0,0.0]},"gui":{"rotation":[-150.0,-45.0,180.0]}}}