{"textures":{"2":"modelengine:entity/hv_grimleaf","particle":"#2"},"elements":[{"from":[4.71875,-9.607252,-1.274765],"to":[11.28125,3.5177474,5.287739],"faces":{"east":{"uv":[3.7,8.3,4.35,9.6],"tintindex":0,"rotation":0,"texture":"#2"},"south":{"uv":[6.9500003,8.3,7.6,9.6],"tintindex":0,"rotation":0,"texture":"#2"},"north":{"uv":[6.3,8.25,6.9500003,9.55],"tintindex":0,"rotation":0,"texture":"#2"},"west":{"uv":[2.8,8.400001,3.45,9.7],"tintindex":0,"rotation":0,"texture":"#2"},"up":{"uv":[12.7,11.5,12.05,10.85],"tintindex":0,"rotation":0,"texture":"#2"},"down":{"uv":[12.7,11.5,12.05,12.150001],"tintindex":0,"rotation":0,"texture":"#2"}},"rotation":{"origin":[8.0,-3.0447521,2.006485],"angle":-22.5,"axis":"x"}},{"from":[4.25,9.861498,2.4752388],"to":[11.75,17.361498,16.068989],"faces":{"east":{"uv":[3.0,6.25,4.35,7.0],"tintindex":0,"rotation":0,"texture":"#2"},"south":{"uv":[10.25,2.2,11.0,2.95],"tintindex":0,"rotation":0,"texture":"#2"},"north":{"uv":[1.5,10.2,2.25,10.95],"tintindex":0,"rotation":0,"texture":"#2"},"west":{"uv":[6.35,4.75,7.7000003,5.5],"tintindex":0,"rotation":0,"texture":"#2"},"up":{"uv":[7.1,6.85,6.35,5.5],"tintindex":0,"rotation":0,"texture":"#2"},"down":{"uv":[5.1,6.7000003,4.35,8.05],"tintindex":0,"rotation":0,"texture":"#2"}},"rotation":{"origin":[8.0,13.611498,9.037739],"angle":-22.5,"axis":"x"}},{"from":[4.484375,-0.21662712,-1.368515],"to":[11.515625,13.845873,5.662739],"faces":{"east":{"uv":[2.1000001,7.6,2.8,9.0],"tintindex":0,"rotation":0,"texture":"#2"},"south":{"uv":[7.7000003,4.0,8.400001,5.4],"tintindex":0,"rotation":0,"texture":"#2"},"north":{"uv":[1.4,7.55,2.1000001,8.95],"tintindex":0,"rotation":0,"texture":"#2"},"west":{"uv":[7.9,5.4,8.6,6.8],"tintindex":0,"rotation":0,"texture":"#2"},"up":{"uv":[11.05,0.7,10.35,0.0],"tintindex":0,"rotation":0,"texture":"#2"},"down":{"uv":[11.05,0.7,10.35,1.4],"tintindex":0,"rotation":0,"texture":"#2"}},"rotation":{"origin":[8.0,6.3458724,2.14711],"angle":22.5,"axis":"x"}},{"from":[4.71875,11.033373,12.318989],"to":[11.28125,17.595873,24.506489],"faces":{"east":{"uv":[9.2,6.6,10.400001,7.25],"tintindex":0,"rotation":0,"texture":"#2"},"south":{"uv":[12.05,10.2,12.7,10.85],"tintindex":0,"rotation":0,"texture":"#2"},"north":{"uv":[12.05,9.55,12.7,10.2],"tintindex":0,"rotation":0,"texture":"#2"},"west":{"uv":[9.2,7.25,10.400001,7.9],"tintindex":0,"rotation":0,"texture":"#2"},"up":{"uv":[9.85,9.1,9.2,7.9],"tintindex":0,"rotation":0,"texture":"#2"},"down":{"uv":[9.2,9.2,8.55,10.400001],"tintindex":0,"rotation":0,"texture":"#2"}},"rotation":{"origin":[8.0,14.314623,18.412739],"angle":22.5,"axis":"x"}}],"display":{"head":{"rotation":[0.0,0.0,0.0]},"firstperson_righthand":{"rotation":[0.0,0.0,0.0]},"thirdperson_lefthand":{"rotation":[0.0,-0.0,-0.0]},"firstperson_lefthand":{"rotation":[0.0,-0.0,-0.0]},"fixed":{"rotation":[0.0,0.0,0.0]},"ground":{"rotation":[0.0,0.0,0.0]},"thirdperson_righthand":{"rotation":[0.0,0.0,0.0]},"gui":{"rotation":[-150.0,-45.0,180.0]}}}