{"textures":{"2":"modelengine:entity/hv_grimleaf","particle":"#2"},"elements":[{"from":[3.625,12.044497,13.758652],"to":[12.375,20.794498,30.008652],"faces":{"east":{"uv":[12.95,11.8,13.75,12.25],"tintindex":0,"rotation":0,"texture":"#2"},"south":{"uv":[13.900001,12.3,14.35,12.75],"tintindex":0,"rotation":0,"texture":"#2"},"north":{"uv":[11.45,13.900001,11.900001,14.35],"tintindex":0,"rotation":0,"texture":"#2"},"west":{"uv":[12.95,12.25,13.75,12.7],"tintindex":0,"rotation":0,"texture":"#2"},"up":{"uv":[2.25,13.650001,1.8000001,12.85],"tintindex":0,"rotation":0,"texture":"#2"},"down":{"uv":[13.400001,12.7,12.95,13.5],"tintindex":0,"rotation":0,"texture":"#2"}},"rotation":{"origin":[8.0,16.419497,21.883652],"angle":22.5,"axis":"x"}},{"from":[3.3125,-2.9555035,-4.4913483],"to":[12.6875,15.794497,4.8836517],"faces":{"east":{"uv":[5.35,11.35,5.8,12.3],"tintindex":0,"rotation":0,"texture":"#2"},"south":{"uv":[1.0,11.45,1.45,12.400001],"tintindex":0,"rotation":0,"texture":"#2"},"north":{"uv":[4.9,11.35,5.35,12.3],"tintindex":0,"rotation":0,"texture":"#2"},"west":{"uv":[1.45,11.45,1.9,12.400001],"tintindex":0,"rotation":0,"texture":"#2"},"up":{"uv":[14.35,13.2,13.900001,12.75],"tintindex":0,"rotation":0,"texture":"#2"},"down":{"uv":[14.35,13.2,13.900001,13.650001],"tintindex":0,"rotation":0,"texture":"#2"}},"rotation":{"origin":[8.0,5.7944965,0.19615173],"angle":22.5,"axis":"x"}},{"from":[3.0,10.481997,0.63365173],"to":[13.0,20.481998,18.758652],"faces":{"east":{"uv":[10.6,5.55,11.5,6.05],"tintindex":0,"rotation":0,"texture":"#2"},"south":{"uv":[3.75,13.6,4.25,14.1],"tintindex":0,"rotation":0,"texture":"#2"},"north":{"uv":[13.6,0.90000004,14.1,1.4],"tintindex":0,"rotation":0,"texture":"#2"},"west":{"uv":[10.650001,7.9,11.55,8.400001],"tintindex":0,"rotation":0,"texture":"#2"},"up":{"uv":[11.150001,11.150001,10.650001,10.25],"tintindex":0,"rotation":0,"texture":"#2"},"down":{"uv":[11.25,8.400001,10.75,9.3],"tintindex":0,"rotation":0,"texture":"#2"}},"rotation":{"origin":[8.0,15.481997,9.383652],"angle":-22.5,"axis":"x"}},{"from":[3.625,-15.793003,-4.1163483],"to":[12.375,1.7069964,4.6336517],"faces":{"east":{"uv":[8.75,12.25,9.2,13.150001],"tintindex":0,"rotation":0,"texture":"#2"},"south":{"uv":[4.85,12.3,5.3,13.2],"tintindex":0,"rotation":0,"texture":"#2"},"north":{"uv":[8.3,12.25,8.75,13.150001],"tintindex":0,"rotation":0,"texture":"#2"},"west":{"uv":[5.3,12.3,5.75,13.2],"tintindex":0,"rotation":0,"texture":"#2"},"up":{"uv":[14.400001,4.9,13.95,4.4500003],"tintindex":0,"rotation":0,"texture":"#2"},"down":{"uv":[7.1,13.95,6.65,14.400001],"tintindex":0,"rotation":0,"texture":"#2"}},"rotation":{"origin":[8.0,-7.043003,0.25865173],"angle":-22.5,"axis":"x"}}],"display":{"head":{"rotation":[0.0,0.0,0.0]},"firstperson_righthand":{"rotation":[0.0,0.0,0.0]},"thirdperson_lefthand":{"rotation":[0.0,-0.0,-0.0]},"firstperson_lefthand":{"rotation":[0.0,-0.0,-0.0]},"fixed":{"rotation":[0.0,0.0,0.0]},"ground":{"rotation":[0.0,0.0,0.0]},"thirdperson_righthand":{"rotation":[0.0,0.0,0.0]},"gui":{"rotation":[-150.0,-45.0,180.0]}}}