{"textures":{"2":"modelengine:entity/hv_grimleaf","particle":"#2"},"elements":[{"from":[3.625,-15.643002,-4.3663483],"to":[12.375,1.8569965,4.3836517],"faces":{"east":{"uv":[12.05,12.150001,12.5,13.05],"tintindex":0,"rotation":0,"texture":"#2"},"south":{"uv":[12.2,3.05,12.650001,3.95],"tintindex":0,"rotation":0,"texture":"#2"},"north":{"uv":[12.150001,7.6,12.6,8.5],"tintindex":0,"rotation":0,"texture":"#2"},"west":{"uv":[12.2,3.95,12.650001,4.85],"tintindex":0,"rotation":0,"texture":"#2"},"up":{"uv":[2.8,14.3,2.3500001,13.85],"tintindex":0,"rotation":0,"texture":"#2"},"down":{"uv":[3.25,13.85,2.8,14.3],"tintindex":0,"rotation":0,"texture":"#2"}},"rotation":{"origin":[8.0,-6.8930035,0.008651733],"angle":-22.5,"axis":"x"}},{"from":[3.3125,-2.9555035,-4.4913483],"to":[12.6875,15.794497,4.8836517],"faces":{"east":{"uv":[11.25,8.400001,11.7,9.35],"tintindex":0,"rotation":0,"texture":"#2"},"south":{"uv":[0.0,11.3,0.45000002,12.25],"tintindex":0,"rotation":0,"texture":"#2"},"north":{"uv":[5.85,11.25,6.3,12.2],"tintindex":0,"rotation":0,"texture":"#2"},"west":{"uv":[3.3,11.3,3.75,12.25],"tintindex":0,"rotation":0,"texture":"#2"},"up":{"uv":[10.650001,14.25,10.2,13.8],"tintindex":0,"rotation":0,"texture":"#2"},"down":{"uv":[2.3500001,13.85,1.9,14.3],"tintindex":0,"rotation":0,"texture":"#2"}},"rotation":{"origin":[8.0,5.7944965,0.19615173],"angle":22.5,"axis":"x"}},{"from":[3.625,12.044497,13.758652],"to":[12.375,20.794498,30.008652],"faces":{"east":{"uv":[12.7,10.1,13.5,10.55],"tintindex":0,"rotation":0,"texture":"#2"},"south":{"uv":[0.95,13.8,1.4,14.25],"tintindex":0,"rotation":0,"texture":"#2"},"north":{"uv":[0.5,13.8,0.95,14.25],"tintindex":0,"rotation":0,"texture":"#2"},"west":{"uv":[12.7,10.55,13.5,11.0],"tintindex":0,"rotation":0,"texture":"#2"},"up":{"uv":[13.150001,11.8,12.7,11.0],"tintindex":0,"rotation":0,"texture":"#2"},"down":{"uv":[0.90000004,12.75,0.45000002,13.55],"tintindex":0,"rotation":0,"texture":"#2"}},"rotation":{"origin":[8.0,16.419497,21.883652],"angle":22.5,"axis":"x"}},{"from":[3.0,10.481997,0.63365173],"to":[13.0,20.481997,18.758652],"faces":{"east":{"uv":[10.400001,3.65,11.3,4.15],"tintindex":0,"rotation":0,"texture":"#2"},"south":{"uv":[12.900001,13.5,13.400001,14.0],"tintindex":0,"rotation":0,"texture":"#2"},"north":{"uv":[13.5,10.45,14.0,10.95],"tintindex":0,"rotation":0,"texture":"#2"},"west":{"uv":[10.400001,4.15,11.3,4.65],"tintindex":0,"rotation":0,"texture":"#2"},"up":{"uv":[3.9,11.3,3.4,10.400001],"tintindex":0,"rotation":0,"texture":"#2"},"down":{"uv":[6.85,10.400001,6.35,11.3],"tintindex":0,"rotation":0,"texture":"#2"}},"rotation":{"origin":[8.0,15.481997,9.383652],"angle":-22.5,"axis":"x"}}],"display":{"head":{"rotation":[0.0,0.0,0.0]},"firstperson_righthand":{"rotation":[0.0,0.0,0.0]},"thirdperson_lefthand":{"rotation":[0.0,-0.0,-0.0]},"firstperson_lefthand":{"rotation":[0.0,-0.0,-0.0]},"fixed":{"rotation":[0.0,0.0,0.0]},"ground":{"rotation":[0.0,0.0,0.0]},"thirdperson_righthand":{"rotation":[0.0,0.0,0.0]},"gui":{"rotation":[-150.0,-45.0,180.0]}}}