{"textures":{"2":"modelengine:entity/hv_grimleaf","particle":"#2"},"elements":[{"from":[3.625,12.044497,13.758652],"to":[12.375,20.794498,30.008652],"faces":{"east":{"uv":[13.1,0.0,13.900001,0.45000002],"tintindex":0,"rotation":0,"texture":"#2"},"south":{"uv":[14.05,6.7000003,14.5,7.15],"tintindex":0,"rotation":0,"texture":"#2"},"north":{"uv":[14.05,3.2,14.5,3.65],"tintindex":0,"rotation":0,"texture":"#2"},"west":{"uv":[13.1,0.45000002,13.900001,0.90000004],"tintindex":0,"rotation":0,"texture":"#2"},"up":{"uv":[12.900001,13.85,12.45,13.05],"tintindex":0,"rotation":0,"texture":"#2"},"down":{"uv":[13.55,1.8000001,13.1,2.6000001],"tintindex":0,"rotation":0,"texture":"#2"}},"rotation":{"origin":[8.0,16.419497,21.883652],"angle":22.5,"axis":"x"}},{"from":[3.625,-15.143002,-4.3663483],"to":[12.375,2.3569965,4.3836517],"faces":{"east":{"uv":[2.8,12.45,3.25,13.35],"tintindex":0,"rotation":0,"texture":"#2"},"south":{"uv":[12.5,12.150001,12.95,13.05],"tintindex":0,"rotation":0,"texture":"#2"},"north":{"uv":[2.3500001,12.45,2.8,13.35],"tintindex":0,"rotation":0,"texture":"#2"},"west":{"uv":[3.75,12.55,4.2000003,13.45],"tintindex":0,"rotation":0,"texture":"#2"},"up":{"uv":[4.2000003,14.55,3.75,14.1],"tintindex":0,"rotation":0,"texture":"#2"},"down":{"uv":[9.650001,14.1,9.2,14.55],"tintindex":0,"rotation":0,"texture":"#2"}},"rotation":{"origin":[8.0,-6.3930035,0.008651733],"angle":-22.5,"axis":"x"}},{"from":[3.3125,-2.9555035,-4.4913483],"to":[12.6875,15.794497,4.8836517],"faces":{"east":{"uv":[11.6,10.3,12.05,11.25],"tintindex":0,"rotation":0,"texture":"#2"},"south":{"uv":[11.6,11.25,12.05,12.2],"tintindex":0,"rotation":0,"texture":"#2"},"north":{"uv":[11.6,9.35,12.05,10.3],"tintindex":0,"rotation":0,"texture":"#2"},"west":{"uv":[9.2,11.650001,9.650001,12.6],"tintindex":0,"rotation":0,"texture":"#2"},"up":{"uv":[11.1,14.5,10.650001,14.05],"tintindex":0,"rotation":0,"texture":"#2"},"down":{"uv":[14.55,0.90000004,14.1,1.35],"tintindex":0,"rotation":0,"texture":"#2"}},"rotation":{"origin":[8.0,5.7944965,0.19615173],"angle":22.5,"axis":"x"}},{"from":[3.0,10.481997,0.63365173],"to":[13.0,20.481997,18.758652],"faces":{"east":{"uv":[1.0,10.95,1.9,11.45],"tintindex":0,"rotation":0,"texture":"#2"},"south":{"uv":[3.25,13.650001,3.75,14.150001],"tintindex":0,"rotation":0,"texture":"#2"},"north":{"uv":[1.4,13.650001,1.9,14.150001],"tintindex":0,"rotation":0,"texture":"#2"},"west":{"uv":[10.95,2.95,11.85,3.45],"tintindex":0,"rotation":0,"texture":"#2"},"up":{"uv":[10.2,11.85,9.7,10.95],"tintindex":0,"rotation":0,"texture":"#2"},"down":{"uv":[2.4,11.0,1.9,11.900001],"tintindex":0,"rotation":0,"texture":"#2"}},"rotation":{"origin":[8.0,15.481997,9.383652],"angle":-22.5,"axis":"x"}}],"display":{"head":{"rotation":[0.0,0.0,0.0]},"firstperson_righthand":{"rotation":[0.0,0.0,0.0]},"thirdperson_lefthand":{"rotation":[0.0,-0.0,-0.0]},"firstperson_lefthand":{"rotation":[0.0,-0.0,-0.0]},"fixed":{"rotation":[0.0,0.0,0.0]},"ground":{"rotation":[0.0,0.0,0.0]},"thirdperson_righthand":{"rotation":[0.0,0.0,0.0]},"gui":{"rotation":[-150.0,-45.0,180.0]}}}