{"textures":{"2":"modelengine:entity/hv_grimleaf","particle":"#2"},"elements":[{"from":[3.625,12.044497,13.758652],"to":[12.375,20.794498,30.008652],"faces":{"east":{"uv":[13.05,7.55,13.85,8.0],"tintindex":0,"rotation":0,"texture":"#2"},"south":{"uv":[14.0,10.400001,14.45,10.85],"tintindex":0,"rotation":0,"texture":"#2"},"north":{"uv":[14.0,9.95,14.45,10.400001],"tintindex":0,"rotation":0,"texture":"#2"},"west":{"uv":[13.05,8.0,13.85,8.45],"tintindex":0,"rotation":0,"texture":"#2"},"up":{"uv":[11.0,13.8,10.55,13.0],"tintindex":0,"rotation":0,"texture":"#2"},"down":{"uv":[12.45,13.05,12.0,13.85],"tintindex":0,"rotation":0,"texture":"#2"}},"rotation":{"origin":[8.0,16.419497,21.883652],"angle":22.5,"axis":"x"}},{"from":[3.3125,-2.9555035,-4.4913483],"to":[12.6875,15.794497,4.8836517],"faces":{"east":{"uv":[2.8500001,11.5,3.3,12.45],"tintindex":0,"rotation":0,"texture":"#2"},"south":{"uv":[11.55,0.5,12.0,1.45],"tintindex":0,"rotation":0,"texture":"#2"},"north":{"uv":[2.4,11.5,2.8500001,12.45],"tintindex":0,"rotation":0,"texture":"#2"},"west":{"uv":[11.55,7.0,12.0,7.9500003],"tintindex":0,"rotation":0,"texture":"#2"},"up":{"uv":[13.25,14.45,12.8,14.0],"tintindex":0,"rotation":0,"texture":"#2"},"down":{"uv":[0.45000002,14.05,0.0,14.5],"tintindex":0,"rotation":0,"texture":"#2"}},"rotation":{"origin":[8.0,5.7944965,0.19615173],"angle":22.5,"axis":"x"}},{"from":[3.0,10.481997,0.63365173],"to":[13.0,20.481998,18.758652],"faces":{"east":{"uv":[10.7,9.5,11.6,10.0],"tintindex":0,"rotation":0,"texture":"#2"},"south":{"uv":[9.7,13.6,10.2,14.1],"tintindex":0,"rotation":0,"texture":"#2"},"north":{"uv":[9.2,13.6,9.7,14.1],"tintindex":0,"rotation":0,"texture":"#2"},"west":{"uv":[4.9500003,10.85,5.85,11.35],"tintindex":0,"rotation":0,"texture":"#2"},"up":{"uv":[9.7,11.650001,9.2,10.75],"tintindex":0,"rotation":0,"texture":"#2"},"down":{"uv":[1.0,10.900001,0.5,11.8],"tintindex":0,"rotation":0,"texture":"#2"}},"rotation":{"origin":[8.0,15.481997,9.383652],"angle":-22.5,"axis":"x"}},{"from":[3.625,-15.793003,-4.1163483],"to":[12.375,1.7069964,4.6336517],"faces":{"east":{"uv":[0.90000004,12.400001,1.35,13.3],"tintindex":0,"rotation":0,"texture":"#2"},"south":{"uv":[1.35,12.400001,1.8000001,13.3],"tintindex":0,"rotation":0,"texture":"#2"},"north":{"uv":[12.35,1.3000001,12.8,2.2],"tintindex":0,"rotation":0,"texture":"#2"},"west":{"uv":[12.400001,5.75,12.85,6.65],"tintindex":0,"rotation":0,"texture":"#2"},"up":{"uv":[14.5,1.85,14.05,1.4],"tintindex":0,"rotation":0,"texture":"#2"},"down":{"uv":[14.5,1.85,14.05,2.3],"tintindex":0,"rotation":0,"texture":"#2"}},"rotation":{"origin":[8.0,-7.043003,0.25865173],"angle":-22.5,"axis":"x"}}],"display":{"head":{"rotation":[0.0,0.0,0.0]},"firstperson_righthand":{"rotation":[0.0,0.0,0.0]},"thirdperson_lefthand":{"rotation":[0.0,-0.0,-0.0]},"firstperson_lefthand":{"rotation":[0.0,-0.0,-0.0]},"fixed":{"rotation":[0.0,0.0,0.0]},"ground":{"rotation":[0.0,0.0,0.0]},"thirdperson_righthand":{"rotation":[0.0,0.0,0.0]},"gui":{"rotation":[-150.0,-45.0,180.0]}}}