{"textures":{"2":"modelengine:entity/hv_grimleaf","particle":"#2"},"elements":[{"from":[4.484375,-0.21662712,-1.3685093],"to":[11.515625,13.845873,5.6627407],"faces":{"east":{"uv":[0.0,6.8,0.7,8.2],"tintindex":0,"rotation":0,"texture":"#2"},"south":{"uv":[0.7,6.8,1.4,8.2],"tintindex":0,"rotation":0,"texture":"#2"},"north":{"uv":[5.1,6.7000003,5.8,8.1],"tintindex":0,"rotation":0,"texture":"#2"},"west":{"uv":[5.8,6.85,6.5,8.25],"tintindex":0,"rotation":0,"texture":"#2"},"up":{"uv":[10.95,3.65,10.25,2.95],"tintindex":0,"rotation":0,"texture":"#2"},"down":{"uv":[10.650001,10.25,9.95,10.95],"tintindex":0,"rotation":0,"texture":"#2"}},"rotation":{"origin":[8.0,6.3458724,2.1471157],"angle":22.5,"axis":"x"}},{"from":[4.71875,-9.607252,-1.2747593],"to":[11.28125,3.5177474,5.2877407],"faces":{"east":{"uv":[7.9,6.8,8.55,8.1],"tintindex":0,"rotation":0,"texture":"#2"},"south":{"uv":[4.35,8.05,5.0,9.35],"tintindex":0,"rotation":0,"texture":"#2"},"north":{"uv":[3.7,7.0,4.35,8.3],"tintindex":0,"rotation":0,"texture":"#2"},"west":{"uv":[5.0,8.1,5.65,9.400001],"tintindex":0,"rotation":0,"texture":"#2"},"up":{"uv":[4.4,12.55,3.75,11.900001],"tintindex":0,"rotation":0,"texture":"#2"},"down":{"uv":[7.85,11.900001,7.2000003,12.55],"tintindex":0,"rotation":0,"texture":"#2"}},"rotation":{"origin":[8.0,-3.0447521,2.0064907],"angle":-22.5,"axis":"x"}},{"from":[4.25,9.861498,2.4752407],"to":[11.75,17.361498,16.06899],"faces":{"east":{"uv":[5.0,5.2000003,6.35,5.9500003],"tintindex":0,"rotation":0,"texture":"#2"},"south":{"uv":[9.95,9.5,10.7,10.25],"tintindex":0,"rotation":0,"texture":"#2"},"north":{"uv":[6.65,4.0,7.4,4.75],"tintindex":0,"rotation":0,"texture":"#2"},"west":{"uv":[5.3,4.0,6.65,4.75],"tintindex":0,"rotation":0,"texture":"#2"},"up":{"uv":[0.75,6.8,0.0,5.4500003],"tintindex":0,"rotation":0,"texture":"#2"},"down":{"uv":[1.5,5.4500003,0.75,6.8],"tintindex":0,"rotation":0,"texture":"#2"}},"rotation":{"origin":[8.0,13.611498,9.037741],"angle":-22.5,"axis":"x"}},{"from":[4.71875,11.033373,12.318991],"to":[11.28125,17.595873,24.50649],"faces":{"east":{"uv":[8.400001,4.0,9.6,4.65],"tintindex":0,"rotation":0,"texture":"#2"},"south":{"uv":[11.900001,2.4,12.55,3.05],"tintindex":0,"rotation":0,"texture":"#2"},"north":{"uv":[11.75,6.3,12.400001,6.9500003],"tintindex":0,"rotation":0,"texture":"#2"},"west":{"uv":[8.400001,4.65,9.6,5.3],"tintindex":0,"rotation":0,"texture":"#2"},"up":{"uv":[9.2,8.0,8.55,6.8],"tintindex":0,"rotation":0,"texture":"#2"},"down":{"uv":[9.2,8.0,8.55,9.2],"tintindex":0,"rotation":0,"texture":"#2"}},"rotation":{"origin":[8.0,14.314623,18.41274],"angle":22.5,"axis":"x"}}],"display":{"head":{"rotation":[0.0,0.0,0.0]},"firstperson_righthand":{"rotation":[0.0,0.0,0.0]},"thirdperson_lefthand":{"rotation":[0.0,-0.0,-0.0]},"firstperson_lefthand":{"rotation":[0.0,-0.0,-0.0]},"fixed":{"rotation":[0.0,0.0,0.0]},"ground":{"rotation":[0.0,0.0,0.0]},"thirdperson_righthand":{"rotation":[0.0,0.0,0.0]},"gui":{"rotation":[-150.0,-45.0,180.0]}}}