{"textures":{"2":"modelengine:entity/hv_grimleaf","particle":"#2"},"elements":[{"from":[3.625,-15.393002,-4.1163445],"to":[12.375,2.1069965,4.6336555],"faces":{"east":{"uv":[10.1,11.900001,10.55,12.8],"tintindex":0,"rotation":0,"texture":"#2"},"south":{"uv":[11.1,11.900001,11.55,12.8],"tintindex":0,"rotation":0,"texture":"#2"},"north":{"uv":[4.4,11.900001,4.85,12.8],"tintindex":0,"rotation":0,"texture":"#2"},"west":{"uv":[10.55,12.1,11.0,13.0],"tintindex":0,"rotation":0,"texture":"#2"},"up":{"uv":[14.2,11.85,13.75,11.400001],"tintindex":0,"rotation":0,"texture":"#2"},"down":{"uv":[14.2,11.85,13.75,12.3],"tintindex":0,"rotation":0,"texture":"#2"}},"rotation":{"origin":[8.0,-6.6430035,0.25865555],"angle":-22.5,"axis":"x"}},{"from":[3.0,10.481997,0.63365555],"to":[13.0,20.481997,18.758656],"faces":{"east":{"uv":[10.35,1.4,11.25,1.9],"tintindex":0,"rotation":0,"texture":"#2"},"south":{"uv":[13.5,9.95,14.0,10.45],"tintindex":0,"rotation":0,"texture":"#2"},"north":{"uv":[6.75,13.45,7.25,13.95],"tintindex":0,"rotation":0,"texture":"#2"},"west":{"uv":[4.9500003,10.35,5.85,10.85],"tintindex":0,"rotation":0,"texture":"#2"},"up":{"uv":[6.35,11.25,5.85,10.35],"tintindex":0,"rotation":0,"texture":"#2"},"down":{"uv":[0.5,10.400001,0.0,11.3],"tintindex":0,"rotation":0,"texture":"#2"}},"rotation":{"origin":[8.0,15.481997,9.383656],"angle":-22.5,"axis":"x"}},{"from":[3.3125,-2.9555035,-4.4913445],"to":[12.6875,15.794497,4.8836555],"faces":{"east":{"uv":[11.150001,10.0,11.6,10.95],"tintindex":0,"rotation":0,"texture":"#2"},"south":{"uv":[10.650001,11.150001,11.1,12.1],"tintindex":0,"rotation":0,"texture":"#2"},"north":{"uv":[10.2,10.95,10.650001,11.900001],"tintindex":0,"rotation":0,"texture":"#2"},"west":{"uv":[11.150001,10.95,11.6,11.900001],"tintindex":0,"rotation":0,"texture":"#2"},"up":{"uv":[8.6,14.150001,8.150001,13.7],"tintindex":0,"rotation":0,"texture":"#2"},"down":{"uv":[13.85,13.7,13.400001,14.150001],"tintindex":0,"rotation":0,"texture":"#2"}},"rotation":{"origin":[8.0,5.7944965,0.19615555],"angle":22.5,"axis":"x"}},{"from":[3.625,12.044497,13.758656],"to":[12.375,20.794498,30.008654],"faces":{"east":{"uv":[5.3,4.75,6.1,5.2000003],"tintindex":0,"rotation":0,"texture":"#2"},"south":{"uv":[7.7000003,13.7,8.150001,14.150001],"tintindex":0,"rotation":0,"texture":"#2"},"north":{"uv":[7.25,13.7,7.7000003,14.150001],"tintindex":0,"rotation":0,"texture":"#2"},"west":{"uv":[12.650001,4.9,13.45,5.35],"tintindex":0,"rotation":0,"texture":"#2"},"up":{"uv":[13.150001,9.3,12.7,8.5],"tintindex":0,"rotation":0,"texture":"#2"},"down":{"uv":[13.150001,9.3,12.7,10.1],"tintindex":0,"rotation":0,"texture":"#2"}},"rotation":{"origin":[8.0,16.419497,21.883656],"angle":22.5,"axis":"x"}}],"display":{"head":{"rotation":[0.0,0.0,0.0]},"firstperson_righthand":{"rotation":[0.0,0.0,0.0]},"thirdperson_lefthand":{"rotation":[0.0,-0.0,-0.0]},"firstperson_lefthand":{"rotation":[0.0,-0.0,-0.0]},"fixed":{"rotation":[0.0,0.0,0.0]},"ground":{"rotation":[0.0,0.0,0.0]},"thirdperson_righthand":{"rotation":[0.0,0.0,0.0]},"gui":{"rotation":[-150.0,-45.0,180.0]}}}