{"textures":{"2":"modelengine:entity/hv_grimleaf","particle":"#2"},"elements":[{"from":[3.0,10.481997,0.63365173],"to":[13.0,20.481997,18.758652],"faces":{"east":{"uv":[11.0,1.9,11.900001,2.4],"tintindex":0,"rotation":0,"texture":"#2"},"south":{"uv":[13.650001,5.75,14.150001,6.25],"tintindex":0,"rotation":0,"texture":"#2"},"north":{"uv":[13.650001,5.25,14.150001,5.75],"tintindex":0,"rotation":0,"texture":"#2"},"west":{"uv":[2.4,11.0,3.3,11.5],"tintindex":0,"rotation":0,"texture":"#2"},"up":{"uv":[4.4,11.900001,3.9,11.0],"tintindex":0,"rotation":0,"texture":"#2"},"down":{"uv":[4.9,11.0,4.4,11.900001],"tintindex":0,"rotation":0,"texture":"#2"}},"rotation":{"origin":[8.0,15.481997,9.383652],"angle":-22.5,"axis":"x"}},{"from":[3.625,12.044497,13.758652],"to":[12.375,20.794498,30.008652],"faces":{"east":{"uv":[13.1,2.6000001,13.900001,3.05],"tintindex":0,"rotation":0,"texture":"#2"},"south":{"uv":[14.1,10.85,14.55,11.3],"tintindex":0,"rotation":0,"texture":"#2"},"north":{"uv":[9.650001,14.1,10.1,14.55],"tintindex":0,"rotation":0,"texture":"#2"},"west":{"uv":[13.1,3.05,13.900001,3.5],"tintindex":0,"rotation":0,"texture":"#2"},"up":{"uv":[13.55,4.3,13.1,3.5],"tintindex":0,"rotation":0,"texture":"#2"},"down":{"uv":[6.2000003,13.1,5.75,13.900001],"tintindex":0,"rotation":0,"texture":"#2"}},"rotation":{"origin":[8.0,16.419497,21.883652],"angle":22.5,"axis":"x"}},{"from":[3.3125,-2.9555035,-4.4913483],"to":[12.6875,15.794497,4.8836517],"faces":{"east":{"uv":[11.75,3.45,12.2,4.4],"tintindex":0,"rotation":0,"texture":"#2"},"south":{"uv":[11.75,4.4,12.2,5.35],"tintindex":0,"rotation":0,"texture":"#2"},"north":{"uv":[11.7,7.9500003,12.150001,8.900001],"tintindex":0,"rotation":0,"texture":"#2"},"west":{"uv":[11.75,5.35,12.2,6.3],"tintindex":0,"rotation":0,"texture":"#2"},"up":{"uv":[1.85,14.6,1.4,14.150001],"tintindex":0,"rotation":0,"texture":"#2"},"down":{"uv":[3.7,14.150001,3.25,14.6],"tintindex":0,"rotation":0,"texture":"#2"}},"rotation":{"origin":[8.0,5.7944965,0.19615173],"angle":22.5,"axis":"x"}},{"from":[3.625,-15.143002,-4.3663483],"to":[12.375,2.3569965,4.3836517],"faces":{"east":{"uv":[12.6,7.6,13.05,8.5],"tintindex":0,"rotation":0,"texture":"#2"},"south":{"uv":[9.2,12.6,9.650001,13.5],"tintindex":0,"rotation":0,"texture":"#2"},"north":{"uv":[7.15,12.55,7.6,13.45],"tintindex":0,"rotation":0,"texture":"#2"},"west":{"uv":[12.650001,0.0,13.1,0.90000004],"tintindex":0,"rotation":0,"texture":"#2"},"up":{"uv":[4.65,14.6,4.2000003,14.150001],"tintindex":0,"rotation":0,"texture":"#2"},"down":{"uv":[5.1,14.150001,4.65,14.6],"tintindex":0,"rotation":0,"texture":"#2"}},"rotation":{"origin":[8.0,-6.3930035,0.008651733],"angle":-22.5,"axis":"x"}}],"display":{"head":{"rotation":[0.0,0.0,0.0]},"firstperson_righthand":{"rotation":[0.0,0.0,0.0]},"thirdperson_lefthand":{"rotation":[0.0,-0.0,-0.0]},"firstperson_lefthand":{"rotation":[0.0,-0.0,-0.0]},"fixed":{"rotation":[0.0,0.0,0.0]},"ground":{"rotation":[0.0,0.0,0.0]},"thirdperson_righthand":{"rotation":[0.0,0.0,0.0]},"gui":{"rotation":[-150.0,-45.0,180.0]}}}