{"textures":{"2":"modelengine:entity/hv_grimleaf","particle":"#2"},"elements":[{"from":[3.3125,-2.9555035,-4.4913483],"to":[12.6875,15.794497,4.8836517],"faces":{"east":{"uv":[7.85,11.3,8.3,12.25],"tintindex":0,"rotation":0,"texture":"#2"},"south":{"uv":[8.3,11.3,8.75,12.25],"tintindex":0,"rotation":0,"texture":"#2"},"north":{"uv":[6.75,11.3,7.2000003,12.25],"tintindex":0,"rotation":0,"texture":"#2"},"west":{"uv":[8.75,11.3,9.2,12.25],"tintindex":0,"rotation":0,"texture":"#2"},"up":{"uv":[14.35,3.2,13.900001,2.75],"tintindex":0,"rotation":0,"texture":"#2"},"down":{"uv":[14.35,4.0,13.900001,4.4500003],"tintindex":0,"rotation":0,"texture":"#2"}},"rotation":{"origin":[8.0,5.7944965,0.19615173],"angle":22.5,"axis":"x"}},{"from":[3.625,12.044497,13.758652],"to":[12.375,20.794498,30.008652],"faces":{"east":{"uv":[12.85,5.35,13.650001,5.8],"tintindex":0,"rotation":0,"texture":"#2"},"south":{"uv":[13.900001,2.3,14.35,2.75],"tintindex":0,"rotation":0,"texture":"#2"},"north":{"uv":[13.900001,0.45000002,14.35,0.90000004],"tintindex":0,"rotation":0,"texture":"#2"},"west":{"uv":[12.85,5.8,13.650001,6.25],"tintindex":0,"rotation":0,"texture":"#2"},"up":{"uv":[10.55,13.6,10.1,12.8],"tintindex":0,"rotation":0,"texture":"#2"},"down":{"uv":[11.45,12.8,11.0,13.6],"tintindex":0,"rotation":0,"texture":"#2"}},"rotation":{"origin":[8.0,16.419497,21.883652],"angle":22.5,"axis":"x"}},{"from":[3.625,-15.793003,-4.1163483],"to":[12.375,1.7069964,4.6336517],"faces":{"east":{"uv":[6.25,12.25,6.7000003,13.150001],"tintindex":0,"rotation":0,"texture":"#2"},"south":{"uv":[6.7000003,12.25,7.15,13.150001],"tintindex":0,"rotation":0,"texture":"#2"},"north":{"uv":[3.3,12.25,3.75,13.150001],"tintindex":0,"rotation":0,"texture":"#2"},"west":{"uv":[7.85,12.25,8.3,13.150001],"tintindex":0,"rotation":0,"texture":"#2"},"up":{"uv":[6.05,14.35,5.6,13.900001],"tintindex":0,"rotation":0,"texture":"#2"},"down":{"uv":[14.35,6.25,13.900001,6.7000003],"tintindex":0,"rotation":0,"texture":"#2"}},"rotation":{"origin":[8.0,-7.043003,0.25865173],"angle":-22.5,"axis":"x"}},{"from":[3.0,10.481997,0.63365173],"to":[13.0,20.481998,18.758652],"faces":{"east":{"uv":[10.400001,7.4,11.3,7.9],"tintindex":0,"rotation":0,"texture":"#2"},"south":{"uv":[13.55,6.7000003,14.05,7.2000003],"tintindex":0,"rotation":0,"texture":"#2"},"north":{"uv":[13.55,3.5,14.05,4.0],"tintindex":0,"rotation":0,"texture":"#2"},"west":{"uv":[2.25,10.5,3.15,11.0],"tintindex":0,"rotation":0,"texture":"#2"},"up":{"uv":[9.2,11.3,8.7,10.400001],"tintindex":0,"rotation":0,"texture":"#2"},"down":{"uv":[11.1,4.65,10.6,5.55],"tintindex":0,"rotation":0,"texture":"#2"}},"rotation":{"origin":[8.0,15.481997,9.383652],"angle":-22.5,"axis":"x"}}],"display":{"head":{"rotation":[0.0,0.0,0.0]},"firstperson_righthand":{"rotation":[0.0,0.0,0.0]},"thirdperson_lefthand":{"rotation":[0.0,-0.0,-0.0]},"firstperson_lefthand":{"rotation":[0.0,-0.0,-0.0]},"fixed":{"rotation":[0.0,0.0,0.0]},"ground":{"rotation":[0.0,0.0,0.0]},"thirdperson_righthand":{"rotation":[0.0,0.0,0.0]},"gui":{"rotation":[-150.0,-45.0,180.0]}}}