{"credit":"Created By Yassou","texture_size":[32,32],"textures":{"3":"summer_furnitures:lounge_chair","6":"summer_furnitures:chaire_fabric","particle":"summer_furnitures:chaire_fabric"},"elements":[{"from":[0.99,14.6965,17.70811],"to":[14.99,16.6965,18.70811],"rotation":{"angle":0,"axis":"x","origin":[7.99,15.6965,18.20811]},"faces":{"north":{"uv":[8,0.5,5,1],"rotation":180,"texture":"#3"},"east":{"uv":[5.5,5.25,6,5.5],"rotation":270,"texture":"#3"},"south":{"uv":[8,0.5,5,0],"texture":"#3"},"west":{"uv":[5.5,5.5,6,5.75],"rotation":90,"texture":"#3"},"up":{"uv":[5,1,8,1.25],"rotation":180,"texture":"#3"},"down":{"uv":[5,1,8,1.25],"texture":"#3"}}},{"from":[1.99,14.6965,-2.70811],"to":[13.99,16.6965,-1.70811],"rotation":{"angle":0,"axis":"x","origin":[7.99,15.6965,-2.20811]},"faces":{"north":{"uv":[5,0.5,8,0],"texture":"#3"},"east":{"uv":[5.5,5.5,6,5.25],"rotation":270,"texture":"#3"},"south":{"uv":[5,0.5,8,1],"rotation":180,"texture":"#3"},"west":{"uv":[5.5,5.75,6,5.5],"rotation":90,"texture":"#3"},"up":{"uv":[5,1.25,8,1],"rotation":180,"texture":"#3"},"down":{"uv":[5,1.25,8,1],"texture":"#3"}}},{"from":[13.01,14.7165,-1.77189],"to":[13.99,16.6965,17.70811],"rotation":{"angle":0,"axis":"x","origin":[0,16.17968,5.81389]},"faces":{"north":{"uv":[5.5,5.25,5,5.75],"texture":"#3"},"east":{"uv":[1,3.5,7.25,4],"texture":"#3"},"south":{"uv":[5.75,5.25,5.25,5.75],"texture":"#3"},"west":{"uv":[7.25,3.5,1,4],"texture":"#3"},"up":{"uv":[7.25,3.75,1,3.5],"rotation":90,"texture":"#3"},"down":{"uv":[1,3.5,7.25,3.75],"rotation":90,"texture":"#3"}}},{"from":[2.01,14.7165,-1.77189],"to":[2.99,16.6965,17.70811],"rotation":{"angle":0,"axis":"x","origin":[-11,16.17968,5.81389]},"faces":{"north":{"uv":[5.5,5.25,5,5.75],"texture":"#3"},"east":{"uv":[1,3.5,7.25,4],"texture":"#3"},"south":{"uv":[5.75,5.25,5.25,5.75],"texture":"#3"},"west":{"uv":[7.25,3.5,1,4],"texture":"#3"},"up":{"uv":[7.25,3.75,1,3.5],"rotation":90,"texture":"#3"},"down":{"uv":[1,3.5,7.25,3.75],"rotation":90,"texture":"#3"}}},{"from":[2,1.41732,11.82388],"to":[14,2.41732,13.82388],"rotation":{"angle":0,"axis":"x","origin":[8,9.37287,6.99392]},"faces":{"north":{"uv":[8,1,5,1.25],"texture":"#3"},"east":{"uv":[6,5.25,5.5,5.5],"texture":"#3"},"south":{"uv":[8,1,5,1.25],"texture":"#3"},"west":{"uv":[6,5.5,5.5,5.75],"texture":"#3"},"up":{"uv":[8,0,5,0.5],"texture":"#3"},"down":{"uv":[8,1,5,0.5],"texture":"#3"}}},{"from":[1,1.41732,1.82388],"to":[15,2.41732,3.82388],"rotation":{"angle":0,"axis":"x","origin":[8,9.37287,-3.00608]},"faces":{"north":{"uv":[8,1,5,1.25],"texture":"#3"},"east":{"uv":[6,5.25,5.5,5.5],"texture":"#3"},"south":{"uv":[8,1,5,1.25],"texture":"#3"},"west":{"uv":[6,5.5,5.5,5.75],"texture":"#3"},"up":{"uv":[8,0,5,0.5],"texture":"#3"},"down":{"uv":[8,1,5,0.5],"texture":"#3"}}},{"from":[0,14.9233,-6.3747],"to":[1,16.9233,18.6253],"rotation":{"angle":-45,"axis":"x","origin":[7,15.8658,17.16006]},"faces":{"north":{"uv":[5,5.25,5.25,5.75],"texture":"#3"},"east":{"uv":[1,3,7.25,3.5],"texture":"#3"},"south":{"uv":[5.25,5.25,5.5,5.75],"texture":"#3"},"west":{"uv":[1,3.5,7.25,4],"texture":"#3"},"up":{"uv":[1.75,11.25,1.5,5],"texture":"#3"},"down":{"uv":[2,5,1.75,11.25],"texture":"#3"}}},{"from":[-0.1,15.4233,16.6253],"to":[0.2,16.4233,17.6253],"rotation":{"angle":-45,"axis":"x","origin":[7,15.8658,17.16006]},"faces":{"north":{"uv":[2.25,8.25,2.5,8.5],"texture":"#3"},"east":{"uv":[2.25,8.25,2.5,8.5],"texture":"#3"},"south":{"uv":[2.25,8.25,2.5,8.5],"texture":"#3"},"west":{"uv":[2.25,8.25,2.5,8.5],"texture":"#3"},"up":{"uv":[2.25,8.25,2.5,8.5],"texture":"#3"},"down":{"uv":[2.25,8.25,2.5,8.5],"texture":"#3"}}},{"from":[-0.1,15.4233,-3.3747],"to":[0.2,16.4233,-2.3747],"rotation":{"angle":-45,"axis":"x","origin":[7,15.8658,17.16006]},"faces":{"north":{"uv":[2.25,8.25,2.5,8.5],"texture":"#3"},"east":{"uv":[2.25,8.25,2.5,8.5],"texture":"#3"},"south":{"uv":[2.25,8.25,2.5,8.5],"texture":"#3"},"west":{"uv":[2.25,8.25,2.5,8.5],"texture":"#3"},"up":{"uv":[2.25,8.25,2.5,8.5],"texture":"#3"},"down":{"uv":[2.25,8.25,2.5,8.5],"texture":"#3"}}},{"from":[15,14.9233,-6.3747],"to":[16,16.9233,18.6253],"rotation":{"angle":-45,"axis":"x","origin":[9,15.8658,17.16006]},"faces":{"north":{"uv":[5.25,5.25,5,5.75],"texture":"#3"},"east":{"uv":[7.25,3.5,1,4],"texture":"#3"},"south":{"uv":[5.5,5.25,5.25,5.75],"texture":"#3"},"west":{"uv":[7.25,3,1,3.5],"texture":"#3"},"up":{"uv":[1.5,11.25,1.75,5],"texture":"#3"},"down":{"uv":[1.75,5,2,11.25],"texture":"#3"}}},{"from":[15.8,15.4233,16.6253],"to":[16.1,16.4233,17.6253],"rotation":{"angle":-45,"axis":"x","origin":[9,15.8658,17.16006]},"faces":{"north":{"uv":[2.5,8.25,2.25,8.5],"texture":"#3"},"east":{"uv":[2.5,8.25,2.25,8.5],"texture":"#3"},"south":{"uv":[2.5,8.25,2.25,8.5],"texture":"#3"},"west":{"uv":[2.5,8.25,2.25,8.5],"texture":"#3"},"up":{"uv":[2.5,8.25,2.25,8.5],"texture":"#3"},"down":{"uv":[2.5,8.25,2.25,8.5],"texture":"#3"}}},{"from":[15.8,15.4233,-3.3747],"to":[16.1,16.4233,-2.3747],"rotation":{"angle":-45,"axis":"x","origin":[9,15.8658,17.16006]},"faces":{"north":{"uv":[2.5,8.25,2.25,8.5],"texture":"#3"},"east":{"uv":[2.5,8.25,2.25,8.5],"texture":"#3"},"south":{"uv":[2.5,8.25,2.25,8.5],"texture":"#3"},"west":{"uv":[2.5,8.25,2.25,8.5],"texture":"#3"},"up":{"uv":[2.5,8.25,2.25,8.5],"texture":"#3"},"down":{"uv":[2.5,8.25,2.25,8.5],"texture":"#3"}}},{"from":[1,14.9233,-2.6253],"to":[2,16.9233,22.3747],"rotation":{"angle":45,"axis":"x","origin":[8,15.8658,-1.16006]},"faces":{"north":{"uv":[5.5,5.25,5.25,5.75],"texture":"#3"},"east":{"uv":[7.25,3,1,3.5],"texture":"#3"},"south":{"uv":[5.25,5.25,5,5.75],"texture":"#3"},"west":{"uv":[7.25,3.5,1,4],"texture":"#3"},"up":{"uv":[1.75,5,1.5,11.25],"texture":"#3"},"down":{"uv":[2,11.25,1.75,5],"texture":"#3"}}},{"from":[0.9,15.4233,-1.6253],"to":[1.2,16.4233,-0.6253],"rotation":{"angle":45,"axis":"x","origin":[8,15.8658,-1.16006]},"faces":{"north":{"uv":[2.5,8.25,2.25,8.5],"texture":"#3"},"east":{"uv":[2.5,8.25,2.25,8.5],"texture":"#3"},"south":{"uv":[2.5,8.25,2.25,8.5],"texture":"#3"},"west":{"uv":[2.5,8.25,2.25,8.5],"texture":"#3"},"up":{"uv":[2.25,8.5,2.5,8.25],"texture":"#3"},"down":{"uv":[2.25,8.5,2.5,8.25],"texture":"#3"}}},{"from":[0.9,15.4233,18.3747],"to":[1.2,16.4233,19.3747],"rotation":{"angle":45,"axis":"x","origin":[8,15.8658,-1.16006]},"faces":{"north":{"uv":[2.5,8.25,2.25,8.5],"texture":"#3"},"east":{"uv":[2.5,8.25,2.25,8.5],"texture":"#3"},"south":{"uv":[2.5,8.25,2.25,8.5],"texture":"#3"},"west":{"uv":[2.5,8.25,2.25,8.5],"texture":"#3"},"up":{"uv":[2.25,8.5,2.5,8.25],"texture":"#3"},"down":{"uv":[2.25,8.5,2.5,8.25],"texture":"#3"}}},{"from":[14.8,15.4233,18.3747],"to":[15.1,16.4233,19.3747],"rotation":{"angle":45,"axis":"x","origin":[8,15.8658,-1.16006]},"faces":{"north":{"uv":[2.25,8.25,2.5,8.5],"texture":"#3"},"east":{"uv":[2.25,8.25,2.5,8.5],"texture":"#3"},"south":{"uv":[2.25,8.25,2.5,8.5],"texture":"#3"},"west":{"uv":[2.25,8.25,2.5,8.5],"texture":"#3"},"up":{"uv":[2.5,8.5,2.25,8.25],"texture":"#3"},"down":{"uv":[2.5,8.5,2.25,8.25],"texture":"#3"}}},{"from":[14,14.9233,-2.6253],"to":[15,16.9233,22.3747],"rotation":{"angle":45,"axis":"x","origin":[8,15.8658,-1.16006]},"faces":{"north":{"uv":[5.25,5.25,5.5,5.75],"texture":"#3"},"east":{"uv":[1,3.5,7.25,4],"texture":"#3"},"south":{"uv":[5,5.25,5.25,5.75],"texture":"#3"},"west":{"uv":[1,3,7.25,3.5],"texture":"#3"},"up":{"uv":[1.5,5,1.75,11.25],"texture":"#3"},"down":{"uv":[1.75,11.25,2,5],"texture":"#3"}}},{"from":[14.8,15.4233,-1.6253],"to":[15.1,16.4233,-0.6253],"rotation":{"angle":45,"axis":"x","origin":[8,15.8658,-1.16006]},"faces":{"north":{"uv":[2.25,8.25,2.5,8.5],"texture":"#3"},"east":{"uv":[2.25,8.25,2.5,8.5],"texture":"#3"},"south":{"uv":[2.25,8.25,2.5,8.5],"texture":"#3"},"west":{"uv":[2.25,8.25,2.5,8.5],"texture":"#3"},"up":{"uv":[2.5,8.5,2.25,8.25],"texture":"#3"},"down":{"uv":[2.5,8.5,2.25,8.25],"texture":"#3"}}},{"from":[-0.1,15.4233,3.8253],"to":[0.2,16.4233,4.8253],"rotation":{"angle":-45,"axis":"x","origin":[7,15.8658,17.16006]},"faces":{"north":{"uv":[2.25,8.25,2.5,8.5],"texture":"#3"},"east":{"uv":[2.25,8.25,2.5,8.5],"texture":"#3"},"south":{"uv":[2.25,8.25,2.5,8.5],"texture":"#3"},"west":{"uv":[2.25,8.25,2.5,8.5],"texture":"#3"},"up":{"uv":[2.25,8.25,2.5,8.5],"texture":"#3"},"down":{"uv":[2.25,8.25,2.5,8.5],"texture":"#3"}}},{"from":[15.8,15.4233,3.8253],"to":[16.1,16.4233,4.8253],"rotation":{"angle":-45,"axis":"x","origin":[9,15.8658,17.16006]},"faces":{"north":{"uv":[2.5,8.25,2.25,8.5],"texture":"#3"},"east":{"uv":[2.5,8.25,2.25,8.5],"texture":"#3"},"south":{"uv":[2.5,8.25,2.25,8.5],"texture":"#3"},"west":{"uv":[2.5,8.25,2.25,8.5],"texture":"#3"},"up":{"uv":[2.5,8.25,2.25,8.5],"texture":"#3"},"down":{"uv":[2.5,8.25,2.25,8.5],"texture":"#3"}}},{"from":[3,16.07782,-2.68579],"to":[4,16.07782,17.71421],"rotation":{"angle":0,"axis":"x","origin":[7.5,15.75962,1.88744]},"faces":{"north":{"uv":[5,0,0,0],"rotation":180,"texture":"#6","tintindex":0},"east":{"uv":[0,0,0,6],"rotation":90,"texture":"#6","tintindex":0},"south":{"uv":[5,0,0,0],"texture":"#6","tintindex":0},"west":{"uv":[0,0,0,6],"rotation":270,"texture":"#6","tintindex":0},"up":{"uv":[5.5,0,6,10.15],"texture":"#6","tintindex":0},"down":{"uv":[5.5,10.15,6,0],"texture":"#6","tintindex":0}}},{"from":[5,16.07782,-2.68579],"to":[6,16.07782,17.71421],"rotation":{"angle":0,"axis":"x","origin":[9.5,15.75962,1.88744]},"faces":{"north":{"uv":[5,0,0,0],"rotation":180,"texture":"#6","tintindex":0},"east":{"uv":[0,0,0,6],"rotation":90,"texture":"#6","tintindex":0},"south":{"uv":[5,0,0,0],"texture":"#6","tintindex":0},"west":{"uv":[0,0,0,6],"rotation":270,"texture":"#6","tintindex":0},"up":{"uv":[6.5,0,7,10.15],"texture":"#6","tintindex":0},"down":{"uv":[6.5,10.15,7,0],"texture":"#6","tintindex":0}}},{"from":[7,16.07782,-2.68579],"to":[8,16.07782,17.71421],"rotation":{"angle":0,"axis":"x","origin":[11.5,15.75962,1.88744]},"faces":{"north":{"uv":[5,0,0,0],"rotation":180,"texture":"#6","tintindex":0},"east":{"uv":[0,0,0,6],"rotation":90,"texture":"#6","tintindex":0},"south":{"uv":[5,0,0,0],"texture":"#6","tintindex":0},"west":{"uv":[0,0,0,6],"rotation":270,"texture":"#6","tintindex":0},"up":{"uv":[7.5,0,8,10.15],"texture":"#6","tintindex":0},"down":{"uv":[7.5,10.15,8,0],"texture":"#6","tintindex":0}}},{"from":[9,16.07782,-2.68579],"to":[10,16.07782,17.71421],"rotation":{"angle":0,"axis":"x","origin":[13.5,15.75962,1.88744]},"faces":{"north":{"uv":[5,0,0,0],"rotation":180,"texture":"#6","tintindex":0},"east":{"uv":[0,0,0,6],"rotation":90,"texture":"#6","tintindex":0},"south":{"uv":[5,0,0,0],"texture":"#6","tintindex":0},"west":{"uv":[0,0,0,6],"rotation":270,"texture":"#6","tintindex":0},"up":{"uv":[8.5,0,9,10.15],"texture":"#6","tintindex":0},"down":{"uv":[8.5,10.15,9,0],"texture":"#6","tintindex":0}}},{"from":[11,16.07782,-2.68579],"to":[12,16.07782,17.71421],"rotation":{"angle":0,"axis":"x","origin":[15.5,15.75962,1.88744]},"faces":{"north":{"uv":[5,0,0,0],"rotation":180,"texture":"#6","tintindex":0},"east":{"uv":[0,0,0,6],"rotation":90,"texture":"#6","tintindex":0},"south":{"uv":[5,0,0,0],"texture":"#6","tintindex":0},"west":{"uv":[0,0,0,6],"rotation":270,"texture":"#6","tintindex":0},"up":{"uv":[9.5,0,10,10.15],"texture":"#6","tintindex":0},"down":{"uv":[9.5,10.15,10,0],"texture":"#6","tintindex":0}}},{"from":[4,16.07782,-2.68579],"to":[5,16.07782,17.71421],"rotation":{"angle":0,"axis":"x","origin":[8.5,15.75962,1.88744]},"faces":{"north":{"uv":[5,0,0,0],"rotation":180,"texture":"#6"},"east":{"uv":[0,0,0,6],"rotation":90,"texture":"#6"},"south":{"uv":[5,0,0,0],"texture":"#6"},"west":{"uv":[0,0,0,6],"rotation":270,"texture":"#6"},"up":{"uv":[6,0,6.5,10.15],"texture":"#6"},"down":{"uv":[6,10.15,6.5,0],"texture":"#6"}}},{"from":[6,16.07782,-2.68579],"to":[7,16.07782,17.71421],"rotation":{"angle":0,"axis":"x","origin":[10.5,15.75962,1.88744]},"faces":{"north":{"uv":[5,0,0,0],"rotation":180,"texture":"#6"},"east":{"uv":[0,0,0,6],"rotation":90,"texture":"#6"},"south":{"uv":[5,0,0,0],"texture":"#6"},"west":{"uv":[0,0,0,6],"rotation":270,"texture":"#6"},"up":{"uv":[7,0,7.5,10.15],"texture":"#6"},"down":{"uv":[7,10.15,7.5,0],"texture":"#6"}}},{"from":[8,16.07782,-2.68579],"to":[9,16.07782,17.71421],"rotation":{"angle":0,"axis":"x","origin":[12.5,15.75962,1.88744]},"faces":{"north":{"uv":[5,0,0,0],"rotation":180,"texture":"#6"},"east":{"uv":[0,0,0,6],"rotation":90,"texture":"#6"},"south":{"uv":[5,0,0,0],"texture":"#6"},"west":{"uv":[0,0,0,6],"rotation":270,"texture":"#6"},"up":{"uv":[8,0,8.5,10.15],"texture":"#6"},"down":{"uv":[8,10.15,8.5,0],"texture":"#6"}}},{"from":[10,16.07782,-2.68579],"to":[11,16.07782,17.71421],"rotation":{"angle":0,"axis":"x","origin":[14.5,15.75962,1.88744]},"faces":{"north":{"uv":[5,0,0,0],"rotation":180,"texture":"#6"},"east":{"uv":[0,0,0,6],"rotation":90,"texture":"#6"},"south":{"uv":[5,0,0,0],"texture":"#6"},"west":{"uv":[0,0,0,6],"rotation":270,"texture":"#6"},"up":{"uv":[9,0,9.5,10.15],"texture":"#6"},"down":{"uv":[9,10.15,9.5,0],"texture":"#6"}}},{"from":[12,16.07782,-2.68579],"to":[13,16.07782,17.71421],"rotation":{"angle":0,"axis":"x","origin":[16.5,15.75962,1.88744]},"faces":{"north":{"uv":[5,0,0,0],"rotation":180,"texture":"#6"},"east":{"uv":[0,0,0,6],"rotation":90,"texture":"#6"},"south":{"uv":[5,0,0,0],"texture":"#6"},"west":{"uv":[0,0,0,6],"rotation":270,"texture":"#6"},"up":{"uv":[7,0,7.5,10.15],"texture":"#6"},"down":{"uv":[7,10.15,7.5,0],"texture":"#6"}}}],"display":{"thirdperson_righthand":{"rotation":[-114.38,-55.92,177.54],"translation":[0,2.5,0.25],"scale":[0.375,0.375,0.375]},"thirdperson_lefthand":{"rotation":[-114.38,-55.92,177.54],"translation":[0,2.5,0.25],"scale":[0.375,0.375,0.375]},"firstperson_righthand":{"rotation":[0,-75.25,0],"translation":[0,2,0],"scale":[0.29063,0.29063,0.29063]},"firstperson_lefthand":{"rotation":[0,-75.25,0],"translation":[0,2,0],"scale":[0.29063,0.29063,0.29063]},"ground":{"translation":[0,2.5,0.75],"scale":[0.49609,0.49609,0.49609]},"gui":{"rotation":[-159.08,-47.34,-178.74],"scale":[0.50977,0.50977,0.50977]},"head":{"rotation":[-180,-90,-180],"translation":[0,-30.4,0],"scale":[1.6,1.6,1.6]},"fixed":{"rotation":[90,-90,-180],"translation":[0,0,-16],"scale":[2,2,2]}},"mcmodels":"e000c60207ad4a1a2a96169b5d36d4e4","gui_light":"front"}