{"credit":"Created By Yassou","texture_size":[64,64],"textures":{"3":"summer_furnitures:licorn_buoy","particle":"#3"},"elements":[{"from":[0,0,0],"to":[16,5,16],"rotation":{"angle":0,"axis":"y","origin":[0,1,0]},"faces":{"north":{"uv":[4,5,8,6.25],"texture":"#3"},"east":{"uv":[4,6.25,8,7.5],"texture":"#3"},"south":{"uv":[6.5,0,10.5,1.25],"texture":"#3"},"west":{"uv":[6.5,1.25,10.5,2.5],"texture":"#3"},"up":{"uv":[4,4,0,0],"texture":"#3"},"down":{"uv":[4,4,0,8],"texture":"#3"}}},{"from":[-5,0,1],"to":[0,3,5],"rotation":{"angle":0,"axis":"y","origin":[-16,1,1]},"faces":{"north":{"uv":[12,1.75,13.25,2.5],"texture":"#3"},"east":{"uv":[8,6.75,9,7.5],"texture":"#3"},"south":{"uv":[12,2.5,13.25,3.25],"texture":"#3"},"west":{"uv":[12.25,10.75,13.25,11.5],"texture":"#3"},"up":{"uv":[1.25,12.75,0,11.75],"texture":"#3"},"down":{"uv":[13,0,11.75,1],"texture":"#3"}}},{"from":[-5,0,11],"to":[0,3,15],"rotation":{"angle":0,"axis":"y","origin":[-16,1,11]},"faces":{"north":{"uv":[12,4.5,13.25,5.25],"texture":"#3"},"east":{"uv":[12.5,3.25,13.5,4],"texture":"#3"},"south":{"uv":[8.75,12,10,12.75],"texture":"#3"},"west":{"uv":[5.25,12.5,6.25,13.25],"texture":"#3"},"up":{"uv":[2.5,12.75,1.25,11.75],"texture":"#3"},"down":{"uv":[5.25,11.75,4,12.75],"texture":"#3"}}},{"from":[16,0,1],"to":[21,3,5],"rotation":{"angle":0,"axis":"y","origin":[32,1,1]},"faces":{"north":{"uv":[13.25,1.75,12,2.5],"texture":"#3"},"east":{"uv":[13.25,10.75,12.25,11.5],"texture":"#3"},"south":{"uv":[13.25,2.5,12,3.25],"texture":"#3"},"west":{"uv":[9,6.75,8,7.5],"texture":"#3"},"up":{"uv":[0,12.75,1.25,11.75],"texture":"#3"},"down":{"uv":[11.75,0,13,1],"texture":"#3"}}},{"from":[16,0,11],"to":[21,3,15],"rotation":{"angle":0,"axis":"y","origin":[32,1,11]},"faces":{"north":{"uv":[13.25,4.5,12,5.25],"texture":"#3"},"east":{"uv":[6.25,12.5,5.25,13.25],"texture":"#3"},"south":{"uv":[10,12,8.75,12.75],"texture":"#3"},"west":{"uv":[13.5,3.25,12.5,4],"texture":"#3"},"up":{"uv":[1.25,12.75,2.5,11.75],"texture":"#3"},"down":{"uv":[4,11.75,5.25,12.75],"texture":"#3"}}},{"from":[5,8.2,-7.9],"to":[11,11.2,-5.9],"rotation":{"angle":0,"axis":"x","origin":[8,9.95,-5.9]},"faces":{"north":{"uv":[5.25,11.75,6.75,12.5],"texture":"#3"},"east":{"uv":[3.5,8,4,8.75],"texture":"#3"},"south":{"uv":[12,1,13.5,1.75],"texture":"#3"},"west":{"uv":[11,5.75,11.5,6.5],"texture":"#3"},"up":{"uv":[13.5,5.75,12,5.25],"texture":"#3"},"down":{"uv":[13.75,10.25,12.25,10.75],"texture":"#3"}}},{"from":[5,8.2,-5.9],"to":[11,14.2,1.1],"rotation":{"angle":0,"axis":"x","origin":[8,9.95,-5.9]},"faces":{"north":{"uv":[7.5,8.75,9,10.25],"texture":"#3"},"east":{"uv":[0,8,1.75,9.5],"texture":"#3"},"south":{"uv":[9,2.5,10.5,4],"texture":"#3"},"west":{"uv":[1.75,8,3.5,9.5],"texture":"#3"},"up":{"uv":[9.5,6.75,8,5],"texture":"#3"},"down":{"uv":[5,8.75,3.5,10.5],"texture":"#3"}}},{"from":[6.5,12.7,-6.7],"to":[9.5,16.7,-3.7],"rotation":{"angle":-22.5,"axis":"x","origin":[8,15.2,-5.2]},"faces":{"north":{"uv":[12.5,5.75,13.25,6.75],"texture":"#3"},"east":{"uv":[12.5,6.75,13.25,7.75],"texture":"#3"},"south":{"uv":[7.25,12.5,8,13.5],"texture":"#3"},"west":{"uv":[8,12.5,8.75,13.5],"texture":"#3"},"up":{"uv":[0.75,13.5,0,12.75],"texture":"#3"},"down":{"uv":[1.5,12.75,0.75,13.5],"texture":"#3"}}},{"from":[7,16.7,-6.2],"to":[9,20.7,-4.2],"rotation":{"angle":-22.5,"axis":"x","origin":[7.5,15.2,-4.7]},"faces":{"north":{"uv":[12,12.5,12.5,13.5],"texture":"#3"},"east":{"uv":[1.5,12.75,2,13.75],"texture":"#3"},"south":{"uv":[2,12.75,2.5,13.75],"texture":"#3"},"west":{"uv":[3,12.75,3.5,13.75],"texture":"#3"},"up":{"uv":[4.5,13.25,4,12.75],"texture":"#3"},"down":{"uv":[5,12.75,4.5,13.25],"texture":"#3"}}},{"from":[5.01,7.31718,17.69359],"to":[10.99,11.29718,22.67359],"rotation":{"angle":0,"axis":"x","origin":[0,13.30718,18.68359]},"faces":{"north":{"uv":[1.5,10.75,3,11.75],"texture":"#3"},"east":{"uv":[12.75,8.25,11.5,9.25],"texture":"#3"},"south":{"uv":[4.5,10.75,6,11.75],"texture":"#3"},"west":{"uv":[11.5,8.25,12.75,9.25],"texture":"#3"},"up":{"uv":[11.5,7.75,10,6.5],"texture":"#3"},"down":{"uv":[11.5,7.75,10,9],"texture":"#3"}}},{"from":[5.02,6.79225,23.39283],"to":[10.98,10.75225,28.35283],"rotation":{"angle":22.5,"axis":"x","origin":[0,12.77225,24.37283]},"faces":{"north":{"uv":[6,10.75,7.5,11.75],"texture":"#3"},"east":{"uv":[12.5,11.5,11.25,12.5],"texture":"#3"},"south":{"uv":[11,3.5,12.5,4.5],"texture":"#3"},"west":{"uv":[11.25,11.5,12.5,12.5],"texture":"#3"},"up":{"uv":[11.5,10.25,10,9],"texture":"#3"},"down":{"uv":[9,10.25,7.5,11.5],"texture":"#3"}}},{"from":[6,1.46927,-1.69552],"to":[10,9.46927,3.30448],"rotation":{"angle":-22.5,"axis":"x","origin":[0,3.46927,-0.69552]},"faces":{"north":{"uv":[9,6.75,10,8.75],"texture":"#3"},"east":{"uv":[5,8.75,6.25,10.75],"texture":"#3"},"south":{"uv":[9,8.75,10,10.75],"texture":"#3"},"west":{"uv":[6.25,8.75,7.5,10.75],"texture":"#3"},"up":{"uv":[12.25,11.5,11.25,10.25],"texture":"#3"},"down":{"uv":[4,11.5,3,12.75],"texture":"#3"}}},{"from":[7.01,1.37927,3.31448],"to":[8.99,9.45927,5.29448],"rotation":{"angle":-22.5,"axis":"x","origin":[0,3.46927,-0.69552]},"faces":{"north":{"uv":[2.5,11.75,3,13.75],"texture":"#3"},"east":{"uv":[6.75,11.75,7.25,13.75],"texture":"#3"},"south":{"uv":[10,11.75,10.5,13.75],"texture":"#3"},"west":{"uv":[7.25,11.75,6.75,13.75],"texture":"#3"},"up":{"uv":[13.25,8.75,12.75,8.25],"texture":"#3"},"down":{"uv":[9.25,12.75,8.75,13.25],"texture":"#3"}}},{"from":[7,10.30865,-2.44834],"to":[9,16.30865,2.55166],"rotation":{"angle":0,"axis":"x","origin":[0,13.30865,-3.44834]},"faces":{"north":{"uv":[6.25,12.5,6.75,14],"texture":"#3"},"east":{"uv":[10,10.25,11.25,11.75],"texture":"#3"},"south":{"uv":[11,12.5,11.5,14],"texture":"#3"},"west":{"uv":[11.25,10.25,10,11.75],"texture":"#3"},"up":{"uv":[12,13.75,11.5,12.5],"texture":"#3"},"down":{"uv":[13,11.5,12.5,12.75],"texture":"#3"}}},{"from":[7,3.30865,0.55166],"to":[9,5.70865,4.85166],"rotation":{"angle":0,"axis":"x","origin":[0,5.30865,-0.44834]},"faces":{"north":{"uv":[10.5,3.5,11,4],"texture":"#3"},"east":{"uv":[12.5,4,13.5,4.5],"texture":"#3"},"south":{"uv":[3.5,12.75,4,13.25],"texture":"#3"},"west":{"uv":[13.5,4,12.5,4.5],"texture":"#3"},"up":{"uv":[9.5,5,9,4],"texture":"#3"},"down":{"uv":[3.5,9.5,3,10.5],"texture":"#3"}}},{"from":[5.01,3.85149,12.77956],"to":[10.99,8.83149,16.75956],"rotation":{"angle":22.5,"axis":"x","origin":[0,4.84149,10.76956]},"faces":{"north":{"uv":[0,9.5,1.5,10.75],"texture":"#3"},"east":{"uv":[12,4.5,11,5.75],"texture":"#3"},"south":{"uv":[1.5,9.5,3,10.75],"texture":"#3"},"west":{"uv":[11,4.5,12,5.75],"texture":"#3"},"up":{"uv":[12,2.5,10.5,1.5],"texture":"#3"},"down":{"uv":[12,2.5,10.5,3.5],"texture":"#3"}}},{"from":[5,8.89296,15.44095],"to":[11,13.89296,19.44095],"rotation":{"angle":45,"axis":"x","origin":[0,9.89296,13.44095]},"faces":{"north":{"uv":[9.5,4,11,5.25],"texture":"#3"},"east":{"uv":[12.5,7,11.5,8.25],"texture":"#3"},"south":{"uv":[9.5,5.25,11,6.5],"texture":"#3"},"west":{"uv":[11.5,7,12.5,8.25],"texture":"#3"},"up":{"uv":[4.5,11.5,3,10.5],"texture":"#3"},"down":{"uv":[1.5,10.75,0,11.75],"texture":"#3"}}},{"name":"cube_outline","from":[13,5,13],"to":[3,0,3],"rotation":{"angle":0,"axis":"y","origin":[0,1,0]},"faces":{"north":{"uv":[6.5,2.5,9,3.75],"texture":"#3"},"east":{"uv":[6.5,3.75,9,5],"texture":"#3"},"south":{"uv":[4,7.5,6.5,8.75],"texture":"#3"},"west":{"uv":[6.5,7.5,9,8.75],"texture":"#3"},"up":{"uv":[6.5,2.5,4,0],"texture":"#3"},"down":{"uv":[6.5,2.5,4,5],"texture":"#3"}}}],"display":{"thirdperson_righthand":{"rotation":[79.5,-0.01,-0.25],"translation":[-5.5,-2.75,5],"scale":[1.08398,1.08398,1.08398]},"thirdperson_lefthand":{"rotation":[79.5,-0.01,-0.25],"translation":[-5.5,-2.75,5],"scale":[1.08398,1.08398,1.08398]},"firstperson_righthand":{"rotation":[0,14.75,0],"translation":[6.25,0,0]},"firstperson_lefthand":{"rotation":[0,14.75,0],"translation":[6.25,0,0]},"ground":{"translation":[0,1.75,0],"scale":[0.70703,0.70703,0.70703]},"gui":{"rotation":[30,225,0],"translation":[1.25,-0.25,0],"scale":[0.46289,0.46289,0.46289]},"head":{"rotation":[-180,0,-180],"translation":[0,-33.65,3.5],"scale":[1.6,1.6,1.6]},"fixed":{"rotation":[-90,180,0],"translation":[0,5.25,-12.25],"scale":[2,2,2]}},"mcmodels":"e000c60207ad4a1a2a96169b5d36d4e4","gui_light":"front"}