{"credit":"Created By Yassou","texture_size":[32,32],"textures":{"1":"summer_furnitures:chaire_fabric","3":"summer_furnitures:lounge_chair","particle":"summer_furnitures:chaire_fabric"},"elements":[{"from":[1.3,-0.57547,1.29171],"to":[2.3,10.42453,3.29171],"rotation":{"angle":22.5,"axis":"x","origin":[8,10.47287,5.10608]},"faces":{"north":{"uv":[3.5,5,3.75,7.75],"texture":"#3"},"east":{"uv":[2,5,2.5,7.75],"texture":"#3"},"south":{"uv":[3.75,5,4,7.75],"texture":"#3"},"west":{"uv":[2.5,5,3,7.75],"texture":"#3"},"up":{"uv":[4.25,5.75,4,5.25],"texture":"#3"},"down":{"uv":[4.5,5.25,4.25,5.75],"texture":"#3"}}},{"from":[1.2,8.42453,1.79171],"to":[2.3,9.42453,2.79171],"rotation":{"angle":22.5,"axis":"x","origin":[8,10.47287,5.10608]},"faces":{"north":{"uv":[2.25,8.25,2.5,8.5],"texture":"#3"},"east":{"uv":[2.25,8.25,2.5,8.5],"texture":"#3"},"south":{"uv":[2.25,8.25,2.5,8.5],"texture":"#3"},"west":{"uv":[2.25,8.25,2.5,8.5],"texture":"#3"},"up":{"uv":[2.25,8.25,2.5,8.5],"texture":"#3"},"down":{"uv":[2.25,8.25,2.5,8.5],"texture":"#3"}}},{"from":[2,-1.88197,1.50467],"to":[3,26.11803,3.50467],"rotation":{"angle":-45,"axis":"x","origin":[8,10.47287,5.10608]},"faces":{"north":{"uv":[1,5,1.25,12],"texture":"#3"},"east":{"uv":[0,3,0.5,10],"texture":"#3"},"south":{"uv":[1.25,5,1.5,12],"texture":"#3"},"west":{"uv":[0.5,3,1,10],"texture":"#3"},"up":{"uv":[4.75,5.75,4.5,5.25],"texture":"#3"},"down":{"uv":[5,5.25,4.75,5.75],"texture":"#3"}}},{"from":[13,-1.88197,1.50467],"to":[14,26.11803,3.50467],"rotation":{"angle":-45,"axis":"x","origin":[8,10.47287,5.10608]},"faces":{"north":{"uv":[1.25,5,1,12],"texture":"#3"},"east":{"uv":[1,3,0.5,10],"texture":"#3"},"south":{"uv":[1.5,5,1.25,12],"texture":"#3"},"west":{"uv":[0.5,3,0,10],"texture":"#3"},"up":{"uv":[4.5,5.75,4.75,5.25],"texture":"#3"},"down":{"uv":[4.75,5.25,5,5.75],"texture":"#3"}}},{"from":[0.9,5.08626,3.92111],"to":[1.2,6.08626,4.92111],"rotation":{"angle":-22.5,"axis":"x","origin":[7.9,10.47287,5.10608]},"faces":{"north":{"uv":[2.25,8.25,2.5,8.5],"texture":"#3"},"east":{"uv":[2.25,8.25,2.5,8.5],"texture":"#3"},"south":{"uv":[2.25,8.25,2.5,8.5],"texture":"#3"},"west":{"uv":[2.25,8.25,2.5,8.5],"texture":"#3"},"up":{"uv":[2.25,8.25,2.5,8.5],"texture":"#3"},"down":{"uv":[2.25,8.25,2.5,8.5],"texture":"#3"}}},{"from":[14.8,5.08626,14.92111],"to":[15.1,6.08626,15.92111],"rotation":{"angle":-22.5,"axis":"x","origin":[8.1,10.47287,5.10608]},"faces":{"north":{"uv":[2.5,8.25,2.25,8.5],"texture":"#3"},"east":{"uv":[2.5,8.25,2.25,8.5],"texture":"#3"},"south":{"uv":[2.5,8.25,2.25,8.5],"texture":"#3"},"west":{"uv":[2.5,8.25,2.25,8.5],"texture":"#3"},"up":{"uv":[2.5,8.25,2.25,8.5],"texture":"#3"},"down":{"uv":[2.5,8.25,2.25,8.5],"texture":"#3"}}},{"from":[0.9,5.08626,14.92111],"to":[1.2,6.08626,15.92111],"rotation":{"angle":-22.5,"axis":"x","origin":[7.9,10.47287,5.10608]},"faces":{"north":{"uv":[2.25,8.25,2.5,8.5],"texture":"#3"},"east":{"uv":[2.25,8.25,2.5,8.5],"texture":"#3"},"south":{"uv":[2.25,8.25,2.5,8.5],"texture":"#3"},"west":{"uv":[2.25,8.25,2.5,8.5],"texture":"#3"},"up":{"uv":[2.25,8.25,2.5,8.5],"texture":"#3"},"down":{"uv":[2.25,8.25,2.5,8.5],"texture":"#3"}}},{"from":[0.9,5.08626,-3.57889],"to":[1.2,6.08626,-2.57889],"rotation":{"angle":-22.5,"axis":"x","origin":[7.9,10.47287,5.10608]},"faces":{"north":{"uv":[2.25,8.25,2.5,8.5],"texture":"#3"},"east":{"uv":[2.25,8.25,2.5,8.5],"texture":"#3"},"south":{"uv":[2.25,8.25,2.5,8.5],"texture":"#3"},"west":{"uv":[2.25,8.25,2.5,8.5],"texture":"#3"},"up":{"uv":[2.25,8.25,2.5,8.5],"texture":"#3"},"down":{"uv":[2.25,8.25,2.5,8.5],"texture":"#3"}}},{"from":[1,4.58626,-8.07889],"to":[2,6.58626,16.92111],"rotation":{"angle":-22.5,"axis":"x","origin":[8,10.47287,5.10608]},"faces":{"north":{"uv":[5,5.25,5.25,5.75],"texture":"#3"},"east":{"uv":[1,3,7.25,3.5],"texture":"#3"},"south":{"uv":[5.25,5.25,5.5,5.75],"texture":"#3"},"west":{"uv":[1,3.5,7.25,4],"texture":"#3"},"up":{"uv":[1.75,11.25,1.5,5],"texture":"#3"},"down":{"uv":[2,5,1.75,11.25],"texture":"#3"}}},{"from":[13.7,8.42453,1.79171],"to":[14.8,9.42453,2.79171],"rotation":{"angle":22.5,"axis":"x","origin":[8,10.47287,5.10608]},"faces":{"north":{"uv":[2.5,8.25,2.25,8.5],"texture":"#3"},"east":{"uv":[2.5,8.25,2.25,8.5],"texture":"#3"},"south":{"uv":[2.5,8.25,2.25,8.5],"texture":"#3"},"west":{"uv":[2.5,8.25,2.25,8.5],"texture":"#3"},"up":{"uv":[2.5,8.25,2.25,8.5],"texture":"#3"},"down":{"uv":[2.5,8.25,2.25,8.5],"texture":"#3"}}},{"from":[13.7,-0.57547,1.29171],"to":[14.7,10.42453,3.29171],"rotation":{"angle":22.5,"axis":"x","origin":[8,10.47287,5.10608]},"faces":{"north":{"uv":[3.75,5,3.5,7.75],"texture":"#3"},"east":{"uv":[3,5,2.5,7.75],"texture":"#3"},"south":{"uv":[4,5,3.75,7.75],"texture":"#3"},"west":{"uv":[2.5,5,2,7.75],"texture":"#3"},"up":{"uv":[4,5.75,4.25,5.25],"texture":"#3"},"down":{"uv":[4.25,5.25,4.5,5.75],"texture":"#3"}}},{"from":[14.8,5.08626,-3.57889],"to":[15.1,6.08626,-2.57889],"rotation":{"angle":-22.5,"axis":"x","origin":[8.1,10.47287,5.10608]},"faces":{"north":{"uv":[2.5,8.25,2.25,8.5],"texture":"#3"},"east":{"uv":[2.5,8.25,2.25,8.5],"texture":"#3"},"south":{"uv":[2.5,8.25,2.25,8.5],"texture":"#3"},"west":{"uv":[2.5,8.25,2.25,8.5],"texture":"#3"},"up":{"uv":[2.5,8.25,2.25,8.5],"texture":"#3"},"down":{"uv":[2.5,8.25,2.25,8.5],"texture":"#3"}}},{"from":[14,4.58626,-8.07889],"to":[15,6.58626,16.92111],"rotation":{"angle":-22.5,"axis":"x","origin":[8,10.47287,5.10608]},"faces":{"north":{"uv":[5.25,5.25,5,5.75],"texture":"#3"},"east":{"uv":[7.25,3.5,1,4],"texture":"#3"},"south":{"uv":[5.5,5.25,5.25,5.75],"texture":"#3"},"west":{"uv":[7.25,3,1,3.5],"texture":"#3"},"up":{"uv":[1.5,11.25,1.75,5],"texture":"#3"},"down":{"uv":[1.75,5,2,11.25],"texture":"#3"}}},{"from":[14.8,5.08626,3.92111],"to":[15.1,6.08626,4.92111],"rotation":{"angle":-22.5,"axis":"x","origin":[8.1,10.47287,5.10608]},"faces":{"north":{"uv":[2.5,8.25,2.25,8.5],"texture":"#3"},"east":{"uv":[2.5,8.25,2.25,8.5],"texture":"#3"},"south":{"uv":[2.5,8.25,2.25,8.5],"texture":"#3"},"west":{"uv":[2.5,8.25,2.25,8.5],"texture":"#3"},"up":{"uv":[2.5,8.25,2.25,8.5],"texture":"#3"},"down":{"uv":[2.5,8.25,2.25,8.5],"texture":"#3"}}},{"from":[2,2.51732,-1.72388],"to":[14,3.51732,0.27612],"rotation":{"angle":0,"axis":"x","origin":[8,10.47287,5.10608]},"faces":{"north":{"uv":[5,1,8,1.25],"texture":"#3"},"east":{"uv":[5.5,5.25,6,5.5],"texture":"#3"},"south":{"uv":[5,1,8,1.25],"texture":"#3"},"west":{"uv":[5.5,5.5,6,5.75],"texture":"#3"},"up":{"uv":[8,0.5,5,0],"texture":"#3"},"down":{"uv":[8,0.5,5,1],"texture":"#3"}}},{"from":[3,23.11803,1.50467],"to":[13,24.11803,2.50467],"rotation":{"angle":-45,"axis":"x","origin":[8,10.47287,5.10608]},"faces":{"north":{"uv":[5,1.75,7.5,2],"texture":"#3"},"east":{"uv":[4,5.75,4.25,6],"texture":"#3"},"south":{"uv":[5,2,7.5,2.25],"texture":"#3"},"west":{"uv":[4.25,5.75,4.5,6],"texture":"#3"},"up":{"uv":[7.5,2.5,5,2.25],"texture":"#3"},"down":{"uv":[7.5,2.5,5,2.75],"texture":"#3"}}},{"from":[2,8.62293,15.24059],"to":[14,9.62293,17.24059],"rotation":{"angle":0,"axis":"x","origin":[8,9.57287,5.10608]},"faces":{"north":{"uv":[5,1,8,1.25],"texture":"#3"},"east":{"uv":[5.5,5.25,6,5.5],"texture":"#3"},"south":{"uv":[5,1,8,1.25],"texture":"#3"},"west":{"uv":[5.5,5.5,6,5.75],"texture":"#3"},"up":{"uv":[8,0.5,5,0],"texture":"#3"},"down":{"uv":[8,0.5,5,1],"texture":"#3"}}},{"from":[12,12.11803,2.70467],"to":[13,24.01803,3.70467],"rotation":{"angle":-45,"axis":"x","origin":[8,9.47287,5.10608]},"faces":{"north":{"uv":[6,0,5.5,5.95],"texture":"#1","tintindex":0},"east":{"uv":[5,10,5.5,15.95],"texture":"#1","tintindex":0},"south":{"uv":[9.5,0,10,5.95],"texture":"#1","tintindex":0},"up":{"uv":[10.5,9,10,8.5],"texture":"#1","tintindex":0},"down":{"uv":[10.5,9,10,9.5],"texture":"#1","tintindex":0}}},{"from":[12,8.26652,1.74329],"to":[13,9.26652,6.04329],"rotation":{"angle":22.5,"axis":"x","origin":[8,9.47287,5.10608]},"faces":{"north":{"uv":[10,7.5,10.5,8],"texture":"#1","tintindex":0},"east":{"uv":[8,11,10.15,11.5],"texture":"#1","tintindex":0},"south":{"uv":[10,8,10.5,8.5],"texture":"#1","tintindex":0},"up":{"uv":[10.5,4.15,10,2],"texture":"#1","tintindex":0},"down":{"uv":[10.5,4.15,10,2],"texture":"#1","tintindex":0}}},{"from":[12,7.99969,5.5103],"to":[13,8.99969,13.5103],"rotation":{"angle":0,"axis":"x","origin":[8,9.47287,5.10608]},"faces":{"north":{"uv":[10,6.5,10.5,7],"texture":"#1","tintindex":0},"east":{"uv":[10,9.5,14,10],"texture":"#1","tintindex":0},"south":{"uv":[10,7,10.5,7.5],"texture":"#1","tintindex":0},"up":{"uv":[0.5,10,0,6],"texture":"#1","tintindex":0},"down":{"uv":[0.5,10,0,6],"texture":"#1","tintindex":0}}},{"from":[12,4.84082,12.2883],"to":[13,5.84082,16.5883],"rotation":{"angle":-22.5,"axis":"x","origin":[8,9.47287,5.10608]},"faces":{"north":{"uv":[6,10,6.5,10.5],"texture":"#1","tintindex":0},"east":{"uv":[10,10.5,12.15,11],"texture":"#1","tintindex":0},"south":{"uv":[10.5,6,11,6.5],"texture":"#1","tintindex":0},"up":{"uv":[0.5,12.15,0,10],"texture":"#1","tintindex":0},"down":{"uv":[0.5,11.95,0,10],"texture":"#1","tintindex":0}}},{"from":[11,4.84082,12.2883],"to":[12,5.84082,16.5883],"rotation":{"angle":-22.5,"axis":"x","origin":[7,9.47287,5.10608]},"faces":{"north":{"uv":[6,10,6.5,10.5],"texture":"#1"},"south":{"uv":[10,6,10.5,6.5],"texture":"#1"},"up":{"uv":[1,12.15,0.5,10],"texture":"#1"},"down":{"uv":[1,12,0.5,10],"texture":"#1"}}},{"from":[11,7.99969,5.5103],"to":[12,8.99969,13.5103],"rotation":{"angle":0,"axis":"x","origin":[7,9.47287,5.10608]},"faces":{"north":{"uv":[10,6.5,10.5,7],"texture":"#1"},"south":{"uv":[10,7,10.5,7.5],"texture":"#1"},"up":{"uv":[1,10,0.5,6],"texture":"#1"},"down":{"uv":[1,10,0.5,6],"texture":"#1"}}},{"from":[11,8.26652,1.74329],"to":[12,9.26652,6.04329],"rotation":{"angle":22.5,"axis":"x","origin":[7,9.47287,5.10608]},"faces":{"north":{"uv":[10,7.5,10.5,8],"texture":"#1"},"south":{"uv":[10,8,10.5,8.5],"texture":"#1"},"up":{"uv":[12,4,11.5,2],"texture":"#1"},"down":{"uv":[11,3.95,10.5,2],"texture":"#1"}}},{"from":[11,12.11803,2.70467],"to":[12,24.01803,3.70467],"rotation":{"angle":-45,"axis":"x","origin":[7,9.47287,5.10608]},"faces":{"north":{"uv":[5.5,0,5,5.95],"texture":"#1"},"south":{"uv":[9,0,9.5,5.95],"texture":"#1"},"up":{"uv":[10.5,8.5,10,8],"texture":"#1"},"down":{"uv":[10.5,8,10,8.5],"texture":"#1"}}},{"from":[9,7.99969,5.5103],"to":[10,8.99969,13.5103],"rotation":{"angle":0,"axis":"x","origin":[5,9.47287,5.10608]},"faces":{"north":{"uv":[10,6.5,10.5,7],"texture":"#1"},"south":{"uv":[10,7,10.5,7.5],"texture":"#1"},"up":{"uv":[2,10,1.5,6],"texture":"#1"},"down":{"uv":[1,10,0.5,6],"texture":"#1"}}},{"from":[9,4.84082,12.2883],"to":[10,5.84082,16.5883],"rotation":{"angle":-22.5,"axis":"x","origin":[5,9.47287,5.10608]},"faces":{"north":{"uv":[6,10,6.5,10.5],"texture":"#1"},"south":{"uv":[10,6,10.5,6.5],"texture":"#1"},"up":{"uv":[2,12.15,1.5,10],"texture":"#1"},"down":{"uv":[1,12,0.5,10],"texture":"#1"}}},{"from":[9,8.26652,1.74329],"to":[10,9.26652,6.04329],"rotation":{"angle":22.5,"axis":"x","origin":[5,9.47287,5.10608]},"faces":{"north":{"uv":[10,7.5,10.5,8],"texture":"#1"},"south":{"uv":[10,8,10.5,8.5],"texture":"#1"},"up":{"uv":[12,4,11.5,2],"texture":"#1"},"down":{"uv":[11,3.95,10.5,2],"texture":"#1"}}},{"from":[9,12.11803,2.70467],"to":[10,24.01803,3.70467],"rotation":{"angle":-45,"axis":"x","origin":[5,9.47287,5.10608]},"faces":{"north":{"uv":[5.5,0,5,5.95],"texture":"#1"},"south":{"uv":[8,0,8.5,5.95],"texture":"#1"},"up":{"uv":[10.5,8.5,10,8],"texture":"#1"},"down":{"uv":[10.5,8,10,8.5],"texture":"#1"}}},{"from":[10,4.84082,12.2883],"to":[11,5.84082,16.5883],"rotation":{"angle":-22.5,"axis":"x","origin":[6,9.47287,5.10608]},"faces":{"north":{"uv":[6,10,6.5,10.5],"texture":"#1","tintindex":0},"south":{"uv":[10.5,6,11,6.5],"texture":"#1","tintindex":0},"up":{"uv":[1.5,12.15,1,10],"texture":"#1","tintindex":0},"down":{"uv":[1.5,12,1,10],"texture":"#1","tintindex":0}}},{"from":[10,7.99969,5.5103],"to":[11,8.99969,13.5103],"rotation":{"angle":0,"axis":"x","origin":[6,9.47287,5.10608]},"faces":{"north":{"uv":[10,6.5,10.5,7],"texture":"#1","tintindex":0},"south":{"uv":[10.5,7,11,7.5],"texture":"#1","tintindex":0},"up":{"uv":[1.5,10,1,6],"texture":"#1","tintindex":0},"down":{"uv":[1.5,10,1,6],"texture":"#1","tintindex":0}}},{"from":[10,8.26652,1.74329],"to":[11,9.26652,6.04329],"rotation":{"angle":22.5,"axis":"x","origin":[6,9.47287,5.10608]},"faces":{"north":{"uv":[10,7.5,10.5,8],"texture":"#1","tintindex":0},"south":{"uv":[10.5,8,11,8.5],"texture":"#1","tintindex":0},"up":{"uv":[12.5,4,12,2],"texture":"#1","tintindex":0},"down":{"uv":[11.5,3.95,11,2],"texture":"#1","tintindex":0}}},{"from":[10,12.11803,2.70467],"to":[11,24.01803,3.70467],"rotation":{"angle":-45,"axis":"x","origin":[6,9.47287,5.10608]},"faces":{"north":{"uv":[7,0,6.5,5.95],"texture":"#1","tintindex":0},"south":{"uv":[9.5,0,10,5.95],"texture":"#1","tintindex":0},"up":{"uv":[11,8.5,10.5,8],"texture":"#1","tintindex":0},"down":{"uv":[11,8,10.5,8.5],"texture":"#1","tintindex":0}}},{"from":[4,8.26652,1.74329],"to":[5,9.26652,6.04329],"rotation":{"angle":22.5,"axis":"x","origin":[0,9.47287,5.10608]},"faces":{"north":{"uv":[10,7.5,10.5,8],"texture":"#1","tintindex":0},"south":{"uv":[10.5,8,11,8.5],"texture":"#1","tintindex":0},"up":{"uv":[12.5,4,12,2],"texture":"#1","tintindex":0},"down":{"uv":[11.5,3.95,11,2],"texture":"#1","tintindex":0}}},{"from":[4,12.11803,2.70467],"to":[5,24.01803,3.70467],"rotation":{"angle":-45,"axis":"x","origin":[0,9.47287,5.10608]},"faces":{"north":{"uv":[7,0,6.5,5.95],"texture":"#1","tintindex":0},"south":{"uv":[9.5,0,10,5.95],"texture":"#1","tintindex":0},"up":{"uv":[11,8.5,10.5,8],"texture":"#1","tintindex":0},"down":{"uv":[11,8,10.5,8.5],"texture":"#1","tintindex":0}}},{"from":[4,7.99969,5.5103],"to":[5,8.99969,13.5103],"rotation":{"angle":0,"axis":"x","origin":[0,9.47287,5.10608]},"faces":{"north":{"uv":[10,6.5,10.5,7],"texture":"#1","tintindex":0},"south":{"uv":[10.5,7,11,7.5],"texture":"#1","tintindex":0},"up":{"uv":[1.5,10,1,6],"texture":"#1","tintindex":0},"down":{"uv":[1.5,10,1,6],"texture":"#1","tintindex":0}}},{"from":[4,4.84082,12.2883],"to":[5,5.84082,16.5883],"rotation":{"angle":-22.5,"axis":"x","origin":[0,9.47287,5.10608]},"faces":{"north":{"uv":[6,10,6.5,10.5],"texture":"#1","tintindex":0},"south":{"uv":[10.5,6,11,6.5],"texture":"#1","tintindex":0},"up":{"uv":[1.5,12.15,1,10],"texture":"#1","tintindex":0},"down":{"uv":[1.5,12,1,10],"texture":"#1","tintindex":0}}},{"from":[8,12.11803,2.70467],"to":[9,24.01803,3.70467],"rotation":{"angle":-45,"axis":"x","origin":[4,9.47287,5.10608]},"faces":{"north":{"uv":[7,0,6.5,5.95],"texture":"#1","tintindex":0},"south":{"uv":[7.5,0,8,5.95],"texture":"#1","tintindex":0},"up":{"uv":[11,8.5,10.5,8],"texture":"#1","tintindex":0},"down":{"uv":[11,8,10.5,8.5],"texture":"#1","tintindex":0}}},{"from":[7,12.11803,2.70467],"to":[8,24.01803,3.70467],"rotation":{"angle":-45,"axis":"x","origin":[3,9.47287,5.10608]},"faces":{"north":{"uv":[5.5,0,5,5.95],"texture":"#1"},"south":{"uv":[8,0,8.5,5.95],"texture":"#1"},"up":{"uv":[10.5,8.5,10,8],"texture":"#1"},"down":{"uv":[10.5,8,10,8.5],"texture":"#1"}}},{"from":[8,8.26652,1.74329],"to":[9,9.26652,6.04329],"rotation":{"angle":22.5,"axis":"x","origin":[4,9.47287,5.10608]},"faces":{"north":{"uv":[10,7.5,10.5,8],"texture":"#1","tintindex":0},"south":{"uv":[10.5,8,11,8.5],"texture":"#1","tintindex":0},"up":{"uv":[13.5,4,13,2],"texture":"#1","tintindex":0},"down":{"uv":[11.5,3.95,11,2],"texture":"#1","tintindex":0}}},{"from":[7,8.26652,1.74329],"to":[8,9.26652,6.04329],"rotation":{"angle":22.5,"axis":"x","origin":[3,9.47287,5.10608]},"faces":{"north":{"uv":[10,7.5,10.5,8],"texture":"#1"},"south":{"uv":[10,8,10.5,8.5],"texture":"#1"},"up":{"uv":[12,4,11.5,2],"texture":"#1"},"down":{"uv":[11,3.95,10.5,2],"texture":"#1"}}},{"from":[8,7.99969,5.5103],"to":[9,8.99969,13.5103],"rotation":{"angle":0,"axis":"x","origin":[4,9.47287,5.10608]},"faces":{"north":{"uv":[10,6.5,10.5,7],"texture":"#1","tintindex":0},"south":{"uv":[10.5,7,11,7.5],"texture":"#1","tintindex":0},"up":{"uv":[2.5,10,2,6],"texture":"#1","tintindex":0},"down":{"uv":[1.5,10,1,6],"texture":"#1","tintindex":0}}},{"from":[7,7.99969,5.5103],"to":[8,8.99969,13.5103],"rotation":{"angle":0,"axis":"x","origin":[3,9.47287,5.10608]},"faces":{"north":{"uv":[10,6.5,10.5,7],"texture":"#1"},"south":{"uv":[10,7,10.5,7.5],"texture":"#1"},"up":{"uv":[2,10,1.5,6],"texture":"#1"},"down":{"uv":[1,10,0.5,6],"texture":"#1"}}},{"from":[8,4.84082,12.2883],"to":[9,5.84082,16.5883],"rotation":{"angle":-22.5,"axis":"x","origin":[4,9.47287,5.10608]},"faces":{"north":{"uv":[6,10,6.5,10.5],"texture":"#1","tintindex":0},"south":{"uv":[10.5,6,11,6.5],"texture":"#1","tintindex":0},"up":{"uv":[3.5,12.15,3,10],"texture":"#1","tintindex":0},"down":{"uv":[1.5,12,1,10],"texture":"#1","tintindex":0}}},{"from":[7,4.84082,12.2883],"to":[8,5.84082,16.5883],"rotation":{"angle":-22.5,"axis":"x","origin":[3,9.47287,5.10608]},"faces":{"north":{"uv":[6,10,6.5,10.5],"texture":"#1"},"south":{"uv":[10,6,10.5,6.5],"texture":"#1"},"up":{"uv":[2,12.15,1.5,10],"texture":"#1"},"down":{"uv":[1,12,0.5,10],"texture":"#1"}}},{"from":[5,7.99969,5.5103],"to":[6,8.99969,13.5103],"rotation":{"angle":0,"axis":"x","origin":[1,9.47287,5.10608]},"faces":{"north":{"uv":[10,6.5,10.5,7],"texture":"#1"},"south":{"uv":[10,7,10.5,7.5],"texture":"#1"},"up":{"uv":[2,10,1.5,6],"texture":"#1"},"down":{"uv":[1,10,0.5,6],"texture":"#1"}}},{"from":[6,7.99969,5.5103],"to":[7,8.99969,13.5103],"rotation":{"angle":0,"axis":"x","origin":[2,9.47287,5.10608]},"faces":{"north":{"uv":[10,6.5,10.5,7],"texture":"#1","tintindex":0},"south":{"uv":[10.5,7,11,7.5],"texture":"#1","tintindex":0},"up":{"uv":[3.5,10,3,6],"texture":"#1","tintindex":0},"down":{"uv":[1.5,10,1,6],"texture":"#1","tintindex":0}}},{"from":[6,4.84082,12.2883],"to":[7,5.84082,16.5883],"rotation":{"angle":-22.5,"axis":"x","origin":[2,9.47287,5.10608]},"faces":{"north":{"uv":[6,10,6.5,10.5],"texture":"#1","tintindex":0},"south":{"uv":[10.5,6,11,6.5],"texture":"#1","tintindex":0},"up":{"uv":[4.5,12.15,4,10],"texture":"#1","tintindex":0},"down":{"uv":[1.5,12,1,10],"texture":"#1","tintindex":0}}},{"from":[5,4.84082,12.2883],"to":[6,5.84082,16.5883],"rotation":{"angle":-22.5,"axis":"x","origin":[1,9.47287,5.10608]},"faces":{"north":{"uv":[6,10,6.5,10.5],"texture":"#1"},"south":{"uv":[10,6,10.5,6.5],"texture":"#1"},"up":{"uv":[2,12.15,1.5,10],"texture":"#1"},"down":{"uv":[1,12,0.5,10],"texture":"#1"}}},{"from":[6,8.26652,1.74329],"to":[7,9.26652,6.04329],"rotation":{"angle":22.5,"axis":"x","origin":[2,9.47287,5.10608]},"faces":{"north":{"uv":[10,7.5,10.5,8],"texture":"#1","tintindex":0},"south":{"uv":[10.5,8,11,8.5],"texture":"#1","tintindex":0},"up":{"uv":[14.5,4,14,2],"texture":"#1","tintindex":0},"down":{"uv":[11.5,3.95,11,2],"texture":"#1","tintindex":0}}},{"from":[5,8.26652,1.74329],"to":[6,9.26652,6.04329],"rotation":{"angle":22.5,"axis":"x","origin":[1,9.47287,5.10608]},"faces":{"north":{"uv":[10,7.5,10.5,8],"texture":"#1"},"south":{"uv":[10,8,10.5,8.5],"texture":"#1"},"up":{"uv":[12,4,11.5,2],"texture":"#1"},"down":{"uv":[11,3.95,10.5,2],"texture":"#1"}}},{"from":[6,12.11803,2.70467],"to":[7,24.01803,3.70467],"rotation":{"angle":-45,"axis":"x","origin":[2,9.47287,5.10608]},"faces":{"north":{"uv":[7,0,6.5,5.95],"texture":"#1","tintindex":0},"south":{"uv":[8.5,0,9,5.95],"texture":"#1","tintindex":0},"up":{"uv":[11,8.5,10.5,8],"texture":"#1","tintindex":0},"down":{"uv":[11,8,10.5,8.5],"texture":"#1","tintindex":0}}},{"from":[5,12.11803,2.70467],"to":[6,24.01803,3.70467],"rotation":{"angle":-45,"axis":"x","origin":[1,9.47287,5.10608]},"faces":{"north":{"uv":[5.5,0,5,5.95],"texture":"#1"},"south":{"uv":[8,0,8.5,5.95],"texture":"#1"},"up":{"uv":[10.5,8.5,10,8],"texture":"#1"},"down":{"uv":[10.5,8,10,8.5],"texture":"#1"}}},{"from":[3,7.99969,5.5103],"to":[4,8.99969,13.5103],"rotation":{"angle":0,"axis":"x","origin":[-1,9.47287,5.10608]},"faces":{"north":{"uv":[10,6.5,10.5,7],"texture":"#1"},"south":{"uv":[10,7,10.5,7.5],"texture":"#1"},"west":{"uv":[6,10.5,10,11],"texture":"#1"},"up":{"uv":[2,10,1.5,6],"texture":"#1"},"down":{"uv":[1,10,0.5,6],"texture":"#1"}}},{"from":[3,4.84082,12.2883],"to":[4,5.84082,16.5883],"rotation":{"angle":-22.5,"axis":"x","origin":[-1,9.47287,5.10608]},"faces":{"north":{"uv":[6,10,6.5,10.5],"texture":"#1"},"south":{"uv":[10,6,10.5,6.5],"texture":"#1"},"west":{"uv":[6,11,8.15,11.5],"texture":"#1"},"up":{"uv":[2,12.15,1.5,10],"texture":"#1"},"down":{"uv":[1,12,0.5,10],"texture":"#1"}}},{"from":[3,8.26652,1.74329],"to":[4,9.26652,6.04329],"rotation":{"angle":22.5,"axis":"x","origin":[-1,9.47287,5.10608]},"faces":{"north":{"uv":[10,7.5,10.5,8],"texture":"#1"},"south":{"uv":[10,8,10.5,8.5],"texture":"#1"},"west":{"uv":[10.5,11,12.45,11.5],"texture":"#1"},"up":{"uv":[12,4,11.5,2],"texture":"#1"},"down":{"uv":[11,3.95,10.5,2],"texture":"#1"}}},{"from":[3,12.11803,2.70467],"to":[4,24.01803,3.70467],"rotation":{"angle":-45,"axis":"x","origin":[-1,9.47287,5.10608]},"faces":{"north":{"uv":[5.5,0,5,5.95],"texture":"#1"},"south":{"uv":[8,0,8.5,5.95],"texture":"#1"},"west":{"uv":[5.5,10,6,15.95],"texture":"#1"},"up":{"uv":[10.5,8.5,10,8],"texture":"#1"},"down":{"uv":[10.5,8,10,8.5],"texture":"#1"}}}],"display":{"thirdperson_righthand":{"rotation":[-121.88,-55.92,177.54],"translation":[0,2.5,0],"scale":[0.375,0.375,0.375]},"thirdperson_lefthand":{"rotation":[-121.88,-55.92,177.54],"translation":[0,2.5,0],"scale":[0.375,0.375,0.375]},"firstperson_righthand":{"rotation":[0,-75.25,0],"translation":[0,2,0],"scale":[0.29063,0.29063,0.29063]},"firstperson_lefthand":{"rotation":[0,-75.25,0],"translation":[0,2,0],"scale":[0.29063,0.29063,0.29063]},"ground":{"translation":[0,2.5,0.75],"scale":[0.49609,0.49609,0.49609]},"gui":{"rotation":[11.65,-38.77,-3.64],"translation":[-1.25,-2,0],"scale":[0.55859,0.55859,0.55859]},"head":{"translation":[0,-30.4,-0.5],"scale":[1.6,1.6,1.6]},"fixed":{"rotation":[-90,180,0],"translation":[0,-1,-16],"scale":[2,2,2]}},"mcmodels":"e000c60207ad4a1a2a96169b5d36d4e4","gui_light":"front"}