{"credit":"Created By Yassou","texture_size":[128,128],"textures":{"20":"summer_furnitures:straw_parasol","particle":"#20"},"elements":[{"from":[-16,21.23335,-6.32623],"to":[32,23.23335,0.67377],"rotation":{"angle":-22.5,"axis":"x","origin":[7,-4,7]},"faces":{"north":{"uv":[1,8.625,7,8.875],"texture":"#20"},"east":{"uv":[8,10.125,8.875,10.375],"texture":"#20"},"south":{"uv":[7,8.625,13,8.875],"texture":"#20"},"west":{"uv":[8.875,10.125,9.75,10.375],"texture":"#20"},"up":{"uv":[12,1.75,6,0.875],"texture":"#20"},"down":{"uv":[12,2.625,6,1.75],"texture":"#20"}}},{"from":[-16,21.23335,0.67377],"to":[32,23.23335,0.67377],"rotation":{"angle":-22.5,"axis":"x","origin":[7,-4,7]},"faces":{"north":{"uv":[1,8.375,7,8.625],"texture":"#20"},"east":{"uv":[0,0,0,0.25],"texture":"#20"},"south":{"uv":[7,8.375,13,8.625],"texture":"#20"},"west":{"uv":[0,0,0,0.25],"texture":"#20"},"up":{"uv":[6,0,0,0],"texture":"#20"},"down":{"uv":[6,0,0,0],"texture":"#20"}}},{"from":[-16,21.93306,4.21078],"to":[32,23.93306,4.21078],"rotation":{"angle":-22.5,"axis":"x","origin":[7,-4,7]},"faces":{"north":{"uv":[1,8.125,7,8.375],"texture":"#20"},"east":{"uv":[0,0,0,0.25],"texture":"#20"},"south":{"uv":[7,8.125,13,8.375],"texture":"#20"},"west":{"uv":[0,0,0,0.25],"texture":"#20"},"up":{"uv":[6,0,0,0],"texture":"#20"},"down":{"uv":[6,0,0,0],"texture":"#20"}}},{"from":[-16,21.93306,-2.78922],"to":[32,23.93306,4.21078],"rotation":{"angle":-22.5,"axis":"x","origin":[7,-4,7]},"faces":{"north":{"uv":[1,7.875,7,8.125],"texture":"#20"},"east":{"uv":[6.25,10.125,7.125,10.375],"texture":"#20"},"south":{"uv":[7,7.875,13,8.125],"texture":"#20"},"west":{"uv":[7.125,10.125,8,10.375],"texture":"#20"},"up":{"uv":[6,6.125,0,5.25],"texture":"#20"},"down":{"uv":[12,0,6,0.875],"texture":"#20"}}},{"from":[-16,22.63277,7.74779],"to":[32,24.63277,7.74779],"rotation":{"angle":-22.5,"axis":"x","origin":[7,-4,7]},"faces":{"north":{"uv":[1,7.625,7,7.875],"texture":"#20"},"east":{"uv":[0,0,0,0.25],"texture":"#20"},"south":{"uv":[7,7.625,13,7.875],"texture":"#20"},"west":{"uv":[0,0,0,0.25],"texture":"#20"},"up":{"uv":[6,0,0,0],"texture":"#20"},"down":{"uv":[6,0,0,0],"texture":"#20"}}},{"from":[-16,22.63277,0.74779],"to":[32,24.63277,7.74779],"rotation":{"angle":-22.5,"axis":"x","origin":[7,-4,7]},"faces":{"north":{"uv":[1,7.375,7,7.625],"texture":"#20"},"east":{"uv":[4.5,10.125,5.375,10.375],"texture":"#20"},"south":{"uv":[7,7.375,13,7.625],"texture":"#20"},"west":{"uv":[5.375,10.125,6.25,10.375],"texture":"#20"},"up":{"uv":[6,4.375,0,3.5],"texture":"#20"},"down":{"uv":[6,4.375,0,5.25],"texture":"#20"}}},{"from":[-16,23.33248,11.28479],"to":[32,25.33248,11.28479],"rotation":{"angle":-22.5,"axis":"x","origin":[7,-4,7]},"faces":{"north":{"uv":[1,7.125,7,7.375],"texture":"#20"},"east":{"uv":[0,0,0,0.25],"texture":"#20"},"south":{"uv":[7,7.125,13,7.375],"texture":"#20"},"west":{"uv":[0,0,0,0.25],"texture":"#20"},"up":{"uv":[6,0,0,0],"texture":"#20"},"down":{"uv":[6,0,0,0],"texture":"#20"}}},{"from":[-16,23.33248,4.28479],"to":[32,25.33248,11.28479],"rotation":{"angle":-22.5,"axis":"x","origin":[7,-4,7]},"faces":{"north":{"uv":[1,9.125,7,9.375],"texture":"#20"},"east":{"uv":[1.875,10.375,2.75,10.625],"texture":"#20"},"south":{"uv":[7,9.125,13,9.375],"texture":"#20"},"west":{"uv":[2.75,10.375,3.625,10.625],"texture":"#20"},"up":{"uv":[12,5.25,6,4.375],"texture":"#20"},"down":{"uv":[12,5.25,6,6.125],"texture":"#20"}}},{"from":[-16,24.03218,14.8218],"to":[32,26.03218,14.8218],"rotation":{"angle":-22.5,"axis":"x","origin":[7,-4,7]},"faces":{"north":{"uv":[7,6.625,13,6.875],"texture":"#20"},"east":{"uv":[0,0,0,0.25],"texture":"#20"},"south":{"uv":[7,6.875,13,7.125],"texture":"#20"},"west":{"uv":[0,0,0,0.25],"texture":"#20"},"up":{"uv":[6,0,0,0],"texture":"#20"},"down":{"uv":[6,0,0,0],"texture":"#20"}}},{"from":[-16,24.03218,7.8218],"to":[32,26.03218,14.8218],"rotation":{"angle":-22.5,"axis":"x","origin":[7,-4,7]},"faces":{"north":{"uv":[7,6.125,13,6.375],"texture":"#20"},"east":{"uv":[2.75,10.125,3.625,10.375],"texture":"#20"},"south":{"uv":[7,6.375,13,6.625],"texture":"#20"},"west":{"uv":[3.625,10.125,4.5,10.375],"texture":"#20"},"up":{"uv":[6,2.625,0,1.75],"texture":"#20"},"down":{"uv":[6,2.625,0,3.5],"texture":"#20"}}},{"from":[-16,24.73189,18.3588],"to":[32,26.73189,18.3588],"rotation":{"angle":-22.5,"axis":"x","origin":[7,-4,7]},"faces":{"north":{"uv":[1,6.625,7,6.875],"texture":"#20"},"east":{"uv":[0,0,0,0.25],"texture":"#20"},"south":{"uv":[1,6.875,7,7.125],"texture":"#20"},"west":{"uv":[0,0,0,0.25],"texture":"#20"},"up":{"uv":[6,0,0,0],"texture":"#20"},"down":{"uv":[6,0,0,0],"texture":"#20"}}},{"from":[-16,24.73189,11.3588],"to":[32,26.73189,18.3588],"rotation":{"angle":-22.5,"axis":"x","origin":[7,-4,7]},"faces":{"north":{"uv":[1,6.125,7,6.375],"texture":"#20"},"east":{"uv":[1,10.125,1.875,10.375],"texture":"#20"},"south":{"uv":[1,6.375,7,6.625],"texture":"#20"},"west":{"uv":[1.875,10.125,2.75,10.375],"texture":"#20"},"up":{"uv":[6,0.875,0,0],"texture":"#20"},"down":{"uv":[6,0.875,0,1.75],"texture":"#20"}}},{"from":[-16,25.4316,14.89581],"to":[32,27.4316,21.89581],"rotation":{"angle":-22.5,"axis":"x","origin":[7,-4,7]},"faces":{"north":{"uv":[1,8.875,7,9.125],"texture":"#20"},"east":{"uv":[9.75,10.125,10.625,10.375],"texture":"#20"},"south":{"uv":[7,8.875,13,9.125],"texture":"#20"},"west":{"uv":[1,10.375,1.875,10.625],"texture":"#20"},"up":{"uv":[12,3.5,6,2.625],"texture":"#20"},"down":{"uv":[12,3.5,6,4.375],"texture":"#20"}}},{"from":[13.32623,21.23335,-16],"to":[20.32623,23.23335,32],"rotation":{"angle":-22.5,"axis":"z","origin":[7,-4,7]},"faces":{"north":{"uv":[8.875,10.125,9.75,10.375],"texture":"#20"},"east":{"uv":[1,8.625,7,8.875],"texture":"#20"},"south":{"uv":[8,10.125,8.875,10.375],"texture":"#20"},"west":{"uv":[7,8.625,13,8.875],"texture":"#20"},"up":{"uv":[12,1.75,6,0.875],"rotation":90,"texture":"#20"},"down":{"uv":[12,2.625,6,1.75],"rotation":270,"texture":"#20"}}},{"from":[13.32623,21.23335,-16],"to":[13.32623,23.23335,32],"rotation":{"angle":-22.5,"axis":"z","origin":[7,-4,7]},"faces":{"north":{"uv":[0,0,0,0.25],"texture":"#20"},"east":{"uv":[1,8.375,7,8.625],"texture":"#20"},"south":{"uv":[0,0,0,0.25],"texture":"#20"},"west":{"uv":[7,8.375,13,8.625],"texture":"#20"},"up":{"uv":[6,0,0,0],"rotation":90,"texture":"#20"},"down":{"uv":[6,0,0,0],"rotation":270,"texture":"#20"}}},{"from":[9.78922,21.93306,-16],"to":[9.78922,23.93306,32],"rotation":{"angle":-22.5,"axis":"z","origin":[7,-4,7]},"faces":{"north":{"uv":[0,0,0,0.25],"texture":"#20"},"east":{"uv":[1,8.125,7,8.375],"texture":"#20"},"south":{"uv":[0,0,0,0.25],"texture":"#20"},"west":{"uv":[7,8.125,13,8.375],"texture":"#20"},"up":{"uv":[6,0,0,0],"rotation":90,"texture":"#20"},"down":{"uv":[6,0,0,0],"rotation":270,"texture":"#20"}}},{"from":[9.78922,21.93306,-16],"to":[16.78922,23.93306,32],"rotation":{"angle":-22.5,"axis":"z","origin":[7,-4,7]},"faces":{"north":{"uv":[7.125,10.125,8,10.375],"texture":"#20"},"east":{"uv":[1,7.875,7,8.125],"texture":"#20"},"south":{"uv":[6.25,10.125,7.125,10.375],"texture":"#20"},"west":{"uv":[7,7.875,13,8.125],"texture":"#20"},"up":{"uv":[6,6.125,0,5.25],"rotation":90,"texture":"#20"},"down":{"uv":[12,0,6,0.875],"rotation":270,"texture":"#20"}}},{"from":[6.25221,22.63277,-16],"to":[6.25221,24.63277,32],"rotation":{"angle":-22.5,"axis":"z","origin":[7,-4,7]},"faces":{"north":{"uv":[0,0,0,0.25],"texture":"#20"},"east":{"uv":[1,7.625,7,7.875],"texture":"#20"},"south":{"uv":[0,0,0,0.25],"texture":"#20"},"west":{"uv":[7,7.625,13,7.875],"texture":"#20"},"up":{"uv":[6,0,0,0],"rotation":90,"texture":"#20"},"down":{"uv":[6,0,0,0],"rotation":270,"texture":"#20"}}},{"from":[6.25221,22.63277,-16],"to":[13.25221,24.63277,32],"rotation":{"angle":-22.5,"axis":"z","origin":[7,-4,7]},"faces":{"north":{"uv":[5.375,10.125,6.25,10.375],"texture":"#20"},"east":{"uv":[1,7.375,7,7.625],"texture":"#20"},"south":{"uv":[4.5,10.125,5.375,10.375],"texture":"#20"},"west":{"uv":[7,7.375,13,7.625],"texture":"#20"},"up":{"uv":[6,4.375,0,3.5],"rotation":90,"texture":"#20"},"down":{"uv":[6,4.375,0,5.25],"rotation":270,"texture":"#20"}}},{"from":[2.71521,23.33248,-16],"to":[2.71521,25.33248,32],"rotation":{"angle":-22.5,"axis":"z","origin":[7,-4,7]},"faces":{"north":{"uv":[0,0,0,0.25],"texture":"#20"},"east":{"uv":[1,7.125,7,7.375],"texture":"#20"},"south":{"uv":[0,0,0,0.25],"texture":"#20"},"west":{"uv":[7,7.125,13,7.375],"texture":"#20"},"up":{"uv":[6,0,0,0],"rotation":90,"texture":"#20"},"down":{"uv":[6,0,0,0],"rotation":270,"texture":"#20"}}},{"from":[2.71521,23.33248,-16],"to":[9.71521,25.33248,32],"rotation":{"angle":-22.5,"axis":"z","origin":[7,-4,7]},"faces":{"north":{"uv":[2.75,10.375,3.625,10.625],"texture":"#20"},"east":{"uv":[1,9.125,7,9.375],"texture":"#20"},"south":{"uv":[1.875,10.375,2.75,10.625],"texture":"#20"},"west":{"uv":[7,9.125,13,9.375],"texture":"#20"},"up":{"uv":[12,5.25,6,4.375],"rotation":90,"texture":"#20"},"down":{"uv":[12,5.25,6,6.125],"rotation":270,"texture":"#20"}}},{"from":[-0.8218,24.03218,-16],"to":[-0.8218,26.03218,32],"rotation":{"angle":-22.5,"axis":"z","origin":[7,-4,7]},"faces":{"north":{"uv":[0,0,0,0.25],"texture":"#20"},"east":{"uv":[7,6.625,13,6.875],"texture":"#20"},"south":{"uv":[0,0,0,0.25],"texture":"#20"},"west":{"uv":[7,6.875,13,7.125],"texture":"#20"},"up":{"uv":[6,0,0,0],"rotation":90,"texture":"#20"},"down":{"uv":[6,0,0,0],"rotation":270,"texture":"#20"}}},{"from":[-0.8218,24.03218,-16],"to":[6.1782,26.03218,32],"rotation":{"angle":-22.5,"axis":"z","origin":[7,-4,7]},"faces":{"north":{"uv":[3.625,10.125,4.5,10.375],"texture":"#20"},"east":{"uv":[7,6.125,13,6.375],"texture":"#20"},"south":{"uv":[2.75,10.125,3.625,10.375],"texture":"#20"},"west":{"uv":[7,6.375,13,6.625],"texture":"#20"},"up":{"uv":[6,2.625,0,1.75],"rotation":90,"texture":"#20"},"down":{"uv":[6,2.625,0,3.5],"rotation":270,"texture":"#20"}}},{"from":[-4.3588,24.73189,-16],"to":[-4.3588,26.73189,32],"rotation":{"angle":-22.5,"axis":"z","origin":[7,-4,7]},"faces":{"north":{"uv":[0,0,0,0.25],"texture":"#20"},"east":{"uv":[1,6.625,7,6.875],"texture":"#20"},"south":{"uv":[0,0,0,0.25],"texture":"#20"},"west":{"uv":[1,6.875,7,7.125],"texture":"#20"},"up":{"uv":[6,0,0,0],"rotation":90,"texture":"#20"},"down":{"uv":[6,0,0,0],"rotation":270,"texture":"#20"}}},{"from":[-4.3588,24.73189,-16],"to":[2.6412,26.73189,32],"rotation":{"angle":-22.5,"axis":"z","origin":[7,-4,7]},"faces":{"north":{"uv":[1.875,10.125,2.75,10.375],"texture":"#20"},"east":{"uv":[1,6.125,7,6.375],"texture":"#20"},"south":{"uv":[1,10.125,1.875,10.375],"texture":"#20"},"west":{"uv":[1,6.375,7,6.625],"texture":"#20"},"up":{"uv":[6,0.875,0,0],"rotation":90,"texture":"#20"},"down":{"uv":[6,0.875,0,1.75],"rotation":270,"texture":"#20"}}},{"from":[-7.89581,25.4316,-16],"to":[-0.89581,27.4316,32],"rotation":{"angle":-22.5,"axis":"z","origin":[7,-4,7]},"faces":{"north":{"uv":[1,10.375,1.875,10.625],"texture":"#20"},"east":{"uv":[1,8.875,7,9.125],"texture":"#20"},"south":{"uv":[9.75,10.125,10.625,10.375],"texture":"#20"},"west":{"uv":[7,8.875,13,9.125],"texture":"#20"},"up":{"uv":[12,3.5,6,2.625],"rotation":90,"texture":"#20"},"down":{"uv":[12,3.5,6,4.375],"rotation":270,"texture":"#20"}}},{"from":[-4.32623,21.23335,-16],"to":[2.67377,23.23335,32],"rotation":{"angle":22.5,"axis":"z","origin":[9,-4,7]},"faces":{"north":{"uv":[9.75,10.125,8.875,10.375],"texture":"#20"},"east":{"uv":[13,8.625,7,8.875],"texture":"#20"},"south":{"uv":[8.875,10.125,8,10.375],"texture":"#20"},"west":{"uv":[7,8.625,1,8.875],"texture":"#20"},"up":{"uv":[12,0.875,6,1.75],"rotation":90,"texture":"#20"},"down":{"uv":[12,1.75,6,2.625],"rotation":270,"texture":"#20"}}},{"from":[2.67377,21.23335,-16],"to":[2.67377,23.23335,32],"rotation":{"angle":22.5,"axis":"z","origin":[9,-4,7]},"faces":{"north":{"uv":[0,0,0,0.25],"texture":"#20"},"east":{"uv":[13,8.375,7,8.625],"texture":"#20"},"south":{"uv":[0,0,0,0.25],"texture":"#20"},"west":{"uv":[7,8.375,1,8.625],"texture":"#20"},"up":{"uv":[6,0,0,0],"rotation":90,"texture":"#20"},"down":{"uv":[6,0,0,0],"rotation":270,"texture":"#20"}}},{"from":[6.21078,21.93306,-16],"to":[6.21078,23.93306,32],"rotation":{"angle":22.5,"axis":"z","origin":[9,-4,7]},"faces":{"north":{"uv":[0,0,0,0.25],"texture":"#20"},"east":{"uv":[13,8.125,7,8.375],"texture":"#20"},"south":{"uv":[0,0,0,0.25],"texture":"#20"},"west":{"uv":[7,8.125,1,8.375],"texture":"#20"},"up":{"uv":[6,0,0,0],"rotation":90,"texture":"#20"},"down":{"uv":[6,0,0,0],"rotation":270,"texture":"#20"}}},{"from":[-0.78922,21.93306,-16],"to":[6.21078,23.93306,32],"rotation":{"angle":22.5,"axis":"z","origin":[9,-4,7]},"faces":{"north":{"uv":[8,10.125,7.125,10.375],"texture":"#20"},"east":{"uv":[13,7.875,7,8.125],"texture":"#20"},"south":{"uv":[7.125,10.125,6.25,10.375],"texture":"#20"},"west":{"uv":[7,7.875,1,8.125],"texture":"#20"},"up":{"uv":[6,5.25,0,6.125],"rotation":90,"texture":"#20"},"down":{"uv":[12,0.875,6,0],"rotation":270,"texture":"#20"}}},{"from":[9.74779,22.63277,-16],"to":[9.74779,24.63277,32],"rotation":{"angle":22.5,"axis":"z","origin":[9,-4,7]},"faces":{"north":{"uv":[0,0,0,0.25],"texture":"#20"},"east":{"uv":[13,7.625,7,7.875],"texture":"#20"},"south":{"uv":[0,0,0,0.25],"texture":"#20"},"west":{"uv":[7,7.625,1,7.875],"texture":"#20"},"up":{"uv":[6,0,0,0],"rotation":90,"texture":"#20"},"down":{"uv":[6,0,0,0],"rotation":270,"texture":"#20"}}},{"from":[2.74779,22.63277,-16],"to":[9.74779,24.63277,32],"rotation":{"angle":22.5,"axis":"z","origin":[9,-4,7]},"faces":{"north":{"uv":[6.25,10.125,5.375,10.375],"texture":"#20"},"east":{"uv":[13,7.375,7,7.625],"texture":"#20"},"south":{"uv":[5.375,10.125,4.5,10.375],"texture":"#20"},"west":{"uv":[7,7.375,1,7.625],"texture":"#20"},"up":{"uv":[6,3.5,0,4.375],"rotation":90,"texture":"#20"},"down":{"uv":[6,5.25,0,4.375],"rotation":270,"texture":"#20"}}},{"from":[13.28479,23.33248,-16],"to":[13.28479,25.33248,32],"rotation":{"angle":22.5,"axis":"z","origin":[9,-4,7]},"faces":{"north":{"uv":[0,0,0,0.25],"texture":"#20"},"east":{"uv":[13,7.125,7,7.375],"texture":"#20"},"south":{"uv":[0,0,0,0.25],"texture":"#20"},"west":{"uv":[7,7.125,1,7.375],"texture":"#20"},"up":{"uv":[6,0,0,0],"rotation":90,"texture":"#20"},"down":{"uv":[6,0,0,0],"rotation":270,"texture":"#20"}}},{"from":[6.28479,23.33248,-16],"to":[13.28479,25.33248,32],"rotation":{"angle":22.5,"axis":"z","origin":[9,-4,7]},"faces":{"north":{"uv":[3.625,10.375,2.75,10.625],"texture":"#20"},"east":{"uv":[13,9.125,7,9.375],"texture":"#20"},"south":{"uv":[2.75,10.375,1.875,10.625],"texture":"#20"},"west":{"uv":[7,9.125,1,9.375],"texture":"#20"},"up":{"uv":[12,4.375,6,5.25],"rotation":90,"texture":"#20"},"down":{"uv":[12,6.125,6,5.25],"rotation":270,"texture":"#20"}}},{"from":[16.8218,24.03218,-16],"to":[16.8218,26.03218,32],"rotation":{"angle":22.5,"axis":"z","origin":[9,-4,7]},"faces":{"north":{"uv":[0,0,0,0.25],"texture":"#20"},"east":{"uv":[13,6.875,7,7.125],"texture":"#20"},"south":{"uv":[0,0,0,0.25],"texture":"#20"},"west":{"uv":[13,6.625,7,6.875],"texture":"#20"},"up":{"uv":[6,0,0,0],"rotation":90,"texture":"#20"},"down":{"uv":[6,0,0,0],"rotation":270,"texture":"#20"}}},{"from":[9.8218,24.03218,-16],"to":[16.8218,26.03218,32],"rotation":{"angle":22.5,"axis":"z","origin":[9,-4,7]},"faces":{"north":{"uv":[4.5,10.125,3.625,10.375],"texture":"#20"},"east":{"uv":[13,6.375,7,6.625],"texture":"#20"},"south":{"uv":[3.625,10.125,2.75,10.375],"texture":"#20"},"west":{"uv":[13,6.125,7,6.375],"texture":"#20"},"up":{"uv":[6,1.75,0,2.625],"rotation":90,"texture":"#20"},"down":{"uv":[6,3.5,0,2.625],"rotation":270,"texture":"#20"}}},{"from":[20.3588,24.73189,-16],"to":[20.3588,26.73189,32],"rotation":{"angle":22.5,"axis":"z","origin":[9,-4,7]},"faces":{"north":{"uv":[0,0,0,0.25],"texture":"#20"},"east":{"uv":[7,6.875,1,7.125],"texture":"#20"},"south":{"uv":[0,0,0,0.25],"texture":"#20"},"west":{"uv":[7,6.625,1,6.875],"texture":"#20"},"up":{"uv":[6,0,0,0],"rotation":90,"texture":"#20"},"down":{"uv":[6,0,0,0],"rotation":270,"texture":"#20"}}},{"from":[13.3588,24.73189,-16],"to":[20.3588,26.73189,32],"rotation":{"angle":22.5,"axis":"z","origin":[9,-4,7]},"faces":{"north":{"uv":[2.75,10.125,1.875,10.375],"texture":"#20"},"east":{"uv":[7,6.375,1,6.625],"texture":"#20"},"south":{"uv":[1.875,10.125,1,10.375],"texture":"#20"},"west":{"uv":[7,6.125,1,6.375],"texture":"#20"},"up":{"uv":[6,0,0,0.875],"rotation":90,"texture":"#20"},"down":{"uv":[6,1.75,0,0.875],"rotation":270,"texture":"#20"}}},{"from":[16.89581,25.4316,-16],"to":[23.89581,27.4316,32],"rotation":{"angle":22.5,"axis":"z","origin":[9,-4,7]},"faces":{"north":{"uv":[1.875,10.375,1,10.625],"texture":"#20"},"east":{"uv":[13,8.875,7,9.125],"texture":"#20"},"south":{"uv":[10.625,10.125,9.75,10.375],"texture":"#20"},"west":{"uv":[7,8.875,1,9.125],"texture":"#20"},"up":{"uv":[12,2.625,6,3.5],"rotation":90,"texture":"#20"},"down":{"uv":[12,4.375,6,3.5],"rotation":270,"texture":"#20"}}},{"from":[-16,21.23335,15.32623],"to":[32,23.23335,22.32623],"rotation":{"angle":22.5,"axis":"x","origin":[7,-4,9]},"faces":{"north":{"uv":[13,8.625,7,8.875],"texture":"#20"},"east":{"uv":[8.875,10.125,8,10.375],"texture":"#20"},"south":{"uv":[7,8.625,1,8.875],"texture":"#20"},"west":{"uv":[9.75,10.125,8.875,10.375],"texture":"#20"},"up":{"uv":[12,0.875,6,1.75],"texture":"#20"},"down":{"uv":[12,1.75,6,2.625],"texture":"#20"}}},{"from":[-16,21.23335,15.32623],"to":[32,23.23335,15.32623],"rotation":{"angle":22.5,"axis":"x","origin":[7,-4,9]},"faces":{"north":{"uv":[13,8.375,7,8.625],"texture":"#20"},"east":{"uv":[0,0,0,0.25],"texture":"#20"},"south":{"uv":[7,8.375,1,8.625],"texture":"#20"},"west":{"uv":[0,0,0,0.25],"texture":"#20"},"up":{"uv":[6,0,0,0],"texture":"#20"},"down":{"uv":[6,0,0,0],"texture":"#20"}}},{"from":[-16,21.93306,11.78922],"to":[32,23.93306,11.78922],"rotation":{"angle":22.5,"axis":"x","origin":[7,-4,9]},"faces":{"north":{"uv":[13,8.125,7,8.375],"texture":"#20"},"east":{"uv":[0,0,0,0.25],"texture":"#20"},"south":{"uv":[7,8.125,1,8.375],"texture":"#20"},"west":{"uv":[0,0,0,0.25],"texture":"#20"},"up":{"uv":[6,0,0,0],"texture":"#20"},"down":{"uv":[6,0,0,0],"texture":"#20"}}},{"from":[-16,21.93306,11.78922],"to":[32,23.93306,18.78922],"rotation":{"angle":22.5,"axis":"x","origin":[7,-4,9]},"faces":{"north":{"uv":[13,7.875,7,8.125],"texture":"#20"},"east":{"uv":[7.125,10.125,6.25,10.375],"texture":"#20"},"south":{"uv":[7,7.875,1,8.125],"texture":"#20"},"west":{"uv":[8,10.125,7.125,10.375],"texture":"#20"},"up":{"uv":[6,5.25,0,6.125],"texture":"#20"},"down":{"uv":[12,0.875,6,0],"texture":"#20"}}},{"from":[-16,22.63277,8.25221],"to":[32,24.63277,8.25221],"rotation":{"angle":22.5,"axis":"x","origin":[7,-4,9]},"faces":{"north":{"uv":[13,7.625,7,7.875],"texture":"#20"},"east":{"uv":[0,0,0,0.25],"texture":"#20"},"south":{"uv":[7,7.625,1,7.875],"texture":"#20"},"west":{"uv":[0,0,0,0.25],"texture":"#20"},"up":{"uv":[6,0,0,0],"texture":"#20"},"down":{"uv":[6,0,0,0],"texture":"#20"}}},{"from":[-16,22.63277,8.25221],"to":[32,24.63277,15.25221],"rotation":{"angle":22.5,"axis":"x","origin":[7,-4,9]},"faces":{"north":{"uv":[13,7.375,7,7.625],"texture":"#20"},"east":{"uv":[5.375,10.125,4.5,10.375],"texture":"#20"},"south":{"uv":[7,7.375,1,7.625],"texture":"#20"},"west":{"uv":[6.25,10.125,5.375,10.375],"texture":"#20"},"up":{"uv":[6,3.5,0,4.375],"texture":"#20"},"down":{"uv":[6,5.25,0,4.375],"texture":"#20"}}},{"from":[-16,23.33248,4.71521],"to":[32,25.33248,4.71521],"rotation":{"angle":22.5,"axis":"x","origin":[7,-4,9]},"faces":{"north":{"uv":[13,7.125,7,7.375],"texture":"#20"},"east":{"uv":[0,0,0,0.25],"texture":"#20"},"south":{"uv":[7,7.125,1,7.375],"texture":"#20"},"west":{"uv":[0,0,0,0.25],"texture":"#20"},"up":{"uv":[6,0,0,0],"texture":"#20"},"down":{"uv":[6,0,0,0],"texture":"#20"}}},{"from":[-16,23.33248,4.71521],"to":[32,25.33248,11.71521],"rotation":{"angle":22.5,"axis":"x","origin":[7,-4,9]},"faces":{"north":{"uv":[13,9.125,7,9.375],"texture":"#20"},"east":{"uv":[2.75,10.375,1.875,10.625],"texture":"#20"},"south":{"uv":[7,9.125,1,9.375],"texture":"#20"},"west":{"uv":[3.625,10.375,2.75,10.625],"texture":"#20"},"up":{"uv":[12,4.375,6,5.25],"texture":"#20"},"down":{"uv":[12,6.125,6,5.25],"texture":"#20"}}},{"from":[-16,24.03218,1.1782],"to":[32,26.03218,1.1782],"rotation":{"angle":22.5,"axis":"x","origin":[7,-4,9]},"faces":{"north":{"uv":[13,6.875,7,7.125],"texture":"#20"},"east":{"uv":[0,0,0,0.25],"texture":"#20"},"south":{"uv":[13,6.625,7,6.875],"texture":"#20"},"west":{"uv":[0,0,0,0.25],"texture":"#20"},"up":{"uv":[6,0,0,0],"texture":"#20"},"down":{"uv":[6,0,0,0],"texture":"#20"}}},{"from":[-16,24.03218,1.1782],"to":[32,26.03218,8.1782],"rotation":{"angle":22.5,"axis":"x","origin":[7,-4,9]},"faces":{"north":{"uv":[13,6.375,7,6.625],"texture":"#20"},"east":{"uv":[3.625,10.125,2.75,10.375],"texture":"#20"},"south":{"uv":[13,6.125,7,6.375],"texture":"#20"},"west":{"uv":[4.5,10.125,3.625,10.375],"texture":"#20"},"up":{"uv":[6,1.75,0,2.625],"texture":"#20"},"down":{"uv":[6,3.5,0,2.625],"texture":"#20"}}},{"from":[-16,24.73189,-2.3588],"to":[32,26.73189,-2.3588],"rotation":{"angle":22.5,"axis":"x","origin":[7,-4,9]},"faces":{"north":{"uv":[7,6.875,1,7.125],"texture":"#20"},"east":{"uv":[0,0,0,0.25],"texture":"#20"},"south":{"uv":[7,6.625,1,6.875],"texture":"#20"},"west":{"uv":[0,0,0,0.25],"texture":"#20"},"up":{"uv":[6,0,0,0],"texture":"#20"},"down":{"uv":[6,0,0,0],"texture":"#20"}}},{"from":[-16,24.73189,-2.3588],"to":[32,26.73189,4.6412],"rotation":{"angle":22.5,"axis":"x","origin":[7,-4,9]},"faces":{"north":{"uv":[7,6.375,1,6.625],"texture":"#20"},"east":{"uv":[1.875,10.125,1,10.375],"texture":"#20"},"south":{"uv":[7,6.125,1,6.375],"texture":"#20"},"west":{"uv":[2.75,10.125,1.875,10.375],"texture":"#20"},"up":{"uv":[6,0,0,0.875],"texture":"#20"},"down":{"uv":[6,1.75,0,0.875],"texture":"#20"}}},{"from":[-16,25.4316,-5.89581],"to":[32,27.4316,1.10419],"rotation":{"angle":22.5,"axis":"x","origin":[7,-4,9]},"faces":{"north":{"uv":[13,8.875,7,9.125],"texture":"#20"},"east":{"uv":[10.625,10.125,9.75,10.375],"texture":"#20"},"south":{"uv":[7,8.875,1,9.125],"texture":"#20"},"west":{"uv":[1.875,10.375,1,10.625],"texture":"#20"},"up":{"uv":[12,2.625,6,3.5],"texture":"#20"},"down":{"uv":[12,4.375,6,3.5],"texture":"#20"}}},{"from":[7,-16,7],"to":[9,32,9],"rotation":{"angle":0,"axis":"y","origin":[7,-4,7]},"faces":{"north":{"uv":[0,6.125,0.25,12.125],"texture":"#20"},"east":{"uv":[0.5,6.125,0.25,12.125],"texture":"#20"},"south":{"uv":[0.5,6.125,0.75,12.125],"texture":"#20"},"west":{"uv":[0.75,6.125,1,12.125],"texture":"#20"},"up":{"uv":[3.875,10.625,3.625,10.375],"texture":"#20"},"down":{"uv":[4.125,10.375,3.875,10.625],"texture":"#20"}}},{"from":[-16,15.5,6.70711],"to":[32,16.8,8.70711],"rotation":{"angle":-45,"axis":"y","origin":[7.70711,16.15,7.70711]},"faces":{"north":{"uv":[1,9.875,7,10],"texture":"#20"},"east":{"uv":[4.125,10.375,4.375,10.5],"texture":"#20"},"south":{"uv":[7,9.875,13,10],"texture":"#20"},"west":{"uv":[4.375,10.375,4.625,10.5],"texture":"#20"},"up":{"uv":[7,9.625,1,9.375],"texture":"#20"},"down":{"uv":[13,9.375,7,9.625],"texture":"#20"}}},{"from":[-16,14.5,7.30711],"to":[32,15.8,9.30711],"rotation":{"angle":45,"axis":"y","origin":[7.70711,15.15,8.30711]},"faces":{"north":{"uv":[1,9.875,7,10],"texture":"#20"},"east":{"uv":[4.125,10.375,4.375,10.5],"texture":"#20"},"south":{"uv":[7,9.875,13,10],"texture":"#20"},"west":{"uv":[4.375,10.375,4.625,10.5],"texture":"#20"},"up":{"uv":[7,9.625,1,9.375],"texture":"#20"},"down":{"uv":[13,9.375,7,9.625],"texture":"#20"}}},{"from":[-16,15.3,-10],"to":[32,16.6,-8],"rotation":{"angle":0,"axis":"y","origin":[7,-3.5,7]},"faces":{"north":{"uv":[1,10,7,10.125],"texture":"#20"},"east":{"uv":[4.625,10.375,4.875,10.5],"texture":"#20"},"south":{"uv":[7,10,13,10.125],"texture":"#20"},"west":{"uv":[4.875,10.375,5.125,10.5],"texture":"#20"},"up":{"uv":[7,9.875,1,9.625],"texture":"#20"},"down":{"uv":[13,9.625,7,9.875],"texture":"#20"}}},{"from":[-16,15.3,24],"to":[32,16.6,26],"rotation":{"angle":0,"axis":"y","origin":[7,-3.5,41]},"faces":{"north":{"uv":[1,10,7,10.125],"texture":"#20"},"east":{"uv":[4.625,10.375,4.875,10.5],"texture":"#20"},"south":{"uv":[7,10,13,10.125],"texture":"#20"},"west":{"uv":[4.875,10.375,5.125,10.5],"texture":"#20"},"up":{"uv":[7,9.875,1,9.625],"texture":"#20"},"down":{"uv":[13,9.625,7,9.875],"texture":"#20"}}},{"from":[24,15.1,-16],"to":[26,16.4,32],"rotation":{"angle":0,"axis":"y","origin":[8,15.75,8]},"faces":{"north":{"uv":[4.625,10.375,4.875,10.5],"texture":"#20"},"east":{"uv":[7,10,13,10.125],"texture":"#20"},"south":{"uv":[4.875,10.375,5.125,10.5],"texture":"#20"},"west":{"uv":[1,10,7,10.125],"texture":"#20"},"up":{"uv":[7,9.875,1,9.625],"rotation":270,"texture":"#20"},"down":{"uv":[13,9.625,7,9.875],"rotation":90,"texture":"#20"}}},{"from":[-10,15.2,-16],"to":[-8,16.5,32],"rotation":{"angle":0,"axis":"y","origin":[8,15.85,8]},"faces":{"north":{"uv":[4.625,10.375,4.875,10.5],"texture":"#20"},"east":{"uv":[7,10,13,10.125],"texture":"#20"},"south":{"uv":[4.875,10.375,5.125,10.5],"texture":"#20"},"west":{"uv":[1,10,7,10.125],"texture":"#20"},"up":{"uv":[7,9.875,1,9.625],"rotation":270,"texture":"#20"},"down":{"uv":[13,9.625,7,9.875],"rotation":90,"texture":"#20"}}}],"display":{"thirdperson_righthand":{"rotation":[59.5,-0.11,0.73],"translation":[0,7.5,16]},"thirdperson_lefthand":{"rotation":[59.5,-0.11,0.73],"translation":[0,7.5,16]},"firstperson_righthand":{"translation":[1,10.75,0],"scale":[0.48828,0.48828,0.48828]},"firstperson_lefthand":{"translation":[1,10.75,0],"scale":[0.48828,0.48828,0.48828]},"ground":{"translation":[0,5.25,0],"scale":[0.29688,0.29688,0.29688]},"gui":{"rotation":[-151.01,-39.01,-160.72],"translation":[-0.5,0,0],"scale":[0.25781,0.25781,0.25781]},"head":{"rotation":[-122.33,-84.32,-113.89],"translation":[3.75,0,-6],"scale":[1.82031,1.82031,1.82031]},"fixed":{"rotation":[96.05,1.76,-175.9],"translation":[4.75,6,-60],"scale":[2.54688,2.54688,2.54688]}},"mcmodels":"e000c60207ad4a1a2a96169b5d36d4e4","gui_light":"front"}