{"credit":"Created By Yassou","texture_size":[32,32],"textures":{"0":"summer_furnitures:sand_toy","1":"block/sand","particle":"summer_furnitures:sand_toy"},"elements":[{"from":[8,0,7],"to":[13,5,12],"rotation":{"angle":0,"axis":"y","origin":[10,0,6]},"faces":{"north":{"uv":[5.5,0,3,2.5],"texture":"#0"},"east":{"uv":[8,0,5.5,2.5],"texture":"#0"},"south":{"uv":[5.5,5,3,7.5],"texture":"#0"},"west":{"uv":[5.5,2.5,3,5],"texture":"#0"},"up":{"uv":[5.5,5,8,2.5],"texture":"#0"},"down":{"uv":[5.5,5,8,7.5],"texture":"#0"}}},{"from":[7.5,5,6.4],"to":[13.5,7,12.4],"rotation":{"angle":0,"axis":"y","origin":[9.5,2,6.4]},"faces":{"north":{"uv":[3,7,0,6],"texture":"#0"},"east":{"uv":[9,8.5,6,7.5],"texture":"#0"},"south":{"uv":[6,8.5,3,7.5],"texture":"#0"},"west":{"uv":[3,8,0,7],"texture":"#0"},"up":{"uv":[0,3,3,0],"texture":"#0"},"down":{"uv":[0,3,3,6],"texture":"#0"}}},{"from":[7,5,5.4],"to":[12,7,13.4],"rotation":{"angle":-45,"axis":"z","origin":[9,2,6.4]},"faces":{"north":{"uv":[16,11.5,13.5,10.5],"texture":"#0"},"east":{"uv":[16,10.5,12,9.5],"texture":"#0"},"south":{"uv":[16,9.5,13.5,8.5],"texture":"#0"},"west":{"uv":[12,8,16,7],"texture":"#0"},"up":{"uv":[13.5,6.5,16,2.5],"texture":"#0"},"down":{"uv":[11,2.5,13.5,6.5],"texture":"#0"}}},{"name":"cube_outline","from":[12.5,7,11.4],"to":[8.5,5,7.4],"rotation":{"angle":0,"axis":"y","origin":[9.5,2,6.4]},"faces":{"north":{"uv":[3.5,8.5,5.5,7.5],"rotation":180,"texture":"#0"},"east":{"uv":[0.5,8,2.5,7],"rotation":180,"texture":"#0"},"south":{"uv":[0.5,7,2.5,6],"rotation":180,"texture":"#0"},"west":{"uv":[6.5,8.5,8.5,7.5],"rotation":180,"texture":"#0"},"up":{"uv":[10,0,12,2],"rotation":180,"texture":"#0"},"down":{"uv":[8,2,10,0],"rotation":180,"texture":"#0"}}},{"name":"cube_outline","from":[12.5,7,11.4],"to":[8.5,5,7.4],"rotation":{"angle":0,"axis":"y","origin":[9.5,2,6.4]},"faces":{"north":{"uv":[3.5,8.5,5.5,7.5],"rotation":180,"texture":"#0"},"east":{"uv":[0.5,8,2.5,7],"rotation":180,"texture":"#0"},"south":{"uv":[0.5,7,2.5,6],"rotation":180,"texture":"#0"},"west":{"uv":[6.5,8.5,8.5,7.5],"rotation":180,"texture":"#0"},"up":{"uv":[8,0,12,4],"rotation":180,"texture":"#1"},"down":{"uv":[8,2,10,0],"rotation":180,"texture":"#0"}}},{"name":"cube_outline","from":[11,7,12.4],"to":[7,5,6.4],"rotation":{"angle":-45,"axis":"z","origin":[9,2,6.4]},"faces":{"north":{"uv":[14,9.5,16,8.5],"rotation":180,"texture":"#0"},"east":{"uv":[12.5,8,15.5,7],"rotation":180,"texture":"#0"},"south":{"uv":[16,11.5,14,10.5],"rotation":180,"texture":"#0"},"west":{"uv":[12.5,10.5,15.5,9.5],"rotation":180,"texture":"#0"},"up":{"uv":[11,3,13,6],"rotation":180,"texture":"#0"},"down":{"uv":[13.5,6,15.5,3],"rotation":180,"texture":"#0"}}},{"from":[2,-1.8,3],"to":[6,2.2,5],"rotation":{"angle":-22.5,"axis":"x","origin":[4,3.95,4]},"faces":{"north":{"uv":[4,11.5,2,13.5],"texture":"#0"},"east":{"uv":[5,11.5,4,13.5],"texture":"#0"},"south":{"uv":[2,11.5,0,13.5],"texture":"#0"},"west":{"uv":[6,11.5,5,13.5],"texture":"#0"},"up":{"uv":[4,10.5,2,11.5],"texture":"#0"},"down":{"uv":[2,10.5,0,11.5],"texture":"#0"}}},{"from":[2.5,6.2,3.5],"to":[5.5,8.2,4.5],"rotation":{"angle":-22.5,"axis":"x","origin":[4,3.95,4]},"faces":{"north":{"uv":[3,13.5,1.5,14.5],"texture":"#0"},"east":{"uv":[3.5,13.5,3,14.5],"texture":"#0"},"south":{"uv":[1.5,13.5,0,14.5],"texture":"#0"},"west":{"uv":[4,13.5,3.5,14.5],"texture":"#0"},"up":{"uv":[3,14.5,1.5,15],"texture":"#0"},"down":{"uv":[1.5,14.5,0,15],"texture":"#0"}}},{"from":[3,2.2,3.5],"to":[5,6.2,4.5],"rotation":{"angle":-22.5,"axis":"x","origin":[4,3.95,4]},"faces":{"north":{"uv":[8.5,11.5,7.5,13.5],"texture":"#0"},"east":{"uv":[9,11.5,8.5,13.5],"texture":"#0"},"south":{"uv":[7.5,11.5,6.5,13.5],"texture":"#0"},"west":{"uv":[6.5,11.5,6,13.5],"texture":"#0"},"up":{"uv":[7.5,11,6.5,11.5],"texture":"#0"},"down":{"uv":[8.5,11,7.5,11.5],"texture":"#0"}}}],"display":{"thirdperson_righthand":{"rotation":[-122.19,11.97,-177.72],"translation":[0.75,3,3.25],"scale":[0.50586,0.50586,0.50586]},"thirdperson_lefthand":{"rotation":[-122.19,11.97,-177.72],"translation":[0.75,3,3.25],"scale":[0.50586,0.50586,0.50586]},"firstperson_righthand":{"rotation":[-180,59,180],"translation":[-0.75,5.25,0],"scale":[0.59922,0.59922,0.59922]},"firstperson_lefthand":{"rotation":[-180,59,180],"translation":[-0.75,5.25,0],"scale":[0.59922,0.59922,0.59922]},"ground":{"translation":[0,3,0],"scale":[0.65234,0.65234,0.65234]},"gui":{"rotation":[30,225,0],"translation":[0,2.25,0],"scale":[0.94922,0.94922,0.94922]},"head":{"rotation":[-180,-19,-180],"translation":[0,-30.4,0],"scale":[1.6,1.6,1.6]},"fixed":{"rotation":[90,-10.75,-180],"translation":[0,0,-16],"scale":[2,2,2]}},"mcmodels":"e000c60207ad4a1a2a96169b5d36d4e4","gui_light":"front"}