{"credit":"Created By Yassou","texture_size":[64,64],"textures":{"3":"summer_furnitures:sand_castle","particle":"#3"},"elements":[{"from":[0,0,0],"to":[5,8,5],"faces":{"north":{"uv":[3,7,4.25,9],"texture":"#3"},"east":{"uv":[3,7,4.25,9],"texture":"#3"},"south":{"uv":[3,7,4.25,9],"texture":"#3"},"west":{"uv":[3,7,4.25,9],"texture":"#3"},"up":{"uv":[10.5,4.75,9.25,3.5],"texture":"#3"},"down":{"uv":[10.5,4.75,9.25,6],"rotation":180,"texture":"#3"}}},{"from":[0,0,11],"to":[5,8,16],"rotation":{"angle":0,"axis":"y","origin":[0,0,11]},"faces":{"north":{"uv":[3,7,4.25,9],"texture":"#3"},"east":{"uv":[3,7,4.25,9],"texture":"#3"},"south":{"uv":[3,7,4.25,9],"texture":"#3"},"west":{"uv":[3,7,4.25,9],"texture":"#3"},"up":{"uv":[10.5,4.75,9.25,3.5],"texture":"#3"},"down":{"uv":[9.25,6,10.5,4.75],"rotation":90,"texture":"#3"}}},{"from":[11,0,11],"to":[16,8,16],"rotation":{"angle":0,"axis":"y","origin":[11,0,11]},"faces":{"north":{"uv":[3,7,4.25,9],"texture":"#3"},"east":{"uv":[3,7,4.25,9],"texture":"#3"},"south":{"uv":[3,7,4.25,9],"texture":"#3"},"west":{"uv":[3,7,4.25,9],"texture":"#3"},"up":{"uv":[10.5,4.75,9.25,3.5],"texture":"#3"},"down":{"uv":[10.5,4.75,9.25,6],"texture":"#3"}}},{"from":[11,0,0],"to":[16,8,5],"rotation":{"angle":0,"axis":"y","origin":[11,0,0]},"faces":{"north":{"uv":[3,7,4.25,9],"texture":"#3"},"east":{"uv":[3,7,4.25,9],"texture":"#3"},"south":{"uv":[3,7,4.25,9],"texture":"#3"},"west":{"uv":[3,7,4.25,9],"texture":"#3"},"up":{"uv":[10.5,4.75,9.25,3.5],"texture":"#3"},"down":{"uv":[9.25,6,10.5,4.75],"rotation":270,"texture":"#3"}}},{"from":[0,8,0],"to":[5,10,5],"rotation":{"angle":0,"axis":"y","origin":[0,8,0]},"faces":{"north":{"uv":[10,2.5,11.25,3],"texture":"#3"},"east":{"uv":[10,3,11.25,3.5],"texture":"#3"},"south":{"uv":[10.5,3.5,11.75,4],"texture":"#3"},"west":{"uv":[10.5,4,11.75,4.5],"texture":"#3"},"up":{"uv":[10.5,7.25,9.25,6],"texture":"#3"},"down":{"uv":[10.5,7.25,9.25,8.5],"texture":"#3"}}},{"name":"cube_outline","from":[4,10,4],"to":[1,8,1],"rotation":{"angle":0,"axis":"y","origin":[0,8,0]},"faces":{"north":{"uv":[5.5,7,6.25,7.5],"texture":"#3"},"east":{"uv":[5.5,7.5,6.25,8],"texture":"#3"},"south":{"uv":[5.5,8,6.25,8.5],"texture":"#3"},"west":{"uv":[5.5,8.5,6.25,9],"texture":"#3"},"up":{"uv":[7.75,4.5,7,3.75],"texture":"#3"},"down":{"uv":[7.75,4.5,7,5.25],"texture":"#3"}}},{"name":"cube_outline","from":[3,10,5],"to":[2,8,4],"rotation":{"angle":0,"axis":"y","origin":[0,8,0]},"faces":{"north":{"uv":[6.5,0,6.75,0.5],"texture":"#3"},"east":{"uv":[6.5,0.5,6.75,1],"texture":"#3"},"south":{"uv":[6.5,1,6.75,1.5],"texture":"#3"},"west":{"uv":[6.5,1.5,6.75,2],"texture":"#3"},"up":{"uv":[6.75,2.25,6.5,2],"texture":"#3"},"down":{"uv":[6.75,2.25,6.5,2.5],"texture":"#3"}}},{"name":"cube_outline","from":[3,10,1],"to":[2,8,0],"rotation":{"angle":0,"axis":"y","origin":[0,8,-4]},"faces":{"north":{"uv":[6.5,0,6.75,0.5],"texture":"#3"},"east":{"uv":[6.5,0.5,6.75,1],"texture":"#3"},"south":{"uv":[6.5,1,6.75,1.5],"texture":"#3"},"west":{"uv":[6.5,1.5,6.75,2],"texture":"#3"},"up":{"uv":[6.75,2.25,6.5,2],"texture":"#3"},"down":{"uv":[6.75,2.25,6.5,2.5],"texture":"#3"}}},{"name":"cube_outline","from":[5,10,3],"to":[4,8,2],"rotation":{"angle":0,"axis":"y","origin":[4.5,9,2.5]},"faces":{"north":{"uv":[6.5,0.5,6.75,1],"texture":"#3"},"east":{"uv":[6.5,1,6.75,1.5],"texture":"#3"},"south":{"uv":[6.5,1.5,6.75,2],"texture":"#3"},"west":{"uv":[6.5,0,6.75,0.5],"texture":"#3"},"up":{"uv":[6.75,2.25,6.5,2],"texture":"#3"},"down":{"uv":[6.75,2.25,6.5,2.5],"texture":"#3"}}},{"name":"cube_outline","from":[1,10,3],"to":[0,8,2],"rotation":{"angle":0,"axis":"y","origin":[0.5,9,2.5]},"faces":{"north":{"uv":[6.5,0.5,6.75,1],"texture":"#3"},"east":{"uv":[6.5,1,6.75,1.5],"texture":"#3"},"south":{"uv":[6.5,1.5,6.75,2],"texture":"#3"},"west":{"uv":[6.5,0,6.75,0.5],"texture":"#3"},"up":{"uv":[6.75,2.25,6.5,2],"texture":"#3"},"down":{"uv":[6.75,2.25,6.5,2.5],"texture":"#3"}}},{"from":[11,8,0],"to":[16,10,5],"rotation":{"angle":0,"axis":"y","origin":[11,8,0]},"faces":{"north":{"uv":[10,2.5,11.25,3],"texture":"#3"},"east":{"uv":[10,3,11.25,3.5],"texture":"#3"},"south":{"uv":[10.5,3.5,11.75,4],"texture":"#3"},"west":{"uv":[10.5,4,11.75,4.5],"texture":"#3"},"up":{"uv":[10.5,7.25,9.25,6],"texture":"#3"},"down":{"uv":[10.5,7.25,9.25,8.5],"texture":"#3"}}},{"name":"cube_outline","from":[15,10,4],"to":[12,8,1],"rotation":{"angle":0,"axis":"y","origin":[11,8,0]},"faces":{"north":{"uv":[5.5,7,6.25,7.5],"texture":"#3"},"east":{"uv":[5.5,7.5,6.25,8],"texture":"#3"},"south":{"uv":[5.5,8,6.25,8.5],"texture":"#3"},"west":{"uv":[5.5,8.5,6.25,9],"texture":"#3"},"up":{"uv":[7.75,4.5,7,3.75],"texture":"#3"},"down":{"uv":[7.75,4.5,7,5.25],"texture":"#3"}}},{"name":"cube_outline","from":[14,10,5],"to":[13,8,4],"rotation":{"angle":0,"axis":"y","origin":[11,8,0]},"faces":{"north":{"uv":[6.5,0,6.75,0.5],"texture":"#3"},"east":{"uv":[6.5,0.5,6.75,1],"texture":"#3"},"south":{"uv":[6.5,1,6.75,1.5],"texture":"#3"},"west":{"uv":[6.5,1.5,6.75,2],"texture":"#3"},"up":{"uv":[6.75,2.25,6.5,2],"texture":"#3"},"down":{"uv":[6.75,2.25,6.5,2.5],"texture":"#3"}}},{"name":"cube_outline","from":[14,10,1],"to":[13,8,0],"rotation":{"angle":0,"axis":"y","origin":[11,8,-4]},"faces":{"north":{"uv":[6.5,0,6.75,0.5],"texture":"#3"},"east":{"uv":[6.5,0.5,6.75,1],"texture":"#3"},"south":{"uv":[6.5,1,6.75,1.5],"texture":"#3"},"west":{"uv":[6.5,1.5,6.75,2],"texture":"#3"},"up":{"uv":[6.75,2.25,6.5,2],"texture":"#3"},"down":{"uv":[6.75,2.25,6.5,2.5],"texture":"#3"}}},{"name":"cube_outline","from":[16,10,3],"to":[15,8,2],"rotation":{"angle":0,"axis":"y","origin":[15.5,9,2.5]},"faces":{"north":{"uv":[6.5,0.5,6.75,1],"texture":"#3"},"east":{"uv":[6.5,1,6.75,1.5],"texture":"#3"},"south":{"uv":[6.5,1.5,6.75,2],"texture":"#3"},"west":{"uv":[6.5,0,6.75,0.5],"texture":"#3"},"up":{"uv":[6.75,2.25,6.5,2],"texture":"#3"},"down":{"uv":[6.75,2.25,6.5,2.5],"texture":"#3"}}},{"name":"cube_outline","from":[12,10,3],"to":[11,8,2],"rotation":{"angle":0,"axis":"y","origin":[11.5,9,2.5]},"faces":{"north":{"uv":[6.5,0.5,6.75,1],"texture":"#3"},"east":{"uv":[6.5,1,6.75,1.5],"texture":"#3"},"south":{"uv":[6.5,1.5,6.75,2],"texture":"#3"},"west":{"uv":[6.5,0,6.75,0.5],"texture":"#3"},"up":{"uv":[6.75,2.25,6.5,2],"texture":"#3"},"down":{"uv":[6.75,2.25,6.5,2.5],"texture":"#3"}}},{"from":[5.5,15,5.5],"to":[10.5,17,10.5],"rotation":{"angle":0,"axis":"y","origin":[5.5,15,5.5]},"faces":{"north":{"uv":[10,2.5,11.25,3],"texture":"#3"},"east":{"uv":[10,3,11.25,3.5],"texture":"#3"},"south":{"uv":[10.5,3.5,11.75,4],"texture":"#3"},"west":{"uv":[10.5,4,11.75,4.5],"texture":"#3"},"up":{"uv":[10.5,7.25,9.25,6],"texture":"#3"},"down":{"uv":[10.5,7.25,9.25,8.5],"texture":"#3"}}},{"name":"cube_outline","from":[9.5,17,9.5],"to":[6.5,15,6.5],"rotation":{"angle":0,"axis":"y","origin":[5.5,15,5.5]},"faces":{"north":{"uv":[5.5,7,6.25,7.5],"texture":"#3"},"east":{"uv":[5.5,7.5,6.25,8],"texture":"#3"},"south":{"uv":[5.5,8,6.25,8.5],"texture":"#3"},"west":{"uv":[5.5,8.5,6.25,9],"texture":"#3"},"up":{"uv":[7.75,4.5,7,3.75],"texture":"#3"},"down":{"uv":[7.75,4.5,7,5.25],"texture":"#3"}}},{"name":"cube_outline","from":[8.5,17,10.5],"to":[7.5,15,9.5],"rotation":{"angle":0,"axis":"y","origin":[5.5,15,5.5]},"faces":{"north":{"uv":[6.5,0,6.75,0.5],"texture":"#3"},"east":{"uv":[6.5,0.5,6.75,1],"texture":"#3"},"south":{"uv":[6.5,1,6.75,1.5],"texture":"#3"},"west":{"uv":[6.5,1.5,6.75,2],"texture":"#3"},"up":{"uv":[6.75,2.25,6.5,2],"texture":"#3"},"down":{"uv":[6.75,2.25,6.5,2.5],"texture":"#3"}}},{"name":"cube_outline","from":[8.5,17,6.5],"to":[7.5,15,5.5],"rotation":{"angle":0,"axis":"y","origin":[5.5,15,1.5]},"faces":{"north":{"uv":[6.5,0,6.75,0.5],"texture":"#3"},"east":{"uv":[6.5,0.5,6.75,1],"texture":"#3"},"south":{"uv":[6.5,1,6.75,1.5],"texture":"#3"},"west":{"uv":[6.5,1.5,6.75,2],"texture":"#3"},"up":{"uv":[6.75,2.25,6.5,2],"texture":"#3"},"down":{"uv":[6.75,2.25,6.5,2.5],"texture":"#3"}}},{"name":"cube_outline","from":[10.5,17,8.5],"to":[9.5,15,7.5],"rotation":{"angle":0,"axis":"y","origin":[10,16,8]},"faces":{"north":{"uv":[6.5,0.5,6.75,1],"texture":"#3"},"east":{"uv":[6.5,1,6.75,1.5],"texture":"#3"},"south":{"uv":[6.5,1.5,6.75,2],"texture":"#3"},"west":{"uv":[6.5,0,6.75,0.5],"texture":"#3"},"up":{"uv":[6.75,2.25,6.5,2],"texture":"#3"},"down":{"uv":[6.75,2.25,6.5,2.5],"texture":"#3"}}},{"name":"cube_outline","from":[6.5,17,8.5],"to":[5.5,15,7.5],"rotation":{"angle":0,"axis":"y","origin":[6,16,8]},"faces":{"north":{"uv":[6.5,0.5,6.75,1],"texture":"#3"},"east":{"uv":[6.5,1,6.75,1.5],"texture":"#3"},"south":{"uv":[6.5,1.5,6.75,2],"texture":"#3"},"west":{"uv":[6.5,0,6.75,0.5],"texture":"#3"},"up":{"uv":[6.75,2.25,6.5,2],"texture":"#3"},"down":{"uv":[6.75,2.25,6.5,2.5],"texture":"#3"}}},{"from":[11,8,11],"to":[16,10,16],"rotation":{"angle":0,"axis":"y","origin":[11,8,11]},"faces":{"north":{"uv":[10,2.5,11.25,3],"texture":"#3"},"east":{"uv":[10,3,11.25,3.5],"texture":"#3"},"south":{"uv":[10.5,3.5,11.75,4],"texture":"#3"},"west":{"uv":[10.5,4,11.75,4.5],"texture":"#3"},"up":{"uv":[10.5,7.25,9.25,6],"texture":"#3"},"down":{"uv":[10.5,7.25,9.25,8.5],"texture":"#3"}}},{"name":"cube_outline","from":[15,10,15],"to":[12,8,12],"rotation":{"angle":0,"axis":"y","origin":[11,8,11]},"faces":{"north":{"uv":[5.5,7,6.25,7.5],"texture":"#3"},"east":{"uv":[5.5,7.5,6.25,8],"texture":"#3"},"south":{"uv":[5.5,8,6.25,8.5],"texture":"#3"},"west":{"uv":[5.5,8.5,6.25,9],"texture":"#3"},"up":{"uv":[7.75,4.5,7,3.75],"texture":"#3"},"down":{"uv":[7.75,4.5,7,5.25],"texture":"#3"}}},{"name":"cube_outline","from":[14,10,16],"to":[13,8,15],"rotation":{"angle":0,"axis":"y","origin":[11,8,11]},"faces":{"north":{"uv":[6.5,0,6.75,0.5],"texture":"#3"},"east":{"uv":[6.5,0.5,6.75,1],"texture":"#3"},"south":{"uv":[6.5,1,6.75,1.5],"texture":"#3"},"west":{"uv":[6.5,1.5,6.75,2],"texture":"#3"},"up":{"uv":[6.75,2.25,6.5,2],"texture":"#3"},"down":{"uv":[6.75,2.25,6.5,2.5],"texture":"#3"}}},{"name":"cube_outline","from":[14,10,12],"to":[13,8,11],"rotation":{"angle":0,"axis":"y","origin":[11,8,7]},"faces":{"north":{"uv":[6.5,0,6.75,0.5],"texture":"#3"},"east":{"uv":[6.5,0.5,6.75,1],"texture":"#3"},"south":{"uv":[6.5,1,6.75,1.5],"texture":"#3"},"west":{"uv":[6.5,1.5,6.75,2],"texture":"#3"},"up":{"uv":[6.75,2.25,6.5,2],"texture":"#3"},"down":{"uv":[6.75,2.25,6.5,2.5],"texture":"#3"}}},{"name":"cube_outline","from":[16,10,14],"to":[15,8,13],"rotation":{"angle":0,"axis":"y","origin":[15.5,9,13.5]},"faces":{"north":{"uv":[6.5,0.5,6.75,1],"texture":"#3"},"east":{"uv":[6.5,1,6.75,1.5],"texture":"#3"},"south":{"uv":[6.5,1.5,6.75,2],"texture":"#3"},"west":{"uv":[6.5,0,6.75,0.5],"texture":"#3"},"up":{"uv":[6.75,2.25,6.5,2],"texture":"#3"},"down":{"uv":[6.75,2.25,6.5,2.5],"texture":"#3"}}},{"name":"cube_outline","from":[12,10,14],"to":[11,8,13],"rotation":{"angle":0,"axis":"y","origin":[11.5,9,13.5]},"faces":{"north":{"uv":[6.5,0.5,6.75,1],"texture":"#3"},"east":{"uv":[6.5,1,6.75,1.5],"texture":"#3"},"south":{"uv":[6.5,1.5,6.75,2],"texture":"#3"},"west":{"uv":[6.5,0,6.75,0.5],"texture":"#3"},"up":{"uv":[6.75,2.25,6.5,2],"texture":"#3"},"down":{"uv":[6.75,2.25,6.5,2.5],"texture":"#3"}}},{"from":[0,8,11],"to":[5,10,16],"rotation":{"angle":0,"axis":"y","origin":[0,8,11]},"faces":{"north":{"uv":[10,2.5,11.25,3],"texture":"#3"},"east":{"uv":[10,3,11.25,3.5],"texture":"#3"},"south":{"uv":[10.5,3.5,11.75,4],"texture":"#3"},"west":{"uv":[10.5,4,11.75,4.5],"texture":"#3"},"up":{"uv":[10.5,7.25,9.25,6],"texture":"#3"},"down":{"uv":[10.5,7.25,9.25,8.5],"texture":"#3"}}},{"name":"cube_outline","from":[4,10,15],"to":[1,8,12],"rotation":{"angle":0,"axis":"y","origin":[0,8,11]},"faces":{"north":{"uv":[5.5,7,6.25,7.5],"texture":"#3"},"east":{"uv":[5.5,7.5,6.25,8],"texture":"#3"},"south":{"uv":[5.5,8,6.25,8.5],"texture":"#3"},"west":{"uv":[5.5,8.5,6.25,9],"texture":"#3"},"up":{"uv":[7.75,4.5,7,3.75],"texture":"#3"},"down":{"uv":[7.75,4.5,7,5.25],"texture":"#3"}}},{"name":"cube_outline","from":[3,10,16],"to":[2,8,15],"rotation":{"angle":0,"axis":"y","origin":[0,8,11]},"faces":{"north":{"uv":[6.5,0,6.75,0.5],"texture":"#3"},"east":{"uv":[6.5,0.5,6.75,1],"texture":"#3"},"south":{"uv":[6.5,1,6.75,1.5],"texture":"#3"},"west":{"uv":[6.5,1.5,6.75,2],"texture":"#3"},"up":{"uv":[6.75,2.25,6.5,2],"texture":"#3"},"down":{"uv":[6.75,2.25,6.5,2.5],"texture":"#3"}}},{"name":"cube_outline","from":[3,10,12],"to":[2,8,11],"rotation":{"angle":0,"axis":"y","origin":[0,8,7]},"faces":{"north":{"uv":[6.5,0,6.75,0.5],"texture":"#3"},"east":{"uv":[6.5,0.5,6.75,1],"texture":"#3"},"south":{"uv":[6.5,1,6.75,1.5],"texture":"#3"},"west":{"uv":[6.5,1.5,6.75,2],"texture":"#3"},"up":{"uv":[6.75,2.25,6.5,2],"texture":"#3"},"down":{"uv":[6.75,2.25,6.5,2.5],"texture":"#3"}}},{"name":"cube_outline","from":[5,10,14],"to":[4,8,13],"rotation":{"angle":0,"axis":"y","origin":[4.5,9,13.5]},"faces":{"north":{"uv":[6.5,0.5,6.75,1],"texture":"#3"},"east":{"uv":[6.5,1,6.75,1.5],"texture":"#3"},"south":{"uv":[6.5,1.5,6.75,2],"texture":"#3"},"west":{"uv":[6.5,0,6.75,0.5],"texture":"#3"},"up":{"uv":[6.75,2.25,6.5,2],"texture":"#3"},"down":{"uv":[6.75,2.25,6.5,2.5],"texture":"#3"}}},{"name":"cube_outline","from":[1,10,14],"to":[0,8,13],"rotation":{"angle":0,"axis":"y","origin":[0.5,9,13.5]},"faces":{"north":{"uv":[6.5,0.5,6.75,1],"texture":"#3"},"east":{"uv":[6.5,1,6.75,1.5],"texture":"#3"},"south":{"uv":[6.5,1.5,6.75,2],"texture":"#3"},"west":{"uv":[6.5,0,6.75,0.5],"texture":"#3"},"up":{"uv":[6.75,2.25,6.5,2],"texture":"#3"},"down":{"uv":[6.75,2.25,6.5,2.5],"texture":"#3"}}},{"from":[5,0,5],"to":[11,15,11],"rotation":{"angle":0,"axis":"y","origin":[5,0,11]},"faces":{"north":{"uv":[0,8.75,1.5,12.5],"texture":"#3"},"east":{"uv":[0,8.75,1.5,12.5],"texture":"#3"},"south":{"uv":[0,8.75,1.5,12.5],"texture":"#3"},"west":{"uv":[0,8.75,1.5,12.5],"texture":"#3"},"up":{"uv":[13.5,1.5,12,0],"texture":"#3"},"down":{"uv":[7,9,5.5,10.5],"texture":"#3"}}},{"from":[7.5,8,7.5],"to":[8.5,23,8.5],"rotation":{"angle":0,"axis":"y","origin":[8,15.5,7.5]},"faces":{"north":{"uv":[5.75,0,5.5,3.75],"texture":"#3"},"east":{"uv":[5.75,0,5.5,3.75],"texture":"#3"},"south":{"uv":[5.75,0,5.5,3.75],"texture":"#3"},"west":{"uv":[5.75,0,5.5,3.75],"texture":"#3"},"up":{"uv":[5.75,0,5.5,0.25],"texture":"#3"},"down":{"uv":[5.75,0,5.5,3.75],"texture":"#3"}}},{"from":[8,18,8.5],"to":[8,22,12.5],"rotation":{"angle":0,"axis":"y","origin":[7.5,14.5,8.5]},"faces":{"north":{"uv":[5.75,0,5.5,3.75],"texture":"#3"},"east":{"uv":[13.5,0,14.5,1],"texture":"#3"},"south":{"uv":[5.75,0,5.5,3.75],"texture":"#3"},"west":{"uv":[14.5,0,13.5,1],"texture":"#3"},"up":{"uv":[5.75,0,5.5,0.25],"texture":"#3"},"down":{"uv":[5.75,0,5.5,3.75],"texture":"#3"}}},{"from":[2,0,2],"to":[14,7,14],"rotation":{"angle":0,"axis":"y","origin":[8,3.5,8]},"faces":{"north":{"uv":[0,5.25,3,7],"texture":"#3"},"east":{"uv":[0,5.25,3,7],"texture":"#3"},"south":{"uv":[0,5.25,3,7],"texture":"#3"},"west":{"uv":[0,5.25,3,7],"texture":"#3"},"up":{"uv":[3,3.5,0,0.5],"texture":"#3"},"down":{"uv":[6.5,0,3.25,3.5],"texture":"#3"}}}],"display":{"thirdperson_righthand":{"rotation":[75,45,0],"translation":[0,2.5,0],"scale":[0.375,0.375,0.375]},"thirdperson_lefthand":{"rotation":[75,45,0],"translation":[0,2.5,0],"scale":[0.375,0.375,0.375]},"firstperson_righthand":{"rotation":[0,45,0],"scale":[0.4,0.4,0.4]},"firstperson_lefthand":{"rotation":[0,225,0],"scale":[0.4,0.4,0.4]},"ground":{"translation":[0,3,0],"scale":[0.36719,0.36719,0.36719]},"gui":{"rotation":[30,225,0],"translation":[0,-0.25,0],"scale":[0.59375,0.59375,0.59375]},"head":{"rotation":[-180,0,-180],"translation":[0,-30.4,0],"scale":[1.6,1.6,1.6]},"fixed":{"rotation":[-90,180,0],"translation":[0,0,-16],"scale":[2,2,2]}},"mcmodels":"e000c60207ad4a1a2a96169b5d36d4e4","gui_light":"front"}