{"credit":"Created By Yassou","texture_size":[32,32],"textures":{"3":"summer_furnitures:lounge_chair","6":"summer_furnitures:wicker","particle":"summer_furnitures:wicker"},"elements":[{"from":[0.99,8.0965,17.70811],"to":[14.99,10.0965,18.70811],"rotation":{"angle":0,"axis":"x","origin":[7.99,9.0965,18.20811]},"faces":{"north":{"uv":[8,0.5,5,1],"rotation":180,"texture":"#3"},"east":{"uv":[5.5,5.25,6,5.5],"rotation":270,"texture":"#3"},"south":{"uv":[8,0.5,5,0],"texture":"#3"},"west":{"uv":[5.5,5.5,6,5.75],"rotation":90,"texture":"#3"},"up":{"uv":[5,1,8,1.25],"rotation":180,"texture":"#3"},"down":{"uv":[5,1,8,1.25],"texture":"#3"}}},{"from":[1.99,8.0965,-2.70811],"to":[13.99,10.0965,-1.70811],"rotation":{"angle":0,"axis":"x","origin":[7.99,9.0965,-2.20811]},"faces":{"north":{"uv":[5,0.5,8,0],"texture":"#3"},"east":{"uv":[5.5,5.5,6,5.25],"rotation":270,"texture":"#3"},"south":{"uv":[5,0.5,8,1],"rotation":180,"texture":"#3"},"west":{"uv":[5.5,5.75,6,5.5],"rotation":90,"texture":"#3"},"up":{"uv":[5,1.25,8,1],"rotation":180,"texture":"#3"},"down":{"uv":[5,1.25,8,1],"texture":"#3"}}},{"from":[13.01,8.1165,-1.77189],"to":[13.99,10.0965,17.70811],"rotation":{"angle":0,"axis":"x","origin":[0,9.57968,5.81389]},"faces":{"north":{"uv":[5.5,5.25,5,5.75],"texture":"#3"},"east":{"uv":[1,3.5,7.25,4],"texture":"#3"},"south":{"uv":[5.75,5.25,5.25,5.75],"texture":"#3"},"west":{"uv":[7.25,3.5,1,4],"texture":"#3"},"up":{"uv":[7.25,3.75,1,3.5],"rotation":90,"texture":"#3"},"down":{"uv":[1,3.5,7.25,3.75],"rotation":90,"texture":"#3"}}},{"from":[2.01,8.1165,-1.77189],"to":[2.99,10.0965,17.70811],"rotation":{"angle":0,"axis":"x","origin":[-11,9.57968,5.81389]},"faces":{"north":{"uv":[5.5,5.25,5,5.75],"texture":"#3"},"east":{"uv":[1,3.5,7.25,4],"texture":"#3"},"south":{"uv":[5.75,5.25,5.25,5.75],"texture":"#3"},"west":{"uv":[7.25,3.5,1,4],"texture":"#3"},"up":{"uv":[7.25,3.75,1,3.5],"rotation":90,"texture":"#3"},"down":{"uv":[1,3.5,7.25,3.75],"rotation":90,"texture":"#3"}}},{"from":[1,1.11732,-2.72388],"to":[15,2.11732,-0.72388],"rotation":{"angle":0,"axis":"x","origin":[8,9.07287,4.10608]},"faces":{"north":{"uv":[5,1,8,1.25],"texture":"#3"},"east":{"uv":[5.5,5.25,6,5.5],"texture":"#3"},"south":{"uv":[5,1,8,1.25],"texture":"#3"},"west":{"uv":[5.5,5.5,6,5.75],"texture":"#3"},"up":{"uv":[8,0.5,5,0],"texture":"#3"},"down":{"uv":[8,0.5,5,1],"texture":"#3"}}},{"from":[2,1.11732,16.72388],"to":[14,2.11732,18.72388],"rotation":{"angle":0,"axis":"x","origin":[8,9.07287,11.89392]},"faces":{"north":{"uv":[8,1,5,1.25],"texture":"#3"},"east":{"uv":[6,5.25,5.5,5.5],"texture":"#3"},"south":{"uv":[8,1,5,1.25],"texture":"#3"},"west":{"uv":[6,5.5,5.5,5.75],"texture":"#3"},"up":{"uv":[8,0,5,0.5],"texture":"#3"},"down":{"uv":[8,1,5,0.5],"texture":"#3"}}},{"from":[0,5.3658,-4.68994],"to":[1,7.3658,20.31006],"rotation":{"angle":-22.5,"axis":"x","origin":[7,6.3658,9.56006]},"faces":{"north":{"uv":[5,5.25,5.25,5.75],"texture":"#3"},"east":{"uv":[1,3,7.25,3.5],"texture":"#3"},"south":{"uv":[5.25,5.25,5.5,5.75],"texture":"#3"},"west":{"uv":[1,3.5,7.25,4],"texture":"#3"},"up":{"uv":[1.75,11.25,1.5,5],"texture":"#3"},"down":{"uv":[2,5,1.75,11.25],"texture":"#3"}}},{"from":[-0.1,5.8658,18.31006],"to":[0.2,6.8658,19.31006],"rotation":{"angle":-22.5,"axis":"x","origin":[7,6.3658,9.56006]},"faces":{"north":{"uv":[2.25,8.25,2.5,8.5],"texture":"#3"},"east":{"uv":[2.25,8.25,2.5,8.5],"texture":"#3"},"south":{"uv":[2.25,8.25,2.5,8.5],"texture":"#3"},"west":{"uv":[2.25,8.25,2.5,8.5],"texture":"#3"},"up":{"uv":[2.25,8.25,2.5,8.5],"texture":"#3"},"down":{"uv":[2.25,8.25,2.5,8.5],"texture":"#3"}}},{"from":[-0.1,5.8658,-3.68994],"to":[0.2,6.8658,-2.68994],"rotation":{"angle":-22.5,"axis":"x","origin":[7,6.3658,9.56006]},"faces":{"north":{"uv":[2.25,8.25,2.5,8.5],"texture":"#3"},"east":{"uv":[2.25,8.25,2.5,8.5],"texture":"#3"},"south":{"uv":[2.25,8.25,2.5,8.5],"texture":"#3"},"west":{"uv":[2.25,8.25,2.5,8.5],"texture":"#3"},"up":{"uv":[2.25,8.25,2.5,8.5],"texture":"#3"},"down":{"uv":[2.25,8.25,2.5,8.5],"texture":"#3"}}},{"from":[1,5.3658,-4.31006],"to":[2,7.3658,20.68994],"rotation":{"angle":22.5,"axis":"x","origin":[8,6.3658,6.43994]},"faces":{"north":{"uv":[5.5,5.25,5.25,5.75],"texture":"#3"},"east":{"uv":[7.25,3,1,3.5],"texture":"#3"},"south":{"uv":[5.25,5.25,5,5.75],"texture":"#3"},"west":{"uv":[7.25,3.5,1,4],"texture":"#3"},"up":{"uv":[1.75,5,1.5,11.25],"texture":"#3"},"down":{"uv":[2,11.25,1.75,5],"texture":"#3"}}},{"from":[0.9,5.8658,-3.31006],"to":[1.2,6.8658,-2.31006],"rotation":{"angle":22.5,"axis":"x","origin":[8,6.3658,6.43994]},"faces":{"north":{"uv":[2.5,8.25,2.25,8.5],"texture":"#3"},"east":{"uv":[2.5,8.25,2.25,8.5],"texture":"#3"},"south":{"uv":[2.5,8.25,2.25,8.5],"texture":"#3"},"west":{"uv":[2.5,8.25,2.25,8.5],"texture":"#3"},"up":{"uv":[2.25,8.5,2.5,8.25],"texture":"#3"},"down":{"uv":[2.25,8.5,2.5,8.25],"texture":"#3"}}},{"from":[0.9,5.8658,18.68994],"to":[1.2,6.8658,19.68994],"rotation":{"angle":22.5,"axis":"x","origin":[8,6.3658,6.43994]},"faces":{"north":{"uv":[2.5,8.25,2.25,8.5],"texture":"#3"},"east":{"uv":[2.5,8.25,2.25,8.5],"texture":"#3"},"south":{"uv":[2.5,8.25,2.25,8.5],"texture":"#3"},"west":{"uv":[2.5,8.25,2.25,8.5],"texture":"#3"},"up":{"uv":[2.25,8.5,2.5,8.25],"texture":"#3"},"down":{"uv":[2.25,8.5,2.5,8.25],"texture":"#3"}}},{"from":[15,5.3658,-4.68994],"to":[16,7.3658,20.31006],"rotation":{"angle":-22.5,"axis":"x","origin":[9,6.3658,9.56006]},"faces":{"north":{"uv":[5.25,5.25,5,5.75],"texture":"#3"},"east":{"uv":[7.25,3.5,1,4],"texture":"#3"},"south":{"uv":[5.5,5.25,5.25,5.75],"texture":"#3"},"west":{"uv":[7.25,3,1,3.5],"texture":"#3"},"up":{"uv":[1.5,11.25,1.75,5],"texture":"#3"},"down":{"uv":[1.75,5,2,11.25],"texture":"#3"}}},{"from":[15.8,5.8658,18.31006],"to":[16.1,6.8658,19.31006],"rotation":{"angle":-22.5,"axis":"x","origin":[9,6.3658,9.56006]},"faces":{"north":{"uv":[2.5,8.25,2.25,8.5],"texture":"#3"},"east":{"uv":[2.5,8.25,2.25,8.5],"texture":"#3"},"south":{"uv":[2.5,8.25,2.25,8.5],"texture":"#3"},"west":{"uv":[2.5,8.25,2.25,8.5],"texture":"#3"},"up":{"uv":[2.5,8.25,2.25,8.5],"texture":"#3"},"down":{"uv":[2.5,8.25,2.25,8.5],"texture":"#3"}}},{"from":[15.8,5.8658,7.51006],"to":[16.1,6.8658,8.51006],"rotation":{"angle":-22.5,"axis":"x","origin":[9,6.3658,9.56006]},"faces":{"north":{"uv":[2.5,8.25,2.25,8.5],"texture":"#3"},"east":{"uv":[2.5,8.25,2.25,8.5],"texture":"#3"},"south":{"uv":[2.5,8.25,2.25,8.5],"texture":"#3"},"west":{"uv":[2.5,8.25,2.25,8.5],"texture":"#3"},"up":{"uv":[2.5,8.25,2.25,8.5],"texture":"#3"},"down":{"uv":[2.5,8.25,2.25,8.5],"texture":"#3"}}},{"from":[-0.1,5.8658,7.51006],"to":[0.2,6.8658,8.51006],"rotation":{"angle":-22.5,"axis":"x","origin":[7,6.3658,9.56006]},"faces":{"north":{"uv":[2.25,8.25,2.5,8.5],"texture":"#3"},"east":{"uv":[2.25,8.25,2.5,8.5],"texture":"#3"},"south":{"uv":[2.25,8.25,2.5,8.5],"texture":"#3"},"west":{"uv":[2.25,8.25,2.5,8.5],"texture":"#3"},"up":{"uv":[2.25,8.25,2.5,8.5],"texture":"#3"},"down":{"uv":[2.25,8.25,2.5,8.5],"texture":"#3"}}},{"from":[15.8,5.8658,-3.68994],"to":[16.1,6.8658,-2.68994],"rotation":{"angle":-22.5,"axis":"x","origin":[9,6.3658,9.56006]},"faces":{"north":{"uv":[2.5,8.25,2.25,8.5],"texture":"#3"},"east":{"uv":[2.5,8.25,2.25,8.5],"texture":"#3"},"south":{"uv":[2.5,8.25,2.25,8.5],"texture":"#3"},"west":{"uv":[2.5,8.25,2.25,8.5],"texture":"#3"},"up":{"uv":[2.5,8.25,2.25,8.5],"texture":"#3"},"down":{"uv":[2.5,8.25,2.25,8.5],"texture":"#3"}}},{"from":[14,5.3658,-4.31006],"to":[15,7.3658,20.68994],"rotation":{"angle":22.5,"axis":"x","origin":[8,6.3658,6.43994]},"faces":{"north":{"uv":[5.25,5.25,5.5,5.75],"texture":"#3"},"east":{"uv":[1,3.5,7.25,4],"texture":"#3"},"south":{"uv":[5,5.25,5.25,5.75],"texture":"#3"},"west":{"uv":[1,3,7.25,3.5],"texture":"#3"},"up":{"uv":[1.5,5,1.75,11.25],"texture":"#3"},"down":{"uv":[1.75,11.25,2,5],"texture":"#3"}}},{"from":[14.8,5.8658,-3.31006],"to":[15.1,6.8658,-2.31006],"rotation":{"angle":22.5,"axis":"x","origin":[8,6.3658,6.43994]},"faces":{"north":{"uv":[2.25,8.25,2.5,8.5],"texture":"#3"},"east":{"uv":[2.25,8.25,2.5,8.5],"texture":"#3"},"south":{"uv":[2.25,8.25,2.5,8.5],"texture":"#3"},"west":{"uv":[2.25,8.25,2.5,8.5],"texture":"#3"},"up":{"uv":[2.5,8.5,2.25,8.25],"texture":"#3"},"down":{"uv":[2.5,8.5,2.25,8.25],"texture":"#3"}}},{"from":[14.8,5.8658,18.68994],"to":[15.1,6.8658,19.68994],"rotation":{"angle":22.5,"axis":"x","origin":[8,6.3658,6.43994]},"faces":{"north":{"uv":[2.25,8.25,2.5,8.5],"texture":"#3"},"east":{"uv":[2.25,8.25,2.5,8.5],"texture":"#3"},"south":{"uv":[2.25,8.25,2.5,8.5],"texture":"#3"},"west":{"uv":[2.25,8.25,2.5,8.5],"texture":"#3"},"up":{"uv":[2.5,8.5,2.25,8.25],"texture":"#3"},"down":{"uv":[2.5,8.5,2.25,8.25],"texture":"#3"}}},{"from":[3,8.71213,-2.61005],"to":[12.8,8.71213,18.18995],"rotation":{"angle":0,"axis":"x","origin":[8.2,8.95962,3.48744]},"faces":{"north":{"uv":[5,0,0,0],"rotation":180,"texture":"#6"},"east":{"uv":[0,0,0,6],"rotation":90,"texture":"#6"},"south":{"uv":[5,0,0,0],"texture":"#6"},"west":{"uv":[0,0,0,6],"rotation":270,"texture":"#6"},"up":{"uv":[5,5.05,10,15.5],"texture":"#6"},"down":{"uv":[5,5.05,10,15.5],"texture":"#6"}}},{"from":[3.6,9.17782,-2.38579],"to":[13.1,9.17782,17.71421],"rotation":{"angle":0,"axis":"x","origin":[8.1,8.85962,2.18744]},"faces":{"north":{"uv":[5,0,0,0],"rotation":180,"texture":"#6"},"east":{"uv":[0,0,0,6],"rotation":90,"texture":"#6"},"south":{"uv":[5,0,0,0],"texture":"#6"},"west":{"uv":[0,0,0,6],"rotation":270,"texture":"#6"},"up":{"uv":[0.05,0,4.95,10.45],"texture":"#6"},"down":{"uv":[0.05,0,4.95,10.45],"texture":"#6"}}},{"from":[3,8.87782,-2.18579],"to":[12.6,8.87782,18.61421],"rotation":{"angle":0,"axis":"x","origin":[7.5,8.55962,3.48744]},"faces":{"north":{"uv":[5,0,0,0],"rotation":180,"texture":"#6"},"east":{"uv":[0,0,0,6],"rotation":90,"texture":"#6"},"south":{"uv":[5,0,0,0],"texture":"#6"},"west":{"uv":[0,0,0,6],"rotation":270,"texture":"#6"},"up":{"uv":[0,0,5,10.45],"texture":"#6"},"down":{"uv":[0,0,5,10.45],"texture":"#6"}}}],"display":{"thirdperson_righthand":{"rotation":[-114.38,-55.92,177.54],"translation":[0,2.5,0.25],"scale":[0.375,0.375,0.375]},"thirdperson_lefthand":{"rotation":[-114.38,-55.92,177.54],"translation":[0,2.5,0.25],"scale":[0.375,0.375,0.375]},"firstperson_righthand":{"rotation":[0,-75.25,0],"translation":[0,2,0],"scale":[0.29063,0.29063,0.29063]},"firstperson_lefthand":{"rotation":[0,-75.25,0],"translation":[0,2,0],"scale":[0.29063,0.29063,0.29063]},"ground":{"translation":[0,2.5,0.75],"scale":[0.49609,0.49609,0.49609]},"gui":{"rotation":[-159.08,-47.34,-178.74],"scale":[0.50977,0.50977,0.50977]},"head":{"rotation":[-180,-90,-180],"translation":[0,-30.4,0],"scale":[1.6,1.6,1.6]},"fixed":{"rotation":[90,-90,-180],"translation":[0,0,-16],"scale":[2,2,2]}},"mcmodels":"e000c60207ad4a1a2a96169b5d36d4e4","gui_light":"front"}