{"credit":"Pologony Creation Co.,Ltd.","texture_size":[48,48],"textures":{"1":"spartan_set:helmet","particle":"#1"},"elements":[{"from":[3,4.25,3],"to":[4,13.25,7],"rotation":{"angle":0,"axis":"y","origin":[3,5.25,3]},"faces":{"north":{"uv":[9.33333,11,9.66667,14],"texture":"#1","tintindex":0},"east":{"uv":[4,5.33333,5.33333,8.33333],"texture":"#1","tintindex":0},"south":{"uv":[4,11.66667,4.33333,14.66667],"texture":"#1","tintindex":0},"west":{"uv":[5.66667,5.33333,7,8.33333],"texture":"#1","tintindex":0},"down":{"uv":[1.66667,7.33333,1.33333,8.66667],"texture":"#1","tintindex":0}}},{"from":[3,6.25,10],"to":[4,13.25,13],"rotation":{"angle":0,"axis":"y","origin":[3,5.25,10]},"faces":{"north":{"uv":[8.66667,12.33333,9,14.66667],"texture":"#1","tintindex":0},"east":{"uv":[6.33333,1.66667,7.33333,4],"texture":"#1","tintindex":0},"south":{"uv":[5.66667,12.66667,6,15],"texture":"#1","tintindex":0},"west":{"uv":[0,7.33333,1,9.66667],"texture":"#1","tintindex":0},"down":{"uv":[14.66667,3.66667,14.33333,4.66667],"texture":"#1","tintindex":0}}},{"from":[4,6.25,12],"to":[12,13.25,13],"rotation":{"angle":0,"axis":"y","origin":[4,5.25,10]},"faces":{"north":{"uv":[3.33333,0,6,2.33333],"texture":"#1","tintindex":0},"south":{"uv":[3.33333,2.66667,6,5],"texture":"#1","tintindex":0},"down":{"uv":[14.33333,8,11.66667,8.33333],"texture":"#1","tintindex":0}}},{"from":[3.5,12.25,3],"to":[12.5,13.25,12.5],"rotation":{"angle":0,"axis":"y","origin":[4,11.25,10]},"faces":{"down":{"uv":[3,0,0,3.16667],"texture":"#1","tintindex":0}}},{"from":[2.96194,11.44134,3],"to":[7.46194,13.44134,12.993],"rotation":{"angle":22.5,"axis":"z","origin":[3.46194,13.44134,10.5]},"faces":{"north":{"uv":[11.66667,7,13.16667,7.66667],"texture":"#1","tintindex":0},"east":{"uv":[1.33333,9,4.66667,9.66667],"texture":"#1","tintindex":0},"south":{"uv":[11,11.66667,12.5,12.33333],"texture":"#1","tintindex":0},"up":{"uv":[1.5,7,0,3.66667],"texture":"#1","tintindex":0},"down":{"uv":[3.5,5.33333,2,8.66667],"texture":"#1","tintindex":0}}},{"from":[2.88686,4.25,1.43121],"to":[5.88686,8.25,2.43121],"rotation":{"angle":22.5,"axis":"y","origin":[6.88686,9.25,1.93121]},"faces":{"north":{"uv":[2,3.66667,3,5],"texture":"#1","tintindex":0},"east":{"uv":[14,1,14.33333,2.33333],"texture":"#1","tintindex":0},"south":{"uv":[10,8.66667,11,10],"texture":"#1","tintindex":0},"up":{"uv":[10.33333,14.66667,9.33333,14.33333],"texture":"#1","tintindex":0},"down":{"uv":[15.33333,10,14.33333,10.33333],"texture":"#1","tintindex":0}}},{"from":[5.88686,4.25,1.43121],"to":[6.88686,6.25,2.43121],"rotation":{"angle":22.5,"axis":"y","origin":[6.88686,9.25,1.93121]},"faces":{"north":{"uv":[9.66667,15,10,15.66667],"texture":"#1","tintindex":0},"east":{"uv":[10.33333,15,10.66667,15.66667],"texture":"#1","tintindex":0},"south":{"uv":[15,11.33333,15.33333,12],"texture":"#1","tintindex":0},"up":{"uv":[3.66667,15.66667,3.33333,15.33333],"texture":"#1","tintindex":0}}},{"from":[4.88686,2.25,1.43121],"to":[6.88686,4.25,2.43121],"rotation":{"angle":22.5,"axis":"y","origin":[6.88686,5.25,1.93121]},"faces":{"north":{"uv":[6.33333,4.33333,7,5],"texture":"#1","tintindex":0},"east":{"uv":[0,15.33333,0.33333,16],"texture":"#1","tintindex":0},"south":{"uv":[6.33333,8.66667,7,9.33333],"texture":"#1","tintindex":0},"west":{"uv":[0.66667,15.33333,1,16],"texture":"#1","tintindex":0},"down":{"uv":[15.66667,6,15,6.33333],"texture":"#1","tintindex":0}}},{"from":[6.69552,9.25,1.46927],"to":[9.30352,13.25,2.71927],"rotation":{"angle":0,"axis":"y","origin":[7.29552,11.25,1.96927]},"faces":{"north":{"uv":[5,11,5.83333,12.33333],"texture":"#1","tintindex":0},"east":{"uv":[7.33333,14,7.66667,15.33333],"texture":"#1","tintindex":0},"south":{"uv":[11.33333,8.66667,12.16667,10],"texture":"#1","tintindex":0},"down":{"uv":[15.16667,10.66667,14.33333,11],"texture":"#1","tintindex":0}}},{"from":[2.88686,9.25,1.43121],"to":[6.88686,13.25,2.68121],"rotation":{"angle":22.5,"axis":"y","origin":[6.88686,15.25,1.93121]},"faces":{"north":{"uv":[0,10,1.33333,11.33333],"texture":"#1","tintindex":0},"south":{"uv":[1.66667,10,3,11.33333],"texture":"#1","tintindex":0},"up":{"uv":[14,10.83333,12.66667,10.33333],"texture":"#1","tintindex":0},"down":{"uv":[14.33333,0,13,0.5],"texture":"#1","tintindex":0}}},{"from":[3,7.25,7],"to":[4,13.25,10],"rotation":{"angle":0,"axis":"y","origin":[3,5.25,7]},"faces":{"east":{"uv":[5,8.66667,6,10.66667],"texture":"#1","tintindex":0},"west":{"uv":[6.33333,9.66667,7.33333,11.66667],"texture":"#1","tintindex":0},"down":{"uv":[5,14.33333,4.66667,15.33333],"texture":"#1","tintindex":0}}},{"from":[8.53806,11.44134,3],"to":[13.03806,13.44134,12.993],"rotation":{"angle":-22.5,"axis":"z","origin":[12.53806,13.44134,10.5]},"faces":{"north":{"uv":[13.16667,7,11.66667,7.66667],"texture":"#1","tintindex":0},"south":{"uv":[12.5,11.66667,11,12.33333],"texture":"#1","tintindex":0},"west":{"uv":[4.66667,9,1.33333,9.66667],"texture":"#1","tintindex":0},"up":{"uv":[0,7,1.5,3.66667],"texture":"#1","tintindex":0},"down":{"uv":[2,5.33333,3.5,8.66667],"texture":"#1","tintindex":0}}},{"from":[9.11314,9.25,1.43121],"to":[13.11314,13.25,2.68121],"rotation":{"angle":-22.5,"axis":"y","origin":[9.11314,15.25,1.93121]},"faces":{"north":{"uv":[1.33333,10,0,11.33333],"texture":"#1","tintindex":0},"south":{"uv":[3,10,1.66667,11.33333],"texture":"#1","tintindex":0},"up":{"uv":[12.66667,10.83333,14,10.33333],"texture":"#1","tintindex":0},"down":{"uv":[13,0,14.33333,0.5],"texture":"#1","tintindex":0}}},{"from":[10.11314,4.25,1.43121],"to":[13.11314,8.25,2.43121],"rotation":{"angle":-22.5,"axis":"y","origin":[9.11314,9.25,1.93121]},"faces":{"north":{"uv":[3,3.66667,2,5],"texture":"#1","tintindex":0},"south":{"uv":[11,8.66667,10,10],"texture":"#1","tintindex":0},"west":{"uv":[14.33333,1,14,2.33333],"texture":"#1","tintindex":0},"up":{"uv":[9.33333,14.66667,10.33333,14.33333],"texture":"#1","tintindex":0},"down":{"uv":[14.33333,10,15.33333,10.33333],"texture":"#1","tintindex":0}}},{"from":[12,4.25,3],"to":[13,13.25,7],"rotation":{"angle":0,"axis":"y","origin":[13,5.25,3]},"faces":{"north":{"uv":[9.66667,11,9.33333,14],"texture":"#1","tintindex":0},"east":{"uv":[7,5.33333,5.66667,8.33333],"texture":"#1","tintindex":0},"south":{"uv":[4.33333,11.66667,4,14.66667],"texture":"#1","tintindex":0},"west":{"uv":[5.33333,5.33333,4,8.33333],"texture":"#1","tintindex":0},"down":{"uv":[1.33333,7.33333,1.66667,8.66667],"texture":"#1","tintindex":0}}},{"from":[9.11314,4.25,1.43121],"to":[10.11314,6.25,2.43121],"rotation":{"angle":-22.5,"axis":"y","origin":[9.11314,9.25,1.93121]},"faces":{"north":{"uv":[10,15,9.66667,15.66667],"texture":"#1","tintindex":0},"south":{"uv":[15.33333,11.33333,15,12],"texture":"#1","tintindex":0},"west":{"uv":[10.66667,15,10.33333,15.66667],"texture":"#1","tintindex":0},"up":{"uv":[3.33333,15.66667,3.66667,15.33333],"texture":"#1","tintindex":0}}},{"from":[9.11314,2.25,1.43121],"to":[11.11314,4.25,2.43121],"rotation":{"angle":-22.5,"axis":"y","origin":[9.11314,5.25,1.93121]},"faces":{"north":{"uv":[7,4.33333,6.33333,5],"texture":"#1","tintindex":0},"east":{"uv":[1,15.33333,0.66667,16],"texture":"#1","tintindex":0},"south":{"uv":[7,8.66667,6.33333,9.33333],"texture":"#1","tintindex":0},"west":{"uv":[0.33333,15.33333,0,16],"texture":"#1","tintindex":0},"down":{"uv":[15,6,15.66667,6.33333],"texture":"#1","tintindex":0}}},{"from":[12,7.25,7],"to":[13,13.25,10],"rotation":{"angle":0,"axis":"y","origin":[13,5.25,7]},"faces":{"east":{"uv":[7.33333,9.66667,6.33333,11.66667],"texture":"#1","tintindex":0},"west":{"uv":[6,8.66667,5,10.66667],"texture":"#1","tintindex":0},"down":{"uv":[4.66667,14.33333,5,15.33333],"texture":"#1","tintindex":0}}},{"from":[12,6.25,10],"to":[13,13.25,13],"rotation":{"angle":0,"axis":"y","origin":[13,5.25,10]},"faces":{"north":{"uv":[9,12.33333,8.66667,14.66667],"texture":"#1","tintindex":0},"east":{"uv":[1,7.33333,0,9.66667],"texture":"#1","tintindex":0},"south":{"uv":[6,12.66667,5.66667,15],"texture":"#1","tintindex":0},"west":{"uv":[7.33333,1.66667,6.33333,4],"texture":"#1","tintindex":0},"down":{"uv":[14.33333,3.66667,14.66667,4.66667],"texture":"#1","tintindex":0}}},{"from":[8,9,1],"to":[9.5,10.5,2],"rotation":{"angle":45,"axis":"z","origin":[8,9,1]},"faces":{"north":{"uv":[14.66667,9,15.16667,9.5],"texture":"#1","tintindex":0},"east":{"uv":[2,15.33333,2.33333,15.83333],"texture":"#1","tintindex":0},"south":{"uv":[8.66667,15,9.16667,15.5],"texture":"#1","tintindex":0},"west":{"uv":[2.66667,15.33333,3,15.83333],"texture":"#1","tintindex":0},"up":{"uv":[5.83333,15.66667,5.33333,15.33333],"texture":"#1","tintindex":0},"down":{"uv":[6.83333,15.33333,6.33333,15.66667],"texture":"#1","tintindex":0}}},{"from":[7.25,10.25,1.075],"to":[8.75,13.75,4],"rotation":{"angle":0,"axis":"z","origin":[7.25,10.25,0.825]},"faces":{"north":{"uv":[13.33333,3.66667,13.83333,4.83333],"texture":"#1","tintindex":0},"east":{"uv":[12,4,12.83333,5.16667],"texture":"#1","tintindex":0},"south":{"uv":[0,13.66667,0.5,14.83333],"texture":"#1","tintindex":0},"west":{"uv":[6.33333,12,7.16667,13.16667],"texture":"#1","tintindex":0},"up":{"uv":[14.5,6.16667,14,5.33333],"texture":"#1","tintindex":0},"down":{"uv":[14.5,11.33333,14,12.16667],"texture":"#1","tintindex":0}}},{"from":[7.41061,10.51642,1.1],"to":[8.91061,14.01642,3.325],"rotation":{"angle":-22.5,"axis":"z","origin":[7.41061,10.51642,0.825]},"faces":{"north":{"uv":[1,13.66667,1.5,14.83333],"texture":"#1","tintindex":0},"east":{"uv":[12.66667,8.66667,13.33333,9.83333],"texture":"#1","tintindex":0},"south":{"uv":[2,13.66667,2.5,14.83333],"texture":"#1","tintindex":0},"up":{"uv":[8.83333,7.66667,8.33333,7],"texture":"#1","tintindex":0},"down":{"uv":[15.16667,0,14.66667,0.66667],"texture":"#1","tintindex":0}}},{"from":[2.78664,10.86337,2.86537],"to":[2.81664,14.36337,11.36537],"rotation":{"angle":0,"axis":"y","origin":[2.78664,3.61337,5.36537]},"faces":{"east":{"uv":[9.16667,1.16667,6.33333,0],"texture":"#1","tintindex":0},"west":{"uv":[6.33333,1.16667,9.16667,0],"texture":"#1","tintindex":0}}},{"from":[2.6344,10.86337,2.1],"to":[7.1344,12.36337,2.13],"rotation":{"angle":22.5,"axis":"y","origin":[4.6344,11.61337,2.1]},"faces":{"north":{"uv":[12,5.66667,13.5,6.16667],"texture":"#1","tintindex":0},"south":{"uv":[13.5,5.66667,12,6.16667],"texture":"#1","tintindex":0}}},{"from":[13.18336,10.86337,2.86537],"to":[13.21336,14.36337,11.36537],"rotation":{"angle":0,"axis":"y","origin":[13.21336,3.61337,5.36537]},"faces":{"east":{"uv":[9.16667,1.16667,6.33333,0],"texture":"#1","tintindex":0},"west":{"uv":[6.33333,1.16667,9.16667,0],"texture":"#1","tintindex":0}}},{"from":[8.8656,10.86337,2.1],"to":[13.3656,12.36337,2.13],"rotation":{"angle":-22.5,"axis":"y","origin":[11.3656,11.61337,2.1]},"faces":{"north":{"uv":[13.5,5.66667,12,6.16667],"texture":"#1","tintindex":0},"south":{"uv":[12,5.66667,13.5,6.16667],"texture":"#1","tintindex":0}}},{"from":[7.08939,10.51642,1.1],"to":[8.58939,14.01642,3.325],"rotation":{"angle":22.5,"axis":"z","origin":[8.58939,10.51642,0.825]},"faces":{"north":{"uv":[3,13.66667,3.5,14.83333],"texture":"#1","tintindex":0},"south":{"uv":[6.33333,13.66667,6.83333,14.83333],"texture":"#1","tintindex":0},"west":{"uv":[10,12.66667,10.66667,13.83333],"texture":"#1","tintindex":0},"up":{"uv":[15.16667,1.66667,14.66667,1],"texture":"#1","tintindex":0},"down":{"uv":[15.16667,6.66667,14.66667,7.33333],"texture":"#1","tintindex":0}}},{"from":[7,12.725,2.45],"to":[9,15.5,6.45],"rotation":{"angle":-22.5,"axis":"x","origin":[7,12.5,2.45]},"faces":{"north":{"uv":[13,1,13.66667,2],"texture":"#1","tintindex":0},"east":{"uv":[10.33333,1.33333,11.66667,2.33333],"texture":"#1","tintindex":0},"west":{"uv":[10.33333,2.66667,11.66667,3.66667],"texture":"#1","tintindex":0},"up":{"uv":[8.33333,13.66667,7.66667,12.33333],"texture":"#1","tintindex":0},"down":{"uv":[5.33333,12.66667,4.66667,14],"texture":"#1","tintindex":0}}},{"from":[7.5,15.03366,3.48806],"to":[8.5,17.80866,6.98806],"rotation":{"angle":-22.5,"axis":"x","origin":[7.5,11.80866,2.48806]},"faces":{"north":{"uv":[14.66667,7.66667,15,8.66667],"texture":"#1","tintindex":0},"east":{"uv":[7.66667,11,8.83333,12],"texture":"#1","tintindex":0},"west":{"uv":[11,10.33333,12.16667,11.33333],"texture":"#1","tintindex":0},"up":{"uv":[8.33333,15.16667,8,14],"texture":"#1","tintindex":0}}},{"from":[7.5,15.03366,8.71077],"to":[8.5,17.80866,15.71077],"rotation":{"angle":22.5,"axis":"x","origin":[7.5,11.80866,13.21077]},"faces":{"east":{"uv":[7.33333,4.33333,9.66667,5.33333],"texture":"#1","tintindex":0},"south":{"uv":[15.5,7.66667,15.83333,8.66667],"texture":"#1","tintindex":0},"west":{"uv":[7.33333,5.66667,9.66667,6.66667],"texture":"#1","tintindex":0},"up":{"uv":[11.33333,15,11,12.66667],"texture":"#1","tintindex":0}}},{"from":[7.5,12.03937,8.68207],"to":[8.5,15.03937,15.68207],"rotation":{"angle":22.5,"axis":"x","origin":[7.5,11.73937,13.18207]},"faces":{"east":{"uv":[7.33333,7,9.66667,8],"texture":"#1","tintindex":0},"south":{"uv":[15.5,6.66667,15.83333,7.66667],"texture":"#1","tintindex":0},"west":{"uv":[7.66667,1.66667,10,2.66667],"texture":"#1","tintindex":0},"down":{"uv":[12,12.66667,11.66667,15],"texture":"#1","tintindex":0}}},{"from":[7.5035,8.91061,12.48241],"to":[8.4965,12.41061,15.98241],"rotation":{"angle":0,"axis":"x","origin":[7.5035,8.91061,12.98241]},"faces":{"east":{"uv":[3.33333,10,4.5,11.16667],"texture":"#1","tintindex":0},"south":{"uv":[15.5,9,15.83333,10.16667],"texture":"#1","tintindex":0},"west":{"uv":[10,7,11.16667,8.16667],"texture":"#1","tintindex":0},"down":{"uv":[9,12.33333,8.66667,13.5],"texture":"#1","tintindex":0}}},{"from":[7.5085,6.48569,15.18487],"to":[8.4915,8.98569,17.43487],"rotation":{"angle":-22.5,"axis":"x","origin":[7.5085,5.48569,13.85987]},"faces":{"north":{"uv":[4,15,4.33333,15.83333],"texture":"#1","tintindex":0},"east":{"uv":[13.66667,6.66667,14.33333,7.5],"texture":"#1","tintindex":0},"south":{"uv":[15,4.66667,15.33333,5.5],"texture":"#1","tintindex":0},"west":{"uv":[13.66667,8.66667,14.33333,9.5],"texture":"#1","tintindex":0},"down":{"uv":[1.66667,15.33333,1.33333,16],"texture":"#1","tintindex":0}}},{"from":[7.495,16.07401,4.34942],"to":[8.505,19.07401,11.34942],"rotation":{"angle":0,"axis":"x","origin":[7.495,13.57401,-0.15058]},"faces":{"north":{"uv":[15,2,15.33333,3],"texture":"#1","tintindex":0},"east":{"uv":[7.66667,3,10,4],"texture":"#1","tintindex":0},"south":{"uv":[15,3.33333,15.33333,4.33333],"texture":"#1","tintindex":0},"west":{"uv":[7.33333,8.33333,9.66667,9.33333],"texture":"#1","tintindex":0},"up":{"uv":[11.83333,15,11.5,12.66667],"texture":"#1","tintindex":0}}},{"from":[7,14.25573,9.84942],"to":[9,17.03073,14.34942],"rotation":{"angle":22.5,"axis":"x","origin":[7,14.03073,9.84942]},"faces":{"east":{"uv":[10,4.33333,11.5,5.33333],"texture":"#1","tintindex":0},"south":{"uv":[13,2.33333,13.66667,3.33333],"texture":"#1","tintindex":0},"west":{"uv":[10,5.66667,11.5,6.66667],"texture":"#1","tintindex":0},"up":{"uv":[12.66667,1.5,12,0],"texture":"#1","tintindex":0},"down":{"uv":[12.66667,2,12,3.5],"texture":"#1","tintindex":0}}},{"from":[7.0035,8.55866,12.23188],"to":[8.9965,13.55866,14.10688],"rotation":{"angle":0,"axis":"x","origin":[7.0035,8.55866,6.10688]},"faces":{"north":{"uv":[0,11.66667,0.66667,13.33333],"texture":"#1","tintindex":0},"east":{"uv":[1,11.66667,1.66667,13.33333],"texture":"#1","tintindex":0},"south":{"uv":[2,11.66667,2.66667,13.33333],"texture":"#1","tintindex":0},"west":{"uv":[3,11.66667,3.66667,13.33333],"texture":"#1","tintindex":0},"down":{"uv":[14.66667,2.66667,14,3.33333],"texture":"#1","tintindex":0}}},{"from":[6.975,13.80237,4.99747],"to":[9.025,16.80237,10.99747],"rotation":{"angle":0,"axis":"x","origin":[6.975,13.80237,4.99747]},"faces":{"north":{"uv":[13,11.33333,13.66667,12.33333],"texture":"#1","tintindex":0},"east":{"uv":[9.66667,0,11.66667,1],"texture":"#1","tintindex":0},"south":{"uv":[12,12.66667,12.66667,13.66667],"texture":"#1","tintindex":0},"west":{"uv":[7.66667,9.66667,9.66667,10.66667],"texture":"#1","tintindex":0},"up":{"uv":[10.66667,12.33333,10,10.33333],"texture":"#1","tintindex":0}}},{"from":[5.5,1,2.25],"to":[10.5,9.5,2.28],"rotation":{"angle":0,"axis":"y","origin":[0.5,0,0]},"faces":{"north":{"uv":[14.33333,12.33333,16,15.16667],"texture":"#1","tintindex":0},"south":{"uv":[16,12.33333,14.33333,15.16667],"texture":"#1","tintindex":0}}},{"from":[10.3097,1,3.20671],"to":[12.3097,9.5,3.23671],"rotation":{"angle":-22.5,"axis":"y","origin":[12.8097,5.25,3.20671]},"faces":{"north":{"uv":[13,12.33333,13.66667,15.16667],"texture":"#1","tintindex":0},"south":{"uv":[13.66667,12.33333,13,15.16667],"texture":"#1","tintindex":0}}},{"from":[3.6903,1,3.20671],"to":[5.6903,9.5,3.23671],"rotation":{"angle":22.5,"axis":"y","origin":[3.1903,5.25,3.20671]},"faces":{"north":{"uv":[13.66667,12.33333,13,15.16667],"texture":"#1","tintindex":0},"south":{"uv":[13,12.33333,13.66667,15.16667],"texture":"#1","tintindex":0}}}],"gui_light":"front","display":{"thirdperson_righthand":{"rotation":[60,0,0],"translation":[0,3,0],"scale":[0.7,0.7,0.7]},"thirdperson_lefthand":{"rotation":[60,0,0],"translation":[0,3,0],"scale":[0.7,0.7,0.7]},"firstperson_righthand":{"rotation":[-28,180,0],"translation":[0,2.5,0],"scale":[0.7,0.7,0.7]},"firstperson_lefthand":{"rotation":[-28,180,0],"translation":[0,2.5,0],"scale":[0.7,0.7,0.7]},"ground":{"translation":[0,3,0],"scale":[0.7,0.7,0.7]},"gui":{"rotation":[0,-180,0],"translation":[0,-1.25,0]},"head":{"translation":[0,-0.25,0],"scale":[1.6,1.6,1.6]},"fixed":{"rotation":[-90,0,0],"translation":[0,0,-14.75],"scale":[2,2,2]}},"mcmodels":"85721e714bf9e86004e2a432cd3be28a"}