{"credit":"Pologony Creation Co.,Ltd.","textures":{"1":"spartan_set:animations/animation_1","2":"spartan_set:knife","particle":"spartan_set:knife"},"elements":[{"from":[7.5,0.35,6.79289],"to":[8.5,1.85,8.29289],"rotation":{"angle":45,"axis":"x","origin":[7.5,0.35,7.29289]},"faces":{"north":{"uv":[0,9,0.5,9.75],"texture":"#2"},"east":{"uv":[1,6.5,1.75,7.25],"texture":"#2"},"south":{"uv":[8.5,9,9,9.75],"texture":"#2"},"west":{"uv":[7,0,7.75,0.75],"texture":"#2"},"up":{"uv":[1.5,10.25,1,9.5],"texture":"#2"},"down":{"uv":[2.5,9.5,2,10.25],"texture":"#2"}}},{"from":[7.25,0.6,7.04289],"to":[8.75,1.6,8.04289],"rotation":{"angle":45,"axis":"x","origin":[7.5,0.35,7.29289]},"faces":{"north":{"uv":[9.5,9,10.25,9.5],"texture":"#2"},"east":{"uv":[11.5,3,12,3.5],"texture":"#2"},"south":{"uv":[10,0,10.75,0.5],"texture":"#2"},"west":{"uv":[11.5,4,12,4.5],"texture":"#2"},"up":{"uv":[10.75,1.5,10,1],"texture":"#2"},"down":{"uv":[10.75,2,10,2.5],"texture":"#2"}}},{"from":[8,1.41421,7.11612],"to":[9.25,1.91421,8.36612],"rotation":{"angle":-45,"axis":"y","origin":[8,1.41421,7.11612]},"faces":{"north":{"uv":[12,10,12.625,10.25],"texture":"#2"},"east":{"uv":[12.5,3,13.125,3.25],"texture":"#2"},"south":{"uv":[12.5,4,13.125,4.25],"texture":"#2"},"west":{"uv":[5,12.5,5.625,12.75],"texture":"#2"},"up":{"uv":[9.125,2.125,8.5,1.5],"texture":"#2"},"down":{"uv":[9.125,3,8.5,3.625],"texture":"#2"}}},{"from":[8,2.41421,7.11612],"to":[9.25,2.91421,8.36612],"rotation":{"angle":-45,"axis":"y","origin":[8,2.41421,7.11612]},"faces":{"north":{"uv":[12.5,5,13.125,5.25],"texture":"#2"},"east":{"uv":[12.5,6,13.125,6.25],"texture":"#2"},"south":{"uv":[12.5,7,13.125,7.25],"texture":"#2"},"west":{"uv":[12.5,8,13.125,8.25],"texture":"#2"},"up":{"uv":[4.625,9.125,4,8.5],"texture":"#2"},"down":{"uv":[9.125,4.5,8.5,5.125],"texture":"#2"}}},{"from":[8.25,2.91421,7.36612],"to":[9,6.41421,8.11612],"rotation":{"angle":-45,"axis":"y","origin":[8,2.91421,7.11612]},"faces":{"north":{"uv":[4,6,4.375,7.75],"texture":"#2"},"east":{"uv":[6,4.5,6.375,6.25],"texture":"#2"},"south":{"uv":[5,6,5.375,7.75],"texture":"#2"},"west":{"uv":[0,6.5,0.375,8.25],"texture":"#2"}}},{"from":[8.15,1.91421,7.26612],"to":[9.1,2.41421,8.21612],"rotation":{"angle":-45,"axis":"y","origin":[8,1.91421,7.11612]},"faces":{"north":{"uv":[9.5,13,10,13.25],"texture":"#2"},"east":{"uv":[13.5,1,14,1.25],"texture":"#2"},"south":{"uv":[13.5,2,14,2.25],"texture":"#2"},"west":{"uv":[5,13.5,5.5,13.75],"texture":"#2"}}},{"from":[8,6.41421,7.11612],"to":[9.25,6.91421,8.36612],"rotation":{"angle":-45,"axis":"y","origin":[8,6.41421,7.11612]},"faces":{"north":{"uv":[12.5,9,13.125,9.25],"texture":"#2"},"east":{"uv":[10.5,12.5,11.125,12.75],"texture":"#2"},"south":{"uv":[12.5,11,13.125,11.25],"texture":"#2"},"west":{"uv":[12,12.5,12.625,12.75],"texture":"#2"},"up":{"uv":[6.125,9.125,5.5,8.5],"texture":"#2"},"down":{"uv":[9.625,6,9,6.625],"texture":"#2"}}},{"from":[8.15,6.91421,7.26612],"to":[9.1,7.41421,8.21612],"rotation":{"angle":-45,"axis":"y","origin":[8,6.91421,7.11612]},"faces":{"north":{"uv":[7.5,13.5,8,13.75],"texture":"#2"},"east":{"uv":[8.5,13.5,9,13.75],"texture":"#2"},"south":{"uv":[13.5,10,14,10.25],"texture":"#2"},"west":{"uv":[10.5,13.5,11,13.75],"texture":"#2"}}},{"from":[8,7.41421,7.11612],"to":[9.25,7.91421,8.36612],"rotation":{"angle":-45,"axis":"y","origin":[8,7.41421,7.11612]},"faces":{"north":{"uv":[2,13,2.625,13.25],"texture":"#2"},"east":{"uv":[3.5,13,4.125,13.25],"texture":"#2"},"south":{"uv":[0,13.5,0.625,13.75],"texture":"#2"},"west":{"uv":[13.5,0,14.125,0.25],"texture":"#2"},"up":{"uv":[7.625,9.625,7,9],"texture":"#2"},"down":{"uv":[9.625,7.5,9,8.125],"texture":"#2"}}},{"from":[7.625,0,6.25],"to":[8.375,1,7.75],"rotation":{"angle":22.5,"axis":"x","origin":[7.625,0,6.75]},"faces":{"north":{"uv":[11.5,8,11.875,8.5],"texture":"#2"},"east":{"uv":[10,3,10.75,3.5],"texture":"#2"},"south":{"uv":[2,12,2.375,12.5],"texture":"#2"},"west":{"uv":[4,10,4.75,10.5],"texture":"#2"},"up":{"uv":[8.875,11.25,8.5,10.5],"texture":"#2"},"down":{"uv":[10.875,11,10.5,11.75],"texture":"#2"}}},{"from":[7.6285,0.11522,5.90538],"to":[8.3715,1.36522,6.65538],"rotation":{"angle":-22.5,"axis":"x","origin":[7.6285,1.11522,5.90538]},"faces":{"north":{"uv":[9.5,11.5,9.875,12.125],"texture":"#2"},"east":{"uv":[11.5,11,11.875,11.625],"texture":"#2"},"south":{"uv":[0,12,0.375,12.625],"texture":"#2"},"west":{"uv":[1,12,1.375,12.625],"texture":"#2"},"up":{"uv":[6.875,13.375,6.5,13],"texture":"#2"}}},{"from":[7.625,0,8.25],"to":[8.375,1,9.75],"rotation":{"angle":-22.5,"axis":"x","origin":[7.625,0,9.25]},"faces":{"north":{"uv":[2.375,12,2,12.5],"texture":"#2"},"east":{"uv":[10.75,3,10,3.5],"texture":"#2"},"south":{"uv":[11.875,8,11.5,8.5],"texture":"#2"},"west":{"uv":[4.75,10,4,10.5],"texture":"#2"},"up":{"uv":[8.875,10.5,8.5,11.25],"texture":"#2"},"down":{"uv":[10.875,11.75,10.5,11],"texture":"#2"}}},{"from":[7.6285,0.11522,9.34462],"to":[8.3715,1.36522,10.09462],"rotation":{"angle":22.5,"axis":"x","origin":[7.6285,1.11522,10.09462]},"faces":{"north":{"uv":[0.375,12,0,12.625],"texture":"#2"},"east":{"uv":[11.875,11,11.5,11.625],"texture":"#2"},"south":{"uv":[9.875,11.5,9.5,12.125],"texture":"#2"},"west":{"uv":[1.375,12,1,12.625],"texture":"#2"},"up":{"uv":[6.875,13,6.5,13.375],"texture":"#2"}}},{"from":[7.5,8,5.75],"to":[8.5,9,7.25],"rotation":{"angle":-22.5,"axis":"x","origin":[7.5,8,5.75]},"faces":{"north":{"uv":[11.5,5,12,5.5],"texture":"#2"},"east":{"uv":[10,4,10.75,4.5],"texture":"#2"},"south":{"uv":[5.5,11.5,6,12],"texture":"#2"},"west":{"uv":[10,5,10.75,5.5],"texture":"#2"},"up":{"uv":[6,10.75,5.5,10],"texture":"#2"},"down":{"uv":[10,10,9.5,10.75],"texture":"#2"}}},{"from":[7.75,8.19291,6.28701],"to":[8.25,8.94291,7.28701],"rotation":{"angle":22.5,"axis":"x","origin":[7.5,8.69291,6.03701]},"faces":{"east":{"uv":[3,12,3.5,12.375],"texture":"#2"},"south":{"uv":[1.5,14,1.75,14.375],"texture":"#2"},"west":{"uv":[4,12,4.5,12.375],"texture":"#2"},"down":{"uv":[11.75,13.5,11.5,14],"texture":"#2"}}},{"from":[7.5035,8.57403,6.38582],"to":[8.4965,10.07403,7.13582],"rotation":{"angle":22.5,"axis":"x","origin":[7.5035,8.57403,7.13582]},"faces":{"north":{"uv":[0,10.5,0.5,11.25],"texture":"#2"},"east":{"uv":[11.5,0,11.875,0.75],"texture":"#2"},"south":{"uv":[3,10.5,3.5,11.25],"texture":"#2"},"west":{"uv":[11.5,1.5,11.875,2.25],"texture":"#2"},"up":{"uv":[7,12.375,6.5,12],"texture":"#2"}}},{"from":[7.5035,9.57403,5.88582],"to":[8.4965,10.07403,6.38582],"rotation":{"angle":22.5,"axis":"x","origin":[7.5035,8.57403,7.13582]},"faces":{"north":{"uv":[13.5,12,14,12.25],"texture":"#2"},"east":{"uv":[2.5,14,2.75,14.25],"texture":"#2"},"west":{"uv":[14,3,14.25,3.25],"texture":"#2"},"up":{"uv":[13,13.75,12.5,13.5],"texture":"#2"},"down":{"uv":[14,13,13.5,13.25],"texture":"#2"}}},{"from":[7.65,9,6.58579],"to":[8.35,11,8.58579],"rotation":{"angle":45,"axis":"x","origin":[7.5,9,6.58579]},"faces":{"north":{"uv":[10.5,6,10.875,7],"texture":"#2"},"east":{"uv":[3,4.5,4,5.5],"texture":"#2"},"south":{"uv":[6.5,10.5,6.875,11.5],"texture":"#2"},"west":{"uv":[4.5,4.5,5.5,5.5],"texture":"#2"},"up":{"uv":[7.875,11.5,7.5,10.5],"texture":"#2"},"down":{"uv":[10.875,7.5,10.5,8.5],"texture":"#2"}}},{"from":[7.4,9.25,6.83579],"to":[8.6,10.75,8.33579],"rotation":{"angle":45,"axis":"x","origin":[7.5,9,6.58579]},"faces":{"north":{"uv":[7.5,6,8.125,6.75],"texture":"#2"},"east":{"uv":[7,1.5,7.75,2.25],"texture":"#2"},"south":{"uv":[7.5,7.5,8.125,8.25],"texture":"#2"},"west":{"uv":[7,3,7.75,3.75],"texture":"#2"},"up":{"uv":[1.625,8.75,1,8],"texture":"#2"},"down":{"uv":[9.125,0,8.5,0.75],"texture":"#2"}}},{"from":[7.75,9.95984,7],"to":[8.25,17.95984,9],"rotation":{"angle":0,"axis":"y","origin":[7.75,1.95984,7]},"faces":{"north":{"uv":[6,0,6.25,4],"texture":"#2"},"east":{"uv":[3,0,4,4],"texture":"#2"},"south":{"uv":[3,6,3.25,10],"texture":"#2"},"west":{"uv":[4.5,0,5.5,4],"texture":"#2"}}},{"from":[7.7475,16.70858,8],"to":[8.2525,18.12458,9.416],"rotation":{"angle":-45,"axis":"x","origin":[7.7475,16.70858,8]},"faces":{"north":{"uv":[7.5,12,7.75,12.75],"texture":"#2"},"east":{"uv":[7,4.5,7.75,5.25],"texture":"#2"},"south":{"uv":[8.5,12,8.75,12.75],"texture":"#2"},"west":{"uv":[6,7,6.75,7.75],"texture":"#2"},"up":{"uv":[12.75,0.75,12.5,0],"texture":"#2"},"down":{"uv":[12.75,1.5,12.5,2.25],"texture":"#2"}}},{"from":[7.985,9.96,5.625],"to":[8.015,21.96,10.375],"rotation":{"angle":0,"axis":"y","origin":[7.985,6.95,6.375]},"faces":{"east":{"uv":[2.375,0,0,6],"texture":"#2"},"west":{"uv":[0,0,2.375,6],"texture":"#2"}}},{"from":[7.4,7.85,5.75],"to":[8.6,8.85,6.75],"rotation":{"angle":-45,"axis":"x","origin":[7.5,7.85,5.75]},"faces":{"north":{"uv":[10.5,10,11.125,10.5],"texture":"#2"},"east":{"uv":[11.5,6,12,6.5],"texture":"#2"},"south":{"uv":[1,11,1.625,11.5],"texture":"#2"},"west":{"uv":[11.5,7,12,7.5],"texture":"#2"},"up":{"uv":[4.625,11.5,4,11],"texture":"#2"},"down":{"uv":[11.625,9,11,9.5],"texture":"#2"}}},{"from":[7.5,8,8.75],"to":[8.5,9,10.25],"rotation":{"angle":22.5,"axis":"x","origin":[7.5,8,10.25]},"faces":{"north":{"uv":[6,11.5,5.5,12],"texture":"#2"},"east":{"uv":[10.75,4,10,4.5],"texture":"#2"},"south":{"uv":[12,5,11.5,5.5],"texture":"#2"},"west":{"uv":[10.75,5,10,5.5],"texture":"#2"},"up":{"uv":[6,10,5.5,10.75],"texture":"#2"},"down":{"uv":[10,10.75,9.5,10],"texture":"#2"}}},{"from":[7.75,8.19291,8.71299],"to":[8.25,8.94291,9.71299],"rotation":{"angle":-22.5,"axis":"x","origin":[7.5,8.69291,9.96299]},"faces":{"north":{"uv":[1.75,14,1.5,14.375],"texture":"#2"},"east":{"uv":[3.5,12,3,12.375],"texture":"#2"},"west":{"uv":[4.5,12,4,12.375],"texture":"#2"},"down":{"uv":[11.75,14,11.5,13.5],"texture":"#2"}}},{"from":[7.5035,8.57403,8.86418],"to":[8.4965,10.07403,9.61418],"rotation":{"angle":-22.5,"axis":"x","origin":[7.5035,8.57403,8.86418]},"faces":{"north":{"uv":[3.5,10.5,3,11.25],"texture":"#2"},"east":{"uv":[11.875,0,11.5,0.75],"texture":"#2"},"south":{"uv":[0.5,10.5,0,11.25],"texture":"#2"},"west":{"uv":[11.875,1.5,11.5,2.25],"texture":"#2"},"up":{"uv":[7,12,6.5,12.375],"texture":"#2"}}},{"from":[7.4,7.85,9.25],"to":[8.6,8.85,10.25],"rotation":{"angle":45,"axis":"x","origin":[7.5,7.85,10.25]},"faces":{"north":{"uv":[1.625,11,1,11.5],"texture":"#2"},"east":{"uv":[12,6,11.5,6.5],"texture":"#2"},"south":{"uv":[11.125,10,10.5,10.5],"texture":"#2"},"west":{"uv":[12,7,11.5,7.5],"texture":"#2"},"up":{"uv":[4.625,11,4,11.5],"texture":"#2"},"down":{"uv":[11.625,9.5,11,9],"texture":"#2"}}},{"from":[7.5035,9.57403,9.61418],"to":[8.4965,10.07403,10.11418],"rotation":{"angle":-22.5,"axis":"x","origin":[7.5035,8.57403,8.86418]},"faces":{"east":{"uv":[2.75,14,2.5,14.25],"texture":"#2"},"south":{"uv":[14,12,13.5,12.25],"texture":"#2"},"west":{"uv":[14.25,3,14,3.25],"texture":"#2"},"up":{"uv":[13,13.5,12.5,13.75],"texture":"#2"},"down":{"uv":[14,13.25,13.5,13],"texture":"#2"}}},{"from":[7.985,2.75,2],"to":[8.015,8.75,6],"rotation":{"angle":0,"axis":"x","origin":[8,5.75,4]},"faces":{"east":{"uv":[8,0,0,12],"texture":"#1"},"west":{"uv":[0,0,8,12],"texture":"#1"}}},{"from":[7.985,2.75,10],"to":[8.015,8.75,14],"rotation":{"angle":0,"axis":"x","origin":[8,5.75,12]},"faces":{"east":{"uv":[0,0,8,12],"texture":"#1"},"west":{"uv":[8,0,0,12],"texture":"#1"}}}],"gui_light":"front","display":{"thirdperson_righthand":{"translation":[0,1.25,1]},"thirdperson_lefthand":{"translation":[0,1.25,1]},"firstperson_righthand":{"rotation":[5.75,0,0],"translation":[2.75,0.5,0],"scale":[0.7,0.7,0.7]},"firstperson_lefthand":{"rotation":[5.75,0,0],"translation":[2.75,0.5,0],"scale":[0.7,0.7,0.7]},"ground":{"rotation":[-45,0,0],"translation":[0,3,0],"scale":[0.7,0.7,0.7]},"gui":{"rotation":[-90,45,90],"translation":[1.5,-1.5,0],"scale":[0.9,0.9,0.9]},"head":{"rotation":[0,-90,0]},"fixed":{"rotation":[0,-90,0],"translation":[0,0,-1],"scale":[2,2,2]}},"mcmodels":"85721e714bf9e86004e2a432cd3be28a"}