{"credit":"Made by Nog's Menagerie","texture_size":[64,64],"textures":{"0":"nogs_menagerie:cosmetics/nm_hat_shark_great_white_texture","particle":"nogs_menagerie:cosmetics/nm_hat_shark_great_white_texture"},"elements":[{"name":"torso","from":[3,-0.025,3],"to":[4,1,13],"rotation":{"angle":0,"axis":"y","origin":[8,3.5,8.5]},"faces":{"north":{"uv":[4.25,4.75,4.5,5],"texture":"#0"},"east":{"uv":[5.75,2,8.25,2.25],"texture":"#0"},"south":{"uv":[4.25,5,4.5,5.25],"texture":"#0"},"west":{"uv":[5.75,2.25,8.25,2.5],"texture":"#0"},"up":{"uv":[3,8.75,2.75,6.25],"texture":"#0"},"down":{"uv":[3.25,6.25,3,8.75],"texture":"#0"}}},{"name":"torso","from":[12,-0.025,3],"to":[13,1,13],"rotation":{"angle":0,"axis":"y","origin":[8,3.5,8.5]},"faces":{"north":{"uv":[0.75,5.75,1,6],"texture":"#0"},"east":{"uv":[6.25,2.5,8.75,2.75],"texture":"#0"},"south":{"uv":[1,5.75,1.25,6],"texture":"#0"},"west":{"uv":[6.25,2.75,8.75,3],"texture":"#0"},"up":{"uv":[3.5,8.75,3.25,6.25],"texture":"#0"},"down":{"uv":[3.75,6.25,3.5,8.75],"texture":"#0"}}},{"name":"torso","from":[4,-0.025,3],"to":[12,1,4],"rotation":{"angle":0,"axis":"y","origin":[8,3.5,8.5]},"faces":{"north":{"uv":[6.25,3,8.25,3.25],"texture":"#0"},"east":{"uv":[0.75,6,1,6.25],"texture":"#0"},"south":{"uv":[6.25,3.25,8.25,3.5],"texture":"#0"},"west":{"uv":[1,6,1.25,6.25],"texture":"#0"},"up":{"uv":[8.25,3.75,6.25,3.5],"texture":"#0"},"down":{"uv":[8.5,0,6.5,0.25],"texture":"#0"}}},{"name":"torso","from":[4,-0.025,12],"to":[12,1,13],"rotation":{"angle":0,"axis":"y","origin":[8,3.5,7.5]},"faces":{"north":{"uv":[6.5,0.25,8.5,0.5],"texture":"#0"},"east":{"uv":[6.75,4.75,7,5],"texture":"#0"},"south":{"uv":[6.5,0.5,8.5,0.75],"texture":"#0"},"west":{"uv":[6.75,5,7,5.25],"texture":"#0"},"up":{"uv":[8.5,1,6.5,0.75],"texture":"#0"},"down":{"uv":[8.5,1,6.5,1.25],"texture":"#0"}}},{"name":"torso","from":[3.5,1,1.5],"to":[12.5,5,12.5],"rotation":{"angle":0,"axis":"y","origin":[8,3.5,8.5]},"faces":{"north":{"uv":[0,3.75,2.25,4.75],"texture":"#0"},"east":{"uv":[0,2.75,2.75,3.75],"texture":"#0"},"south":{"uv":[2.25,3.75,4.5,4.75],"texture":"#0"},"west":{"uv":[2.75,2.75,5.5,3.75],"texture":"#0"},"up":{"uv":[2.25,2.75,0,0],"texture":"#0"},"down":{"uv":[4.5,0,2.25,2.75],"texture":"#0"}}},{"name":"torso","from":[6.5,1,12.5],"to":[9.5,5,17.5],"rotation":{"angle":0,"axis":"y","origin":[8,3.5,17.5]},"faces":{"north":{"uv":[5.75,0,6.5,1],"texture":"#0"},"east":{"uv":[4.5,1.5,5.75,2.5],"texture":"#0"},"south":{"uv":[5.75,1,6.5,2],"texture":"#0"},"west":{"uv":[0,4.75,1.25,5.75],"texture":"#0"},"up":{"uv":[5,6.5,4.25,5.25],"texture":"#0"},"down":{"uv":[5.75,5.25,5,6.5],"texture":"#0"}}},{"name":"torso","from":[7.5,-0.23223,16.88909],"to":[8.5,5.76777,19.88909],"rotation":{"angle":45,"axis":"x","origin":[8,4.76777,21.38909]},"faces":{"north":{"uv":[3.75,6.25,4,7.75],"texture":"#0"},"east":{"uv":[1.25,4.75,2,6.25],"texture":"#0"},"south":{"uv":[4,6.25,4.25,7.75],"texture":"#0"},"west":{"uv":[2,4.75,2.75,6.25],"texture":"#0"},"up":{"uv":[5,7.25,4.75,6.5],"texture":"#0"},"down":{"uv":[5.25,6.5,5,7.25],"texture":"#0"}}},{"name":"torso","from":[7.5,-2.03553,14.41421],"to":[8.5,0.96447,18.41421],"rotation":{"angle":45,"axis":"x","origin":[8,-0.53553,18.91421]},"faces":{"north":{"uv":[5.25,6.5,5.5,7.25],"texture":"#0"},"east":{"uv":[5.75,3.75,6.75,4.5],"texture":"#0"},"south":{"uv":[5.5,6.5,5.75,7.25],"texture":"#0"},"west":{"uv":[5.75,4.5,6.75,5.25],"texture":"#0"},"up":{"uv":[4.5,7.5,4.25,6.5],"texture":"#0"},"down":{"uv":[4.75,6.5,4.5,7.5],"texture":"#0"}}},{"name":"torso","from":[6.5,4.00627,6.49581],"to":[9.5,10.00627,11.07081],"rotation":{"angle":22.5,"axis":"x","origin":[8,7.00627,8.49581]},"faces":{"north":{"uv":[2.75,4.75,3.5,6.25],"texture":"#0"},"east":{"uv":[4.5,0,5.75,1.5],"texture":"#0"},"south":{"uv":[3.5,4.75,4.25,6.25],"texture":"#0"},"west":{"uv":[4.5,3.75,5.75,5.25],"texture":"#0"},"up":{"uv":[6.25,3.75,5.5,2.5],"texture":"#0"},"down":{"uv":[0.75,5.75,0,7],"texture":"#0"}}},{"name":"torso","from":[-0.28544,0.42505,4.5],"to":[3.71456,1.42505,7.5],"rotation":{"angle":22.5,"axis":"z","origin":[2.11456,1.42505,6]},"faces":{"north":{"uv":[6.5,1.5,7.5,1.75],"texture":"#0"},"east":{"uv":[6.75,4.25,7.5,4.5],"texture":"#0"},"south":{"uv":[6.5,1.75,7.5,2],"texture":"#0"},"west":{"uv":[6.75,4.5,7.5,4.75],"texture":"#0"},"up":{"uv":[1.75,7,0.75,6.25],"texture":"#0"},"down":{"uv":[2.75,6.25,1.75,7],"texture":"#0"}}},{"name":"torso","from":[12.28544,0.42505,4.5],"to":[16.28544,1.42505,7.5],"rotation":{"angle":-22.5,"axis":"z","origin":[13.88544,1.42505,6]},"faces":{"north":{"uv":[7.5,1.5,6.5,1.75],"texture":"#0"},"east":{"uv":[7.5,4.5,6.75,4.75],"texture":"#0"},"south":{"uv":[7.5,1.75,6.5,2],"texture":"#0"},"west":{"uv":[7.5,4.25,6.75,4.5],"texture":"#0"},"up":{"uv":[0.75,7,1.75,6.25],"texture":"#0"},"down":{"uv":[1.75,6.25,2.75,7],"texture":"#0"}}}],"gui_light":"front","display":{"thirdperson_righthand":{"rotation":[24,13,0],"translation":[0,2.25,-0.5],"scale":[0.6,0.6,0.6]},"thirdperson_lefthand":{"rotation":[24,13,0],"translation":[0,2.25,-0.5],"scale":[0.6,0.6,0.6]},"firstperson_righthand":{"rotation":[0,109,5],"translation":[3.75,7.25,0],"scale":[0.71,0.71,0.71]},"firstperson_lefthand":{"rotation":[0,109,5],"translation":[3.75,7.25,0],"scale":[0.71,0.71,0.71]},"ground":{"translation":[0,3.5,0],"scale":[0.65,0.65,0.65]},"gui":{"rotation":[25,151,0],"translation":[0.25,2.25,0],"scale":[0.73,0.73,0.73]},"head":{"translation":[0,14.5,0],"scale":[1.61,1.61,1.61]},"fixed":{"translation":[0,8.5,-0.25],"scale":[1.7,1.7,1.7]}},"mcmodels":"7e0c03a938a2893d7147ae4fa90c3262"}