{"sources":[{"source":"entity","prefix":"entity/","type":"directory"},{"pattern":{"namespace":"minecraft","path":"entity/fishing_hook"},"type":"filter"},{"type":"single","resource":"nexusset:shovel"},{"type":"single","resource":"nexusset:chest"},{"type":"single","resource":"lonedev_emotes:entity/pack2/amogus_popup"},{"type":"single","resource":"nexusset:bow_1"},{"type":"single","resource":"nexusset:bow_2"},{"type":"single","resource":"nexusset:crossbow_firework"},{"type":"single","resource":"_iainternal:icons/icon_left_blue"},{"type":"single","resource":"nexusset:armor/nexus_boots_icon"},{"type":"single","resource":"nogs_menagerie:plushies/nm_plushie_shark_hammerhead_texture"},{"type":"single","resource":"nexusset:spear"},{"type":"single","resource":"nexusset:crossbow_2"},{"type":"single","resource":"nexusset:crossbow_1"},{"type":"single","resource":"modelengine:entity/hv_grimleaf_totem"},{"type":"single","resource":"modelengine:entity/paladin_wings"},{"type":"single","resource":"nexusset:staff"},{"type":"single","resource":"modelengine:entity/nm_shark_hammerhead_texture"},{"type":"single","resource":"_iainternal:icons/icon_next_orange"},{"type":"single","resource":"lonedev_emotes:entity/pack2/amogus"},{"type":"single","resource":"modelengine:entity/hv_grimleaf_projectile"},{"type":"single","resource":"modelengine:entity/hv_grimleaf_vfx"},{"type":"single","resource":"nexusset:animations/animations_nexus"},{"type":"single","resource":"nogs_menagerie:heads/nm_head_shark_hammerhead_texture"},{"type":"single","resource":"nexusset:shield"},{"type":"single","resource":"nexusset:axe"},{"type":"single","resource":"nogs_menagerie:plushies/nm_plushie_shark_great_white_texture"},{"type":"single","resource":"nexusset:greatsword"},{"type":"single","resource":"nexusset:armor/nexus_chestplate_icon"},{"type":"single","resource":"modelengine:entity/hv_grimleaf"},{"type":"single","resource":"nexusset:key"},{"type":"single","resource":"nexusset:scythe"},{"type":"single","resource":"nogs_menagerie:loots/nm_shark_tooth_texture"},{"type":"single","resource":"nexusset:trident"},{"type":"single","resource":"nexusset:fishing_rod_cast"},{"type":"single","resource":"nexusset:hammer"},{"type":"single","resource":"nexusset:helmet"},{"type":"single","resource":"modelengine:entity/nm_shark_great_white_texture"},{"type":"single","resource":"_iainternal:icons/icon_cancel"},{"type":"single","resource":"nogs_menagerie:cosmetics/nm_hat_shark_hammerhead_texture"},{"type":"single","resource":"nogs_menagerie:loots/nm_shark_fin_texture"},{"type":"single","resource":"nogs_menagerie:cosmetics/nm_hat_shark_great_white_texture"},{"type":"single","resource":"modelengine:entity/hv_grimleaf_totem_vfx"},{"type":"single","resource":"_iainternal:icons/icon_back_orange"},{"type":"single","resource":"_iainternal:icons/icon_arrow_chest"},{"type":"single","resource":"nexusset:crossbow"},{"type":"single","resource":"modelengine:entity/hv_grimleaf_echowave"},{"type":"single","resource":"nexusset:animations/animations_bolt"},{"type":"single","resource":"_iainternal:icons/icon_search"},{"type":"single","resource":"nogs_menagerie:heads/nm_head_shark_great_white_texture"},{"type":"single","resource":"modelengine:entity/hv_grimleaf_stones"},{"type":"single","resource":"_iainternal:icons/icon_right_blue"},{"type":"single","resource":"nexusset:armor/nexus_leggings_icon"},{"type":"single","resource":"nexusset:hoe"},{"type":"single","resource":"modelengine:entity/hv_grimleaf_roots"},{"type":"single","resource":"nexusset:sword"},{"type":"single","resource":"nexusset:fishing_rod"},{"type":"single","resource":"nexusset:wings"},{"type":"single","resource":"nexusset:armor/nexus_helmet_icon"},{"type":"single","resource":"nexusset:pickaxe"},{"type":"single","resource":"nexusset:bow"}]}