{"model":{"type":"range_dispatch","property":"custom_model_data","index":0,"fallback":{"type":"minecraft:condition","on_false":{"type":"minecraft:model","model":"minecraft:item/bow"},"on_true":{"type":"minecraft:range_dispatch","entries":[{"model":{"type":"minecraft:model","model":"minecraft:item/bow_pulling_1"},"threshold":0.65},{"model":{"type":"minecraft:model","model":"minecraft:item/bow_pulling_2"},"threshold":0.9}],"fallback":{"type":"minecraft:model","model":"minecraft:item/bow_pulling_0"},"property":"minecraft:use_duration","scale":0.05},"property":"minecraft:using_item"},"entries":[{"threshold":10000,"model":{"type":"minecraft:condition","on_false":{"type":"minecraft:model","model":"elitecreatures:hollow_knight_animated_weapon_set/bow"},"on_true":{"type":"minecraft:range_dispatch","entries":[{"threshold":0.65,"model":{"type":"model","model":"elitecreatures:hollow_knight_animated_weapon_set/bow_1"}},{"threshold":0.9,"model":{"type":"model","model":"elitecreatures:hollow_knight_animated_weapon_set/bow_2"}}],"fallback":{"type":"minecraft:model","model":"elitecreatures:hollow_knight_animated_weapon_set/bow_0"},"property":"minecraft:use_duration","scale":0.05},"property":"minecraft:using_item"}},{"threshold":10001,"model":{"type":"minecraft:condition","on_false":{"type":"minecraft:model","model":"item/bow"},"on_true":{"type":"minecraft:range_dispatch","entries":[],"fallback":{"type":"minecraft:model","model":"item/bow"},"property":"minecraft:use_duration","scale":0.05},"property":"minecraft:using_item"}}]},"oversized_in_gui":true}