{"model":{"type":"range_dispatch","property":"custom_model_data","index":0,"fallback":{"type":"model","model":"item/leather_horse_armor","tints":[{"type":"dye","default":-6265536}]},"entries":[{"threshold":10000,"model":{"type":"model","model":"social_icons_pack:android_icon","tints":[{"type":"dye","default":-6265536}]}},{"threshold":10001,"model":{"type":"model","model":"social_icons_pack:apple_icon","tints":[{"type":"dye","default":-6265536}]}},{"threshold":10002,"model":{"type":"model","model":"social_icons_pack:microsoft_icon","tints":[{"type":"dye","default":-6265536}]}},{"threshold":10003,"model":{"type":"model","model":"social_icons_pack:windows_icon","tints":[{"type":"dye","default":-6265536}]}},{"threshold":10004,"model":{"type":"model","model":"social_icons_pack:google_icon","tints":[{"type":"dye","default":-6265536}]}},{"threshold":10005,"model":{"type":"model","model":"social_icons_pack:facebook_icon","tints":[{"type":"dye","default":-6265536}]}},{"threshold":10006,"model":{"type":"model","model":"social_icons_pack:instagram_icon","tints":[{"type":"dye","default":-6265536}]}},{"threshold":10007,"model":{"type":"model","model":"social_icons_pack:twitter_icon","tints":[{"type":"dye","default":-6265536}]}},{"threshold":10008,"model":{"type":"model","model":"social_icons_pack:xtwitter_icon","tints":[{"type":"dye","default":-6265536}]}},{"threshold":10009,"model":{"type":"model","model":"social_icons_pack:threads_icon","tints":[{"type":"dye","default":-6265536}]}},{"threshold":10010,"model":{"type":"model","model":"social_icons_pack:tiktok_icon","tints":[{"type":"dye","default":-6265536}]}},{"threshold":10011,"model":{"type":"model","model":"social_icons_pack:youtube_icon","tints":[{"type":"dye","default":-6265536}]}},{"threshold":10012,"model":{"type":"model","model":"social_icons_pack:discord_icon","tints":[{"type":"dye","default":-6265536}]}},{"threshold":10013,"model":{"type":"model","model":"social_icons_pack:telegram_icon","tints":[{"type":"dye","default":-6265536}]}},{"threshold":10014,"model":{"type":"model","model":"social_icons_pack:whatsapp_icon","tints":[{"type":"dye","default":-6265536}]}},{"threshold":10015,"model":{"type":"model","model":"social_icons_pack:snapchat_icon","tints":[{"type":"dye","default":-6265536}]}},{"threshold":10016,"model":{"type":"model","model":"social_icons_pack:twitch_icon","tints":[{"type":"dye","default":-6265536}]}},{"threshold":10017,"model":{"type":"model","model":"social_icons_pack:kick_icon","tints":[{"type":"dye","default":-6265536}]}},{"threshold":10018,"model":{"type":"model","model":"social_icons_pack:teamspeak_icon","tints":[{"type":"dye","default":-6265536}]}},{"threshold":10019,"model":{"type":"model","model":"social_icons_pack:spotify_icon","tints":[{"type":"dye","default":-6265536}]}},{"threshold":10020,"model":{"type":"model","model":"social_icons_pack:reddit_icon","tints":[{"type":"dye","default":-6265536}]}},{"threshold":10021,"model":{"type":"model","model":"social_icons_pack:tumblr_icon","tints":[{"type":"dye","default":-6265536}]}},{"threshold":10022,"model":{"type":"model","model":"social_icons_pack:vk_icon","tints":[{"type":"dye","default":-6265536}]}},{"threshold":10023,"model":{"type":"model","model":"social_icons_pack:bluesky_icon","tints":[{"type":"dye","default":-6265536}]}},{"threshold":10024,"model":{"type":"model","model":"social_icons_pack:notion_icon","tints":[{"type":"dye","default":-6265536}]}},{"threshold":10025,"model":{"type":"model","model":"social_icons_pack:trello_icon","tints":[{"type":"dye","default":-6265536}]}},{"threshold":10026,"model":{"type":"model","model":"social_icons_pack:github_icon","tints":[{"type":"dye","default":-6265536}]}},{"threshold":10027,"model":{"type":"model","model":"social_icons_pack:minecraft_icon","tints":[{"type":"dye","default":-6265536}]}},{"threshold":10028,"model":{"type":"model","model":"social_icons_pack:modrinth_icon","tints":[{"type":"dye","default":-6265536}]}},{"threshold":10029,"model":{"type":"model","model":"social_icons_pack:cruseforge_icon","tints":[{"type":"dye","default":-6265536}]}},{"threshold":10030,"model":{"type":"model","model":"social_icons_pack:fandom_icon","tints":[{"type":"dye","default":-6265536}]}},{"threshold":10031,"model":{"type":"model","model":"social_icons_pack:wikipedia_icon","tints":[{"type":"dye","default":-6265536}]}},{"threshold":10032,"model":{"type":"model","model":"social_icons_pack:artstation_icon","tints":[{"type":"dye","default":-6265536}]}},{"threshold":10033,"model":{"type":"model","model":"social_icons_pack:deviantart_icon","tints":[{"type":"dye","default":-6265536}]}},{"threshold":10034,"model":{"type":"model","model":"social_icons_pack:sketchfab_icon","tints":[{"type":"dye","default":-6265536}]}},{"threshold":10035,"model":{"type":"model","model":"social_icons_pack:linkedin_icon","tints":[{"type":"dye","default":-6265536}]}},{"threshold":10036,"model":{"type":"model","model":"social_icons_pack:paypal_icon","tints":[{"type":"dye","default":-6265536}]}},{"threshold":10037,"model":{"type":"model","model":"social_icons_pack:patreon_icon","tints":[{"type":"dye","default":-6265536}]}},{"threshold":10038,"model":{"type":"model","model":"social_icons_pack:patreon2_icon","tints":[{"type":"dye","default":-6265536}]}},{"threshold":10039,"model":{"type":"model","model":"social_icons_pack:kofi_icon","tints":[{"type":"dye","default":-6265536}]}},{"threshold":10040,"model":{"type":"model","model":"social_icons_pack:wise_icon","tints":[{"type":"dye","default":-6265536}]}},{"threshold":10041,"model":{"type":"model","model":"social_icons_pack:stripe_icon","tints":[{"type":"dye","default":-6265536}]}},{"threshold":10042,"model":{"type":"model","model":"social_icons_pack:promptpay_icon","tints":[{"type":"dye","default":-6265536}]}},{"threshold":10043,"model":{"type":"model","model":"social_icons_pack:truewallet_icon","tints":[{"type":"dye","default":-6265536}]}},{"threshold":10044,"model":{"type":"model","model":"social_icons_pack:qrcode_icon","tints":[{"type":"dye","default":-6265536}]}},{"threshold":10045,"model":{"type":"model","model":"social_icons_pack:qrpayment_icon","tints":[{"type":"dye","default":-6265536}]}},{"threshold":10046,"model":{"type":"model","model":"social_icons_pack:domain_icon","tints":[{"type":"dye","default":-6265536}]}},{"threshold":10047,"model":{"type":"model","model":"social_icons_pack:android_icon_bg","tints":[{"type":"dye","default":-6265536}]}},{"threshold":10048,"model":{"type":"model","model":"social_icons_pack:apple_icon_bg","tints":[{"type":"dye","default":-6265536}]}},{"threshold":10049,"model":{"type":"model","model":"social_icons_pack:microsoft_icon_bg","tints":[{"type":"dye","default":-6265536}]}},{"threshold":10050,"model":{"type":"model","model":"social_icons_pack:windows_icon_bg","tints":[{"type":"dye","default":-6265536}]}},{"threshold":10051,"model":{"type":"model","model":"social_icons_pack:google_icon_bg","tints":[{"type":"dye","default":-6265536}]}},{"threshold":10052,"model":{"type":"model","model":"social_icons_pack:facebook_icon_bg","tints":[{"type":"dye","default":-6265536}]}},{"threshold":10053,"model":{"type":"model","model":"social_icons_pack:instagram_icon_bg","tints":[{"type":"dye","default":-6265536}]}},{"threshold":10054,"model":{"type":"model","model":"social_icons_pack:twitter_icon_bg","tints":[{"type":"dye","default":-6265536}]}},{"threshold":10055,"model":{"type":"model","model":"social_icons_pack:xtwitter_icon_bg","tints":[{"type":"dye","default":-6265536}]}},{"threshold":10056,"model":{"type":"model","model":"social_icons_pack:threads_icon_bg","tints":[{"type":"dye","default":-6265536}]}},{"threshold":10057,"model":{"type":"model","model":"social_icons_pack:tiktok_icon_bg","tints":[{"type":"dye","default":-6265536}]}},{"threshold":10058,"model":{"type":"model","model":"social_icons_pack:youtube_icon_bg","tints":[{"type":"dye","default":-6265536}]}},{"threshold":10059,"model":{"type":"model","model":"social_icons_pack:discord_icon_bg","tints":[{"type":"dye","default":-6265536}]}},{"threshold":10060,"model":{"type":"model","model":"social_icons_pack:telegram_icon_bg","tints":[{"type":"dye","default":-6265536}]}},{"threshold":10061,"model":{"type":"model","model":"social_icons_pack:whatsapp_icon_bg","tints":[{"type":"dye","default":-6265536}]}},{"threshold":10062,"model":{"type":"model","model":"social_icons_pack:snapchat_icon_bg","tints":[{"type":"dye","default":-6265536}]}},{"threshold":10063,"model":{"type":"model","model":"social_icons_pack:twitch_icon_bg","tints":[{"type":"dye","default":-6265536}]}},{"threshold":10064,"model":{"type":"model","model":"social_icons_pack:kick_icon_bg","tints":[{"type":"dye","default":-6265536}]}},{"threshold":10065,"model":{"type":"model","model":"social_icons_pack:teamspeak_icon_bg","tints":[{"type":"dye","default":-6265536}]}},{"threshold":10066,"model":{"type":"model","model":"social_icons_pack:spotify_icon_bg","tints":[{"type":"dye","default":-6265536}]}},{"threshold":10067,"model":{"type":"model","model":"social_icons_pack:reddit_icon_bg","tints":[{"type":"dye","default":-6265536}]}},{"threshold":10068,"model":{"type":"model","model":"social_icons_pack:tumblr_icon_bg","tints":[{"type":"dye","default":-6265536}]}},{"threshold":10069,"model":{"type":"model","model":"social_icons_pack:vk_icon_bg","tints":[{"type":"dye","default":-6265536}]}},{"threshold":10070,"model":{"type":"model","model":"social_icons_pack:bluesky_icon_bg","tints":[{"type":"dye","default":-6265536}]}},{"threshold":10071,"model":{"type":"model","model":"social_icons_pack:notion_icon_bg","tints":[{"type":"dye","default":-6265536}]}},{"threshold":10072,"model":{"type":"model","model":"social_icons_pack:trello_icon_bg","tints":[{"type":"dye","default":-6265536}]}},{"threshold":10073,"model":{"type":"model","model":"social_icons_pack:github_icon_bg","tints":[{"type":"dye","default":-6265536}]}},{"threshold":10074,"model":{"type":"model","model":"social_icons_pack:minecraft_icon_bg","tints":[{"type":"dye","default":-6265536}]}},{"threshold":10075,"model":{"type":"model","model":"social_icons_pack:modrinth_icon_bg","tints":[{"type":"dye","default":-6265536}]}},{"threshold":10076,"model":{"type":"model","model":"social_icons_pack:cruseforge_icon_bg","tints":[{"type":"dye","default":-6265536}]}},{"threshold":10077,"model":{"type":"model","model":"social_icons_pack:fandom_icon_bg","tints":[{"type":"dye","default":-6265536}]}},{"threshold":10078,"model":{"type":"model","model":"social_icons_pack:wikipedia_icon_bg","tints":[{"type":"dye","default":-6265536}]}},{"threshold":10079,"model":{"type":"model","model":"social_icons_pack:artstation_icon_bg","tints":[{"type":"dye","default":-6265536}]}},{"threshold":10080,"model":{"type":"model","model":"social_icons_pack:deviantart_icon_bg","tints":[{"type":"dye","default":-6265536}]}},{"threshold":10081,"model":{"type":"model","model":"social_icons_pack:sketchfab_icon_bg","tints":[{"type":"dye","default":-6265536}]}},{"threshold":10082,"model":{"type":"model","model":"social_icons_pack:linkedin_icon_bg","tints":[{"type":"dye","default":-6265536}]}},{"threshold":10083,"model":{"type":"model","model":"social_icons_pack:paypal_icon_bg","tints":[{"type":"dye","default":-6265536}]}},{"threshold":10084,"model":{"type":"model","model":"social_icons_pack:patreon_icon_bg","tints":[{"type":"dye","default":-6265536}]}},{"threshold":10085,"model":{"type":"model","model":"social_icons_pack:patreon2_icon_bg","tints":[{"type":"dye","default":-6265536}]}},{"threshold":10086,"model":{"type":"model","model":"social_icons_pack:kofi_icon_bg","tints":[{"type":"dye","default":-6265536}]}},{"threshold":10087,"model":{"type":"model","model":"social_icons_pack:wise_icon_bg","tints":[{"type":"dye","default":-6265536}]}},{"threshold":10088,"model":{"type":"model","model":"social_icons_pack:stripe_icon_bg","tints":[{"type":"dye","default":-6265536}]}},{"threshold":10089,"model":{"type":"model","model":"social_icons_pack:promptpay_icon_bg","tints":[{"type":"dye","default":-6265536}]}},{"threshold":10090,"model":{"type":"model","model":"social_icons_pack:truewallet_icon_bg","tints":[{"type":"dye","default":-6265536}]}},{"threshold":10091,"model":{"type":"model","model":"social_icons_pack:qrcode_icon_bg","tints":[{"type":"dye","default":-6265536}]}},{"threshold":10092,"model":{"type":"model","model":"social_icons_pack:qrpayment_icon_bg","tints":[{"type":"dye","default":-6265536}]}},{"threshold":10093,"model":{"type":"model","model":"social_icons_pack:domain_icon_bg","tints":[{"type":"dye","default":-6265536}]}},{"threshold":10094,"model":{"type":"model","model":"item/leather_horse_armor","tints":[{"type":"dye","default":-6265536}]}}]},"oversized_in_gui":true}