{"model":{"type":"range_dispatch","property":"custom_model_data","index":0,"fallback":{"type":"minecraft:model","model":"minecraft:item/netherite_sword"},"entries":[{"threshold":10000,"model":{"type":"model","model":"elitecreatures:hollow_knight_animated_weapon_set/dagger"}},{"threshold":10001,"model":{"type":"model","model":"elitecreatures:hollow_knight_animated_weapon_set/saber"}},{"threshold":10002,"model":{"type":"model","model":"elitecreatures:hollow_knight_animated_weapon_set/spear"}},{"threshold":10003,"model":{"type":"model","model":"elitecreatures:hollow_knight_animated_weapon_set/staff"}},{"threshold":10004,"model":{"type":"model","model":"elitecreatures:hollow_knight_animated_weapon_set/sword"}},{"threshold":10005,"model":{"type":"model","model":"elitecreatures:hollow_knight_animated_weapon_set/trident"}},{"threshold":10006,"model":{"type":"model","model":"item/netherite_sword"}}]},"oversized_in_gui":true}