{"model":{"type":"range_dispatch","property":"custom_model_data","index":0,"fallback":{"type":"minecraft:model","model":"minecraft:item/paper"},"entries":[{"threshold":10000,"model":{"type":"model","model":"_iainternal:item/ia_auto/icon_left_blue"}},{"threshold":10001,"model":{"type":"model","model":"_iainternal:item/ia_auto/icon_right_blue"}},{"threshold":10002,"model":{"type":"model","model":"_iainternal:item/ia_auto/icon_search"}},{"threshold":10003,"model":{"type":"model","model":"_iainternal:item/ia_auto/icon_cancel"}},{"threshold":10004,"model":{"type":"model","model":"_iainternal:item/ia_auto/icon_arrow_chest"}},{"threshold":10005,"model":{"type":"model","model":"_iainternal:item/ia_auto/icon_back_orange"}},{"threshold":10006,"model":{"type":"model","model":"_iainternal:item/ia_auto/icon_next_orange"}},{"threshold":10007,"model":{"type":"model","model":"pixelmine_currency:item/ia_auto/ancient_chest"}},{"threshold":10008,"model":{"type":"model","model":"pixelmine_currency:item/ia_auto/ancient_coin"}},{"threshold":10009,"model":{"type":"model","model":"pixelmine_currency:item/ia_auto/bag_of_bronze_paper_bill"}},{"threshold":10010,"model":{"type":"model","model":"pixelmine_currency:item/ia_auto/bag_of_paper_bill"}},{"threshold":10011,"model":{"type":"model","model":"pixelmine_currency:item/ia_auto/bag_of_silver_paper_bill"}},{"threshold":10012,"model":{"type":"model","model":"pixelmine_currency:item/ia_auto/big_diamonds_pile"}},{"threshold":10013,"model":{"type":"model","model":"pixelmine_currency:item/ia_auto/big_emeralds_pile"}},{"threshold":10014,"model":{"type":"model","model":"pixelmine_currency:item/ia_auto/big_pile_of_ancient_coins"}},{"threshold":10015,"model":{"type":"model","model":"pixelmine_currency:item/ia_auto/big_pile_of_bronze_coins"}},{"threshold":10016,"model":{"type":"model","model":"pixelmine_currency:item/ia_auto/big_pile_of_gold_coins"}},{"threshold":10017,"model":{"type":"model","model":"pixelmine_currency:item/ia_auto/big_pile_of_silver_coins"}},{"threshold":10018,"model":{"type":"model","model":"pixelmine_currency:item/ia_auto/big_rubies_pile"}},{"threshold":10019,"model":{"type":"model","model":"pixelmine_currency:item/ia_auto/big_sapphires_pile"}},{"threshold":10020,"model":{"type":"model","model":"pixelmine_currency:item/ia_auto/bronze_card"}},{"threshold":10021,"model":{"type":"model","model":"pixelmine_currency:item/ia_auto/bronze_chest"}},{"threshold":10022,"model":{"type":"model","model":"pixelmine_currency:item/ia_auto/bronze_coin"}},{"threshold":10023,"model":{"type":"model","model":"pixelmine_currency:item/ia_auto/bronze_coin_with_star_symbol"}},{"threshold":10024,"model":{"type":"model","model":"pixelmine_currency:item/ia_auto/bronze_key"}},{"threshold":10025,"model":{"type":"model","model":"pixelmine_currency:item/ia_auto/bronze_ticket"}},{"threshold":10026,"model":{"type":"model","model":"pixelmine_currency:item/ia_auto/bucket_of_ancient"}},{"threshold":10027,"model":{"type":"model","model":"pixelmine_currency:item/ia_auto/bucket_of_bronze"}},{"threshold":10028,"model":{"type":"model","model":"pixelmine_currency:item/ia_auto/bucket_of_diamonds"}},{"threshold":10029,"model":{"type":"model","model":"pixelmine_currency:item/ia_auto/bucket_of_emeralds"}},{"threshold":10030,"model":{"type":"model","model":"pixelmine_currency:item/ia_auto/bucket_of_gold"}},{"threshold":10031,"model":{"type":"model","model":"pixelmine_currency:item/ia_auto/bucket_of_rubies"}},{"threshold":10032,"model":{"type":"model","model":"pixelmine_currency:item/ia_auto/bucket_of_sapphires"}},{"threshold":10033,"model":{"type":"model","model":"pixelmine_currency:item/ia_auto/bucket_of_silver"}},{"threshold":10034,"model":{"type":"model","model":"pixelmine_currency:item/ia_auto/diamond"}},{"threshold":10035,"model":{"type":"model","model":"pixelmine_currency:item/ia_auto/diamond_box"}},{"threshold":10036,"model":{"type":"model","model":"pixelmine_currency:item/ia_auto/diamond_coin_with_star_symbol"}},{"threshold":10037,"model":{"type":"model","model":"pixelmine_currency:item/ia_auto/diamond_key"}},{"threshold":10038,"model":{"type":"model","model":"pixelmine_currency:item/ia_auto/emerald"}},{"threshold":10039,"model":{"type":"model","model":"pixelmine_currency:item/ia_auto/emerald_box"}},{"threshold":10040,"model":{"type":"model","model":"pixelmine_currency:item/ia_auto/emerald_coin_with_star_symbol"}},{"threshold":10041,"model":{"type":"model","model":"pixelmine_currency:item/ia_auto/emerald_key"}},{"threshold":10042,"model":{"type":"model","model":"pixelmine_currency:item/ia_auto/golden_chest"}},{"threshold":10043,"model":{"type":"model","model":"pixelmine_currency:item/ia_auto/golden_key"}},{"threshold":10044,"model":{"type":"model","model":"pixelmine_currency:item/ia_auto/gold_card"}},{"threshold":10045,"model":{"type":"model","model":"pixelmine_currency:item/ia_auto/gold_coin"}},{"threshold":10046,"model":{"type":"model","model":"pixelmine_currency:item/ia_auto/gold_coin_with_star_symbol"}},{"threshold":10047,"model":{"type":"model","model":"pixelmine_currency:item/ia_auto/gold_paper_bill"}},{"threshold":10048,"model":{"type":"model","model":"pixelmine_currency:item/ia_auto/gold_ticket"}},{"threshold":10049,"model":{"type":"model","model":"pixelmine_currency:item/ia_auto/medium_ancient_pouch"}},{"threshold":10050,"model":{"type":"model","model":"pixelmine_currency:item/ia_auto/medium_bronze_pouch"}},{"threshold":10051,"model":{"type":"model","model":"pixelmine_currency:item/ia_auto/medium_diamonds_pile"}},{"threshold":10052,"model":{"type":"model","model":"pixelmine_currency:item/ia_auto/medium_diamond_pouch"}},{"threshold":10053,"model":{"type":"model","model":"pixelmine_currency:item/ia_auto/medium_emeraldspile_"}},{"threshold":10054,"model":{"type":"model","model":"pixelmine_currency:item/ia_auto/medium_emerald_pouch"}},{"threshold":10055,"model":{"type":"model","model":"pixelmine_currency:item/ia_auto/medium_gold_pouch"}},{"threshold":10056,"model":{"type":"model","model":"pixelmine_currency:item/ia_auto/medium_pile_of_ancient_coins"}},{"threshold":10057,"model":{"type":"model","model":"pixelmine_currency:item/ia_auto/medium_pile_of_bronze_coins"}},{"threshold":10058,"model":{"type":"model","model":"pixelmine_currency:item/ia_auto/medium_pile_of_gold_coins"}},{"threshold":10059,"model":{"type":"model","model":"pixelmine_currency:item/ia_auto/medium_pile_of_silver_coins"}},{"threshold":10060,"model":{"type":"model","model":"pixelmine_currency:item/ia_auto/medium_rubies_pile_"}},{"threshold":10061,"model":{"type":"model","model":"pixelmine_currency:item/ia_auto/medium_ruby_pouch"}},{"threshold":10062,"model":{"type":"model","model":"pixelmine_currency:item/ia_auto/medium_sapphires_pile"}},{"threshold":10063,"model":{"type":"model","model":"pixelmine_currency:item/ia_auto/medium_sapphire_pouch"}},{"threshold":10064,"model":{"type":"model","model":"pixelmine_currency:item/ia_auto/medium_silver_pouch"}},{"threshold":10065,"model":{"type":"model","model":"pixelmine_currency:item/ia_auto/paper_bill"}},{"threshold":10066,"model":{"type":"model","model":"pixelmine_currency:item/ia_auto/premium_ticket"}},{"threshold":10067,"model":{"type":"model","model":"pixelmine_currency:item/ia_auto/rolled_up_bills"}},{"threshold":10068,"model":{"type":"model","model":"pixelmine_currency:item/ia_auto/royal_key"}},{"threshold":10069,"model":{"type":"model","model":"pixelmine_currency:item/ia_auto/ruby"}},{"threshold":10070,"model":{"type":"model","model":"pixelmine_currency:item/ia_auto/ruby_box"}},{"threshold":10071,"model":{"type":"model","model":"pixelmine_currency:item/ia_auto/ruby_coin_with_star_symbol"}},{"threshold":10072,"model":{"type":"model","model":"pixelmine_currency:item/ia_auto/ruby_key"}},{"threshold":10073,"model":{"type":"model","model":"pixelmine_currency:item/ia_auto/safe"}},{"threshold":10074,"model":{"type":"model","model":"pixelmine_currency:item/ia_auto/sapphire"}},{"threshold":10075,"model":{"type":"model","model":"pixelmine_currency:item/ia_auto/sapphire_box"}},{"threshold":10076,"model":{"type":"model","model":"pixelmine_currency:item/ia_auto/sapphire_coin_with_star_symbol"}},{"threshold":10077,"model":{"type":"model","model":"pixelmine_currency:item/ia_auto/sapphire_key"}},{"threshold":10078,"model":{"type":"model","model":"pixelmine_currency:item/ia_auto/silver_card"}},{"threshold":10079,"model":{"type":"model","model":"pixelmine_currency:item/ia_auto/silver_chest"}},{"threshold":10080,"model":{"type":"model","model":"pixelmine_currency:item/ia_auto/silver_coin"}},{"threshold":10081,"model":{"type":"model","model":"pixelmine_currency:item/ia_auto/silver_coin_with_star_symbol"}},{"threshold":10082,"model":{"type":"model","model":"pixelmine_currency:item/ia_auto/silver_key"}},{"threshold":10083,"model":{"type":"model","model":"pixelmine_currency:item/ia_auto/silver_paper_bill"}},{"threshold":10084,"model":{"type":"model","model":"pixelmine_currency:item/ia_auto/silver_ticket"}},{"threshold":10085,"model":{"type":"model","model":"pixelmine_currency:item/ia_auto/small_ancient_pouch"}},{"threshold":10086,"model":{"type":"model","model":"pixelmine_currency:item/ia_auto/small_bronze_pouch"}},{"threshold":10087,"model":{"type":"model","model":"pixelmine_currency:item/ia_auto/small_diamonds_pile_"}},{"threshold":10088,"model":{"type":"model","model":"pixelmine_currency:item/ia_auto/small_diamond_pouch"}},{"threshold":10089,"model":{"type":"model","model":"pixelmine_currency:item/ia_auto/small_emeralds_pile_"}},{"threshold":10090,"model":{"type":"model","model":"pixelmine_currency:item/ia_auto/small_emerald_pouch"}},{"threshold":10091,"model":{"type":"model","model":"pixelmine_currency:item/ia_auto/small_gold_pouch"}},{"threshold":10092,"model":{"type":"model","model":"pixelmine_currency:item/ia_auto/small_pile_of_ancient_coins"}},{"threshold":10093,"model":{"type":"model","model":"pixelmine_currency:item/ia_auto/small_pile_of_bronze_coins"}},{"threshold":10094,"model":{"type":"model","model":"pixelmine_currency:item/ia_auto/small_pile_of_gold_coins"}},{"threshold":10095,"model":{"type":"model","model":"pixelmine_currency:item/ia_auto/small_pile_of_silver_coins"}},{"threshold":10096,"model":{"type":"model","model":"pixelmine_currency:item/ia_auto/small_rubies_pile_"}},{"threshold":10097,"model":{"type":"model","model":"pixelmine_currency:item/ia_auto/small_ruby_pouch"}},{"threshold":10098,"model":{"type":"model","model":"pixelmine_currency:item/ia_auto/small_sapphires_pile_"}},{"threshold":10099,"model":{"type":"model","model":"pixelmine_currency:item/ia_auto/small_sapphire_pouch"}},{"threshold":10100,"model":{"type":"model","model":"pixelmine_currency:item/ia_auto/small_silver_pouch"}},{"threshold":10101,"model":{"type":"model","model":"pixelmine_currency:item/ia_auto/stack_of_gold_paper_bill"}},{"threshold":10102,"model":{"type":"model","model":"pixelmine_currency:item/ia_auto/stack_of_paper_bill"}},{"threshold":10103,"model":{"type":"model","model":"pixelmine_currency:item/ia_auto/stack_of_silver_paper_bill"}},{"threshold":10104,"model":{"type":"model","model":"pixelmine_currency:item/ia_auto/treasure_crate"}},{"threshold":10105,"model":{"type":"model","model":"pixelmine_currency:item/ia_auto/wallet"}},{"threshold":10106,"model":{"type":"model","model":"pixelmine_currency:item/ia_auto/wallet_with_paper_pill"}},{"threshold":10107,"model":{"type":"model","model":"elitecreatures:hollow_knight_animated_weapon_set/chest"}},{"threshold":10108,"model":{"type":"model","model":"elitecreatures:hollow_knight_animated_weapon_set/glove"}},{"threshold":10109,"model":{"type":"model","model":"elitecreatures:hollow_knight_animated_weapon_set/hat"}},{"threshold":10110,"model":{"type":"model","model":"elitecreatures:hollow_knight_animated_weapon_set/key"}},{"threshold":10111,"model":{"type":"model","model":"elitecreatures:hollow_knight_animated_weapon_set/wing"}},{"threshold":10112,"model":{"type":"model","model":"item/paper"}}]},"oversized_in_gui":true}