{"format_version":"1.21.6","credit":"Made with Blockbench","texture_size":[64,64],"textures":{"1":"elitecreatures:hollow_knight_animated_weapon_set/animation_texture","2":"elitecreatures:hollow_knight_animated_weapon_set/bow_texture","particle":"elitecreatures:hollow_knight_animated_weapon_set/animation_texture"},"elements":[{"from":[7,-7.75,-6],"to":[7,2.25,2],"rotation":{"angle":-22.5,"axis":"z","origin":[7,2.25,-2]},"faces":{"north":{"uv":[1.5,10.5,2.5,10],"rotation":270,"texture":"#2"},"east":{"uv":[11.375,13.5,13.375,16],"texture":"#2"},"south":{"uv":[0.5,10.5,1.5,10],"rotation":90,"texture":"#2"},"west":{"uv":[13.375,13.5,11.375,16],"texture":"#2"},"up":{"uv":[10,1.5,11,1],"rotation":90,"texture":"#2"},"down":{"uv":[9.75,8.5,10.75,8],"rotation":90,"texture":"#2"}}},{"from":[7,-3.75,-6],"to":[7,2.25,2],"rotation":{"angle":-45,"axis":"z","origin":[7,2.25,-2]},"faces":{"north":{"uv":[1.5,10.5,2.5,10],"rotation":270,"texture":"#2"},"east":{"uv":[11.375,13.5,13.375,16],"texture":"#2"},"south":{"uv":[0.5,10.5,1.5,10],"rotation":90,"texture":"#2"},"west":{"uv":[11.375,14.5,9.375,16],"texture":"#2"},"up":{"uv":[10,1.5,11,1],"rotation":90,"texture":"#2"},"down":{"uv":[9.75,8.5,10.75,8],"rotation":90,"texture":"#2"}}},{"from":[9,-3.75,-6],"to":[9,2.25,2],"rotation":{"angle":45,"axis":"z","origin":[9,2.25,-2]},"faces":{"north":{"uv":[1.5,10,2.5,10.5],"rotation":270,"texture":"#2"},"east":{"uv":[9.375,14.5,11.375,16],"texture":"#2"},"south":{"uv":[0.5,10,1.5,10.5],"rotation":90,"texture":"#2"},"west":{"uv":[13.375,13.5,11.375,16],"texture":"#2"},"up":{"uv":[10,1,11,1.5],"rotation":90,"texture":"#2"},"down":{"uv":[9.75,8,10.75,8.5],"rotation":90,"texture":"#2"}}},{"from":[9,-7.75,-6],"to":[9,2.25,2],"rotation":{"angle":22.5,"axis":"z","origin":[9,2.25,-2]},"faces":{"north":{"uv":[1.5,10,2.5,10.5],"rotation":270,"texture":"#2"},"east":{"uv":[11.375,13.5,13.375,16],"texture":"#2"},"south":{"uv":[0.5,10,1.5,10.5],"rotation":90,"texture":"#2"},"west":{"uv":[13.375,13.5,11.375,16],"texture":"#2"},"up":{"uv":[10,1,11,1.5],"rotation":90,"texture":"#2"},"down":{"uv":[9.75,8,10.75,8.5],"rotation":90,"texture":"#2"}}},{"from":[7.0125,-1.87132,2.77817],"to":[8.9875,1.12868,5.77817],"rotation":{"angle":22.5,"axis":"x","origin":[8,0.25,-2]},"faces":{"north":{"uv":[0,15,0.5,14.25],"rotation":180,"texture":"#2"},"east":{"uv":[1.75,14.25,1,13.5],"rotation":270,"texture":"#2"},"south":{"uv":[0,15,0.5,14.25],"texture":"#2"},"west":{"uv":[1.75,13.5,1,14.25],"rotation":270,"texture":"#2"},"up":{"uv":[1,13.5,0.5,14.25],"texture":"#2"},"down":{"uv":[1,13.5,0.5,14.25],"rotation":180,"texture":"#2"}}},{"from":[7,-6.75,-2],"to":[9,0.25,2],"rotation":{"angle":-22.5,"axis":"x","origin":[8,0.25,-2]},"faces":{"north":{"uv":[2,16,2.5,14.25],"rotation":180,"texture":"#2"},"east":{"uv":[1,16,2,14.25],"rotation":180,"texture":"#2"},"south":{"uv":[0.5,16,1,14.25],"rotation":180,"texture":"#2"},"west":{"uv":[2,16,1,14.25],"rotation":180,"texture":"#2"},"up":{"uv":[0.5,15,0,16],"rotation":180,"texture":"#2"},"down":{"uv":[0.5,15,0,16],"rotation":180,"texture":"#2"}}},{"from":[6.9875,-12.21716,-4.67878],"to":[9.0125,-6.21716,-1.67878],"rotation":{"angle":-45,"axis":"x","origin":[8,0.25,-2]},"faces":{"north":{"uv":[3.25,13.5,3.75,12],"rotation":180,"texture":"#2"},"east":{"uv":[2.5,13.5,3.25,12],"rotation":180,"texture":"#2"},"south":{"uv":[2,13.5,2.5,12],"rotation":180,"texture":"#2"},"west":{"uv":[3.25,13.5,2.5,12],"rotation":180,"texture":"#2"},"up":{"uv":[2,12.75,1.5,13.5],"rotation":180,"texture":"#2"},"down":{"uv":[2,12.75,1.5,13.5],"rotation":180,"texture":"#2"}}},{"from":[6.975,-8.33848,5.04275],"to":[9.025,-6.33848,7.04275],"rotation":{"angle":0,"axis":"y","origin":[8,0.25,-2]},"faces":{"north":{"uv":[0,14.25,0.5,13.75],"rotation":180,"texture":"#2"},"east":{"uv":[1,13,0.5,13.5],"rotation":90,"texture":"#2"},"south":{"uv":[0,14.25,0.5,13.75],"texture":"#2"},"west":{"uv":[0.5,13,1,13.5],"rotation":270,"texture":"#2"},"up":{"uv":[0.5,13,0,13.5],"texture":"#2"},"down":{"uv":[0.5,13,0,13.5],"rotation":180,"texture":"#2"}}},{"from":[7,-6.99585,8.49302],"to":[9,-4.99585,12.49302],"rotation":{"angle":22.5,"axis":"x","origin":[8,0.25,-2]},"faces":{"north":{"uv":[1.75,14.25,2.25,13.75],"rotation":180,"texture":"#2"},"east":{"uv":[3.5,13.5,3,14.5],"rotation":90,"texture":"#2"},"south":{"uv":[1.75,14.25,2.25,13.75],"texture":"#2"},"west":{"uv":[3,13.5,3.5,14.5],"rotation":270,"texture":"#2"},"up":{"uv":[3,13.5,2.5,14.5],"texture":"#2"},"down":{"uv":[4,13.5,3.5,14.5],"rotation":180,"texture":"#2"}}},{"from":[6.9875,-13.70749,2.53874],"to":[9.0125,-12.70749,4.53874],"rotation":{"angle":-22.5,"axis":"x","origin":[8,0.25,-2]},"faces":{"north":{"uv":[0,13.75,0.5,13.5],"rotation":180,"texture":"#2"},"east":{"uv":[0.75,12.5,0.5,13],"rotation":90,"texture":"#2"},"south":{"uv":[0,13.75,0.5,13.5],"texture":"#2"},"west":{"uv":[0.5,12.5,0.75,13],"rotation":270,"texture":"#2"},"up":{"uv":[0.5,12.5,0,13],"texture":"#2"},"down":{"uv":[0.5,12.5,0,13],"rotation":180,"texture":"#2"}}},{"from":[7,7.75,-6],"to":[7,17.75,2],"rotation":{"angle":22.5,"axis":"z","origin":[7,7.75,-2]},"faces":{"north":{"uv":[2.5,10.5,1.5,10],"rotation":270,"texture":"#2"},"east":{"uv":[11.375,16,13.375,13.5],"texture":"#2"},"south":{"uv":[1.5,10.5,0.5,10],"rotation":90,"texture":"#2"},"west":{"uv":[13.375,16,11.375,13.5],"texture":"#2"},"up":{"uv":[10.75,8.5,9.75,8],"rotation":90,"texture":"#2"},"down":{"uv":[11,1.5,10,1],"rotation":90,"texture":"#2"}}},{"from":[7,7.75,-6],"to":[7,13.75,2],"rotation":{"angle":45,"axis":"z","origin":[7,7.75,-2]},"faces":{"north":{"uv":[2.5,10.5,1.5,10],"rotation":270,"texture":"#2"},"east":{"uv":[11.375,16,13.375,13.5],"texture":"#2"},"south":{"uv":[1.5,10.5,0.5,10],"rotation":90,"texture":"#2"},"west":{"uv":[11.375,16,9.375,14.5],"texture":"#2"},"up":{"uv":[10.75,8.5,9.75,8],"rotation":90,"texture":"#2"},"down":{"uv":[11,1.5,10,1],"rotation":90,"texture":"#2"}}},{"from":[9,7.75,-6],"to":[9,13.75,2],"rotation":{"angle":-45,"axis":"z","origin":[9,7.75,-2]},"faces":{"north":{"uv":[2.5,10,1.5,10.5],"rotation":270,"texture":"#2"},"east":{"uv":[9.375,16,11.375,14.5],"texture":"#2"},"south":{"uv":[1.5,10,0.5,10.5],"rotation":90,"texture":"#2"},"west":{"uv":[13.375,16,11.375,13.5],"texture":"#2"},"up":{"uv":[10.75,8,9.75,8.5],"rotation":90,"texture":"#2"},"down":{"uv":[11,1,10,1.5],"rotation":90,"texture":"#2"}}},{"from":[9,7.75,-6],"to":[9,17.75,2],"rotation":{"angle":-22.5,"axis":"z","origin":[9,7.75,-2]},"faces":{"north":{"uv":[2.5,10,1.5,10.5],"rotation":270,"texture":"#2"},"east":{"uv":[11.375,16,13.375,13.5],"texture":"#2"},"south":{"uv":[1.5,10,0.5,10.5],"rotation":90,"texture":"#2"},"west":{"uv":[13.375,16,11.375,13.5],"texture":"#2"},"up":{"uv":[10.75,8,9.75,8.5],"rotation":90,"texture":"#2"},"down":{"uv":[11,1,10,1.5],"rotation":90,"texture":"#2"}}},{"from":[7.0125,8.87132,2.77817],"to":[8.9875,11.87132,5.77817],"rotation":{"angle":-22.5,"axis":"x","origin":[8,9.75,-2]},"faces":{"north":{"uv":[0,14.25,0.5,15],"rotation":180,"texture":"#2"},"east":{"uv":[1,14.25,1.75,13.5],"rotation":270,"texture":"#2"},"south":{"uv":[0,14.25,0.5,15],"texture":"#2"},"west":{"uv":[1,13.5,1.75,14.25],"rotation":270,"texture":"#2"},"up":{"uv":[1,14.25,0.5,13.5],"rotation":180,"texture":"#2"},"down":{"uv":[1,14.25,0.5,13.5],"texture":"#2"}}},{"from":[7,9.75,-2],"to":[9,16.75,2],"rotation":{"angle":22.5,"axis":"x","origin":[8,9.75,-2]},"faces":{"north":{"uv":[2,14.25,2.5,16],"rotation":180,"texture":"#2"},"east":{"uv":[1,14.25,2,16],"rotation":180,"texture":"#2"},"south":{"uv":[0.5,14.25,1,16],"rotation":180,"texture":"#2"},"west":{"uv":[2,14.25,1,16],"rotation":180,"texture":"#2"},"up":{"uv":[0.5,16,0,15],"rotation":180,"texture":"#2"},"down":{"uv":[0.5,16,0,15],"rotation":180,"texture":"#2"}}},{"from":[6.9875,16.21716,-4.67878],"to":[9.0125,22.21716,-1.67878],"rotation":{"angle":45,"axis":"x","origin":[8,9.75,-2]},"faces":{"north":{"uv":[3.25,12,3.75,13.5],"rotation":180,"texture":"#2"},"east":{"uv":[2.5,12,3.25,13.5],"rotation":180,"texture":"#2"},"south":{"uv":[2,12,2.5,13.5],"rotation":180,"texture":"#2"},"west":{"uv":[3.25,12,2.5,13.5],"rotation":180,"texture":"#2"},"up":{"uv":[2,13.5,1.5,12.75],"rotation":180,"texture":"#2"},"down":{"uv":[2,13.5,1.5,12.75],"rotation":180,"texture":"#2"}}},{"from":[6.975,16.33848,5.04275],"to":[9.025,18.33848,7.04275],"rotation":{"angle":0,"axis":"y","origin":[8,9.75,-2]},"faces":{"north":{"uv":[0,13.75,0.5,14.25],"rotation":180,"texture":"#2"},"east":{"uv":[0.5,13,1,13.5],"rotation":90,"texture":"#2"},"south":{"uv":[0,13.75,0.5,14.25],"texture":"#2"},"west":{"uv":[1,13,0.5,13.5],"rotation":270,"texture":"#2"},"up":{"uv":[0.5,13.5,0,13],"rotation":180,"texture":"#2"},"down":{"uv":[0.5,13.5,0,13],"texture":"#2"}}},{"from":[7,14.99585,8.49302],"to":[9,16.99585,12.49302],"rotation":{"angle":-22.5,"axis":"x","origin":[8,9.75,-2]},"faces":{"north":{"uv":[1.75,13.75,2.25,14.25],"rotation":180,"texture":"#2"},"east":{"uv":[3,13.5,3.5,14.5],"rotation":90,"texture":"#2"},"south":{"uv":[1.75,13.75,2.25,14.25],"texture":"#2"},"west":{"uv":[3.5,13.5,3,14.5],"rotation":270,"texture":"#2"},"up":{"uv":[4,14.5,3.5,13.5],"rotation":180,"texture":"#2"},"down":{"uv":[3,14.5,2.5,13.5],"texture":"#2"}}},{"from":[6.9875,22.70749,2.53874],"to":[9.0125,23.70749,4.53874],"rotation":{"angle":22.5,"axis":"x","origin":[8,9.75,-2]},"faces":{"north":{"uv":[0,13.5,0.5,13.75],"rotation":180,"texture":"#2"},"east":{"uv":[0.5,12.5,0.75,13],"rotation":90,"texture":"#2"},"south":{"uv":[0,13.5,0.5,13.75],"texture":"#2"},"west":{"uv":[0.75,12.5,0.5,13],"rotation":270,"texture":"#2"},"up":{"uv":[0.5,13,0,12.5],"rotation":180,"texture":"#2"},"down":{"uv":[0.5,13,0,12.5],"texture":"#2"}}},{"from":[6.9875,1,-15.25],"to":[9.0125,5,-11.25],"rotation":{"angle":-45,"axis":"x","origin":[8,5,-15.25]},"faces":{"north":{"uv":[9.25,10.5,8.75,9.5],"rotation":180,"texture":"#2"},"east":{"uv":[10,0,9,1],"rotation":90,"texture":"#2"},"south":{"uv":[9.75,9.5,9.25,10.5],"texture":"#2"},"west":{"uv":[9,0,10,1],"rotation":270,"texture":"#2"},"up":{"uv":[9.5,8.5,10,9.5],"texture":"#2"},"down":{"uv":[4.5,9.25,5,10.25],"rotation":180,"texture":"#2"}}},{"from":[6.975,3.46927,-11.55448],"to":[9.025,7.46927,-2.55448],"rotation":{"angle":22.5,"axis":"x","origin":[8,5,-15.25]},"faces":{"north":{"uv":[10.25,8,9.75,7],"rotation":180,"texture":"#2"},"east":{"uv":[2,6.75,1,9],"rotation":90,"texture":"#2"},"south":{"uv":[10.25,9.5,9.75,10.5],"texture":"#2"},"west":{"uv":[1,6.75,2,9],"rotation":270,"texture":"#2"},"up":{"uv":[8,5.25,8.5,7.5],"texture":"#2"},"down":{"uv":[5,8,5.5,10.25],"rotation":180,"texture":"#2"}}},{"from":[6.985,2.53073,-11.55448],"to":[9.01,6.53073,-2.55448],"rotation":{"angle":-22.5,"axis":"x","origin":[8,5,-15.25]},"faces":{"north":{"uv":[10.25,7,9.75,8],"rotation":180,"texture":"#2"},"east":{"uv":[1,6.75,2,9],"rotation":90,"texture":"#2"},"south":{"uv":[10.25,10.5,9.75,9.5],"texture":"#2"},"west":{"uv":[2,6.75,1,9],"rotation":270,"texture":"#2"},"up":{"uv":[5.5,8,5,10.25],"texture":"#2"},"down":{"uv":[8.5,5.25,8,7.5],"rotation":180,"texture":"#2"}}},{"from":[7,1,-1],"to":[9,9,1],"rotation":{"angle":-45,"axis":"y","origin":[8,5,0]},"faces":{"north":{"uv":[11,2.125,11.5,4.125],"texture":"#2"},"east":{"uv":[10.5,2.125,11,4.125],"texture":"#2"},"south":{"uv":[11.5,2.125,12,4.125],"texture":"#2"},"west":{"uv":[12,2.125,12.5,4.125],"texture":"#2"},"up":{"uv":[10.5,9.5,10,9],"texture":"#2"},"down":{"uv":[10.75,6.75,10.25,7.25],"texture":"#2"}}},{"from":[8,3.05,1.05],"to":[8,7.05,24.05],"rotation":{"angle":45,"axis":"z","origin":[8,5.05,12.55]},"faces":{"north":{"uv":[12.5,0.5,11.5,1.5],"rotation":270,"texture":"#2"},"east":{"uv":[16,13.75,15,8],"rotation":90,"texture":"#2"},"south":{"uv":[13.5,0.5,12.5,1.5],"rotation":270,"texture":"#2"},"west":{"uv":[16,8,15,13.75],"rotation":90,"texture":"#2"},"up":{"uv":[13.5,0,12.5,0.5],"texture":"#2"},"down":{"uv":[15.5,0,14.5,0.5],"rotation":180,"texture":"#2"}}},{"from":[6,5.05,1.05],"to":[10,5.05,24.05],"rotation":{"angle":45,"axis":"z","origin":[8,5.05,12.55]},"faces":{"north":{"uv":[12.5,0.5,11.5,1.5],"rotation":180,"texture":"#2"},"east":{"uv":[13.5,0,12.5,0.5],"rotation":90,"texture":"#2"},"south":{"uv":[13.5,0.5,12.5,1.5],"texture":"#2"},"west":{"uv":[15.5,0,14.5,0.5],"rotation":270,"texture":"#2"},"up":{"uv":[16,8,15,13.75],"rotation":180,"texture":"#2"},"down":{"uv":[16,13.75,15,8],"rotation":180,"texture":"#2"}}},{"from":[8,-10,7.5],"to":[8,12.2,8.5],"rotation":{"angle":45,"axis":"x","origin":[8,-10,7.5]},"faces":{"north":{"uv":[11,2.125,11.5,4.125],"texture":"#2"},"east":{"uv":[16,0,15.75,3.75],"texture":"#2"},"south":{"uv":[11.5,2.125,12,4.125],"texture":"#2"},"west":{"uv":[15.75,0,16,3.75],"texture":"#2"},"up":{"uv":[10.5,9.5,10,9],"texture":"#2"},"down":{"uv":[10.75,6.75,10.25,7.25],"texture":"#2"}}},{"from":[8,-2,7.5],"to":[8,20,8.5],"rotation":{"angle":-45,"axis":"x","origin":[8,20,7.5]},"faces":{"north":{"uv":[11,4.125,11.5,2.125],"texture":"#2"},"east":{"uv":[16,3.75,15.75,0],"texture":"#2"},"south":{"uv":[11.5,4.125,12,2.125],"texture":"#2"},"west":{"uv":[15.75,3.75,16,0],"texture":"#2"},"up":{"uv":[10.75,7.25,10.25,6.75],"texture":"#2"},"down":{"uv":[10.5,9,10,9.5],"texture":"#2"}}},{"from":[6.5,1.9,1.25],"to":[9.5,2.9,2.25],"rotation":{"angle":22.5,"axis":"x","origin":[7.5,1.9,0.25]},"faces":{"north":{"uv":[7.25,10.25,8,10.5],"texture":"#2"},"east":{"uv":[7,8,6.75,8.25],"texture":"#2"},"south":{"uv":[10.25,7.25,11,7.5],"texture":"#2"},"west":{"uv":[6.75,8,7,8.25],"texture":"#2"},"up":{"uv":[11,7.75,10.25,7.5],"texture":"#2"},"down":{"uv":[11,7.75,10.25,8],"texture":"#2"}}},{"from":[6.5,0.9,-3.75],"to":[9.5,1.9,2.25],"rotation":{"angle":22.5,"axis":"x","origin":[7.5,1.9,0.25]},"faces":{"north":{"uv":[10.25,9.5,11,9.75],"texture":"#2"},"east":{"uv":[11.5,8.75,10,9],"texture":"#2"},"south":{"uv":[10.25,9.75,11,10],"texture":"#2"},"west":{"uv":[10,8.75,11.5,9],"texture":"#2"},"up":{"uv":[7.75,8.25,7,6.75],"texture":"#2"},"down":{"uv":[8.75,0,8,1.5],"texture":"#2"}}},{"from":[6.5,-0.1,-3.75],"to":[9.5,0.9,-2.75],"rotation":{"angle":22.5,"axis":"x","origin":[7.5,1.9,0.25]},"faces":{"north":{"uv":[10.25,10,11,10.25],"texture":"#2"},"east":{"uv":[8,8.25,7.75,8.5],"texture":"#2"},"south":{"uv":[10.25,10.25,11,10.5],"texture":"#2"},"west":{"uv":[7.75,8.25,8,8.5],"texture":"#2"},"up":{"uv":[11.25,0.25,10.5,0],"texture":"#2"},"down":{"uv":[11.25,0.25,10.5,0.5],"texture":"#2"}}},{"from":[6.5,7.1,1.25],"to":[9.5,8.1,2.25],"rotation":{"angle":-22.5,"axis":"x","origin":[7.5,8.1,0.25]},"faces":{"north":{"uv":[7.25,10.5,8,10.25],"texture":"#2"},"east":{"uv":[7,8.25,6.75,8],"texture":"#2"},"south":{"uv":[10.25,7.5,11,7.25],"texture":"#2"},"west":{"uv":[6.75,8.25,7,8],"texture":"#2"},"up":{"uv":[11,8,10.25,7.75],"texture":"#2"},"down":{"uv":[11,7.5,10.25,7.75],"texture":"#2"}}},{"from":[6.5,8.1,-3.75],"to":[9.5,9.1,2.25],"rotation":{"angle":-22.5,"axis":"x","origin":[7.5,8.1,0.25]},"faces":{"north":{"uv":[10.25,9.75,11,9.5],"texture":"#2"},"east":{"uv":[11.5,9,10,8.75],"texture":"#2"},"south":{"uv":[10.25,10,11,9.75],"texture":"#2"},"west":{"uv":[10,9,11.5,8.75],"texture":"#2"},"up":{"uv":[8.75,1.5,8,0],"texture":"#2"},"down":{"uv":[7.75,6.75,7,8.25],"texture":"#2"}}},{"from":[6.5,9.1,-3.75],"to":[9.5,10.1,-2.75],"rotation":{"angle":-22.5,"axis":"x","origin":[7.5,8.1,0.25]},"faces":{"north":{"uv":[10.25,10.25,11,10],"texture":"#2"},"east":{"uv":[8,8.5,7.75,8.25],"texture":"#2"},"south":{"uv":[10.25,10.5,11,10.25],"texture":"#2"},"west":{"uv":[7.75,8.5,8,8.25],"texture":"#2"},"up":{"uv":[11.25,0.5,10.5,0.25],"texture":"#2"},"down":{"uv":[11.25,0,10.5,0.25],"texture":"#2"}}},{"from":[5,4,-12],"to":[5,11,-5],"rotation":{"angle":0,"axis":"y","origin":[3,-2,-14]},"faces":{"north":{"uv":[0,0,0,3.5],"texture":"#missing"},"east":{"uv":[1.75,0.125,0,1.875],"texture":"#1"},"south":{"uv":[0,0,0,3.5],"texture":"#missing"},"west":{"uv":[0,0.125,1.75,1.875],"texture":"#1"},"up":{"uv":[0,0,0,3.5],"texture":"#missing"},"down":{"uv":[0,0,0,3.5],"texture":"#missing"}}},{"from":[9,13,-7],"to":[9,20,0],"rotation":{"angle":0,"axis":"y","origin":[7,7,-9]},"faces":{"north":{"uv":[0,0,0,3.5],"texture":"#missing"},"east":{"uv":[7.75,4.125,6,5.875],"texture":"#1"},"south":{"uv":[0,0,0,3.5],"texture":"#missing"},"west":{"uv":[6,4.125,7.75,5.875],"texture":"#1"},"up":{"uv":[0,0,0,3.5],"texture":"#missing"},"down":{"uv":[0,0,0,3.5],"texture":"#missing"}}},{"from":[5,9,1],"to":[5,16,8],"rotation":{"angle":0,"axis":"y","origin":[3,3,-1]},"faces":{"north":{"uv":[0,0,0,3.5],"texture":"#missing"},"east":{"uv":[3.875,2.125,2.125,3.875],"texture":"#1"},"south":{"uv":[0,0,0,3.5],"texture":"#missing"},"west":{"uv":[2.125,2.125,3.875,3.875],"texture":"#1"},"up":{"uv":[0,0,0,3.5],"texture":"#missing"},"down":{"uv":[0,0,0,3.5],"texture":"#missing"}}},{"from":[6,-16,2],"to":[6,-9,9],"rotation":{"angle":0,"axis":"y","origin":[4,-22,0]},"faces":{"north":{"uv":[0,0,0,3.5],"texture":"#missing"},"east":{"uv":[7.875,0.125,6.125,1.875],"texture":"#1"},"south":{"uv":[0,0,0,3.5],"texture":"#missing"},"west":{"uv":[6.125,0.125,7.875,1.875],"texture":"#1"},"up":{"uv":[0,0,0,3.5],"texture":"#missing"},"down":{"uv":[0,0,0,3.5],"texture":"#missing"}}},{"from":[11,-1,-9],"to":[11,6,-2],"rotation":{"angle":0,"axis":"y","origin":[13,-7,-11]},"faces":{"north":{"uv":[0,0,0,3.5],"texture":"#missing"},"east":{"uv":[5.875,2.125,4.125,3.875],"texture":"#1"},"south":{"uv":[0,0,0,3.5],"texture":"#missing"},"west":{"uv":[4.125,2.125,5.875,3.875],"texture":"#1"},"up":{"uv":[0,0,0,3.5],"texture":"#missing"},"down":{"uv":[0,0,0,3.5],"texture":"#missing"}}},{"from":[11,-2,3],"to":[11,5,10],"rotation":{"angle":0,"axis":"y","origin":[13,-8,1]},"faces":{"north":{"uv":[0,0,0,3.5],"texture":"#missing"},"east":{"uv":[5.875,4,4.125,5.75],"texture":"#1"},"south":{"uv":[0,0,0,3.5],"texture":"#missing"},"west":{"uv":[4.125,4,5.875,5.75],"texture":"#1"},"up":{"uv":[0,0,0,3.5],"texture":"#missing"},"down":{"uv":[0,0,0,3.5],"texture":"#missing"}}},{"from":[12,-12,-11],"to":[12,-5,-4],"rotation":{"angle":0,"axis":"y","origin":[14,-18,-13]},"faces":{"north":{"uv":[0,0,0,3.5],"texture":"#missing"},"east":{"uv":[7.75,4.125,6,5.875],"texture":"#1"},"south":{"uv":[0,0,0,3.5],"texture":"#missing"},"west":{"uv":[6,4.125,7.75,5.875],"texture":"#1"},"up":{"uv":[0,0,0,3.5],"texture":"#missing"},"down":{"uv":[0,0,0,3.5],"texture":"#missing"}}},{"from":[-1,0,-6],"to":[8,9,-6],"rotation":{"angle":22.5,"axis":"y","origin":[8,0,-6]},"faces":{"north":{"uv":[0,11.875,2.25,14.125],"rotation":90,"texture":"#1"},"east":{"uv":[0,0,0,3.5],"rotation":180,"texture":"#missing"},"south":{"uv":[2.25,11.875,0,14.125],"rotation":270,"texture":"#1"},"west":{"uv":[0,0,0,3.5],"texture":"#missing"},"up":{"uv":[0,0,0,3.5],"rotation":270,"texture":"#missing"},"down":{"uv":[0,0,0,3.5],"rotation":270,"texture":"#missing"}}},{"from":[8,0,-6],"to":[17,9,-6],"rotation":{"angle":-22.5,"axis":"y","origin":[8,0,-6]},"faces":{"north":{"uv":[0,14.125,2.25,11.875],"rotation":90,"texture":"#1"},"east":{"uv":[0,0,0,3.5],"texture":"#missing"},"south":{"uv":[2.25,14.125,0,11.875],"rotation":270,"texture":"#1"},"west":{"uv":[0,0,0,3.5],"rotation":180,"texture":"#missing"},"up":{"uv":[0,3.5,0,0],"rotation":270,"texture":"#missing"},"down":{"uv":[0,3.5,0,0],"rotation":270,"texture":"#missing"}}}],"gui_light":"front","display":{"thirdperson_righthand":{"translation":[0,0,6.75],"scale":[0.7,0.7,0.7]},"thirdperson_lefthand":{"translation":[0,0,6.75],"scale":[0.7,0.7,0.7]},"firstperson_righthand":{"rotation":[16,-9.23,-9],"translation":[9,7.5,-2.25],"scale":[0.5,0.5,0.5]},"firstperson_lefthand":{"rotation":[16,-9.23,-9],"translation":[9,7.5,-2.25],"scale":[0.5,0.5,0.5]},"ground":{"rotation":[0,0,90],"translation":[-1.75,9,1.75],"scale":[0.6,0.6,0.6]},"gui":{"rotation":[-57,135,71],"translation":[2,1,-1.5],"scale":[0.54492,0.54492,0.54492]},"head":{"scale":[0,0,0]},"fixed":{"rotation":[-90,-90,-90],"translation":[-11.25,4,-2.25],"scale":[1.6,1.6,1.6]}},"mcmodels":"e3a39039ab05ebb107bd35ba0b0c24d5"}