{"format_version":"1.21.6","credit":"Made with Blockbench","texture_size":[64,64],"textures":{"1":"elitecreatures:hollow_knight_animated_weapon_set/animation_texture","2":"elitecreatures:hollow_knight_animated_weapon_set/chest_texture","particle":"elitecreatures:hollow_knight_animated_weapon_set/animation_texture"},"elements":[{"from":[6,13,6],"to":[10,15,10],"rotation":{"angle":45,"axis":"y","origin":[8,4,8]},"faces":{"north":{"uv":[1.5,10,0.5,10.5],"texture":"#2"},"east":{"uv":[10.75,8,9.75,8.5],"texture":"#2"},"south":{"uv":[2.5,10,1.5,10.5],"texture":"#2"},"west":{"uv":[11,1,10,1.5],"texture":"#2"},"up":{"uv":[2,10,3,9],"rotation":90,"texture":"#2"},"down":{"uv":[9,2,10,3],"rotation":270,"texture":"#2"}}},{"from":[6.5,15,6.5],"to":[9.5,16,9.5],"rotation":{"angle":45,"axis":"y","origin":[8,4,8]},"faces":{"north":{"uv":[6.75,12.75,6,13],"texture":"#2"},"east":{"uv":[6.75,12.75,6,13],"texture":"#2"},"south":{"uv":[6.75,12.75,6,13],"texture":"#2"},"west":{"uv":[6.75,12.75,6,13],"texture":"#2"},"up":{"uv":[6.75,13,6,13.75],"rotation":90,"texture":"#2"},"down":{"uv":[6.75,13,6,13.75],"rotation":270,"texture":"#2"}}},{"from":[2,0,2],"to":[14,8,14],"rotation":{"angle":0,"axis":"y","origin":[8,4,8]},"faces":{"north":{"uv":[11.625,6.75,14.625,8.75],"texture":"#2"},"east":{"uv":[10.5,1.75,13.5,3.75],"texture":"#2"},"south":{"uv":[11.625,6.75,14.625,8.75],"texture":"#2"},"west":{"uv":[13.5,1.75,10.5,3.75],"texture":"#2"},"up":{"uv":[10.5,3.75,13.5,6.75],"rotation":90,"texture":"#2"},"down":{"uv":[10.5,3.75,13.5,6.75],"rotation":270,"texture":"#2"}}},{"from":[1.5,7.2388,3.82683],"to":[14.5,13.2388,11.82683],"rotation":{"angle":-22.5,"axis":"x","origin":[8,4,8]},"faces":{"north":{"uv":[6.5,11.25,9.75,12.75],"texture":"#2"},"east":{"uv":[6.5,11.25,4.5,12.75],"texture":"#2"},"south":{"uv":[9.75,11.25,6.5,12.75],"texture":"#2"},"west":{"uv":[4.5,11.25,6.5,12.75],"texture":"#2"},"up":{"uv":[4,12.75,6,16],"rotation":90,"texture":"#2"},"down":{"uv":[4,12.75,6,16],"rotation":270,"texture":"#2"}}},{"from":[1.5,7.2388,4.17317],"to":[14.5,13.2388,12.17317],"rotation":{"angle":22.5,"axis":"x","origin":[8,4,8]},"faces":{"north":{"uv":[6.5,11.25,9.75,12.75],"texture":"#2"},"east":{"uv":[4.5,11.25,6.5,12.75],"texture":"#2"},"south":{"uv":[9.75,11.25,6.5,12.75],"texture":"#2"},"west":{"uv":[6.5,11.25,4.5,12.75],"texture":"#2"},"up":{"uv":[6,12.75,4,16],"rotation":90,"texture":"#2"},"down":{"uv":[6,12.75,4,16],"rotation":270,"texture":"#2"}}},{"from":[0.9875,7.42462,11.42462],"to":[3.0125,11.42462,15.42462],"rotation":{"angle":-45,"axis":"x","origin":[8,4,8]},"faces":{"north":{"uv":[5,9.25,4.5,10.25],"texture":"#2"},"east":{"uv":[10,0,9,1],"texture":"#2"},"south":{"uv":[10,8.5,9.5,9.5],"texture":"#2"},"west":{"uv":[9,0,10,1],"texture":"#2"},"up":{"uv":[8.75,10.5,9.25,9.5],"texture":"#2"},"down":{"uv":[9.25,9.5,9.75,10.5],"texture":"#2"}}},{"from":[2.5,11,6],"to":[3.5,15,10],"rotation":{"angle":0,"axis":"y","origin":[8,4,8]},"faces":{"north":{"uv":[6,10.25,5.75,11.25],"texture":"#2"},"east":{"uv":[9.5,8.5,8.5,9.5],"texture":"#2"},"south":{"uv":[10.5,5.75,10.25,6.75],"texture":"#2"},"west":{"uv":[8.5,8.5,9.5,9.5],"texture":"#2"},"up":{"uv":[6,11.25,6.25,10.25],"texture":"#2"},"down":{"uv":[6.25,10.25,6.5,11.25],"texture":"#2"}}},{"from":[2.4875,10.36975,-1.18225],"to":[3.5125,13.18225,1.63025],"rotation":{"angle":45,"axis":"x","origin":[8,4,8]},"faces":{"north":{"uv":[8.5,10.25,8.25,11],"texture":"#2"},"east":{"uv":[8.75,9.5,8,10.25],"texture":"#2"},"south":{"uv":[8.75,10.25,8.5,11],"texture":"#2"},"west":{"uv":[8,9.5,8.75,10.25],"texture":"#2"},"up":{"uv":[0.5,11.25,0.75,10.5],"texture":"#2"},"down":{"uv":[0.75,10.5,1,11.25],"texture":"#2"}}},{"from":[0.975,4.50522,9.54891],"to":[3.025,10.00522,13.54891],"rotation":{"angle":-22.5,"axis":"x","origin":[8,4,8]},"faces":{"north":{"uv":[8,5.25,8.5125,6.625],"texture":"#2"},"east":{"uv":[1,6.75,2,8.125],"texture":"#2"},"south":{"uv":[5,8,5.5,9.375],"texture":"#2"},"west":{"uv":[2,6.75,1,8.125],"texture":"#2"},"up":{"uv":[9.75,7,10.25,8],"texture":"#2"},"down":{"uv":[9.75,10.5,10.25,9.5],"texture":"#2"}}},{"from":[0.975,4.50522,2.45109],"to":[3.025,10.00522,6.45109],"rotation":{"angle":22.5,"axis":"x","origin":[8,4,8]},"faces":{"north":{"uv":[5.5,8,5,9.375],"texture":"#2"},"east":{"uv":[2,6.75,1,8.125],"texture":"#2"},"south":{"uv":[8.5125,5.25,8,6.625],"texture":"#2"},"west":{"uv":[1,6.75,2,8.125],"texture":"#2"},"up":{"uv":[9.75,8,10.25,7],"texture":"#2"},"down":{"uv":[9.75,9.5,10.25,10.5],"texture":"#2"}}},{"from":[-0.21125,6.12756,10.12756],"to":[1.61125,9.72756,13.72756],"rotation":{"angle":-45,"axis":"x","origin":[8,4,8]},"faces":{"north":{"uv":[5,9.25,4.5,10.25],"texture":"#2"},"east":{"uv":[10,0,9,1],"texture":"#2"},"south":{"uv":[10,8.5,9.5,9.5],"texture":"#2"},"west":{"uv":[9,0,10,1],"texture":"#2"},"up":{"uv":[8.75,10.5,9.25,9.5],"texture":"#2"},"down":{"uv":[9.25,9.5,9.75,10.5],"texture":"#2"}}},{"from":[-0.2225,5.90745,8.8774],"to":[1.6225,8.15745,12.4774],"rotation":{"angle":-22.5,"axis":"x","origin":[8,4,8]},"faces":{"north":{"uv":[8,5.25,8.5125,5.875],"texture":"#2"},"east":{"uv":[1,6.75,2,7.375],"texture":"#2"},"south":{"uv":[5,8,5.5125,8.625],"texture":"#2"},"west":{"uv":[2,6.75,1,7.375],"texture":"#2"},"up":{"uv":[9.75,7,10.2625,8],"texture":"#2"},"down":{"uv":[9.75,10.5,10.2625,9.5],"texture":"#2"}}},{"from":[-0.2225,5.90745,3.5226],"to":[1.6225,8.15745,7.1226],"rotation":{"angle":22.5,"axis":"x","origin":[8,4,8]},"faces":{"north":{"uv":[5.5125,8,5,8.625],"texture":"#2"},"east":{"uv":[2,6.75,1,7.375],"texture":"#2"},"south":{"uv":[8.5125,5.25,8,5.875],"texture":"#2"},"west":{"uv":[1,6.75,2,7.375],"texture":"#2"},"up":{"uv":[9.75,8,10.25,7],"texture":"#2"},"down":{"uv":[9.75,9.5,10.25,10.5],"texture":"#2"}}},{"from":[0.5,3,6],"to":[1.5,7,10],"rotation":{"angle":0,"axis":"y","origin":[8,4,8]},"faces":{"north":{"uv":[6,11.25,5.75,10.25],"texture":"#2"},"east":{"uv":[9.5,9.5,8.5,8.5],"texture":"#2"},"south":{"uv":[10.5,6.75,10.25,5.75],"texture":"#2"},"west":{"uv":[8.5,9.5,9.5,8.5],"texture":"#2"},"up":{"uv":[6.25,11.25,6.5,10.25],"texture":"#2"},"down":{"uv":[6,10.25,6.25,11.25],"texture":"#2"}}},{"from":[0.4875,1.88882,5.88882],"to":[1.5125,4.70132,8.70132],"rotation":{"angle":-45,"axis":"x","origin":[8,4,8]},"faces":{"north":{"uv":[8.5,11,8.25,10.25],"texture":"#2"},"east":{"uv":[8.75,10.25,8,9.5],"texture":"#2"},"south":{"uv":[8.75,11,8.5,10.25],"texture":"#2"},"west":{"uv":[8,10.25,8.75,9.5],"texture":"#2"},"up":{"uv":[0.75,11.25,1,10.5],"texture":"#2"},"down":{"uv":[0.5,10.5,0.75,11.25],"texture":"#2"}}},{"from":[-0.5125,5.24322,3.94428],"to":[0.5125,8.05572,6.75678],"rotation":{"angle":45,"axis":"x","origin":[8,4,8]},"faces":{"north":{"uv":[8.5,10.25,8.25,11],"texture":"#2"},"east":{"uv":[8.75,9.5,8,10.25],"texture":"#2"},"south":{"uv":[8.75,10.25,8.5,11],"texture":"#2"},"west":{"uv":[8,9.5,8.75,10.25],"texture":"#2"},"up":{"uv":[0.75,10.5,0.5,11.25],"rotation":180,"texture":"#2"},"down":{"uv":[1,11.25,0.75,10.5],"rotation":180,"texture":"#2"}}},{"from":[1,0.98954,7.00208],"to":[1,8.98954,17.00208],"rotation":{"angle":22.5,"axis":"x","origin":[8,4,8]},"faces":{"north":{"uv":[9.25,16,9.25,14.5],"texture":"#2"},"east":{"uv":[11.5,13.5,13.5,16],"rotation":90,"texture":"#2"},"south":{"uv":[9.25,16,9.25,14.5],"rotation":180,"texture":"#2"},"west":{"uv":[13.5,13.5,11.5,16],"rotation":270,"texture":"#2"},"up":{"uv":[9.25,14.5,9.25,16],"texture":"#2"},"down":{"uv":[9.25,14.5,9.25,16],"rotation":180,"texture":"#2"}}},{"from":[1,0.98954,-1.00208],"to":[1,8.98954,8.99792],"rotation":{"angle":-22.5,"axis":"x","origin":[8,4,8]},"faces":{"north":{"uv":[9.25,14.5,9.25,16],"texture":"#2"},"east":{"uv":[13.5,13.5,11.5,16],"rotation":270,"texture":"#2"},"south":{"uv":[9.25,14.5,9.25,16],"rotation":180,"texture":"#2"},"west":{"uv":[11.5,13.5,13.5,16],"rotation":90,"texture":"#2"},"up":{"uv":[9.25,14.5,9.25,16],"rotation":180,"texture":"#2"},"down":{"uv":[9.25,14.5,9.25,16],"texture":"#2"}}},{"from":[0.4875,4.71289,4.47461],"to":[1.5125,7.52539,7.28711],"rotation":{"angle":45,"axis":"x","origin":[8,4,8]},"faces":{"north":{"uv":[8.5,10.25,8.25,11],"texture":"#2"},"east":{"uv":[8.75,9.5,8,10.25],"texture":"#2"},"south":{"uv":[8.75,10.25,8.5,11],"texture":"#2"},"west":{"uv":[8,9.5,8.75,10.25],"texture":"#2"},"up":{"uv":[0.5,11.25,0.75,10.5],"texture":"#2"},"down":{"uv":[0.75,10.5,1,11.25],"texture":"#2"}}},{"from":[-1.74282,11.81353,6.5],"to":[-0.74282,12.81353,9.5],"rotation":{"angle":45,"axis":"z","origin":[8,4,8]},"faces":{"north":{"uv":[6.75,8,7,8.25],"texture":"#2"},"east":{"uv":[8,10.25,7.25,10.5],"texture":"#2"},"south":{"uv":[7,8,6.75,8.25],"texture":"#2"},"west":{"uv":[11,7.25,10.25,7.5],"texture":"#2"},"up":{"uv":[10.25,7.75,11,7.5],"rotation":90,"texture":"#2"},"down":{"uv":[10.25,7.75,11,8],"rotation":270,"texture":"#2"}}},{"from":[-1.74282,10.81353,6.5],"to":[4.25718,11.81353,9.5],"rotation":{"angle":45,"axis":"z","origin":[8,4,8]},"faces":{"north":{"uv":[10,8.75,11.5,9],"texture":"#2"},"east":{"uv":[11,9.5,10.25,9.75],"texture":"#2"},"south":{"uv":[11.5,8.75,10,9],"texture":"#2"},"west":{"uv":[11,9.75,10.25,10],"texture":"#2"},"up":{"uv":[7,8.25,7.75,6.75],"rotation":90,"texture":"#2"},"down":{"uv":[8,0,8.75,1.5],"rotation":270,"texture":"#2"}}},{"from":[3.25718,9.81353,6.5],"to":[4.25718,10.81353,9.5],"rotation":{"angle":45,"axis":"z","origin":[8,4,8]},"faces":{"north":{"uv":[7.75,8.25,8,8.5],"texture":"#2"},"east":{"uv":[11,10,10.25,10.25],"texture":"#2"},"south":{"uv":[8,8.25,7.75,8.5],"texture":"#2"},"west":{"uv":[11,10.25,10.25,10.5],"texture":"#2"},"up":{"uv":[10.5,0.25,11.25,0],"rotation":90,"texture":"#2"},"down":{"uv":[10.5,0.25,11.25,0.5],"rotation":270,"texture":"#2"}}},{"from":[12.9875,7.42462,11.42462],"to":[15.0125,11.42462,15.42462],"rotation":{"angle":-45,"axis":"x","origin":[8,4,8]},"faces":{"north":{"uv":[4.5,9.25,5,10.25],"texture":"#2"},"east":{"uv":[10,0,9,1],"texture":"#2"},"south":{"uv":[9.5,8.5,10,9.5],"texture":"#2"},"west":{"uv":[9,0,10,1],"texture":"#2"},"up":{"uv":[9.25,10.5,8.75,9.5],"texture":"#2"},"down":{"uv":[9.75,9.5,9.25,10.5],"texture":"#2"}}},{"from":[12.5,11,6],"to":[13.5,15,10],"rotation":{"angle":0,"axis":"y","origin":[8,4,8]},"faces":{"north":{"uv":[5.75,10.25,6,11.25],"texture":"#2"},"east":{"uv":[9.5,8.5,8.5,9.5],"texture":"#2"},"south":{"uv":[10.25,5.75,10.5,6.75],"texture":"#2"},"west":{"uv":[8.5,8.5,9.5,9.5],"texture":"#2"},"up":{"uv":[6.25,11.25,6,10.25],"texture":"#2"},"down":{"uv":[6.5,10.25,6.25,11.25],"texture":"#2"}}},{"from":[12.4875,10.36975,-1.18225],"to":[13.5125,13.18225,1.63025],"rotation":{"angle":45,"axis":"x","origin":[8,4,8]},"faces":{"north":{"uv":[8.25,10.25,8.5,11],"texture":"#2"},"east":{"uv":[8.75,9.5,8,10.25],"texture":"#2"},"south":{"uv":[8.5,10.25,8.75,11],"texture":"#2"},"west":{"uv":[8,9.5,8.75,10.25],"texture":"#2"},"up":{"uv":[0.75,11.25,0.5,10.5],"texture":"#2"},"down":{"uv":[1,10.5,0.75,11.25],"texture":"#2"}}},{"from":[12.975,4.50522,9.54891],"to":[15.025,10.00522,13.54891],"rotation":{"angle":-22.5,"axis":"x","origin":[8,4,8]},"faces":{"north":{"uv":[8.5125,5.25,8,6.625],"texture":"#2"},"east":{"uv":[1,6.75,2,8.125],"texture":"#2"},"south":{"uv":[5.5,8,5,9.375],"texture":"#2"},"west":{"uv":[2,6.75,1,8.125],"texture":"#2"},"up":{"uv":[10.25,7,9.75,8],"texture":"#2"},"down":{"uv":[10.25,10.5,9.75,9.5],"texture":"#2"}}},{"from":[12.975,4.50522,2.45109],"to":[15.025,10.00522,6.45109],"rotation":{"angle":22.5,"axis":"x","origin":[8,4,8]},"faces":{"north":{"uv":[5,8,5.5,9.375],"texture":"#2"},"east":{"uv":[2,6.75,1,8.125],"texture":"#2"},"south":{"uv":[8,5.25,8.5125,6.625],"texture":"#2"},"west":{"uv":[1,6.75,2,8.125],"texture":"#2"},"up":{"uv":[10.25,8,9.75,7],"texture":"#2"},"down":{"uv":[10.25,9.5,9.75,10.5],"texture":"#2"}}},{"from":[14.38875,6.12756,10.12756],"to":[16.21125,9.72756,13.72756],"rotation":{"angle":-45,"axis":"x","origin":[8,4,8]},"faces":{"north":{"uv":[4.5,9.25,5,10.25],"texture":"#2"},"east":{"uv":[10,0,9,1],"texture":"#2"},"south":{"uv":[9.5,8.5,10,9.5],"texture":"#2"},"west":{"uv":[9,0,10,1],"texture":"#2"},"up":{"uv":[9.25,10.5,8.75,9.5],"texture":"#2"},"down":{"uv":[9.75,9.5,9.25,10.5],"texture":"#2"}}},{"from":[14.3775,5.90745,8.8774],"to":[16.2225,8.15745,12.4774],"rotation":{"angle":-22.5,"axis":"x","origin":[8,4,8]},"faces":{"north":{"uv":[8.5125,5.25,8,5.875],"texture":"#2"},"east":{"uv":[1,6.75,2,7.375],"texture":"#2"},"south":{"uv":[5.5125,8,5,8.625],"texture":"#2"},"west":{"uv":[2,6.75,1,7.375],"texture":"#2"},"up":{"uv":[10.2625,7,9.75,8],"texture":"#2"},"down":{"uv":[10.2625,10.5,9.75,9.5],"texture":"#2"}}},{"from":[14.3775,5.90745,3.5226],"to":[16.2225,8.15745,7.1226],"rotation":{"angle":22.5,"axis":"x","origin":[8,4,8]},"faces":{"north":{"uv":[5,8,5.5125,8.625],"texture":"#2"},"east":{"uv":[2,6.75,1,7.375],"texture":"#2"},"south":{"uv":[8,5.25,8.5125,5.875],"texture":"#2"},"west":{"uv":[1,6.75,2,7.375],"texture":"#2"},"up":{"uv":[10.25,8,9.75,7],"texture":"#2"},"down":{"uv":[10.25,9.5,9.75,10.5],"texture":"#2"}}},{"from":[14.5,3,6],"to":[15.5,7,10],"rotation":{"angle":0,"axis":"y","origin":[8,4,8]},"faces":{"north":{"uv":[5.75,11.25,6,10.25],"texture":"#2"},"east":{"uv":[9.5,9.5,8.5,8.5],"texture":"#2"},"south":{"uv":[10.25,6.75,10.5,5.75],"texture":"#2"},"west":{"uv":[8.5,9.5,9.5,8.5],"texture":"#2"},"up":{"uv":[6.5,11.25,6.25,10.25],"texture":"#2"},"down":{"uv":[6.25,10.25,6,11.25],"texture":"#2"}}},{"from":[14.4875,1.88882,5.88882],"to":[15.5125,4.70132,8.70132],"rotation":{"angle":-45,"axis":"x","origin":[8,4,8]},"faces":{"north":{"uv":[8.25,11,8.5,10.25],"texture":"#2"},"east":{"uv":[8.75,10.25,8,9.5],"texture":"#2"},"south":{"uv":[8.5,11,8.75,10.25],"texture":"#2"},"west":{"uv":[8,10.25,8.75,9.5],"texture":"#2"},"up":{"uv":[1,11.25,0.75,10.5],"texture":"#2"},"down":{"uv":[0.75,10.5,0.5,11.25],"texture":"#2"}}},{"from":[15.4875,5.24322,3.94428],"to":[16.5125,8.05572,6.75678],"rotation":{"angle":45,"axis":"x","origin":[8,4,8]},"faces":{"north":{"uv":[8.25,10.25,8.5,11],"texture":"#2"},"east":{"uv":[8.75,9.5,8,10.25],"texture":"#2"},"south":{"uv":[8.5,10.25,8.75,11],"texture":"#2"},"west":{"uv":[8,9.5,8.75,10.25],"texture":"#2"},"up":{"uv":[0.5,10.5,0.75,11.25],"rotation":180,"texture":"#2"},"down":{"uv":[0.75,11.25,1,10.5],"rotation":180,"texture":"#2"}}},{"from":[15,0.98954,7.00208],"to":[15,8.98954,17.00208],"rotation":{"angle":22.5,"axis":"x","origin":[8,4,8]},"faces":{"north":{"uv":[9.25,16,9.25,14.5],"texture":"#2"},"east":{"uv":[13.5,16,11.5,13.5],"rotation":270,"texture":"#2"},"south":{"uv":[9.25,16,9.25,14.5],"rotation":180,"texture":"#2"},"west":{"uv":[11.5,16,13.5,13.5],"rotation":90,"texture":"#2"},"up":{"uv":[9.25,14.5,9.25,16],"texture":"#2"},"down":{"uv":[9.25,14.5,9.25,16],"rotation":180,"texture":"#2"}}},{"from":[15,0.98954,-1.00208],"to":[15,8.98954,8.99792],"rotation":{"angle":-22.5,"axis":"x","origin":[8,4,8]},"faces":{"north":{"uv":[9.25,14.5,9.25,16],"texture":"#2"},"east":{"uv":[11.5,16,13.5,13.5],"rotation":90,"texture":"#2"},"south":{"uv":[9.25,14.5,9.25,16],"rotation":180,"texture":"#2"},"west":{"uv":[13.5,16,11.5,13.5],"rotation":270,"texture":"#2"},"up":{"uv":[9.25,14.5,9.25,16],"rotation":180,"texture":"#2"},"down":{"uv":[9.25,14.5,9.25,16],"texture":"#2"}}},{"from":[14.4875,4.71289,4.47461],"to":[15.5125,7.52539,7.28711],"rotation":{"angle":45,"axis":"x","origin":[8,4,8]},"faces":{"north":{"uv":[8.25,10.25,8.5,11],"texture":"#2"},"east":{"uv":[8.75,9.5,8,10.25],"texture":"#2"},"south":{"uv":[8.5,10.25,8.75,11],"texture":"#2"},"west":{"uv":[8,9.5,8.75,10.25],"texture":"#2"},"up":{"uv":[0.75,11.25,0.5,10.5],"texture":"#2"},"down":{"uv":[1,10.5,0.75,11.25],"texture":"#2"}}},{"from":[16.74282,11.81353,6.5],"to":[17.74282,12.81353,9.5],"rotation":{"angle":-45,"axis":"z","origin":[8,4,8]},"faces":{"north":{"uv":[7,8,6.75,8.25],"texture":"#2"},"east":{"uv":[10.25,7.25,11,7.5],"texture":"#2"},"south":{"uv":[6.75,8,7,8.25],"texture":"#2"},"west":{"uv":[7.25,10.25,8,10.5],"texture":"#2"},"up":{"uv":[10.25,7.5,11,7.75],"rotation":90,"texture":"#2"},"down":{"uv":[10.25,8,11,7.75],"rotation":270,"texture":"#2"}}},{"from":[11.74282,10.81353,6.5],"to":[17.74282,11.81353,9.5],"rotation":{"angle":-45,"axis":"z","origin":[8,4,8]},"faces":{"north":{"uv":[11.5,8.75,10,9],"texture":"#2"},"east":{"uv":[10.25,9.75,11,10],"texture":"#2"},"south":{"uv":[10,8.75,11.5,9],"texture":"#2"},"west":{"uv":[10.25,9.5,11,9.75],"texture":"#2"},"up":{"uv":[7,6.75,7.75,8.25],"rotation":90,"texture":"#2"},"down":{"uv":[8,1.5,8.75,0],"rotation":270,"texture":"#2"}}},{"from":[11.74282,9.81353,6.5],"to":[12.74282,10.81353,9.5],"rotation":{"angle":-45,"axis":"z","origin":[8,4,8]},"faces":{"north":{"uv":[8,8.25,7.75,8.5],"texture":"#2"},"east":{"uv":[10.25,10.25,11,10.5],"texture":"#2"},"south":{"uv":[7.75,8.25,8,8.5],"texture":"#2"},"west":{"uv":[10.25,10,11,10.25],"texture":"#2"},"up":{"uv":[10.5,0,11.25,0.25],"rotation":90,"texture":"#2"},"down":{"uv":[10.5,0.5,11.25,0.25],"rotation":270,"texture":"#2"}}},{"from":[6,2,0],"to":[10,6,2],"rotation":{"angle":0,"axis":"y","origin":[8,4,8]},"faces":{"north":{"uv":[13.5,1.5,12.5,0.5],"rotation":270,"texture":"#2"},"east":{"uv":[12.5,0.5,11.5,0],"rotation":90,"texture":"#2"},"south":{"uv":[12.5,1.5,11.5,0.5],"rotation":270,"texture":"#2"},"west":{"uv":[12.5,0.5,11.5,0],"rotation":90,"texture":"#2"},"up":{"uv":[13.5,0.5,12.5,0],"texture":"#2"},"down":{"uv":[15.5,0.5,14.5,0],"rotation":180,"texture":"#2"}}},{"from":[4,-4.60058,15.07401],"to":[12,5.39942,15.07401],"rotation":{"angle":-22.5,"axis":"x","origin":[8,4,8]},"faces":{"north":{"uv":[16,16,13.5,14],"rotation":270,"texture":"#2"},"east":{"uv":[0.5,10.5,1.5,10],"rotation":90,"texture":"#2"},"south":{"uv":[16,14,13.5,16],"rotation":270,"texture":"#2"},"west":{"uv":[1.5,10.5,2.5,10],"rotation":270,"texture":"#2"},"up":{"uv":[10,1.5,11,1],"texture":"#2"},"down":{"uv":[9.75,8.5,10.75,8],"rotation":180,"texture":"#2"}}},{"from":[4,9.99162,12.01254],"to":[12,9.99162,22.01254],"rotation":{"angle":22.5,"axis":"x","origin":[8,4,8]},"faces":{"north":{"uv":[11,1.5,10,1],"rotation":180,"texture":"#2"},"east":{"uv":[2.5,10.5,1.5,10],"rotation":180,"texture":"#2"},"south":{"uv":[10.75,8.5,9.75,8],"rotation":180,"texture":"#2"},"west":{"uv":[1.5,10.5,0.5,10],"rotation":180,"texture":"#2"},"up":{"uv":[13.5,14,16,16],"rotation":90,"texture":"#2"},"down":{"uv":[13.5,16,16,14],"rotation":270,"texture":"#2"}}},{"from":[4,-7.41421,15.07107],"to":[12,2.58579,15.07107],"rotation":{"angle":-45,"axis":"x","origin":[8,4,8]},"faces":{"north":{"uv":[13.375,13.5,11.375,16],"texture":"#2"},"east":{"uv":[1.5,10,2.5,10.5],"rotation":270,"texture":"#2"},"south":{"uv":[11.375,13.5,13.375,16],"texture":"#2"},"west":{"uv":[0.5,10,1.5,10.5],"rotation":90,"texture":"#2"},"up":{"uv":[10,1,11,1.5],"rotation":180,"texture":"#2"},"down":{"uv":[9.75,8,10.75,8.5],"texture":"#2"}}},{"from":[13,10,11],"to":[20,17,11],"rotation":{"angle":0,"axis":"y","origin":[8,4,8]},"faces":{"north":{"uv":[0,0.125,1.75,1.875],"texture":"#1"},"east":{"uv":[0,0,0,3.5],"texture":"#missing"},"south":{"uv":[1.75,0.125,0,1.875],"texture":"#1"},"west":{"uv":[0,0,0,3.5],"texture":"#missing"},"up":{"uv":[0,0,0,3.5],"rotation":90,"texture":"#missing"},"down":{"uv":[0,0,0,3.5],"rotation":270,"texture":"#missing"}}},{"from":[8,19,7],"to":[15,26,7],"rotation":{"angle":0,"axis":"y","origin":[8,4,8]},"faces":{"north":{"uv":[6,4.125,7.75,5.875],"texture":"#1"},"east":{"uv":[0,0,0,3.5],"texture":"#missing"},"south":{"uv":[7.75,4.125,6,5.875],"texture":"#1"},"west":{"uv":[0,0,0,3.5],"texture":"#missing"},"up":{"uv":[0,0,0,3.5],"rotation":90,"texture":"#missing"},"down":{"uv":[0,0,0,3.5],"rotation":270,"texture":"#missing"}}},{"from":[0,15,11],"to":[7,22,11],"rotation":{"angle":0,"axis":"y","origin":[8,4,8]},"faces":{"north":{"uv":[2.125,2.125,3.875,3.875],"texture":"#1"},"east":{"uv":[0,0,0,3.5],"texture":"#missing"},"south":{"uv":[3.875,2.125,2.125,3.875],"texture":"#1"},"west":{"uv":[0,0,0,3.5],"texture":"#missing"},"up":{"uv":[0,0,0,3.5],"rotation":90,"texture":"#missing"},"down":{"uv":[0,0,0,3.5],"rotation":270,"texture":"#missing"}}},{"from":[-7,5,10],"to":[0,12,10],"rotation":{"angle":0,"axis":"y","origin":[8,4,8]},"faces":{"north":{"uv":[6.125,0.125,7.875,1.875],"texture":"#1"},"east":{"uv":[0,0,0,3.5],"texture":"#missing"},"south":{"uv":[7.875,0.125,6.125,1.875],"texture":"#1"},"west":{"uv":[0,0,0,3.5],"texture":"#missing"},"up":{"uv":[0,0,0,3.5],"rotation":90,"texture":"#missing"},"down":{"uv":[0,0,0,3.5],"rotation":270,"texture":"#missing"}}},{"from":[10,5,5],"to":[17,12,5],"rotation":{"angle":0,"axis":"y","origin":[8,4,8]},"faces":{"north":{"uv":[4.125,2.125,5.875,3.875],"texture":"#1"},"east":{"uv":[0,0,0,3.5],"texture":"#missing"},"south":{"uv":[5.875,2.125,4.125,3.875],"texture":"#1"},"west":{"uv":[0,0,0,3.5],"texture":"#missing"},"up":{"uv":[0,0,0,3.5],"rotation":90,"texture":"#missing"},"down":{"uv":[0,0,0,3.5],"rotation":270,"texture":"#missing"}}},{"from":[-2,4,5],"to":[5,11,5],"rotation":{"angle":0,"axis":"y","origin":[8,4,8]},"faces":{"north":{"uv":[4.125,4,5.875,5.75],"texture":"#1"},"east":{"uv":[0,0,0,3.5],"texture":"#missing"},"south":{"uv":[5.875,4,4.125,5.75],"texture":"#1"},"west":{"uv":[0,0,0,3.5],"texture":"#missing"},"up":{"uv":[0,0,0,3.5],"rotation":90,"texture":"#missing"},"down":{"uv":[0,0,0,3.5],"rotation":270,"texture":"#missing"}}},{"from":[14,2,4],"to":[21,9,4],"rotation":{"angle":0,"axis":"y","origin":[8,4,8]},"faces":{"north":{"uv":[6,4.125,7.75,5.875],"texture":"#1"},"east":{"uv":[0,0,0,3.5],"texture":"#missing"},"south":{"uv":[7.75,4.125,6,5.875],"texture":"#1"},"west":{"uv":[0,0,0,3.5],"texture":"#missing"},"up":{"uv":[0,0,0,3.5],"rotation":90,"texture":"#missing"},"down":{"uv":[0,0,0,3.5],"rotation":270,"texture":"#missing"}}},{"from":[1.90295,0,-1.62148],"to":[10.90295,9,-1.62148],"rotation":{"angle":22.5,"axis":"y","origin":[8,4,8]},"faces":{"north":{"uv":[0,11.875,2.25,14.125],"rotation":90,"texture":"#1"},"east":{"uv":[0,0,0,3.5],"rotation":180,"texture":"#missing"},"south":{"uv":[2.25,11.875,0,14.125],"rotation":270,"texture":"#1"},"west":{"uv":[0,0,0,3.5],"texture":"#missing"},"up":{"uv":[0,0,0,3.5],"rotation":270,"texture":"#missing"},"down":{"uv":[0,0,0,3.5],"rotation":270,"texture":"#missing"}}},{"from":[5.09705,0,-1.62148],"to":[14.09705,9,-1.62148],"rotation":{"angle":-22.5,"axis":"y","origin":[8,4,8]},"faces":{"north":{"uv":[0,14.125,2.25,11.875],"rotation":90,"texture":"#1"},"east":{"uv":[0,0,0,3.5],"texture":"#missing"},"south":{"uv":[2.25,14.125,0,11.875],"rotation":270,"texture":"#1"},"west":{"uv":[0,0,0,3.5],"rotation":180,"texture":"#missing"},"up":{"uv":[0,3.5,0,0],"rotation":270,"texture":"#missing"},"down":{"uv":[0,3.5,0,0],"rotation":270,"texture":"#missing"}}}],"gui_light":"front","display":{"thirdperson_righthand":{"rotation":[75,45,0],"translation":[-0.75,2.25,0.5],"scale":[0.26562,0.26562,0.26562]},"thirdperson_lefthand":{"rotation":[75,45,0],"translation":[-0.75,2.25,0.5],"scale":[0.26562,0.26562,0.26562]},"firstperson_righthand":{"rotation":[0,135,0],"translation":[1.75,4,0],"scale":[0.31602,0.31602,0.31602]},"firstperson_lefthand":{"rotation":[0,135,0],"translation":[1.75,4,0],"scale":[0.31602,0.31602,0.31602]},"ground":{"translation":[0,11,0],"scale":[0.5,0.5,0.5]},"gui":{"rotation":[14,152,0],"translation":[-0.25,0,-1.5],"scale":[0.72852,0.72852,0.72852]},"head":{"rotation":[0,-180,0],"translation":[0,-30.4,0],"scale":[1.6,1.6,1.6]},"fixed":{"rotation":[-90,0,0],"translation":[0,0,-16],"scale":[2,2,2]}},"mcmodels":"e3a39039ab05ebb107bd35ba0b0c24d5"}