{"format_version":"1.21.6","credit":"Made with Blockbench","texture_size":[64,64],"textures":{"1":"elitecreatures:hollow_knight_animated_weapon_set/animation_texture","2":"elitecreatures:hollow_knight_animated_weapon_set/crossbow_texture","particle":"elitecreatures:hollow_knight_animated_weapon_set/animation_texture"},"elements":[{"from":[3.87868,1.0625,-1.67183],"to":[6.87868,3.0375,1.32817],"rotation":{"angle":-22.5,"axis":"y","origin":[6,2.05,-6.45]},"faces":{"north":{"uv":[0,14.25,0.5,15],"rotation":270,"texture":"#2"},"east":{"uv":[0.5,13.5,1,14.25],"rotation":90,"texture":"#2"},"south":{"uv":[0,14.25,0.5,15],"rotation":270,"texture":"#2"},"west":{"uv":[0.5,13.5,1,14.25],"rotation":270,"texture":"#2"},"up":{"uv":[1,13.5,1.75,14.25],"texture":"#2"},"down":{"uv":[1.75,13.5,1,14.25],"rotation":180,"texture":"#2"}}},{"from":[-1,1.05,-6.45],"to":[6,3.05,-2.45],"rotation":{"angle":22.5,"axis":"y","origin":[6,2.05,-6.45]},"faces":{"north":{"uv":[2,14.25,2.5,16],"rotation":270,"texture":"#2"},"east":{"uv":[0,15,0.5,16],"rotation":270,"texture":"#2"},"south":{"uv":[0.5,14.25,1,16],"rotation":90,"texture":"#2"},"west":{"uv":[0,15,0.5,16],"rotation":270,"texture":"#2"},"up":{"uv":[1,14.25,2,16],"rotation":90,"texture":"#2"},"down":{"uv":[2,14.25,1,16],"rotation":90,"texture":"#2"}}},{"from":[-6.46716,1.0375,-9.12878],"to":[-0.46716,3.0625,-6.12878],"rotation":{"angle":45,"axis":"y","origin":[6,2.05,-6.45]},"faces":{"north":{"uv":[3.25,12,3.75,13.5],"rotation":270,"texture":"#2"},"east":{"uv":[1.5,12.75,2,13.5],"rotation":270,"texture":"#2"},"south":{"uv":[2,12,2.5,13.5],"rotation":90,"texture":"#2"},"west":{"uv":[1.5,12.75,2,13.5],"rotation":270,"texture":"#2"},"up":{"uv":[2.5,12,3.25,13.5],"rotation":90,"texture":"#2"},"down":{"uv":[3.25,12,2.5,13.5],"rotation":90,"texture":"#2"}}},{"from":[-2.58848,1.025,0.59275],"to":[-0.58848,3.075,2.59275],"rotation":{"angle":0,"axis":"y","origin":[6,2.05,-6.45]},"faces":{"north":{"uv":[0,13.75,0.5,14.25],"rotation":270,"texture":"#2"},"east":{"uv":[0.5,12,1,12.5],"rotation":90,"texture":"#2"},"south":{"uv":[0,12,0.5,12.5],"rotation":270,"texture":"#2"},"west":{"uv":[0,13,0.5,13.5],"rotation":270,"texture":"#2"},"up":{"uv":[0.5,13,1,13.5],"texture":"#2"},"down":{"uv":[1,13,0.5,13.5],"rotation":180,"texture":"#2"}}},{"from":[-1.24585,1.05,4.04302],"to":[0.75415,3.05,8.04302],"rotation":{"angle":-22.5,"axis":"y","origin":[6,2.05,-6.45]},"faces":{"north":{"uv":[1.75,13.75,2.25,14.25],"rotation":270,"texture":"#2"},"east":{"uv":[2.5,13.5,3,14.5],"rotation":90,"texture":"#2"},"south":{"uv":[1.75,13.75,2.25,14.25],"rotation":270,"texture":"#2"},"west":{"uv":[3.5,13.5,4,14.5],"rotation":270,"texture":"#2"},"up":{"uv":[3,13.5,3.5,14.5],"texture":"#2"},"down":{"uv":[3.5,13.5,3,14.5],"rotation":180,"texture":"#2"}}},{"from":[-7.95749,1.0375,-1.91126],"to":[-6.95749,3.0625,0.08874],"rotation":{"angle":22.5,"axis":"y","origin":[6,2.05,-6.45]},"faces":{"north":{"uv":[0,13.5,0.5,13.75],"rotation":270,"texture":"#2"},"east":{"uv":[0,12.5,0.5,13],"rotation":90,"texture":"#2"},"south":{"uv":[0,13.5,0.5,13.75],"rotation":270,"texture":"#2"},"west":{"uv":[0,12.5,0.5,13],"rotation":270,"texture":"#2"},"up":{"uv":[0.5,12.5,0.75,13],"texture":"#2"},"down":{"uv":[0.75,12.5,0.5,13],"rotation":180,"texture":"#2"}}},{"from":[-2.58848,3.025,0.59275],"to":[-0.58848,4.075,2.59275],"rotation":{"angle":-45,"axis":"y","origin":[-1.58848,3.55,1.59275]},"faces":{"north":{"uv":[0,13.75,0.25,14.25],"rotation":270,"texture":"#2"},"east":{"uv":[0,13.75,0.25,14.25],"rotation":90,"texture":"#2"},"south":{"uv":[0.75,12.5,1,13],"rotation":270,"texture":"#2"},"west":{"uv":[0,13,0.25,13.5],"rotation":270,"texture":"#2"},"up":{"uv":[0.5,13,1,13.5],"texture":"#2"},"down":{"uv":[1,13,0.5,13.5],"rotation":180,"texture":"#2"}}},{"from":[-2.58848,5.025,0.59275],"to":[-0.58848,6.075,2.59275],"rotation":{"angle":-45,"axis":"y","origin":[-1.58848,5.55,1.59275]},"faces":{"north":{"uv":[0,13.75,0.25,14.25],"rotation":270,"texture":"#2"},"east":{"uv":[0,13.75,0.25,14.25],"rotation":90,"texture":"#2"},"south":{"uv":[0.75,12.5,1,13],"rotation":270,"texture":"#2"},"west":{"uv":[0,13,0.25,13.5],"rotation":270,"texture":"#2"},"up":{"uv":[0.5,13,1,13.5],"texture":"#2"},"down":{"uv":[1,13,0.5,13.5],"rotation":180,"texture":"#2"}}},{"from":[-2.0875,4.05,1.0875],"to":[-1.0875,5.05,2.0875],"rotation":{"angle":0,"axis":"y","origin":[-2.0875,4.05,0.0875]},"faces":{"north":{"uv":[12.75,1.75,12.5,2],"rotation":270,"texture":"#2"},"east":{"uv":[12.75,1.5,12.5,1.75],"rotation":90,"texture":"#2"},"south":{"uv":[13,1.75,12.75,2],"rotation":270,"texture":"#2"},"west":{"uv":[13.25,1.5,13,1.75],"rotation":270,"texture":"#2"},"up":{"uv":[13,1.5,12.75,1.75],"texture":"#2"},"down":{"uv":[13.5,1.5,13.25,1.75],"rotation":180,"texture":"#2"}}},{"from":[-11.5875,3.05,-0.9125],"to":[-1.5875,3.05,5.0875],"rotation":{"angle":-22.5,"axis":"z","origin":[-1.5875,3.05,2.0875]},"faces":{"north":{"uv":[12.75,1.75,12.5,2],"rotation":270,"texture":"#2"},"east":{"uv":[12.75,1.5,12.5,1.75],"rotation":90,"texture":"#2"},"south":{"uv":[13,1.75,12.75,2],"rotation":270,"texture":"#2"},"west":{"uv":[13.25,1.5,13,1.75],"rotation":270,"texture":"#2"},"up":{"uv":[13.25,16,11.5,13.5],"rotation":270,"texture":"#2"},"down":{"uv":[11.5,16,13.25,13.5],"rotation":270,"texture":"#2"}}},{"from":[-2,4.4875,1.1],"to":[12.6,4.4875,2.1],"rotation":{"angle":-45,"axis":"y","origin":[-2,4.4875,1.6]},"faces":{"north":{"uv":[12.5,0.5,11.5,1.5],"rotation":270,"texture":"#2"},"east":{"uv":[12.5,0,11.5,0.5],"rotation":90,"texture":"#2"},"south":{"uv":[13.5,0.5,12.5,1.5],"rotation":270,"texture":"#2"},"west":{"uv":[14.5,0,13.5,0.5],"rotation":270,"texture":"#2"},"up":{"uv":[16,0.5,13.5,0.75],"texture":"#2"},"down":{"uv":[13.5,0.5,16,0.75],"texture":"#2"}}},{"from":[9.12132,1.0625,-1.67183],"to":[12.12132,3.0375,1.32817],"rotation":{"angle":22.5,"axis":"y","origin":[10,2.05,-6.45]},"faces":{"north":{"uv":[0,15,0.5,14.25],"rotation":270,"texture":"#2"},"east":{"uv":[0.5,14.25,1,13.5],"rotation":270,"texture":"#2"},"south":{"uv":[0,15,0.5,14.25],"rotation":270,"texture":"#2"},"west":{"uv":[0.5,14.25,1,13.5],"rotation":90,"texture":"#2"},"up":{"uv":[1.75,13.5,1,14.25],"texture":"#2"},"down":{"uv":[1,13.5,1.75,14.25],"rotation":180,"texture":"#2"}}},{"from":[10,1.05,-6.45],"to":[17,3.05,-2.45],"rotation":{"angle":-22.5,"axis":"y","origin":[10,2.05,-6.45]},"faces":{"north":{"uv":[2,16,2.5,14.25],"rotation":270,"texture":"#2"},"east":{"uv":[0,16,0.5,15],"rotation":270,"texture":"#2"},"south":{"uv":[0.5,16,1,14.25],"rotation":90,"texture":"#2"},"west":{"uv":[0,16,0.5,15],"rotation":270,"texture":"#2"},"up":{"uv":[1,16,2,14.25],"rotation":90,"texture":"#2"},"down":{"uv":[2,16,1,14.25],"rotation":90,"texture":"#2"}}},{"from":[16.46716,1.0375,-9.12878],"to":[22.46716,3.0625,-6.12878],"rotation":{"angle":-45,"axis":"y","origin":[10,2.05,-6.45]},"faces":{"north":{"uv":[3.25,13.5,3.75,12],"rotation":270,"texture":"#2"},"east":{"uv":[1.5,13.5,2,12.75],"rotation":270,"texture":"#2"},"south":{"uv":[2,13.5,2.5,12],"rotation":90,"texture":"#2"},"west":{"uv":[1.5,13.5,2,12.75],"rotation":270,"texture":"#2"},"up":{"uv":[2.5,13.5,3.25,12],"rotation":90,"texture":"#2"},"down":{"uv":[3.25,13.5,2.5,12],"rotation":90,"texture":"#2"}}},{"from":[16.58848,1.025,0.59275],"to":[18.58848,3.075,2.59275],"rotation":{"angle":0,"axis":"y","origin":[10,2.05,-6.45]},"faces":{"north":{"uv":[0,14.25,0.5,13.75],"rotation":270,"texture":"#2"},"east":{"uv":[0,13.5,0.5,13],"rotation":270,"texture":"#2"},"south":{"uv":[0,12.5,0.5,12],"rotation":270,"texture":"#2"},"west":{"uv":[0.5,12.5,1,12],"rotation":90,"texture":"#2"},"up":{"uv":[1,13,0.5,13.5],"texture":"#2"},"down":{"uv":[0.5,13,1,13.5],"rotation":180,"texture":"#2"}}},{"from":[15.24585,1.05,4.04302],"to":[17.24585,3.05,8.04302],"rotation":{"angle":22.5,"axis":"y","origin":[10,2.05,-6.45]},"faces":{"north":{"uv":[1.75,14.25,2.25,13.75],"rotation":270,"texture":"#2"},"east":{"uv":[3.5,14.5,4,13.5],"rotation":270,"texture":"#2"},"south":{"uv":[1.75,14.25,2.25,13.75],"rotation":270,"texture":"#2"},"west":{"uv":[2.5,14.5,3,13.5],"rotation":90,"texture":"#2"},"up":{"uv":[3.5,13.5,3,14.5],"texture":"#2"},"down":{"uv":[3,13.5,3.5,14.5],"rotation":180,"texture":"#2"}}},{"from":[22.95749,1.0375,-1.91126],"to":[23.95749,3.0625,0.08874],"rotation":{"angle":-22.5,"axis":"y","origin":[10,2.05,-6.45]},"faces":{"north":{"uv":[0,13.75,0.5,13.5],"rotation":270,"texture":"#2"},"east":{"uv":[0,13,0.5,12.5],"rotation":270,"texture":"#2"},"south":{"uv":[0,13.75,0.5,13.5],"rotation":270,"texture":"#2"},"west":{"uv":[0,13,0.5,12.5],"rotation":90,"texture":"#2"},"up":{"uv":[0.75,12.5,0.5,13],"texture":"#2"},"down":{"uv":[0.5,12.5,0.75,13],"rotation":180,"texture":"#2"}}},{"from":[16.58848,3.025,0.59275],"to":[18.58848,4.075,2.59275],"rotation":{"angle":45,"axis":"y","origin":[17.58848,3.55,1.59275]},"faces":{"north":{"uv":[0,14.25,0.25,13.75],"rotation":270,"texture":"#2"},"east":{"uv":[0,13.5,0.25,13],"rotation":270,"texture":"#2"},"south":{"uv":[0.75,13,1,12.5],"rotation":270,"texture":"#2"},"west":{"uv":[0,14.25,0.25,13.75],"rotation":90,"texture":"#2"},"up":{"uv":[1,13,0.5,13.5],"texture":"#2"},"down":{"uv":[0.5,13,1,13.5],"rotation":180,"texture":"#2"}}},{"from":[16.58848,5.025,0.59275],"to":[18.58848,6.075,2.59275],"rotation":{"angle":45,"axis":"y","origin":[17.58848,5.55,1.59275]},"faces":{"north":{"uv":[0,14.25,0.25,13.75],"rotation":270,"texture":"#2"},"east":{"uv":[0,13.5,0.25,13],"rotation":270,"texture":"#2"},"south":{"uv":[0.75,13,1,12.5],"rotation":270,"texture":"#2"},"west":{"uv":[0,14.25,0.25,13.75],"rotation":90,"texture":"#2"},"up":{"uv":[1,13,0.5,13.5],"texture":"#2"},"down":{"uv":[0.5,13,1,13.5],"rotation":180,"texture":"#2"}}},{"from":[17.0875,4.05,1.0875],"to":[18.0875,5.05,2.0875],"rotation":{"angle":0,"axis":"y","origin":[18.0875,4.05,0.0875]},"faces":{"north":{"uv":[12.75,2,12.5,1.75],"rotation":270,"texture":"#2"},"east":{"uv":[13.25,1.75,13,1.5],"rotation":270,"texture":"#2"},"south":{"uv":[13,2,12.75,1.75],"rotation":270,"texture":"#2"},"west":{"uv":[12.75,1.75,12.5,1.5],"rotation":90,"texture":"#2"},"up":{"uv":[12.75,1.5,13,1.75],"texture":"#2"},"down":{"uv":[13.25,1.5,13.5,1.75],"rotation":180,"texture":"#2"}}},{"from":[17.5875,3.05,-0.9125],"to":[27.5875,3.05,5.0875],"rotation":{"angle":22.5,"axis":"z","origin":[17.5875,3.05,2.0875]},"faces":{"north":{"uv":[12.75,2,12.5,1.75],"rotation":270,"texture":"#2"},"east":{"uv":[13.25,1.75,13,1.5],"rotation":270,"texture":"#2"},"south":{"uv":[13,2,12.75,1.75],"rotation":270,"texture":"#2"},"west":{"uv":[12.75,1.75,12.5,1.5],"rotation":90,"texture":"#2"},"up":{"uv":[13.25,13.5,11.5,16],"rotation":270,"texture":"#2"},"down":{"uv":[11.5,13.5,13.25,16],"rotation":270,"texture":"#2"}}},{"from":[3.5,4.5,1.1],"to":[18,4.5,2.1],"rotation":{"angle":45,"axis":"y","origin":[18,4.5,1.6]},"faces":{"north":{"uv":[12.5,1.5,11.5,0.5],"rotation":270,"texture":"#2"},"east":{"uv":[14.5,0.5,13.5,0],"rotation":270,"texture":"#2"},"south":{"uv":[13.5,1.5,12.5,0.5],"rotation":270,"texture":"#2"},"west":{"uv":[12.5,0.5,11.5,0],"rotation":90,"texture":"#2"},"up":{"uv":[13.5,0.5,16,0.75],"texture":"#2"},"down":{"uv":[16,0.5,13.5,0.75],"texture":"#2"}}},{"from":[6,1.55,-8.95],"to":[10,2.55,-4.95],"rotation":{"angle":0,"axis":"y","origin":[8,2.05,-4.95]},"faces":{"north":{"uv":[6.25,11.25,6,10.25],"rotation":270,"texture":"#2"},"east":{"uv":[5.75,10.25,6,11.25],"rotation":90,"texture":"#2"},"south":{"uv":[6.5,10.25,6.25,11.25],"rotation":270,"texture":"#2"},"west":{"uv":[10.25,5.75,10.5,6.75],"rotation":270,"texture":"#2"},"up":{"uv":[9.5,8.5,8.5,9.5],"texture":"#2"},"down":{"uv":[8.5,8.5,9.5,9.5],"rotation":180,"texture":"#2"}}},{"from":[6.175,1.5375,-10.55],"to":[9,2.5625,-7.725],"rotation":{"angle":45,"axis":"y","origin":[8,2.05,-9.55]},"faces":{"north":{"uv":[0.75,11.25,0.5,10.5],"rotation":270,"texture":"#2"},"east":{"uv":[8.25,10.25,8.5,11],"rotation":90,"texture":"#2"},"south":{"uv":[1,10.5,0.75,11.25],"rotation":270,"texture":"#2"},"west":{"uv":[8.5,10.25,8.75,11],"rotation":270,"texture":"#2"},"up":{"uv":[8.75,9.5,8,10.25],"texture":"#2"},"down":{"uv":[8,9.5,8.75,10.25],"rotation":180,"texture":"#2"}}},{"from":[8,1.0375,-8.45],"to":[12,3.0625,-4.45],"rotation":{"angle":-45,"axis":"y","origin":[8,2.05,-8.45]},"faces":{"north":{"uv":[9.25,10.5,8.75,9.5],"rotation":270,"texture":"#2"},"east":{"uv":[4.5,9.25,5,10.25],"rotation":90,"texture":"#2"},"south":{"uv":[9.75,9.5,9.25,10.5],"rotation":270,"texture":"#2"},"west":{"uv":[9.5,8.5,10,9.5],"rotation":270,"texture":"#2"},"up":{"uv":[10,0,9,1],"texture":"#2"},"down":{"uv":[9,0,10,1],"rotation":180,"texture":"#2"}}},{"from":[5.53073,1.025,-4.75448],"to":[9.53073,3.075,4.24552],"rotation":{"angle":22.5,"axis":"y","origin":[8,2.05,-8.45]},"faces":{"north":{"uv":[10.25,8,9.75,7],"rotation":270,"texture":"#2"},"east":{"uv":[5,8,5.5,10.25],"rotation":90,"texture":"#2"},"south":{"uv":[10.25,9.5,9.75,10.5],"rotation":270,"texture":"#2"},"west":{"uv":[8,5.25,8.5,7.5],"rotation":270,"texture":"#2"},"up":{"uv":[2,6.75,1,9],"texture":"#2"},"down":{"uv":[1,6.75,2,9],"rotation":180,"texture":"#2"}}},{"from":[6.46927,1.025,-4.75448],"to":[10.46927,3.075,4.24552],"rotation":{"angle":-22.5,"axis":"y","origin":[8,2.05,-8.45]},"faces":{"north":{"uv":[10.25,7,9.75,8],"rotation":270,"texture":"#2"},"east":{"uv":[8.5,5.25,8,7.5],"rotation":90,"texture":"#2"},"south":{"uv":[10.25,10.5,9.75,9.5],"rotation":270,"texture":"#2"},"west":{"uv":[5.5,8,5,10.25],"rotation":270,"texture":"#2"},"up":{"uv":[1,6.75,2,9],"texture":"#2"},"down":{"uv":[2,6.75,1,9],"rotation":180,"texture":"#2"}}},{"from":[6,0.05,-0.95],"to":[10,4.05,4.05],"rotation":{"angle":45,"axis":"z","origin":[8,2.05,6.05]},"faces":{"north":{"uv":[2,10,1,9],"rotation":270,"texture":"#2"},"east":{"uv":[4,8,5,9.25],"rotation":90,"texture":"#2"},"south":{"uv":[10,1,9,2],"rotation":270,"texture":"#2"},"west":{"uv":[4,8,5,9.25],"rotation":270,"texture":"#2"},"up":{"uv":[5,8,4,9.25],"texture":"#2"},"down":{"uv":[5,8,4,9.25],"rotation":180,"texture":"#2"}}},{"from":[6.5,0.55,-5.95],"to":[9.5,3.55,-0.95],"rotation":{"angle":45,"axis":"z","origin":[8,2.05,1.05]},"faces":{"north":{"uv":[10.25,6.25,9.5,5.5],"rotation":270,"texture":"#2"},"east":{"uv":[10.25,4.25,9.5,5.5],"rotation":90,"texture":"#2"},"south":{"uv":[10.25,6.25,9.5,7],"rotation":270,"texture":"#2"},"west":{"uv":[10.25,4.25,9.5,5.5],"rotation":270,"texture":"#2"},"up":{"uv":[9.5,4.25,10.25,5.5],"texture":"#2"},"down":{"uv":[9.5,4.25,10.25,5.5],"rotation":180,"texture":"#2"}}},{"from":[6,-4,17.05],"to":[10,0,19.05],"rotation":{"angle":0,"axis":"y","origin":[8,-1.95,15.05]},"faces":{"north":{"uv":[3,10,2,9],"rotation":270,"texture":"#2"},"east":{"uv":[9.75,8,10.75,8.5],"rotation":90,"texture":"#2"},"south":{"uv":[10,2,9,3],"rotation":270,"texture":"#2"},"west":{"uv":[10,1,11,1.5],"rotation":270,"texture":"#2"},"up":{"uv":[0.5,10,1.5,10.5],"texture":"#2"},"down":{"uv":[1.5,10,2.5,10.5],"rotation":180,"texture":"#2"}}},{"from":[7,-3,18.05],"to":[9,-1,20.05],"rotation":{"angle":45,"axis":"x","origin":[8,-2,19.05]},"faces":{"north":{"uv":[6,14.75,6.5,15.25],"rotation":270,"texture":"#2"},"east":{"uv":[5.5,15.25,6,14.75],"rotation":270,"texture":"#2"},"south":{"uv":[6,15.25,6.5,15.75],"rotation":270,"texture":"#2"},"west":{"uv":[5.5,14.75,6,15.25],"rotation":270,"texture":"#2"},"up":{"uv":[6.5,15.25,7,15.75],"rotation":270,"texture":"#2"},"down":{"uv":[6.5,14.75,7,15.25],"rotation":270,"texture":"#2"}}},{"from":[6.975,0.5,6.05],"to":[9.025,3.5,12.05],"rotation":{"angle":0,"axis":"y","origin":[8,2.55,6.05]},"faces":{"north":{"uv":[4,14.5,4.75,15],"rotation":270,"texture":"#2"},"east":{"uv":[2.5,16,3.25,14.5],"rotation":270,"texture":"#2"},"south":{"uv":[4.75,14.5,5.5,15],"rotation":270,"texture":"#2"},"west":{"uv":[2.5,14.5,3.25,16],"rotation":270,"texture":"#2"},"up":{"uv":[4,15.5,5.5,16],"rotation":270,"texture":"#2"},"down":{"uv":[4,15,5.5,15.5],"rotation":270,"texture":"#2"}}},{"from":[6.9875,0.475,12.075],"to":[9.0125,3.475,17.075],"rotation":{"angle":45,"axis":"x","origin":[8,3.525,12.075]},"faces":{"north":{"uv":[5.5,13.25,6.25,13.75],"rotation":270,"texture":"#2"},"east":{"uv":[4,14.5,4.75,13.25],"rotation":270,"texture":"#2"},"south":{"uv":[6.25,13.25,7,13.75],"rotation":270,"texture":"#2"},"west":{"uv":[4,13.25,4.75,14.5],"rotation":270,"texture":"#2"},"up":{"uv":[5.5,14.25,6.75,14.75],"rotation":270,"texture":"#2"},"down":{"uv":[5.5,13.75,6.75,14.25],"rotation":270,"texture":"#2"}}},{"from":[7,-1.21006,15.54635],"to":[9,1.78994,19.54635],"rotation":{"angle":22.5,"axis":"x","origin":[8,3.525,12.075]},"faces":{"north":{"uv":[4.5,11.75,5.25,12.25],"rotation":270,"texture":"#2"},"east":{"uv":[3.75,13.25,4.5,12.25],"rotation":270,"texture":"#2"},"south":{"uv":[5.25,11.75,6,12.25],"rotation":270,"texture":"#2"},"west":{"uv":[3.75,12.25,4.5,13.25],"rotation":270,"texture":"#2"},"up":{"uv":[5.25,12.75,6.25,13.25],"rotation":270,"texture":"#2"},"down":{"uv":[5.25,12.25,6.25,12.75],"rotation":270,"texture":"#2"}}},{"from":[6,0.05,4.05],"to":[10,4.05,6.05],"rotation":{"angle":0,"axis":"y","origin":[8,2.05,2.05]},"faces":{"north":{"uv":[12.5,0.5,11.5,1.5],"rotation":270,"texture":"#2"},"east":{"uv":[12.5,0,11.5,0.5],"rotation":90,"texture":"#2"},"south":{"uv":[13.5,0.5,12.5,1.5],"rotation":270,"texture":"#2"},"west":{"uv":[14.5,0,13.5,0.5],"rotation":270,"texture":"#2"},"up":{"uv":[13.5,0,12.5,0.5],"texture":"#2"},"down":{"uv":[15.5,0,14.5,0.5],"rotation":180,"texture":"#2"}}},{"from":[8,3.05,-6.95],"to":[8,7.05,12.05],"rotation":{"angle":45,"axis":"z","origin":[8,5.05,0.55]},"faces":{"north":{"uv":[12.5,0.5,11.5,1.5],"rotation":270,"texture":"#2"},"east":{"uv":[16,13.75,15,8],"rotation":90,"texture":"#2"},"south":{"uv":[13.5,0.5,12.5,1.5],"rotation":270,"texture":"#2"},"west":{"uv":[16,8,15,13.75],"rotation":90,"texture":"#2"},"up":{"uv":[13.5,0,12.5,0.5],"texture":"#2"},"down":{"uv":[15.5,0,14.5,0.5],"rotation":180,"texture":"#2"}}},{"from":[6,5.05,-6.95],"to":[10,5.05,12.05],"rotation":{"angle":45,"axis":"z","origin":[8,5.05,0.55]},"faces":{"north":{"uv":[12.5,0.5,11.5,1.5],"rotation":180,"texture":"#2"},"east":{"uv":[13.5,0,12.5,0.5],"rotation":90,"texture":"#2"},"south":{"uv":[13.5,0.5,12.5,1.5],"texture":"#2"},"west":{"uv":[15.5,0,14.5,0.5],"rotation":270,"texture":"#2"},"up":{"uv":[16,8,15,13.75],"rotation":180,"texture":"#2"},"down":{"uv":[16,13.75,15,8],"rotation":180,"texture":"#2"}}},{"from":[10,-1.95,4.05],"to":[10,6.05,14.05],"rotation":{"angle":22.5,"axis":"y","origin":[10,2.05,4.05]},"faces":{"north":{"uv":[10,1,11,1.5],"rotation":270,"texture":"#2"},"east":{"uv":[13.375,16,11.375,13.5],"rotation":270,"texture":"#2"},"south":{"uv":[9.75,8,10.75,8.5],"rotation":90,"texture":"#2"},"west":{"uv":[13.375,13.5,11.375,16],"rotation":270,"texture":"#2"},"up":{"uv":[0.5,10,1.5,10.5],"rotation":90,"texture":"#2"},"down":{"uv":[1.5,10,2.5,10.5],"rotation":90,"texture":"#2"}}},{"from":[6,-1.95,4.05],"to":[6,6.05,14.05],"rotation":{"angle":-22.5,"axis":"y","origin":[6,2.05,4.05]},"faces":{"north":{"uv":[10,1.5,11,1],"rotation":270,"texture":"#2"},"east":{"uv":[13.375,16,11.375,13.5],"rotation":270,"texture":"#2"},"south":{"uv":[9.75,8.5,10.75,8],"rotation":90,"texture":"#2"},"west":{"uv":[13.375,13.5,11.375,16],"rotation":270,"texture":"#2"},"up":{"uv":[0.5,10.5,1.5,10],"rotation":90,"texture":"#2"},"down":{"uv":[1.5,10.5,2.5,10],"rotation":90,"texture":"#2"}}},{"from":[10,-1.95,4.05],"to":[10,6.05,10.05],"rotation":{"angle":45,"axis":"y","origin":[10,2.05,4.05]},"faces":{"north":{"uv":[10,1,11,1.5],"rotation":270,"texture":"#2"},"east":{"uv":[11.25,16,9.25,14.5],"rotation":270,"texture":"#2"},"south":{"uv":[9.75,8,10.75,8.5],"rotation":90,"texture":"#2"},"west":{"uv":[11.25,14.5,9.25,16],"rotation":270,"texture":"#2"},"up":{"uv":[0.5,10,1.5,10.5],"rotation":90,"texture":"#2"},"down":{"uv":[1.5,10,2.5,10.5],"rotation":90,"texture":"#2"}}},{"from":[4,0.05,4.05],"to":[12,0.05,14.05],"rotation":{"angle":22.5,"axis":"x","origin":[8,0.05,4.05]},"faces":{"north":{"uv":[10,1,11,1.5],"rotation":180,"texture":"#2"},"east":{"uv":[0.5,10,1.5,10.5],"rotation":180,"texture":"#2"},"south":{"uv":[9.75,8,10.75,8.5],"rotation":180,"texture":"#2"},"west":{"uv":[1.5,10,2.5,10.5],"rotation":180,"texture":"#2"},"up":{"uv":[16,14,13.5,16],"rotation":270,"texture":"#2"},"down":{"uv":[16,16,13.5,14],"rotation":90,"texture":"#2"}}},{"from":[0,-1.95,4.05],"to":[6,6.05,4.05],"rotation":{"angle":22.5,"axis":"y","origin":[6,2.05,4.05]},"faces":{"north":{"uv":[11.25,16,9.25,14.5],"rotation":90,"texture":"#2"},"east":{"uv":[10,1,11,1.5],"rotation":90,"texture":"#2"},"south":{"uv":[11.25,14.5,9.25,16],"rotation":90,"texture":"#2"},"west":{"uv":[9.75,8,10.75,8.5],"rotation":270,"texture":"#2"},"up":{"uv":[1.5,10,2.5,10.5],"texture":"#2"},"down":{"uv":[0.5,10,1.5,10.5],"rotation":180,"texture":"#2"}}},{"from":[4,0.05,4.05],"to":[12,0.05,14.05],"rotation":{"angle":45,"axis":"x","origin":[8,0.05,4.05]},"faces":{"north":{"uv":[10,1.5,11,1],"texture":"#2"},"east":{"uv":[1.5,10.5,2.5,10],"texture":"#2"},"south":{"uv":[9.75,8.5,10.75,8],"texture":"#2"},"west":{"uv":[0.5,10.5,1.5,10],"texture":"#2"},"up":{"uv":[11.375,13.5,13.375,16],"texture":"#2"},"down":{"uv":[13.375,13.5,11.375,16],"rotation":180,"texture":"#2"}}},{"from":[7,4.05,4.05],"to":[7,10.05,8.05],"rotation":{"angle":22.5,"axis":"z","origin":[7,4.05,4.05]},"faces":{"north":{"uv":[12.5,0.5,11.5,1.5],"rotation":270,"texture":"#2"},"east":{"uv":[9.5,14.5,8.5,16],"texture":"#2"},"south":{"uv":[13.5,0.5,12.5,1.5],"rotation":270,"texture":"#2"},"west":{"uv":[8.5,14.5,9.5,16],"texture":"#2"},"up":{"uv":[13.5,0,12.5,0.5],"texture":"#2"},"down":{"uv":[15.5,0,14.5,0.5],"rotation":180,"texture":"#2"}}},{"from":[9,4.05,4.05],"to":[9,10.05,8.05],"rotation":{"angle":-22.5,"axis":"z","origin":[9,4.05,4.05]},"faces":{"north":{"uv":[12.5,1.5,11.5,0.5],"rotation":270,"texture":"#2"},"east":{"uv":[9.5,14.5,8.5,16],"texture":"#2"},"south":{"uv":[13.5,1.5,12.5,0.5],"rotation":270,"texture":"#2"},"west":{"uv":[8.5,14.5,9.5,16],"texture":"#2"},"up":{"uv":[12.5,0,13.5,0.5],"texture":"#2"},"down":{"uv":[14.5,0,15.5,0.5],"rotation":180,"texture":"#2"}}},{"from":[0,-6,-4],"to":[0,1,3],"rotation":{"angle":-45,"axis":"y","origin":[0,-2.5,-0.5]},"faces":{"north":{"uv":[0,0,0,3.5],"texture":"#missing"},"east":{"uv":[1.75,0.125,0,1.875],"texture":"#1"},"south":{"uv":[0,0,0,3.5],"texture":"#missing"},"west":{"uv":[0,0.125,1.75,1.875],"texture":"#1"},"up":{"uv":[0,0,0,3.5],"texture":"#missing"},"down":{"uv":[0,0,0,3.5],"texture":"#missing"}}},{"from":[0.5,4,0.5],"to":[7.5,11,0.5],"rotation":{"angle":22.5,"axis":"y","origin":[4,7.5,0.5]},"faces":{"north":{"uv":[6,4.125,7.75,5.875],"texture":"#1"},"east":{"uv":[0,0,0,3.5],"texture":"#missing"},"south":{"uv":[7.75,4.125,6,5.875],"texture":"#1"},"west":{"uv":[0,0,0,3.5],"texture":"#missing"},"up":{"uv":[0,0,0,3.5],"rotation":90,"texture":"#missing"},"down":{"uv":[0,0,0,3.5],"rotation":270,"texture":"#missing"}}},{"from":[0,-1,9],"to":[0,6,16],"rotation":{"angle":-45,"axis":"y","origin":[0,2.5,12.5]},"faces":{"north":{"uv":[0,0,0,3.5],"texture":"#missing"},"east":{"uv":[3.875,2.125,2.125,3.875],"texture":"#1"},"south":{"uv":[0,0,0,3.5],"texture":"#missing"},"west":{"uv":[2.125,2.125,3.875,3.875],"texture":"#1"},"up":{"uv":[0,0,0,3.5],"texture":"#missing"},"down":{"uv":[0,0,0,3.5],"texture":"#missing"}}},{"from":[2.5,-10,13.5],"to":[9.5,-3,13.5],"rotation":{"angle":0,"axis":"y","origin":[6,-6.5,13.5]},"faces":{"north":{"uv":[7.875,0.125,6.125,1.875],"texture":"#1"},"east":{"uv":[0,0,0,3.5],"texture":"#missing"},"south":{"uv":[6.125,0.125,7.875,1.875],"texture":"#1"},"west":{"uv":[0,0,0,3.5],"texture":"#missing"},"up":{"uv":[0,0,0,3.5],"rotation":270,"texture":"#missing"},"down":{"uv":[0,0,0,3.5],"rotation":90,"texture":"#missing"}}},{"from":[12,5,-7],"to":[12,12,0],"rotation":{"angle":45,"axis":"y","origin":[12,8.5,-3.5]},"faces":{"north":{"uv":[0,0,0,3.5],"texture":"#missing"},"east":{"uv":[5.875,2.125,4.125,3.875],"texture":"#1"},"south":{"uv":[0,0,0,3.5],"texture":"#missing"},"west":{"uv":[4.125,2.125,5.875,3.875],"texture":"#1"},"up":{"uv":[0,0,0,3.5],"texture":"#missing"},"down":{"uv":[0,0,0,3.5],"texture":"#missing"}}},{"from":[8.5,4,8.5],"to":[15.5,11,8.5],"rotation":{"angle":-22.5,"axis":"y","origin":[12,7.5,8.5]},"faces":{"north":{"uv":[5.875,4,4.125,5.75],"texture":"#1"},"east":{"uv":[0,0,0,3.5],"texture":"#missing"},"south":{"uv":[4.125,4,5.875,5.75],"texture":"#1"},"west":{"uv":[0,0,0,3.5],"texture":"#missing"},"up":{"uv":[0,0,0,3.5],"rotation":270,"texture":"#missing"},"down":{"uv":[0,0,0,3.5],"rotation":90,"texture":"#missing"}}},{"from":[9.5,-6,-0.5],"to":[16.5,1,-0.5],"rotation":{"angle":-22.5,"axis":"y","origin":[13,-2.5,-0.5]},"faces":{"north":{"uv":[6,4.125,7.75,5.875],"texture":"#1"},"east":{"uv":[0,0,0,3.5],"texture":"#missing"},"south":{"uv":[7.75,4.125,6,5.875],"texture":"#1"},"west":{"uv":[0,0,0,3.5],"texture":"#missing"},"up":{"uv":[0,0,0,3.5],"rotation":90,"texture":"#missing"},"down":{"uv":[0,0,0,3.5],"rotation":270,"texture":"#missing"}}},{"from":[0,6.25,-8],"to":[8,6.25,1],"rotation":{"angle":22.5,"axis":"z","origin":[8,6.25,-8]},"faces":{"north":{"uv":[0,0,0,3.5],"rotation":270,"texture":"#missing"},"east":{"uv":[0,0,0,3.5],"rotation":270,"texture":"#missing"},"south":{"uv":[0,0,0,3.5],"rotation":270,"texture":"#missing"},"west":{"uv":[0,0,0,3.5],"rotation":90,"texture":"#missing"},"up":{"uv":[2,13.75,0,16],"rotation":180,"texture":"#1"},"down":{"uv":[0,13.75,2,16],"texture":"#1"}}},{"from":[8,6.25,-8],"to":[16,6.25,1],"rotation":{"angle":-22.5,"axis":"z","origin":[8,6.25,-8]},"faces":{"north":{"uv":[0,0,0,3.5],"rotation":270,"texture":"#missing"},"east":{"uv":[0,0,0,3.5],"rotation":270,"texture":"#missing"},"south":{"uv":[0,0,0,3.5],"rotation":90,"texture":"#missing"},"west":{"uv":[0,0,0,3.5],"rotation":270,"texture":"#missing"},"up":{"uv":[2,16,0,13.75],"texture":"#1"},"down":{"uv":[2,13.75,0,16],"rotation":180,"texture":"#1"}}}],"gui_light":"front","display":{"thirdperson_righthand":{"translation":[0,5.25,2],"scale":[0.7,0.7,0.7]},"thirdperson_lefthand":{"translation":[0,5.25,2],"scale":[0.7,0.7,0.7]},"firstperson_righthand":{"rotation":[0,-15,12],"translation":[3,3.75,-1.25],"scale":[0.5,0.5,0.5]},"firstperson_lefthand":{"rotation":[0,-15,12],"translation":[3,3.75,-1.25],"scale":[0.5,0.5,0.5]},"ground":{"translation":[0,13,1.5],"scale":[0.6,0.6,0.6]},"gui":{"rotation":[48,128,0],"translation":[1.5,3,-1.5],"scale":[0.58399,0.58399,0.58399]},"head":{"scale":[0,0,0]},"fixed":{"rotation":[-90,0,0],"translation":[0.75,5,-16.25],"scale":[1.5,1.5,1.5]}},"mcmodels":"e3a39039ab05ebb107bd35ba0b0c24d5"}