{"format_version":"1.21.6","credit":"Made with Blockbench","texture_size":[64,64],"textures":{"1":"elitecreatures:hollow_knight_animated_weapon_set/animation_texture","2":"elitecreatures:hollow_knight_animated_weapon_set/rod_texture","particle":"elitecreatures:hollow_knight_animated_weapon_set/animation_texture"},"elements":[{"from":[7.5,7,5],"to":[8.5,12,11],"rotation":{"angle":0,"axis":"y","origin":[8,14,9]},"faces":{"north":{"uv":[2.75,10,3,11.25],"texture":"#2"},"east":{"uv":[7,6.75,5.5,8],"texture":"#2"},"south":{"uv":[10.25,1.5,10.5,2.75],"texture":"#2"},"west":{"uv":[5.5,6.75,7,8],"texture":"#2"},"up":{"uv":[10.25,3,10,1.5],"texture":"#2"},"down":{"uv":[2.75,10,2.5,11.5],"texture":"#2"}}},{"from":[7.4875,12,5],"to":[8.5125,16.25,9.25],"rotation":{"angle":45,"axis":"x","origin":[8,12,5]},"faces":{"north":{"uv":[10.25,2.75,10.5,3.75],"texture":"#2"},"east":{"uv":[7.5,8.25,6.5,9.25],"texture":"#2"},"south":{"uv":[10.25,3.75,10.5,4.75],"texture":"#2"},"west":{"uv":[6.5,8.25,7.5,9.25],"texture":"#2"},"up":{"uv":[4.75,11.25,4.5,10.25],"texture":"#2"},"down":{"uv":[5,10.25,4.75,11.25],"texture":"#2"}}},{"from":[7.5,13,6],"to":[8.5,17,10],"rotation":{"angle":0,"axis":"y","origin":[8,13,8]},"faces":{"north":{"uv":[5.75,10.25,6,11.25],"texture":"#2"},"east":{"uv":[9.5,8.5,8.5,9.5],"texture":"#2"},"south":{"uv":[10.25,5.75,10.5,6.75],"texture":"#2"},"west":{"uv":[8.5,8.5,9.5,9.5],"texture":"#2"},"up":{"uv":[6.25,11.25,6,10.25],"texture":"#2"},"down":{"uv":[6.5,10.25,6.25,11.25],"texture":"#2"}}},{"from":[7.4875,15.8625,7.25],"to":[8.5125,18.675,10.0625],"rotation":{"angle":45,"axis":"x","origin":[8,17.925,8]},"faces":{"north":{"uv":[8.25,10.25,8.5,11],"texture":"#2"},"east":{"uv":[8.75,9.5,8,10.25],"texture":"#2"},"south":{"uv":[8.5,10.25,8.75,11],"texture":"#2"},"west":{"uv":[8,9.5,8.75,10.25],"texture":"#2"},"up":{"uv":[0.75,11.25,0.5,10.5],"texture":"#2"},"down":{"uv":[1,10.5,0.75,11.25],"texture":"#2"}}},{"from":[7.5,0,6],"to":[8.5,4,10],"rotation":{"angle":0,"axis":"y","origin":[8,10,4]},"faces":{"north":{"uv":[10.25,4.75,10.5,5.75],"texture":"#2"},"east":{"uv":[8.5,5.25,9.5,6.25],"texture":"#2"},"south":{"uv":[5,10.25,5.25,11.25],"texture":"#2"},"west":{"uv":[8.5,6.25,9.5,7.25],"texture":"#2"},"up":{"uv":[5.5,11.25,5.25,10.25],"texture":"#2"},"down":{"uv":[5.75,10.25,5.5,11.25],"texture":"#2"}}},{"from":[8,0,6],"to":[8,25,22],"rotation":{"angle":0,"axis":"y","origin":[8,16,14]},"faces":{"north":{"uv":[0,0,0,6.75],"texture":"#2"},"east":{"uv":[4,0.25,0,6.5],"texture":"#2"},"south":{"uv":[0,0,0,6.75],"texture":"#2"},"west":{"uv":[0,0.25,4,6.5],"texture":"#2"},"up":{"uv":[0,4,0,0],"texture":"#2"},"down":{"uv":[0,0,0,4],"texture":"#2"}}},{"from":[6.9875,6.5,4],"to":[9.0125,10.5,8],"rotation":{"angle":-45,"axis":"x","origin":[8,10.5,8]},"faces":{"north":{"uv":[4.5,9.25,5,10.25],"texture":"#2"},"east":{"uv":[10,0,9,1],"texture":"#2"},"south":{"uv":[9.5,8.5,10,9.5],"texture":"#2"},"west":{"uv":[9,0,10,1],"texture":"#2"},"up":{"uv":[9.25,10.5,8.75,9.5],"texture":"#2"},"down":{"uv":[9.75,9.5,9.25,10.5],"texture":"#2"}}},{"from":[7,-2.19552,6.46927],"to":[9,6.80448,10.46927],"rotation":{"angle":22.5,"axis":"x","origin":[8,10.5,8]},"faces":{"north":{"uv":[5,8,5.5,10.25],"texture":"#2"},"east":{"uv":[2,6.75,1,9],"texture":"#2"},"south":{"uv":[8,5.25,8.5,7.5],"texture":"#2"},"west":{"uv":[1,6.75,2,9],"texture":"#2"},"up":{"uv":[10.25,8,9.75,7],"texture":"#2"},"down":{"uv":[10.25,9.5,9.75,10.5],"texture":"#2"}}},{"from":[7,-2.19552,5.53073],"to":[9,6.80448,9.53073],"rotation":{"angle":-22.5,"axis":"x","origin":[8,10.5,8]},"faces":{"north":{"uv":[8.5,5.25,8,7.5],"texture":"#2"},"east":{"uv":[1,6.75,2,9],"texture":"#2"},"south":{"uv":[5.5,8,5,10.25],"texture":"#2"},"west":{"uv":[2,6.75,1,9],"texture":"#2"},"up":{"uv":[10.25,7,9.75,8],"texture":"#2"},"down":{"uv":[10.25,10.5,9.75,9.5],"texture":"#2"}}},{"from":[6,-2,6],"to":[10,3,10],"rotation":{"angle":-45,"axis":"y","origin":[8,-4,8]},"faces":{"north":{"uv":[4,8,5,9.25],"texture":"#2"},"east":{"uv":[5,8,4,9.25],"texture":"#2"},"south":{"uv":[4,8,5,9.25],"texture":"#2"},"west":{"uv":[5,8,4,9.25],"texture":"#2"},"up":{"uv":[2,10,1,9],"texture":"#2"},"down":{"uv":[10,1,9,2],"texture":"#2"}}},{"from":[6.5,3,6.5],"to":[9.5,8,9.5],"rotation":{"angle":-45,"axis":"y","origin":[8,1,8]},"faces":{"north":{"uv":[10.25,4.25,9.5,5.5],"texture":"#2"},"east":{"uv":[9.5,4.25,10.25,5.5],"texture":"#2"},"south":{"uv":[10.25,4.25,9.5,5.5],"texture":"#2"},"west":{"uv":[9.5,4.25,10.25,5.5],"texture":"#2"},"up":{"uv":[10.25,6.25,9.5,5.5],"texture":"#2"},"down":{"uv":[10.25,6.25,9.5,7],"texture":"#2"}}},{"from":[6.75,26,6.75],"to":[9.25,27,9.25],"rotation":{"angle":-45,"axis":"y","origin":[8,26,8]},"faces":{"north":{"uv":[11.5,1.5,10.875,1.75],"texture":"#2"},"east":{"uv":[11.5,1.5,10.875,1.75],"texture":"#2"},"south":{"uv":[11.5,1.5,10.875,1.75],"texture":"#2"},"west":{"uv":[11.5,1.5,10.875,1.75],"texture":"#2"},"up":{"uv":[11.5,1.75,10.875,2.375],"texture":"#2"},"down":{"uv":[11.5,1.75,10.875,2.375],"texture":"#2"}}},{"from":[6.75,25,8.75],"to":[9.25,26,11.25],"rotation":{"angle":-45,"axis":"y","origin":[8,25,10]},"faces":{"north":{"uv":[11.5,1.5,10.875,1.75],"texture":"#2"},"east":{"uv":[11.5,1.5,10.875,1.75],"texture":"#2"},"south":{"uv":[11.5,1.5,10.875,1.75],"texture":"#2"},"west":{"uv":[11.5,1.5,10.875,1.75],"texture":"#2"},"up":{"uv":[11.5,1.75,10.875,2.375],"texture":"#2"},"down":{"uv":[11.5,1.75,10.875,2.375],"texture":"#2"}}},{"from":[6.75,16,10.25],"to":[9.25,17,12.75],"rotation":{"angle":-45,"axis":"y","origin":[8,16,11.5]},"faces":{"north":{"uv":[11.5,1.5,10.875,1.75],"texture":"#2"},"east":{"uv":[11.5,1.5,10.875,1.75],"texture":"#2"},"south":{"uv":[11.5,1.5,10.875,1.75],"texture":"#2"},"west":{"uv":[11.5,1.5,10.875,1.75],"texture":"#2"},"up":{"uv":[11.5,1.75,10.875,2.375],"texture":"#2"},"down":{"uv":[11.5,1.75,10.875,2.375],"texture":"#2"}}},{"from":[6.75,7,11.25],"to":[9.25,8,13.75],"rotation":{"angle":-45,"axis":"y","origin":[8,7,12.5]},"faces":{"north":{"uv":[11.5,1.5,10.875,1.75],"texture":"#2"},"east":{"uv":[11.5,1.5,10.875,1.75],"texture":"#2"},"south":{"uv":[11.5,1.5,10.875,1.75],"texture":"#2"},"west":{"uv":[11.5,1.5,10.875,1.75],"texture":"#2"},"up":{"uv":[11.5,1.75,10.875,2.375],"texture":"#2"},"down":{"uv":[11.5,1.75,10.875,2.375],"texture":"#2"}}},{"from":[6.75,0,13.75],"to":[9.25,1,16.25],"rotation":{"angle":-45,"axis":"y","origin":[8,0,15]},"faces":{"north":{"uv":[11.5,1.5,10.875,1.75],"texture":"#2"},"east":{"uv":[11.5,1.5,10.875,1.75],"texture":"#2"},"south":{"uv":[11.5,1.5,10.875,1.75],"texture":"#2"},"west":{"uv":[11.5,1.5,10.875,1.75],"texture":"#2"},"up":{"uv":[11.5,1.75,10.875,2.375],"texture":"#2"},"down":{"uv":[11.5,1.75,10.875,2.375],"texture":"#2"}}},{"from":[7.3125,8,7.3125],"to":[8.6875,28,8.6875],"rotation":{"angle":-45,"axis":"y","origin":[8,15,8]},"faces":{"north":{"uv":[10.5,1.875,10.875,6.875],"texture":"#2"},"east":{"uv":[10.875,1.875,10.5,6.875],"texture":"#2"},"south":{"uv":[10.5,1.875,10.875,6.875],"texture":"#2"},"west":{"uv":[10.875,1.875,10.5,6.875],"texture":"#2"},"up":{"uv":[10.875,1.5,10.5,1.875],"texture":"#2"},"down":{"uv":[10.875,1.5,10.5,1.875],"texture":"#2"}}},{"from":[6,-12,6],"to":[10,-10,10],"rotation":{"angle":-45,"axis":"y","origin":[8,-8,8]},"faces":{"north":{"uv":[9.75,8,10.75,8.5],"texture":"#2"},"east":{"uv":[0.5,10,1.5,10.5],"texture":"#2"},"south":{"uv":[10,1,11,1.5],"texture":"#2"},"west":{"uv":[1.5,10,2.5,10.5],"texture":"#2"},"up":{"uv":[3,10,2,9],"texture":"#2"},"down":{"uv":[10,2,9,3],"texture":"#2"}}},{"from":[6,-4,6],"to":[10,-2,10],"rotation":{"angle":0,"axis":"y","origin":[8,0,8]},"faces":{"north":{"uv":[12.5,0,11.5,0.5],"texture":"#2"},"east":{"uv":[13.5,0,12.5,0.5],"texture":"#2"},"south":{"uv":[14.5,0,13.5,0.5],"texture":"#2"},"west":{"uv":[15.5,0,14.5,0.5],"texture":"#2"},"up":{"uv":[12.5,0.5,11.5,1.5],"texture":"#2"},"down":{"uv":[13.5,0.5,12.5,1.5],"texture":"#2"}}},{"from":[4,-12,6],"to":[12,-2,6],"rotation":{"angle":22.5,"axis":"x","origin":[8,-2,6]},"faces":{"north":{"uv":[13.375,16,11.375,13.5],"rotation":180,"texture":"#2"},"east":{"uv":[0.5,10,1.5,10.5],"rotation":90,"texture":"#2"},"south":{"uv":[13.375,13.5,11.375,16],"texture":"#2"},"west":{"uv":[1.5,10,2.5,10.5],"rotation":270,"texture":"#2"},"up":{"uv":[10,1,11,1.5],"texture":"#2"},"down":{"uv":[9.75,8,10.75,8.5],"rotation":180,"texture":"#2"}}},{"from":[4,-8,6],"to":[12,-2,6],"rotation":{"angle":45,"axis":"x","origin":[8,-2,6]},"faces":{"north":{"uv":[11.25,16,9.25,14.5],"rotation":180,"texture":"#2"},"east":{"uv":[0.5,10,1.5,10.5],"rotation":90,"texture":"#2"},"south":{"uv":[11.25,14.5,9.25,16],"texture":"#2"},"west":{"uv":[1.5,10,2.5,10.5],"rotation":270,"texture":"#2"},"up":{"uv":[10,1,11,1.5],"texture":"#2"},"down":{"uv":[9.75,8,10.75,8.5],"rotation":180,"texture":"#2"}}},{"from":[4,-2,10],"to":[12,-2,16],"rotation":{"angle":22.5,"axis":"x","origin":[8,-2,10]},"faces":{"north":{"uv":[10,1,11,1.5],"texture":"#2"},"east":{"uv":[1.5,10,2.5,10.5],"texture":"#2"},"south":{"uv":[9.75,8,10.75,8.5],"texture":"#2"},"west":{"uv":[0.5,10,1.5,10.5],"texture":"#2"},"up":{"uv":[11.25,16,9.25,14.5],"rotation":180,"texture":"#2"},"down":{"uv":[11.25,14.5,9.25,16],"rotation":180,"texture":"#2"}}},{"from":[10,-12,4],"to":[10,-2,12],"rotation":{"angle":22.5,"axis":"z","origin":[10,-2,8]},"faces":{"north":{"uv":[1.5,10,2.5,10.5],"rotation":270,"texture":"#2"},"east":{"uv":[16,16,13.5,14],"rotation":270,"texture":"#2"},"south":{"uv":[0.5,10,1.5,10.5],"rotation":90,"texture":"#2"},"west":{"uv":[16,14,13.5,16],"rotation":270,"texture":"#2"},"up":{"uv":[10,1,11,1.5],"rotation":90,"texture":"#2"},"down":{"uv":[9.75,8,10.75,8.5],"rotation":90,"texture":"#2"}}},{"from":[10,-12,4],"to":[10,-2,12],"rotation":{"angle":45,"axis":"z","origin":[10,-2,8]},"faces":{"north":{"uv":[1.5,10,2.5,10.5],"rotation":270,"texture":"#2"},"east":{"uv":[11.375,13.5,13.375,16],"texture":"#2"},"south":{"uv":[0.5,10,1.5,10.5],"rotation":90,"texture":"#2"},"west":{"uv":[13.375,13.5,11.375,16],"texture":"#2"},"up":{"uv":[10,1,11,1.5],"rotation":90,"texture":"#2"},"down":{"uv":[9.75,8,10.75,8.5],"rotation":90,"texture":"#2"}}},{"from":[7,-14,7],"to":[9,-2,9],"rotation":{"angle":-45,"axis":"y","origin":[8,-6,8]},"faces":{"north":{"uv":[3,9,3.5,12],"texture":"#2"},"east":{"uv":[1,10.5,1.5,13.5],"texture":"#2"},"south":{"uv":[3.5,9,4,12],"texture":"#2"},"west":{"uv":[4,9.25,4.5,12.25],"texture":"#2"},"up":{"uv":[10.5,9.5,10,9],"texture":"#2"},"down":{"uv":[10.75,6.75,10.25,7.25],"texture":"#2"}}},{"from":[3.5,-5,7],"to":[7.5,-3,9],"rotation":{"angle":0,"axis":"y","origin":[3.5,-3.25,8]},"faces":{"north":{"uv":[3,9.625,3.5,10.625],"rotation":270,"texture":"#2"},"east":{"uv":[3.875,10.125,3.375,10.625],"rotation":90,"texture":"#2"},"south":{"uv":[3.5,9.625,4,10.625],"rotation":90,"texture":"#2"},"west":{"uv":[3.875,10.125,3.375,10.625],"rotation":90,"texture":"#2"},"up":{"uv":[4,9.875,4.5,10.875],"rotation":90,"texture":"#2"},"down":{"uv":[1,11.125,1.5,12.125],"rotation":90,"texture":"#2"}}},{"from":[-0.5,-4.75,7.25],"to":[3.5,-3.25,8.75],"rotation":{"angle":45,"axis":"z","origin":[3.5,-3.25,8]},"faces":{"north":{"uv":[3,9.625,3.5,10.625],"rotation":270,"texture":"#2"},"east":{"uv":[3.875,10.125,3.375,10.625],"rotation":90,"texture":"#2"},"south":{"uv":[3.5,9.625,4,10.625],"rotation":90,"texture":"#2"},"west":{"uv":[3.875,10.125,3.375,10.625],"rotation":90,"texture":"#2"},"up":{"uv":[4,9.875,4.5,10.875],"rotation":90,"texture":"#2"},"down":{"uv":[1,11.125,1.5,12.125],"rotation":90,"texture":"#2"}}},{"from":[-2.26777,-7.38909,10],"to":[-1.26777,-5.38909,11],"rotation":{"angle":0,"axis":"y","origin":[3.5,-3.25,8]},"faces":{"north":{"uv":[0,11.25,0.5,11.5],"rotation":270,"texture":"#2"},"east":{"uv":[0.5,11,0,11.25],"rotation":90,"texture":"#2"},"south":{"uv":[0.5,11.25,1,11.5],"rotation":90,"texture":"#2"},"west":{"uv":[0.5,11,0,11.25],"rotation":90,"texture":"#2"},"up":{"uv":[0,11.5,0.25,11.75],"rotation":90,"texture":"#2"},"down":{"uv":[0.25,11.5,0.5,11.75],"rotation":90,"texture":"#2"}}},{"from":[-3.26777,-7.38909,6],"to":[-2.26777,-5.38909,11],"rotation":{"angle":0,"axis":"y","origin":[3.5,-3.25,8]},"faces":{"north":{"uv":[1.5,10.5,1.75,11],"rotation":180,"texture":"#2"},"east":{"uv":[1,11.5,0.5,12.75],"rotation":90,"texture":"#2"},"south":{"uv":[1.75,10.5,2,11],"rotation":180,"texture":"#2"},"west":{"uv":[2.5,10.5,2,11.75],"rotation":90,"texture":"#2"},"up":{"uv":[1.5,11,1.75,12.25],"rotation":180,"texture":"#2"},"down":{"uv":[1.75,11,2,12.25],"rotation":180,"texture":"#2"}}},{"from":[-2.26777,-7.38909,7],"to":[1.73223,-5.38909,9],"rotation":{"angle":0,"axis":"y","origin":[3.5,-3.25,8]},"faces":{"north":{"uv":[3,9.625,3.5,10.625],"rotation":270,"texture":"#2"},"east":{"uv":[3.875,10.125,3.375,10.625],"rotation":90,"texture":"#2"},"south":{"uv":[3.5,9.625,4,10.625],"rotation":90,"texture":"#2"},"west":{"uv":[3.875,10.125,3.375,10.625],"rotation":90,"texture":"#2"},"up":{"uv":[4,9.875,4.5,10.875],"rotation":90,"texture":"#2"},"down":{"uv":[1,11.125,1.5,12.125],"rotation":90,"texture":"#2"}}},{"from":[6.5,-13.95,10],"to":[9.5,-12.95,11],"rotation":{"angle":22.5,"axis":"x","origin":[7.5,-13.95,9]},"faces":{"north":{"uv":[7.25,10.25,8,10.5],"texture":"#2"},"east":{"uv":[7,8,6.75,8.25],"texture":"#2"},"south":{"uv":[10.25,7.25,11,7.5],"texture":"#2"},"west":{"uv":[6.75,8,7,8.25],"texture":"#2"},"up":{"uv":[11,7.75,10.25,7.5],"texture":"#2"},"down":{"uv":[11,7.75,10.25,8],"texture":"#2"}}},{"from":[6.5,-14.95,5],"to":[9.5,-13.95,11],"rotation":{"angle":22.5,"axis":"x","origin":[7.5,-13.95,9]},"faces":{"north":{"uv":[10.25,9.5,11,9.75],"texture":"#2"},"east":{"uv":[11.5,8.75,10,9],"texture":"#2"},"south":{"uv":[10.25,9.75,11,10],"texture":"#2"},"west":{"uv":[10,8.75,11.5,9],"texture":"#2"},"up":{"uv":[7.75,8.25,7,6.75],"texture":"#2"},"down":{"uv":[8.75,0,8,1.5],"texture":"#2"}}},{"from":[6.5,-15.95,5],"to":[9.5,-14.95,6],"rotation":{"angle":22.5,"axis":"x","origin":[7.5,-13.95,9]},"faces":{"north":{"uv":[10.25,10,11,10.25],"texture":"#2"},"east":{"uv":[8,8.25,7.75,8.5],"texture":"#2"},"south":{"uv":[10.25,10.25,11,10.5],"texture":"#2"},"west":{"uv":[7.75,8.25,8,8.5],"texture":"#2"},"up":{"uv":[11.25,0.25,10.5,0],"texture":"#2"},"down":{"uv":[11.25,0.25,10.5,0.5],"texture":"#2"}}},{"from":[5,10,-4],"to":[5,17,3],"rotation":{"angle":0,"axis":"y","origin":[3,4,-6]},"faces":{"north":{"uv":[0,0,0,3.5],"texture":"#missing"},"east":{"uv":[1.75,0.125,0,1.875],"texture":"#1"},"south":{"uv":[0,0,0,3.5],"texture":"#missing"},"west":{"uv":[0,0.125,1.75,1.875],"texture":"#1"},"up":{"uv":[0,0,0,3.5],"texture":"#missing"},"down":{"uv":[0,0,0,3.5],"texture":"#missing"}}},{"from":[9,19,1],"to":[9,26,8],"rotation":{"angle":0,"axis":"y","origin":[7,13,-1]},"faces":{"north":{"uv":[0,0,0,3.5],"texture":"#missing"},"east":{"uv":[7.75,4.125,6,5.875],"texture":"#1"},"south":{"uv":[0,0,0,3.5],"texture":"#missing"},"west":{"uv":[6,4.125,7.75,5.875],"texture":"#1"},"up":{"uv":[0,0,0,3.5],"texture":"#missing"},"down":{"uv":[0,0,0,3.5],"texture":"#missing"}}},{"from":[5,15,9],"to":[5,22,16],"rotation":{"angle":0,"axis":"y","origin":[3,9,7]},"faces":{"north":{"uv":[0,0,0,3.5],"texture":"#missing"},"east":{"uv":[3.875,2.125,2.125,3.875],"texture":"#1"},"south":{"uv":[0,0,0,3.5],"texture":"#missing"},"west":{"uv":[2.125,2.125,3.875,3.875],"texture":"#1"},"up":{"uv":[0,0,0,3.5],"texture":"#missing"},"down":{"uv":[0,0,0,3.5],"texture":"#missing"}}},{"from":[6,-10,10],"to":[6,-3,17],"rotation":{"angle":0,"axis":"y","origin":[4,-16,8]},"faces":{"north":{"uv":[0,0,0,3.5],"texture":"#missing"},"east":{"uv":[7.875,0.125,6.125,1.875],"texture":"#1"},"south":{"uv":[0,0,0,3.5],"texture":"#missing"},"west":{"uv":[6.125,0.125,7.875,1.875],"texture":"#1"},"up":{"uv":[0,0,0,3.5],"texture":"#missing"},"down":{"uv":[0,0,0,3.5],"texture":"#missing"}}},{"from":[11,5,-1],"to":[11,12,6],"rotation":{"angle":0,"axis":"y","origin":[13,-1,-3]},"faces":{"north":{"uv":[0,0,0,3.5],"texture":"#missing"},"east":{"uv":[5.875,2.125,4.125,3.875],"texture":"#1"},"south":{"uv":[0,0,0,3.5],"texture":"#missing"},"west":{"uv":[4.125,2.125,5.875,3.875],"texture":"#1"},"up":{"uv":[0,0,0,3.5],"texture":"#missing"},"down":{"uv":[0,0,0,3.5],"texture":"#missing"}}},{"from":[11,4,11],"to":[11,11,18],"rotation":{"angle":0,"axis":"y","origin":[13,-2,9]},"faces":{"north":{"uv":[0,0,0,3.5],"texture":"#missing"},"east":{"uv":[5.875,4,4.125,5.75],"texture":"#1"},"south":{"uv":[0,0,0,3.5],"texture":"#missing"},"west":{"uv":[4.125,4,5.875,5.75],"texture":"#1"},"up":{"uv":[0,0,0,3.5],"texture":"#missing"},"down":{"uv":[0,0,0,3.5],"texture":"#missing"}}},{"from":[12,-6,-3],"to":[12,1,4],"rotation":{"angle":0,"axis":"y","origin":[14,-12,-5]},"faces":{"north":{"uv":[0,0,0,3.5],"texture":"#missing"},"east":{"uv":[7.75,4.125,6,5.875],"texture":"#1"},"south":{"uv":[0,0,0,3.5],"texture":"#missing"},"west":{"uv":[6,4.125,7.75,5.875],"texture":"#1"},"up":{"uv":[0,0,0,3.5],"texture":"#missing"},"down":{"uv":[0,0,0,3.5],"texture":"#missing"}}},{"from":[13,-4,8],"to":[13,5,16],"rotation":{"angle":-22.5,"axis":"y","origin":[13,5,8]},"faces":{"north":{"uv":[0,0,0,3.5],"rotation":180,"texture":"#missing"},"east":{"uv":[2,13.75,0,16],"rotation":180,"texture":"#1"},"south":{"uv":[0,0,0,3.5],"rotation":180,"texture":"#missing"},"west":{"uv":[0,13.75,2,16],"rotation":180,"texture":"#1"},"up":{"uv":[0,0,0,3.5],"texture":"#missing"},"down":{"uv":[0,0,0,3.5],"texture":"#missing"}}},{"from":[13,-4,0],"to":[13,5,8],"rotation":{"angle":22.5,"axis":"y","origin":[13,5,8]},"faces":{"north":{"uv":[0,0,0,3.5],"rotation":180,"texture":"#missing"},"east":{"uv":[2,16,0,13.75],"texture":"#1"},"south":{"uv":[0,0,0,3.5],"texture":"#missing"},"west":{"uv":[2,13.75,0,16],"texture":"#1"},"up":{"uv":[0,0,0,3.5],"texture":"#missing"},"down":{"uv":[0,0,0,3.5],"rotation":180,"texture":"#missing"}}},{"from":[3,-4,8],"to":[3,5,16],"rotation":{"angle":22.5,"axis":"y","origin":[3,5,8]},"faces":{"north":{"uv":[0,0,0,3.5],"rotation":180,"texture":"#missing"},"east":{"uv":[2,13.75,0,16],"rotation":180,"texture":"#1"},"south":{"uv":[0,0,0,3.5],"rotation":180,"texture":"#missing"},"west":{"uv":[0,13.75,2,16],"rotation":180,"texture":"#1"},"up":{"uv":[0,0,0,3.5],"texture":"#missing"},"down":{"uv":[0,0,0,3.5],"texture":"#missing"}}},{"from":[3,-4,0],"to":[3,5,8],"rotation":{"angle":-22.5,"axis":"y","origin":[3,5,8]},"faces":{"north":{"uv":[0,0,0,3.5],"rotation":180,"texture":"#missing"},"east":{"uv":[0,13.75,2,16],"texture":"#1"},"south":{"uv":[0,0,0,3.5],"texture":"#missing"},"west":{"uv":[0,16,2,13.75],"texture":"#1"},"up":{"uv":[0,0,0,3.5],"texture":"#missing"},"down":{"uv":[0,0,0,3.5],"rotation":180,"texture":"#missing"}}}],"gui_light":"front","display":{"thirdperson_righthand":{"translation":[0,8.5,1.5],"scale":[0.7,0.7,0.7]},"thirdperson_lefthand":{"translation":[0,8.5,1.5],"scale":[0.7,0.7,0.7]},"firstperson_righthand":{"rotation":[-53,7,-8],"translation":[5,6,-4],"scale":[0.48906,0.48906,0.48906]},"firstperson_lefthand":{"rotation":[-53,7,-8],"translation":[5,6,-4],"scale":[0.48906,0.48906,0.48906]},"ground":{"rotation":[0,0,90],"translation":[-4.5,9,0],"scale":[0.6,0.6,0.6]},"gui":{"rotation":[-90,45,90],"translation":[-1,1,0],"scale":[0.47462,0.47462,0.47462]},"head":{"scale":[0,0,0]},"fixed":{"rotation":[-90,-90,-90],"translation":[0,12,-3.5],"scale":[1.4,1.4,1.4]}},"mcmodels":"e3a39039ab05ebb107bd35ba0b0c24d5"}