{"format_version":"1.21.6","credit":"Made with Blockbench","texture_size":[64,64],"textures":{"1":"elitecreatures:hollow_knight_animated_weapon_set/animation_texture","2":"elitecreatures:hollow_knight_animated_weapon_set/glove_texture","particle":"elitecreatures:hollow_knight_animated_weapon_set/animation_texture"},"elements":[{"from":[7.0125,-4.72183,3.87868],"to":[8.9875,-1.72183,6.87868],"rotation":{"angle":0,"axis":"y","origin":[8,-9.5,6]},"faces":{"north":{"uv":[1,14.25,0.5,13.5],"texture":"#2"},"east":{"uv":[1.75,14.25,1,13.5],"texture":"#2"},"south":{"uv":[1,14.25,0.5,13.5],"texture":"#2"},"west":{"uv":[1.75,14.25,1,13.5],"texture":"#2"},"up":{"uv":[0,14.25,0.5,15],"texture":"#2"},"down":{"uv":[0,14.25,0.5,15],"texture":"#2"}}},{"from":[7,-8.3375,6],"to":[9,-2.5,10],"rotation":{"angle":-45,"axis":"x","origin":[8,-9.5,6]},"faces":{"north":{"uv":[2,14.25,2.5,15.75],"rotation":180,"texture":"#2"},"east":{"uv":[2,15.75,1,14.25],"texture":"#2"},"south":{"uv":[0.5,14.25,1,15.75],"rotation":180,"texture":"#2"},"west":{"uv":[1,15.75,2,14.25],"texture":"#2"},"up":{"uv":[0.5,16,0,15],"rotation":180,"texture":"#2"},"down":{"uv":[0.5,16,0,15],"rotation":180,"texture":"#2"}}},{"from":[6.9875,-3.03284,3.32122],"to":[9.0125,2.96716,6.32122],"rotation":{"angle":-22.5,"axis":"x","origin":[8,-9.5,6]},"faces":{"north":{"uv":[3.25,12,3.75,13.5],"rotation":180,"texture":"#2"},"east":{"uv":[3.25,13.5,2.5,12],"texture":"#2"},"south":{"uv":[2,12,2.5,13.5],"rotation":180,"texture":"#2"},"west":{"uv":[2.5,13.5,3.25,12],"texture":"#2"},"up":{"uv":[2,13.5,1.5,12.75],"rotation":180,"texture":"#2"},"down":{"uv":[2,13.5,1.5,12.75],"rotation":180,"texture":"#2"}}},{"from":[6.98,-2.45725,-2.58848],"to":[9.0175,-0.45725,-0.58848],"rotation":{"angle":22.5,"axis":"x","origin":[8,-9.5,6]},"faces":{"north":{"uv":[0.5,13.5,0,13],"texture":"#2"},"east":{"uv":[1,13.5,0.5,13],"texture":"#2"},"south":{"uv":[0.5,13.5,0,13],"texture":"#2"},"west":{"uv":[0.5,13.5,1,13],"texture":"#2"},"up":{"uv":[0,13.75,0.5,14.25],"texture":"#2"},"down":{"uv":[0,13.75,0.5,14.25],"texture":"#2"}}},{"from":[7,0.99302,-1.24585],"to":[9,4.99302,0.75415],"rotation":{"angle":0,"axis":"y","origin":[8,-9.5,6]},"faces":{"north":{"uv":[4,14.5,3.5,13.5],"texture":"#2"},"east":{"uv":[3.5,14.5,3,13.5],"texture":"#2"},"south":{"uv":[3,14.5,2.5,13.5],"texture":"#2"},"west":{"uv":[3,14.5,3.5,13.5],"texture":"#2"},"up":{"uv":[1.75,13.75,2.25,14.25],"texture":"#2"},"down":{"uv":[1.75,13.75,2.25,14.25],"texture":"#2"}}},{"from":[6.9875,3.45749,10.53874],"to":[9.0125,4.45749,12.53874],"rotation":{"angle":-45,"axis":"x","origin":[8,-9.5,6]},"faces":{"north":{"uv":[0,13.5,0.5,13.75],"rotation":180,"texture":"#2"},"east":{"uv":[0.75,13,0.5,12.5],"rotation":270,"texture":"#2"},"south":{"uv":[0,13.5,0.5,13.75],"texture":"#2"},"west":{"uv":[0.5,13,0.75,12.5],"rotation":90,"texture":"#2"},"up":{"uv":[0.5,13,0,12.5],"rotation":180,"texture":"#2"},"down":{"uv":[0.5,13,0,12.5],"texture":"#2"}}},{"from":[7.0125,-4.72183,9.12132],"to":[8.9875,-1.72183,12.12132],"rotation":{"angle":0,"axis":"y","origin":[8,-9.5,10]},"faces":{"north":{"uv":[0.5,14.25,1,13.5],"texture":"#2"},"east":{"uv":[1,14.25,1.75,13.5],"texture":"#2"},"south":{"uv":[0.5,14.25,1,13.5],"texture":"#2"},"west":{"uv":[1,14.25,1.75,13.5],"texture":"#2"},"up":{"uv":[0,15,0.5,14.25],"texture":"#2"},"down":{"uv":[0,15,0.5,14.25],"texture":"#2"}}},{"from":[7,-8.3375,6],"to":[9,-2.5,10],"rotation":{"angle":45,"axis":"x","origin":[8,-9.5,10]},"faces":{"north":{"uv":[1,14.25,0.5,15.75],"rotation":180,"texture":"#2"},"east":{"uv":[1,15.75,2,14.25],"texture":"#2"},"south":{"uv":[2.5,14.25,2,15.75],"rotation":180,"texture":"#2"},"west":{"uv":[2,15.75,1,14.25],"texture":"#2"},"up":{"uv":[0.5,15,0,16],"rotation":180,"texture":"#2"},"down":{"uv":[0.5,15,0,16],"rotation":180,"texture":"#2"}}},{"from":[6.9875,-3.03284,9.67878],"to":[9.0125,2.96716,12.67878],"rotation":{"angle":22.5,"axis":"x","origin":[8,-9.5,10]},"faces":{"north":{"uv":[2.5,12,2,13.5],"rotation":180,"texture":"#2"},"east":{"uv":[2.5,13.5,3.25,12],"texture":"#2"},"south":{"uv":[3.75,12,3.25,13.5],"rotation":180,"texture":"#2"},"west":{"uv":[3.25,13.5,2.5,12],"texture":"#2"},"up":{"uv":[2,12.75,1.5,13.5],"rotation":180,"texture":"#2"},"down":{"uv":[2,12.75,1.5,13.5],"rotation":180,"texture":"#2"}}},{"from":[6.98,-2.45725,16.58848],"to":[9.0175,-0.45725,18.58848],"rotation":{"angle":-22.5,"axis":"x","origin":[8,-9.5,10]},"faces":{"north":{"uv":[0,13.5,0.5,13],"texture":"#2"},"east":{"uv":[0.5,13.5,1,13],"texture":"#2"},"south":{"uv":[0,13.5,0.5,13],"texture":"#2"},"west":{"uv":[1,13.5,0.5,13],"texture":"#2"},"up":{"uv":[0,14.25,0.5,13.75],"texture":"#2"},"down":{"uv":[0,14.25,0.5,13.75],"texture":"#2"}}},{"from":[7,0.99302,15.24585],"to":[9,4.99302,17.24585],"rotation":{"angle":0,"axis":"y","origin":[8,-9.5,10]},"faces":{"north":{"uv":[2.5,14.5,3,13.5],"texture":"#2"},"east":{"uv":[3,14.5,3.5,13.5],"texture":"#2"},"south":{"uv":[3.5,14.5,4,13.5],"texture":"#2"},"west":{"uv":[3.5,14.5,3,13.5],"texture":"#2"},"up":{"uv":[1.75,14.25,2.25,13.75],"texture":"#2"},"down":{"uv":[1.75,14.25,2.25,13.75],"texture":"#2"}}},{"from":[6.9875,3.45749,3.46126],"to":[9.0125,4.45749,5.46126],"rotation":{"angle":45,"axis":"x","origin":[8,-9.5,10]},"faces":{"north":{"uv":[0.5,13.5,0,13.75],"texture":"#2"},"east":{"uv":[0.75,12.5,0.5,13],"rotation":270,"texture":"#2"},"south":{"uv":[0.5,13.5,0,13.75],"rotation":180,"texture":"#2"},"west":{"uv":[0.5,12.5,0.75,13],"rotation":90,"texture":"#2"},"up":{"uv":[0.5,12.5,0,13],"rotation":180,"texture":"#2"},"down":{"uv":[0.5,12.5,0,13],"texture":"#2"}}},{"from":[6,-4,6],"to":[10,1,10],"rotation":{"angle":-45,"axis":"y","origin":[8,3,8]},"faces":{"north":{"uv":[4,9.25,5,8],"texture":"#2"},"east":{"uv":[5,9.25,4,8],"texture":"#2"},"south":{"uv":[4,9.25,5,8],"texture":"#2"},"west":{"uv":[5,9.25,4,8],"texture":"#2"},"up":{"uv":[10,2,9,1],"texture":"#2"},"down":{"uv":[2,9,1,10],"texture":"#2"}}},{"from":[6.5,-9,6.5],"to":[9.5,-4,9.5],"rotation":{"angle":-45,"axis":"y","origin":[8,-2,8]},"faces":{"north":{"uv":[10.25,5.5,9.5,4.25],"texture":"#2"},"east":{"uv":[9.5,5.5,10.25,4.25],"texture":"#2"},"south":{"uv":[10.25,5.5,9.5,4.25],"texture":"#2"},"west":{"uv":[9.5,5.5,10.25,4.25],"texture":"#2"},"up":{"uv":[10.25,7,9.5,6.25],"texture":"#2"},"down":{"uv":[10.25,5.5,9.5,6.25],"texture":"#2"}}},{"from":[6.9875,-11.5,4],"to":[9.0125,-7.5,8],"rotation":{"angle":45,"axis":"x","origin":[8,-11.5,8]},"faces":{"north":{"uv":[4.5,10.25,5,9.25],"texture":"#2"},"east":{"uv":[10,1,9,0],"texture":"#2"},"south":{"uv":[9.5,9.5,10,8.5],"texture":"#2"},"west":{"uv":[9,1,10,0],"texture":"#2"},"up":{"uv":[9.75,10.5,9.25,9.5],"texture":"#2"},"down":{"uv":[9.25,9.5,8.75,10.5],"texture":"#2"}}},{"from":[6.975,-7.80448,6.46927],"to":[9.025,1.19552,10.46927],"rotation":{"angle":-22.5,"axis":"x","origin":[8,-11.5,8]},"faces":{"north":{"uv":[5,10.25,5.5,8],"texture":"#2"},"east":{"uv":[2,9,1,6.75],"texture":"#2"},"south":{"uv":[8,7.5,8.5,5.25],"texture":"#2"},"west":{"uv":[1,9,2,6.75],"texture":"#2"},"up":{"uv":[10.25,10.5,9.75,9.5],"texture":"#2"},"down":{"uv":[10.25,7,9.75,8],"texture":"#2"}}},{"from":[6.975,-7.80448,5.53073],"to":[9.025,1.19552,9.53073],"rotation":{"angle":22.5,"axis":"x","origin":[8,-11.5,8]},"faces":{"north":{"uv":[8.5,7.5,8,5.25],"texture":"#2"},"east":{"uv":[1,9,2,6.75],"texture":"#2"},"south":{"uv":[5.5,10.25,5,8],"texture":"#2"},"west":{"uv":[2,9,1,6.75],"texture":"#2"},"up":{"uv":[10.25,9.5,9.75,10.5],"texture":"#2"},"down":{"uv":[10.25,8,9.75,7],"texture":"#2"}}},{"from":[6,2,6],"to":[10,4,10],"rotation":{"angle":0,"axis":"y","origin":[8,6,8]},"faces":{"north":{"uv":[9.75,8,10.75,8.5],"texture":"#2"},"east":{"uv":[0.5,10,1.5,10.5],"texture":"#2"},"south":{"uv":[10,1,11,1.5],"texture":"#2"},"west":{"uv":[1.5,10,2.5,10.5],"texture":"#2"},"up":{"uv":[3,10,2,9],"texture":"#2"},"down":{"uv":[10,2,9,3],"texture":"#2"}}},{"from":[5,3,5],"to":[11,6,11],"rotation":{"angle":0,"axis":"y","origin":[8,7,8]},"faces":{"north":{"uv":[9.75,8,10.75,8.5],"texture":"#2"},"east":{"uv":[0.5,10,1.5,10.5],"texture":"#2"},"south":{"uv":[10,1,11,1.5],"texture":"#2"},"west":{"uv":[1.5,10,2.5,10.5],"texture":"#2"},"up":{"uv":[3,10,2,9],"texture":"#2"},"down":{"uv":[10,2,9,3],"texture":"#2"}}},{"from":[3.5,-3,3.5],"to":[12.5,0,12.5],"rotation":{"angle":-45,"axis":"y","origin":[8,-1.5,8]},"faces":{"north":{"uv":[6,13.25,4,14],"texture":"#2"},"east":{"uv":[4,13.25,6,14],"texture":"#2"},"south":{"uv":[6,13.25,4,14],"texture":"#2"},"west":{"uv":[4,13.25,6,14],"texture":"#2"},"up":{"uv":[4,14,6,16],"texture":"#2"},"down":{"uv":[4,14,6,16],"texture":"#2"}}},{"from":[9,-6,6],"to":[12,-4,10],"rotation":{"angle":22.5,"axis":"z","origin":[9,-6,8]},"faces":{"north":{"uv":[11,1.5,10.5,2.25],"rotation":270,"texture":"#2"},"east":{"uv":[11,2.25,11.5,3.25],"rotation":270,"texture":"#2"},"south":{"uv":[11,2.25,10.5,1.5],"rotation":270,"texture":"#2"},"west":{"uv":[10.5,2.25,11,3.25],"rotation":270,"texture":"#2"},"up":{"uv":[12,1.5,13,2.25],"rotation":270,"texture":"#2"},"down":{"uv":[11,1.5,12,2.25],"rotation":270,"texture":"#2"}}},{"from":[8.14805,-3.22836,5.988],"to":[10.14805,-0.22836,10.0005],"rotation":{"angle":-45,"axis":"z","origin":[9,-6,8]},"faces":{"north":{"uv":[11.5,4,12,3.25],"texture":"#2"},"east":{"uv":[11.5,4.25,12.5,5],"texture":"#2"},"south":{"uv":[12,4,11.5,3.25],"texture":"#2"},"west":{"uv":[10.5,4.25,11.5,5],"texture":"#2"},"up":{"uv":[11,3.25,11.5,4.25],"texture":"#2"},"down":{"uv":[10.5,3.25,11,4.25],"texture":"#2"}}},{"from":[14.00627,-5.00419,6],"to":[17.00627,-3.00419,10],"rotation":{"angle":22.5,"axis":"z","origin":[9,-6,8]},"faces":{"north":{"uv":[13,2,13.75,1.5],"texture":"#2"},"east":{"uv":[13,2,14,2.5],"texture":"#2"},"south":{"uv":[13.75,2,13,1.5],"texture":"#2"},"west":{"uv":[12,3.25,13,3.75],"texture":"#2"},"up":{"uv":[12.25,2.25,13,3.25],"texture":"#2"},"down":{"uv":[11.5,2.25,12.25,3.25],"texture":"#2"}}},{"from":[15.00627,-6.00419,6],"to":[17.00627,-5.00419,10],"rotation":{"angle":22.5,"axis":"z","origin":[9,-6,8]},"faces":{"north":{"uv":[11.5,5.25,12,5],"texture":"#2"},"east":{"uv":[10.5,6.25,11.5,6.5],"texture":"#2"},"south":{"uv":[12,5.25,11.5,5],"texture":"#2"},"west":{"uv":[10.5,6,11.5,6.25],"texture":"#2"},"up":{"uv":[11,5,11.5,6],"texture":"#2"},"down":{"uv":[10.5,5,11,6],"texture":"#2"}}},{"from":[4,-6,6],"to":[7,-4,10],"rotation":{"angle":-22.5,"axis":"z","origin":[7,-6,8]},"faces":{"north":{"uv":[11,2.25,10.5,1.5],"rotation":270,"texture":"#2"},"east":{"uv":[10.5,3.25,11,2.25],"rotation":270,"texture":"#2"},"south":{"uv":[11,1.5,10.5,2.25],"rotation":270,"texture":"#2"},"west":{"uv":[11,3.25,11.5,2.25],"rotation":270,"texture":"#2"},"up":{"uv":[12,2.25,13,1.5],"rotation":270,"texture":"#2"},"down":{"uv":[11,2.25,12,1.5],"rotation":270,"texture":"#2"}}},{"from":[5.85195,-3.22836,5.988],"to":[7.85195,-0.22836,10.0005],"rotation":{"angle":45,"axis":"z","origin":[7,-6,8]},"faces":{"north":{"uv":[12,4,11.5,3.25],"texture":"#2"},"east":{"uv":[11.5,4.25,10.5,5],"texture":"#2"},"south":{"uv":[11.5,4,12,3.25],"texture":"#2"},"west":{"uv":[12.5,4.25,11.5,5],"texture":"#2"},"up":{"uv":[11.5,3.25,11,4.25],"texture":"#2"},"down":{"uv":[11,3.25,10.5,4.25],"texture":"#2"}}},{"from":[-1.00627,-5.00419,6],"to":[1.99373,-3.00419,10],"rotation":{"angle":-22.5,"axis":"z","origin":[7,-6,8]},"faces":{"north":{"uv":[13.75,2,13,1.5],"texture":"#2"},"east":{"uv":[13,3.25,12,3.75],"texture":"#2"},"south":{"uv":[13,2,13.75,1.5],"texture":"#2"},"west":{"uv":[14,2,13,2.5],"texture":"#2"},"up":{"uv":[13,2.25,12.25,3.25],"texture":"#2"},"down":{"uv":[12.25,2.25,11.5,3.25],"texture":"#2"}}},{"from":[-1.00627,-6.00419,6],"to":[0.99373,-5.00419,10],"rotation":{"angle":-22.5,"axis":"z","origin":[7,-6,8]},"faces":{"north":{"uv":[12,5.25,11.5,5],"texture":"#2"},"east":{"uv":[11.5,6,10.5,6.25],"texture":"#2"},"south":{"uv":[11.5,5.25,12,5],"texture":"#2"},"west":{"uv":[11.5,6.25,10.5,6.5],"texture":"#2"},"up":{"uv":[11.5,5,11,6],"texture":"#2"},"down":{"uv":[11,5,10.5,6],"texture":"#2"}}},{"from":[4,3,5],"to":[12,13,5],"rotation":{"angle":-22.5,"axis":"x","origin":[8,3,5]},"faces":{"north":{"uv":[13.375,13.5,11.375,16],"rotation":180,"texture":"#2"},"east":{"uv":[1.5,10,0.5,10.5],"rotation":90,"texture":"#2"},"south":{"uv":[13.375,16,11.375,13.5],"texture":"#2"},"west":{"uv":[2.5,10,1.5,10.5],"rotation":270,"texture":"#2"},"up":{"uv":[9.75,8.5,10.75,8],"rotation":180,"texture":"#2"},"down":{"uv":[10,1.5,11,1],"texture":"#2"}}},{"from":[4,3,11],"to":[12,13,11],"rotation":{"angle":22.5,"axis":"x","origin":[8,3,11]},"faces":{"north":{"uv":[11.375,16,13.375,13.5],"texture":"#2"},"east":{"uv":[1.5,10.5,0.5,10],"rotation":90,"texture":"#2"},"south":{"uv":[11.375,13.5,13.375,16],"rotation":180,"texture":"#2"},"west":{"uv":[2.5,10.5,1.5,10],"rotation":270,"texture":"#2"},"up":{"uv":[9.75,8,10.75,8.5],"rotation":180,"texture":"#2"},"down":{"uv":[10,1,11,1.5],"texture":"#2"}}},{"from":[4,2,6],"to":[12,8,6],"rotation":{"angle":-45,"axis":"x","origin":[8,2,6]},"faces":{"north":{"uv":[11.25,14.5,9.25,16],"rotation":180,"texture":"#2"},"east":{"uv":[1.5,10,0.5,10.5],"rotation":90,"texture":"#2"},"south":{"uv":[11.25,16,9.25,14.5],"texture":"#2"},"west":{"uv":[2.5,10,1.5,10.5],"rotation":270,"texture":"#2"},"up":{"uv":[9.75,8.5,10.75,8],"rotation":180,"texture":"#2"},"down":{"uv":[10,1.5,11,1],"texture":"#2"}}},{"from":[5,3,4],"to":[5,13,12],"rotation":{"angle":22.5,"axis":"z","origin":[5,3,8]},"faces":{"north":{"uv":[1.5,10,0.5,10.5],"rotation":90,"texture":"#2"},"east":{"uv":[13.5,14,16,16],"rotation":270,"texture":"#2"},"south":{"uv":[2.5,10,1.5,10.5],"rotation":270,"texture":"#2"},"west":{"uv":[13.5,16,16,14],"rotation":270,"texture":"#2"},"up":{"uv":[10.75,8,9.75,8.5],"rotation":270,"texture":"#2"},"down":{"uv":[11,1,10,1.5],"rotation":270,"texture":"#2"}}},{"from":[4,2,10],"to":[12,2,16],"rotation":{"angle":-45,"axis":"x","origin":[8,2,10]},"faces":{"north":{"uv":[10,1.5,11,1],"texture":"#2"},"east":{"uv":[1.5,10.5,2.5,10],"texture":"#2"},"south":{"uv":[9.75,8.5,10.75,8],"texture":"#2"},"west":{"uv":[0.5,10.5,1.5,10],"texture":"#2"},"up":{"uv":[11.25,16,9.25,14.5],"rotation":180,"texture":"#2"},"down":{"uv":[11.25,14.5,9.25,16],"rotation":180,"texture":"#2"}}},{"from":[11,3,4],"to":[11,13,12],"rotation":{"angle":-22.5,"axis":"z","origin":[11,3,8]},"faces":{"north":{"uv":[2.5,10,1.5,10.5],"rotation":270,"texture":"#2"},"east":{"uv":[13.5,16,16,14],"rotation":270,"texture":"#2"},"south":{"uv":[1.5,10,0.5,10.5],"rotation":90,"texture":"#2"},"west":{"uv":[13.5,14,16,16],"rotation":270,"texture":"#2"},"up":{"uv":[10.75,8,9.75,8.5],"rotation":90,"texture":"#2"},"down":{"uv":[11,1,10,1.5],"rotation":90,"texture":"#2"}}},{"from":[3.5,1,5],"to":[11.5,11,5],"rotation":{"angle":-22.5,"axis":"x","origin":[7.5,1,5]},"faces":{"north":{"uv":[13.375,13.5,11.375,16],"rotation":180,"texture":"#2"},"east":{"uv":[1.5,10,0.5,10.5],"rotation":90,"texture":"#2"},"south":{"uv":[13.375,16,11.375,13.5],"texture":"#2"},"west":{"uv":[2.5,10,1.5,10.5],"rotation":270,"texture":"#2"},"up":{"uv":[9.75,8.5,10.75,8],"rotation":180,"texture":"#2"},"down":{"uv":[10,1.5,11,1],"texture":"#2"}}},{"from":[12.05,0,3.65],"to":[12.05,10,12.35],"rotation":{"angle":0,"axis":"y","origin":[12.05,0,8]},"faces":{"north":{"uv":[2.5,10,1.5,10.5],"rotation":270,"texture":"#2"},"east":{"uv":[13.25,13.5,11.25,16],"rotation":180,"texture":"#2"},"south":{"uv":[1.5,10,0.5,10.5],"rotation":90,"texture":"#2"},"west":{"uv":[11.375,13.5,13.375,16],"rotation":180,"texture":"#2"},"up":{"uv":[10.75,8,9.75,8.5],"rotation":90,"texture":"#2"},"down":{"uv":[11,1,10,1.5],"rotation":90,"texture":"#2"}}},{"from":[10.75,0,0.6],"to":[10.75,10,8.6],"rotation":{"angle":45,"axis":"y","origin":[10.5,0,4.6]},"faces":{"north":{"uv":[2.5,10,1.5,10.5],"rotation":270,"texture":"#2"},"east":{"uv":[13.5,16,16,14],"rotation":270,"texture":"#2"},"south":{"uv":[1.5,10,0.5,10.5],"rotation":90,"texture":"#2"},"west":{"uv":[13.5,14,16,16],"rotation":270,"texture":"#2"},"up":{"uv":[10.75,8,9.75,8.5],"rotation":90,"texture":"#2"},"down":{"uv":[11,1,10,1.5],"rotation":90,"texture":"#2"}}},{"from":[12,0,4],"to":[12,10,12],"rotation":{"angle":-22.5,"axis":"z","origin":[12,0,8]},"faces":{"north":{"uv":[2.5,10,1.5,10.5],"rotation":270,"texture":"#2"},"east":{"uv":[11.375,16,13.375,13.5],"texture":"#2"},"south":{"uv":[1.5,10,0.5,10.5],"rotation":90,"texture":"#2"},"west":{"uv":[13.375,16,11.375,13.5],"texture":"#2"},"up":{"uv":[10.75,8,9.75,8.5],"rotation":90,"texture":"#2"},"down":{"uv":[11,1,10,1.5],"rotation":90,"texture":"#2"}}},{"from":[10.75,0,7.4],"to":[10.75,10,15.4],"rotation":{"angle":-45,"axis":"y","origin":[10.5,0,11.4]},"faces":{"north":{"uv":[1.5,10.5,0.5,10],"rotation":90,"texture":"#2"},"east":{"uv":[13.5,14,16,16],"rotation":270,"texture":"#2"},"south":{"uv":[2.5,10.5,1.5,10],"rotation":270,"texture":"#2"},"west":{"uv":[13.5,16,16,14],"rotation":270,"texture":"#2"},"up":{"uv":[9.75,8,10.75,8.5],"rotation":90,"texture":"#2"},"down":{"uv":[10,1,11,1.5],"rotation":90,"texture":"#2"}}},{"from":[5.25,0,0.6],"to":[5.25,10,8.6],"rotation":{"angle":-45,"axis":"y","origin":[5.5,0,4.6]},"faces":{"north":{"uv":[2.5,10.5,1.5,10],"rotation":270,"texture":"#2"},"east":{"uv":[13.5,16,16,14],"rotation":270,"texture":"#2"},"south":{"uv":[1.5,10.5,0.5,10],"rotation":90,"texture":"#2"},"west":{"uv":[13.5,14,16,16],"rotation":270,"texture":"#2"},"up":{"uv":[10.75,8.5,9.75,8],"rotation":90,"texture":"#2"},"down":{"uv":[11,1.5,10,1],"rotation":90,"texture":"#2"}}},{"from":[4,0,3.05],"to":[4,10,11.95],"rotation":{"angle":22.5,"axis":"z","origin":[4,0,7.5]},"faces":{"north":{"uv":[2.5,10.5,1.5,10],"rotation":270,"texture":"#2"},"east":{"uv":[11.375,16,13.375,13.5],"texture":"#2"},"south":{"uv":[1.5,10.5,0.5,10],"rotation":90,"texture":"#2"},"west":{"uv":[13.375,16,11.375,13.5],"texture":"#2"},"up":{"uv":[10.75,8.5,9.75,8],"rotation":90,"texture":"#2"},"down":{"uv":[11,1.5,10,1],"rotation":90,"texture":"#2"}}},{"from":[5.25,0,7.4],"to":[5.25,10,15.4],"rotation":{"angle":45,"axis":"y","origin":[5.5,0,11.4]},"faces":{"north":{"uv":[1.5,10,0.5,10.5],"rotation":90,"texture":"#2"},"east":{"uv":[13.5,14,16,16],"rotation":270,"texture":"#2"},"south":{"uv":[2.5,10,1.5,10.5],"rotation":270,"texture":"#2"},"west":{"uv":[13.5,16,16,14],"rotation":270,"texture":"#2"},"up":{"uv":[9.75,8.5,10.75,8],"rotation":90,"texture":"#2"},"down":{"uv":[10,1.5,11,1],"rotation":90,"texture":"#2"}}},{"from":[4,1,11],"to":[12,11,11],"rotation":{"angle":22.5,"axis":"x","origin":[8,1,11]},"faces":{"north":{"uv":[11.375,16,13.375,13.5],"texture":"#2"},"east":{"uv":[1.5,10.5,0.5,10],"rotation":90,"texture":"#2"},"south":{"uv":[11.375,13.5,13.375,16],"rotation":180,"texture":"#2"},"west":{"uv":[2.5,10.5,1.5,10],"rotation":270,"texture":"#2"},"up":{"uv":[9.75,8,10.75,8.5],"rotation":180,"texture":"#2"},"down":{"uv":[10,1,11,1.5],"texture":"#2"}}},{"from":[5,1,4],"to":[5,11,12],"rotation":{"angle":22.5,"axis":"z","origin":[5,1,8]},"faces":{"north":{"uv":[1.5,10,0.5,10.5],"rotation":90,"texture":"#2"},"east":{"uv":[13.5,14,16,16],"rotation":270,"texture":"#2"},"south":{"uv":[2.5,10,1.5,10.5],"rotation":270,"texture":"#2"},"west":{"uv":[13.5,16,16,14],"rotation":270,"texture":"#2"},"up":{"uv":[10.75,8,9.75,8.5],"rotation":270,"texture":"#2"},"down":{"uv":[11,1,10,1.5],"rotation":270,"texture":"#2"}}},{"from":[6,2,4],"to":[6,12,12],"rotation":{"angle":45,"axis":"z","origin":[6,2,8]},"faces":{"north":{"uv":[2.5,10.5,1.5,10],"rotation":270,"texture":"#2"},"east":{"uv":[11.375,16,13.375,13.5],"texture":"#2"},"south":{"uv":[1.5,10.5,0.5,10],"rotation":90,"texture":"#2"},"west":{"uv":[13.375,16,11.375,13.5],"texture":"#2"},"up":{"uv":[10.75,8.5,9.75,8],"rotation":90,"texture":"#2"},"down":{"uv":[11,1.5,10,1],"rotation":90,"texture":"#2"}}},{"from":[6.5,2.05,10],"to":[9.5,3.05,11],"rotation":{"angle":0,"axis":"y","origin":[7.5,2.05,6]},"faces":{"north":{"uv":[7.25,10.25,8,10.5],"texture":"#2"},"east":{"uv":[7,8,6.75,8.25],"texture":"#2"},"south":{"uv":[10.25,7.25,11,7.5],"texture":"#2"},"west":{"uv":[6.75,8,7,8.25],"texture":"#2"},"up":{"uv":[11,7.75,10.25,7.5],"texture":"#2"},"down":{"uv":[11,7.75,10.25,8],"texture":"#2"}}},{"from":[6.5,1.05,5],"to":[9.5,2.05,11],"rotation":{"angle":0,"axis":"y","origin":[7.5,2.05,6]},"faces":{"north":{"uv":[10.25,9.5,11,9.75],"texture":"#2"},"east":{"uv":[11.5,8.75,10,9],"texture":"#2"},"south":{"uv":[10.25,9.75,11,10],"texture":"#2"},"west":{"uv":[10,8.75,11.5,9],"texture":"#2"},"up":{"uv":[7.75,8.25,7,6.75],"texture":"#2"},"down":{"uv":[8.75,0,8,1.5],"texture":"#2"}}},{"from":[6.5,0.05,5],"to":[9.5,1.05,6],"rotation":{"angle":0,"axis":"y","origin":[7.5,2.05,6]},"faces":{"north":{"uv":[10.25,10,11,10.25],"texture":"#2"},"east":{"uv":[8,8.25,7.75,8.5],"texture":"#2"},"south":{"uv":[10.25,10.25,11,10.5],"texture":"#2"},"west":{"uv":[7.75,8.25,8,8.5],"texture":"#2"},"up":{"uv":[11.25,0.25,10.5,0],"texture":"#2"},"down":{"uv":[11.25,0.25,10.5,0.5],"texture":"#2"}}},{"from":[5,4,-4],"to":[5,11,3],"rotation":{"angle":0,"axis":"y","origin":[3,-2,-6]},"faces":{"north":{"uv":[0,0,0,3.5],"texture":"#missing"},"east":{"uv":[1.75,0.125,0,1.875],"texture":"#1"},"south":{"uv":[0,0,0,3.5],"texture":"#missing"},"west":{"uv":[0,0.125,1.75,1.875],"texture":"#1"},"up":{"uv":[0,0,0,3.5],"texture":"#missing"},"down":{"uv":[0,0,0,3.5],"texture":"#missing"}}},{"from":[9,13,1],"to":[9,20,8],"rotation":{"angle":0,"axis":"y","origin":[7,7,-1]},"faces":{"north":{"uv":[0,0,0,3.5],"texture":"#missing"},"east":{"uv":[7.75,4.125,6,5.875],"texture":"#1"},"south":{"uv":[0,0,0,3.5],"texture":"#missing"},"west":{"uv":[6,4.125,7.75,5.875],"texture":"#1"},"up":{"uv":[0,0,0,3.5],"texture":"#missing"},"down":{"uv":[0,0,0,3.5],"texture":"#missing"}}},{"from":[5,9,9],"to":[5,16,16],"rotation":{"angle":0,"axis":"y","origin":[3,3,7]},"faces":{"north":{"uv":[0,0,0,3.5],"texture":"#missing"},"east":{"uv":[3.875,2.125,2.125,3.875],"texture":"#1"},"south":{"uv":[0,0,0,3.5],"texture":"#missing"},"west":{"uv":[2.125,2.125,3.875,3.875],"texture":"#1"},"up":{"uv":[0,0,0,3.5],"texture":"#missing"},"down":{"uv":[0,0,0,3.5],"texture":"#missing"}}},{"from":[6,-16,10],"to":[6,-9,17],"rotation":{"angle":0,"axis":"y","origin":[4,-22,8]},"faces":{"north":{"uv":[0,0,0,3.5],"texture":"#missing"},"east":{"uv":[7.875,0.125,6.125,1.875],"texture":"#1"},"south":{"uv":[0,0,0,3.5],"texture":"#missing"},"west":{"uv":[6.125,0.125,7.875,1.875],"texture":"#1"},"up":{"uv":[0,0,0,3.5],"texture":"#missing"},"down":{"uv":[0,0,0,3.5],"texture":"#missing"}}},{"from":[11,-1,-1],"to":[11,6,6],"rotation":{"angle":0,"axis":"y","origin":[13,-7,-3]},"faces":{"north":{"uv":[0,0,0,3.5],"texture":"#missing"},"east":{"uv":[5.875,2.125,4.125,3.875],"texture":"#1"},"south":{"uv":[0,0,0,3.5],"texture":"#missing"},"west":{"uv":[4.125,2.125,5.875,3.875],"texture":"#1"},"up":{"uv":[0,0,0,3.5],"texture":"#missing"},"down":{"uv":[0,0,0,3.5],"texture":"#missing"}}},{"from":[11,-2,11],"to":[11,5,18],"rotation":{"angle":0,"axis":"y","origin":[13,-8,9]},"faces":{"north":{"uv":[0,0,0,3.5],"texture":"#missing"},"east":{"uv":[5.875,4,4.125,5.75],"texture":"#1"},"south":{"uv":[0,0,0,3.5],"texture":"#missing"},"west":{"uv":[4.125,4,5.875,5.75],"texture":"#1"},"up":{"uv":[0,0,0,3.5],"texture":"#missing"},"down":{"uv":[0,0,0,3.5],"texture":"#missing"}}},{"from":[12,-12,-3],"to":[12,-5,4],"rotation":{"angle":0,"axis":"y","origin":[14,-18,-5]},"faces":{"north":{"uv":[0,0,0,3.5],"texture":"#missing"},"east":{"uv":[7.75,4.125,6,5.875],"texture":"#1"},"south":{"uv":[0,0,0,3.5],"texture":"#missing"},"west":{"uv":[6,4.125,7.75,5.875],"texture":"#1"},"up":{"uv":[0,0,0,3.5],"texture":"#missing"},"down":{"uv":[0,0,0,3.5],"texture":"#missing"}}},{"from":[3,-9,8],"to":[3,0,16],"rotation":{"angle":22.5,"axis":"y","origin":[3,0,8]},"faces":{"north":{"uv":[0,0,0,3.5],"rotation":180,"texture":"#missing"},"east":{"uv":[2,13.75,0,16],"rotation":180,"texture":"#1"},"south":{"uv":[0,0,0,3.5],"rotation":180,"texture":"#missing"},"west":{"uv":[0,13.75,2,16],"rotation":180,"texture":"#1"},"up":{"uv":[0,0,0,3.5],"texture":"#missing"},"down":{"uv":[0,0,0,3.5],"texture":"#missing"}}},{"from":[3,-9,0],"to":[3,0,8],"rotation":{"angle":-22.5,"axis":"y","origin":[3,0,8]},"faces":{"north":{"uv":[0,0,0,3.5],"rotation":180,"texture":"#missing"},"east":{"uv":[0,16,2,13.75],"texture":"#1"},"south":{"uv":[0,0,0,3.5],"texture":"#missing"},"west":{"uv":[0,16,2,13.75],"texture":"#1"},"up":{"uv":[0,0,0,3.5],"texture":"#missing"},"down":{"uv":[0,0,0,3.5],"rotation":180,"texture":"#missing"}}},{"from":[13,-9,8],"to":[13,0,16],"rotation":{"angle":-22.5,"axis":"y","origin":[13,0,8]},"faces":{"north":{"uv":[0,0,0,3.5],"rotation":180,"texture":"#missing"},"east":{"uv":[2,13.75,0,16],"rotation":180,"texture":"#1"},"south":{"uv":[0,0,0,3.5],"rotation":180,"texture":"#missing"},"west":{"uv":[0,13.75,2,16],"rotation":180,"texture":"#1"},"up":{"uv":[0,0,0,3.5],"texture":"#missing"},"down":{"uv":[0,0,0,3.5],"texture":"#missing"}}},{"from":[13,-9,0],"to":[13,0,8],"rotation":{"angle":22.5,"axis":"y","origin":[13,0,8]},"faces":{"north":{"uv":[0,0,0,3.5],"rotation":180,"texture":"#missing"},"east":{"uv":[2,16,0,13.75],"texture":"#1"},"south":{"uv":[0,0,0,3.5],"texture":"#missing"},"west":{"uv":[2,16,0,13.75],"texture":"#1"},"up":{"uv":[0,0,0,3.5],"texture":"#missing"},"down":{"uv":[0,0,0,3.5],"rotation":180,"texture":"#missing"}}}],"gui_light":"front","display":{"thirdperson_righthand":{"rotation":[90,0,0],"translation":[0,-2,7],"scale":[0.8,0.8,0.8]},"thirdperson_lefthand":{"rotation":[90,0,0],"translation":[0,-2,7],"scale":[0.8,0.8,0.8]},"firstperson_righthand":{"rotation":[111,0,0],"translation":[1.13,1.5,4.38],"scale":[0.37,0.37,0.37]},"firstperson_lefthand":{"rotation":[111,0,0],"translation":[1.13,1.5,4.38],"scale":[0.37,0.37,0.37]},"ground":{"translation":[0,13,0],"scale":[0.5,0.5,0.5]},"gui":{"rotation":[14,-14,0],"translation":[-0.25,5,-1.5],"scale":[0.67384,0.67384,0.67384]},"head":{"scale":[0,0,0]},"fixed":{"rotation":[0,-180,0],"translation":[0,14.75,-5.25],"scale":[1.46484,1.46484,1.46484]}},"mcmodels":"e3a39039ab05ebb107bd35ba0b0c24d5"}