{"format_version":"1.21.6","credit":"Made with Blockbench","texture_size":[64,64],"textures":{"3":"elitecreatures:hollow_knight_animated_weapon_set/hat_texture","particle":"elitecreatures:hollow_knight_animated_weapon_set/animation_texture"},"elements":[{"from":[1,0,2.988],"to":[15,10,13.0005],"rotation":{"angle":0,"axis":"y","origin":[7,0,0]},"faces":{"north":{"uv":[0,0,3.5,2.5],"texture":"#3"},"east":{"uv":[5,5,2.5,7.5],"texture":"#3"},"south":{"uv":[0,2.5,3.5,5],"texture":"#3"},"west":{"uv":[2.5,5,5,7.5],"texture":"#3"},"up":{"uv":[7,2.5,3.5,0],"texture":"#3"},"down":{"uv":[7,2.5,3.5,5],"texture":"#3"}}},{"from":[5,-1.5,3],"to":[11,2.5,7],"rotation":{"angle":0,"axis":"y","origin":[7,-1.5,3]},"faces":{"north":{"uv":[10.25,2.5,11.75,3.5],"texture":"#3"},"east":{"uv":[8.75,11.25,9.75,12.25],"texture":"#3"},"south":{"uv":[3,10.25,4.5,11.25],"texture":"#3"},"west":{"uv":[11.25,9.5,12.25,10.5],"texture":"#3"},"up":{"uv":[11.75,4.5,10.25,3.5],"texture":"#3"},"down":{"uv":[11.75,4.5,10.25,5.5],"texture":"#3"}}},{"from":[1,-1.5,2.989],"to":[5,2.5,6.989],"rotation":{"angle":-22.5,"axis":"z","origin":[5,-1.5,3]},"faces":{"north":{"uv":[3.75,11.5,4.75,12.5],"texture":"#3"},"east":{"uv":[4.75,11.5,5.75,12.5],"texture":"#3"},"south":{"uv":[11.5,5.5,12.5,6.5],"texture":"#3"},"west":{"uv":[11.5,6.5,12.5,7.5],"texture":"#3"},"up":{"uv":[1,12.75,0,11.75],"texture":"#3"},"down":{"uv":[2,11.75,1,12.75],"texture":"#3"}}},{"from":[11,-1.5,2.989],"to":[15,2.5,6.989],"rotation":{"angle":22.5,"axis":"z","origin":[11,-1.5,3]},"faces":{"north":{"uv":[4.75,11.5,3.75,12.5],"texture":"#3"},"east":{"uv":[12.5,6.5,11.5,7.5],"texture":"#3"},"south":{"uv":[12.5,5.5,11.5,6.5],"texture":"#3"},"west":{"uv":[5.75,11.5,4.75,12.5],"texture":"#3"},"up":{"uv":[0,12.75,1,11.75],"texture":"#3"},"down":{"uv":[1,11.75,2,12.75],"texture":"#3"}}},{"from":[1,2,3],"to":[7,13,9],"rotation":{"angle":22.5,"axis":"z","origin":[1,2,5]},"faces":{"north":{"uv":[5,5,6.5,7.75],"texture":"#3"},"east":{"uv":[6.5,5,8,7.75],"texture":"#3"},"south":{"uv":[6.5,5,5,7.75],"texture":"#3"},"west":{"uv":[0,7.5,1.5,10.25],"texture":"#3"},"up":{"uv":[11.25,9,9.75,7.5],"texture":"#3"},"down":{"uv":[11.25,9,9.75,10.5],"texture":"#3"}}},{"from":[-2.53553,11.02082,2.989],"to":[0.46447,14.02082,9.0015],"rotation":{"angle":-22.5,"axis":"z","origin":[1,2,5]},"faces":{"north":{"uv":[7.25,12.25,8,13],"texture":"#3"},"east":{"uv":[5.75,10.5,7.25,11.25],"texture":"#3"},"south":{"uv":[8,12.25,7.25,13],"texture":"#3"},"west":{"uv":[8.75,10.5,10.25,11.25],"texture":"#3"},"up":{"uv":[7.75,4.25,7,2.75],"texture":"#3"},"down":{"uv":[11,10.5,10.25,12],"texture":"#3"}}},{"from":[-3.20952,12.16267,4],"to":[1.79048,22.16267,8],"rotation":{"angle":0,"axis":"y","origin":[1,2,5]},"faces":{"north":{"uv":[7.5,7.75,8.75,10.25],"texture":"#3"},"east":{"uv":[8.75,7.75,9.75,10.25],"texture":"#3"},"south":{"uv":[8.75,7.75,7.5,10.25],"texture":"#3"},"west":{"uv":[9.25,2.5,10.25,5],"texture":"#3"},"up":{"uv":[11.5,6.5,10.25,5.5],"texture":"#3"},"down":{"uv":[11.5,6.5,10.25,7.5],"texture":"#3"}}},{"from":[-12.69821,13.81612,3.989],"to":[-9.69821,16.81612,8.0015],"rotation":{"angle":-45,"axis":"z","origin":[1,2,5]},"faces":{"north":{"uv":[8,12.25,8.75,13],"texture":"#3"},"east":{"uv":[7,4.25,8,5],"texture":"#3"},"south":{"uv":[8.75,12.25,8,13],"texture":"#3"},"west":{"uv":[11.75,1.5,12.75,2.25],"texture":"#3"},"up":{"uv":[2.75,12.75,2,11.75],"texture":"#3"},"down":{"uv":[12.5,2.25,11.75,3.25],"texture":"#3"}}},{"from":[-10.60501,19.01697,5],"to":[-7.60501,21.01697,7],"rotation":{"angle":-22.5,"axis":"z","origin":[1,2,5]},"faces":{"north":{"uv":[12.25,1,13,1.5],"texture":"#3"},"east":{"uv":[1,12.75,1.5,13.25],"texture":"#3"},"south":{"uv":[13,1,12.25,1.5],"texture":"#3"},"west":{"uv":[1.5,12.75,2,13.25],"texture":"#3"},"up":{"uv":[13.25,2.75,12.5,2.25],"texture":"#3"},"down":{"uv":[13.25,2.75,12.5,3.25],"texture":"#3"}}},{"from":[-10.60501,21.01697,5],"to":[-8.60501,23.81697,7],"rotation":{"angle":-22.5,"axis":"z","origin":[1,2,5]},"faces":{"north":{"uv":[3.75,12.5,4.25,13.25],"texture":"#3"},"east":{"uv":[4.25,12.5,4.75,13.25],"texture":"#3"},"south":{"uv":[4.25,12.5,3.75,13.25],"texture":"#3"},"west":{"uv":[5.25,12.5,5.75,13.25],"texture":"#3"},"up":{"uv":[13.25,2,12.75,1.5],"texture":"#3"},"down":{"uv":[2.5,12.75,2,13.25],"texture":"#3"}}},{"from":[-1.514,20.63194,4.989],"to":[0.486,26.63194,7.0015],"rotation":{"angle":0,"axis":"y","origin":[1,2,5]},"faces":{"north":{"uv":[9.75,11.25,10.25,12.75],"texture":"#3"},"east":{"uv":[11.75,3.25,12.25,4.75],"texture":"#3"},"south":{"uv":[10.25,11.25,9.75,12.75],"texture":"#3"},"west":{"uv":[10.25,12,10.75,13.5],"texture":"#3"},"up":{"uv":[3,13.25,2.5,12.75],"texture":"#3"},"down":{"uv":[3.5,12.75,3,13.25],"texture":"#3"}}},{"from":[9,2,3],"to":[15,13,9],"rotation":{"angle":-22.5,"axis":"z","origin":[15,2,5]},"faces":{"north":{"uv":[6.5,5,5,7.75],"texture":"#3"},"east":{"uv":[1.5,7.5,0,10.25],"texture":"#3"},"south":{"uv":[5,5,6.5,7.75],"texture":"#3"},"west":{"uv":[8,5,6.5,7.75],"texture":"#3"},"up":{"uv":[9.75,9,11.25,7.5],"texture":"#3"},"down":{"uv":[9.75,9,11.25,10.5],"texture":"#3"}}},{"from":[15.53553,11.02082,2.989],"to":[18.53553,14.02082,9.0015],"rotation":{"angle":22.5,"axis":"z","origin":[15,2,5]},"faces":{"north":{"uv":[8,12.25,7.25,13],"texture":"#3"},"east":{"uv":[10.25,10.5,8.75,11.25],"texture":"#3"},"south":{"uv":[7.25,12.25,8,13],"texture":"#3"},"west":{"uv":[7.25,10.5,5.75,11.25],"texture":"#3"},"up":{"uv":[7,4.25,7.75,2.75],"texture":"#3"},"down":{"uv":[10.25,10.5,11,12],"texture":"#3"}}},{"from":[14.20952,12.16267,4],"to":[19.20952,22.16267,8],"rotation":{"angle":0,"axis":"y","origin":[15,2,5]},"faces":{"north":{"uv":[8.75,7.75,7.5,10.25],"texture":"#3"},"east":{"uv":[10.25,2.5,9.25,5],"texture":"#3"},"south":{"uv":[7.5,7.75,8.75,10.25],"texture":"#3"},"west":{"uv":[9.75,7.75,8.75,10.25],"texture":"#3"},"up":{"uv":[10.25,6.5,11.5,5.5],"texture":"#3"},"down":{"uv":[10.25,6.5,11.5,7.5],"texture":"#3"}}},{"from":[25.69821,13.81612,3.989],"to":[28.69821,16.81612,8.0015],"rotation":{"angle":45,"axis":"z","origin":[15,2,5]},"faces":{"north":{"uv":[8.75,12.25,8,13],"texture":"#3"},"east":{"uv":[12.75,1.5,11.75,2.25],"texture":"#3"},"south":{"uv":[8,12.25,8.75,13],"texture":"#3"},"west":{"uv":[8,4.25,7,5],"texture":"#3"},"up":{"uv":[2,12.75,2.75,11.75],"texture":"#3"},"down":{"uv":[11.75,2.25,12.5,3.25],"texture":"#3"}}},{"from":[23.60501,19.01697,5],"to":[26.60501,21.01697,7],"rotation":{"angle":22.5,"axis":"z","origin":[15,2,5]},"faces":{"north":{"uv":[13,1,12.25,1.5],"texture":"#3"},"east":{"uv":[2,12.75,1.5,13.25],"texture":"#3"},"south":{"uv":[12.25,1,13,1.5],"texture":"#3"},"west":{"uv":[1.5,12.75,1,13.25],"texture":"#3"},"up":{"uv":[12.5,2.75,13.25,2.25],"texture":"#3"},"down":{"uv":[12.5,2.75,13.25,3.25],"texture":"#3"}}},{"from":[24.60501,21.01697,5],"to":[26.60501,23.81697,7],"rotation":{"angle":22.5,"axis":"z","origin":[15,2,5]},"faces":{"north":{"uv":[4.25,12.5,3.75,13.25],"texture":"#3"},"east":{"uv":[5.75,12.5,5.25,13.25],"texture":"#3"},"south":{"uv":[3.75,12.5,4.25,13.25],"texture":"#3"},"west":{"uv":[4.75,12.5,4.25,13.25],"texture":"#3"},"up":{"uv":[12.75,2,13.25,1.5],"texture":"#3"},"down":{"uv":[2,12.75,2.5,13.25],"texture":"#3"}}},{"from":[15.514,20.63194,4.989],"to":[17.514,26.63194,7.0015],"rotation":{"angle":0,"axis":"y","origin":[15,2,5]},"faces":{"north":{"uv":[10.25,11.25,9.75,12.75],"texture":"#3"},"east":{"uv":[10.75,12,10.25,13.5],"texture":"#3"},"south":{"uv":[9.75,11.25,10.25,12.75],"texture":"#3"},"west":{"uv":[12.25,3.25,11.75,4.75],"texture":"#3"},"up":{"uv":[2.5,13.25,3,12.75],"texture":"#3"},"down":{"uv":[3,12.75,3.5,13.25],"texture":"#3"}}}],"gui_light":"front","display":{"thirdperson_righthand":{"rotation":[75,45,0],"translation":[0,2.5,0.75],"scale":[0.25977,0.25977,0.25977]},"thirdperson_lefthand":{"rotation":[75,45,0],"translation":[0,2.5,0.75],"scale":[0.25977,0.25977,0.25977]},"firstperson_righthand":{"rotation":[0,45,0],"translation":[3.25,4.5,0],"scale":[0.35898,0.35898,0.35898]},"firstperson_lefthand":{"rotation":[0,45,0],"translation":[3.25,4.5,0],"scale":[0.35898,0.35898,0.35898]},"ground":{"translation":[0,9,1],"scale":[0.53906,0.53906,0.53906]},"gui":{"rotation":[14,166,0],"translation":[0.25,-2,-1.5],"scale":[0.5215,0.5215,0.5215]},"head":{"translation":[0,4,-0.25],"scale":[1.36,1.36,1.36]},"fixed":{"rotation":[-90,0,0],"translation":[0,0.25,-19],"scale":[2,2,2]}},"mcmodels":"e3a39039ab05ebb107bd35ba0b0c24d5"}