{"format_version":"1.21.6","credit":"Made with Blockbench","texture_size":[64,64],"textures":{"2":"elitecreatures:hollow_knight_animated_weapon_set/key_texture","particle":"elitecreatures:hollow_knight_animated_weapon_set/animation_texture"},"elements":[{"from":[7,2,0],"to":[9,3,2],"rotation":{"angle":0,"axis":"y","origin":[8,2,0]},"faces":{"north":{"uv":[15,0.5,14.75,1],"rotation":270,"texture":"#2"},"east":{"uv":[14.75,1.5,14.5,1],"rotation":90,"texture":"#2"},"south":{"uv":[15.25,0.5,15,1],"rotation":270,"texture":"#2"},"west":{"uv":[14.75,1,14.5,1.5],"rotation":90,"texture":"#2"},"up":{"uv":[14.75,0.5,14.25,1],"texture":"#2"},"down":{"uv":[15.25,1,14.75,1.5],"rotation":180,"texture":"#2"}}},{"from":[7.5,0.5,0],"to":[8.5,2,1],"rotation":{"angle":0,"axis":"y","origin":[7.5,1,0]},"faces":{"north":{"uv":[14.125,0.5,13.75,0.75],"rotation":270,"texture":"#2"},"east":{"uv":[13.875,0.75,13.5,1],"rotation":90,"texture":"#2"},"south":{"uv":[14.125,1,13.75,1.25],"rotation":270,"texture":"#2"},"west":{"uv":[13.875,0.75,13.5,1],"rotation":90,"texture":"#2"},"up":{"uv":[13.75,0.5,13.5,0.75],"texture":"#2"},"down":{"uv":[13.75,1,13.5,1.25],"rotation":180,"texture":"#2"}}},{"from":[7.5,0.5,1.5],"to":[8.5,1.5,2],"rotation":{"angle":0,"axis":"y","origin":[7.5,0.5,1]},"faces":{"north":{"uv":[14,0.5,13.75,0.75],"rotation":270,"texture":"#2"},"east":{"uv":[13.75,0.75,13.5,0.875],"rotation":90,"texture":"#2"},"south":{"uv":[14.125,0.75,13.875,1],"rotation":270,"texture":"#2"},"west":{"uv":[13.75,0.75,13.5,0.875],"rotation":90,"texture":"#2"},"up":{"uv":[13.75,0.5,13.5,0.625],"texture":"#2"},"down":{"uv":[13.75,1,13.5,1.125],"rotation":180,"texture":"#2"}}},{"from":[7.5,1.5,1.5],"to":[8.5,2.5,5.5],"rotation":{"angle":0,"axis":"y","origin":[8.5,1.5,1.5]},"faces":{"north":{"uv":[15.75,0,15.5,0.25],"rotation":270,"texture":"#2"},"east":{"uv":[15.5,1.5,15.25,0.5],"rotation":90,"texture":"#2"},"south":{"uv":[16,0,15.75,0.25],"rotation":270,"texture":"#2"},"west":{"uv":[15.5,0.5,15.25,1.5],"rotation":90,"texture":"#2"},"up":{"uv":[15.75,0.5,15.5,1.5],"texture":"#2"},"down":{"uv":[16,0.5,15.75,1.5],"rotation":180,"texture":"#2"}}},{"from":[7.4875,0.5,5.5],"to":[8.5125,3.5,8.5],"rotation":{"angle":45,"axis":"x","origin":[8,2,7]},"faces":{"north":{"uv":[7.375,9.25,7.5,8.5],"rotation":180,"texture":"#2"},"east":{"uv":[7.375,9.125,6.625,8.375],"rotation":180,"texture":"#2"},"south":{"uv":[6.625,8.25,7.375,8.5],"rotation":90,"texture":"#2"},"west":{"uv":[6.625,9.125,7.375,8.375],"rotation":180,"texture":"#2"},"up":{"uv":[7.375,8.25,6.625,8.5],"rotation":90,"texture":"#2"},"down":{"uv":[7.375,9.25,7.5,8.5],"rotation":180,"texture":"#2"}}},{"from":[8,-0.5,8.5],"to":[8,6.5,17.5],"rotation":{"angle":0,"axis":"y","origin":[8.5,2.5,8.5]},"faces":{"north":{"uv":[12.5,0.5,11.5,1.5],"rotation":270,"texture":"#2"},"east":{"uv":[13.375,13.75,11.625,16],"rotation":90,"texture":"#2"},"south":{"uv":[13.5,0.5,12.5,1.5],"rotation":270,"texture":"#2"},"west":{"uv":[13.375,16,11.625,13.75],"rotation":90,"texture":"#2"},"up":{"uv":[13.5,0,12.5,0.5],"texture":"#2"},"down":{"uv":[15.5,0,14.5,0.5],"rotation":180,"texture":"#2"}}},{"from":[8,-0.5,8.5],"to":[8,6.5,13.5],"rotation":{"angle":-22.5,"axis":"y","origin":[8.5,2.5,8.5]},"faces":{"north":{"uv":[12.5,0.5,11.5,1.5],"rotation":270,"texture":"#2"},"east":{"uv":[11.25,14.75,9.5,16],"rotation":90,"texture":"#2"},"south":{"uv":[13.5,0.5,12.5,1.5],"rotation":270,"texture":"#2"},"west":{"uv":[11.25,16,9.5,14.75],"rotation":90,"texture":"#2"},"up":{"uv":[13.5,0,12.5,0.5],"texture":"#2"},"down":{"uv":[15.5,0,14.5,0.5],"rotation":180,"texture":"#2"}}},{"from":[8,-0.5,8.5],"to":[8,6.5,13.5],"rotation":{"angle":22.5,"axis":"y","origin":[8.5,2.5,8.5]},"faces":{"north":{"uv":[12.5,0.5,11.5,1.5],"rotation":270,"texture":"#2"},"east":{"uv":[11.25,14.75,9.5,16],"rotation":90,"texture":"#2"},"south":{"uv":[13.5,0.5,12.5,1.5],"rotation":270,"texture":"#2"},"west":{"uv":[11.25,16,9.5,14.75],"rotation":90,"texture":"#2"},"up":{"uv":[13.5,0,12.5,0.5],"texture":"#2"},"down":{"uv":[15.5,0,14.5,0.5],"rotation":180,"texture":"#2"}}}],"gui_light":"front","display":{"thirdperson_righthand":{"rotation":[90,0,0],"translation":[0,0.75,5.75],"scale":[0.83281,0.83281,0.83281]},"thirdperson_lefthand":{"rotation":[90,0,0],"translation":[0,0.75,5.75],"scale":[0.83281,0.83281,0.83281]},"firstperson_righthand":{"rotation":[77.75,7,2],"translation":[15.5,-7.5,-4.25],"scale":[1.8832,1.8832,1.8832]},"firstperson_lefthand":{"rotation":[77.75,7,2],"translation":[15.5,-7.5,-4.25],"scale":[1.8832,1.8832,1.8832]},"ground":{"rotation":[0,0,90],"translation":[-4.75,9,-0.5],"scale":[0.84609,0.84609,0.84609]},"gui":{"rotation":[-90,-180,90],"translation":[6.25,-2,0],"scale":[1.16016,1.16016,1.16016]},"head":{"scale":[0,0,0]},"fixed":{"rotation":[-90,-180,-90],"translation":[-15,-9,-2.5],"scale":[2.51719,2.51719,2.51719]}},"mcmodels":"e3a39039ab05ebb107bd35ba0b0c24d5"}