{"format_version":"1.21.6","credit":"Made with Blockbench","texture_size":[64,64],"textures":{"1":"elitecreatures:hollow_knight_animated_weapon_set/animation_texture","2":"elitecreatures:hollow_knight_animated_weapon_set/scythe_texture","particle":"elitecreatures:hollow_knight_animated_weapon_set/animation_texture"},"elements":[{"from":[7.0125,7.22183,6.12132],"to":[8.9875,10.22183,9.12132],"rotation":{"angle":-45,"axis":"x","origin":[8,15,7]},"faces":{"north":{"uv":[0.5,13.5,1,14.25],"texture":"#2"},"east":{"uv":[1,13.5,1.75,14.25],"texture":"#2"},"south":{"uv":[0.5,13.5,1,14.25],"texture":"#2"},"west":{"uv":[1.75,13.5,1,14.25],"texture":"#2"},"up":{"uv":[0,14.25,0.5,15],"texture":"#2"},"down":{"uv":[0,14.25,0.5,15],"texture":"#2"}}},{"from":[7,11,7],"to":[9,15,14],"rotation":{"angle":0,"axis":"y","origin":[8,15,7]},"faces":{"north":{"uv":[0,15,0.5,16],"rotation":180,"texture":"#2"},"east":{"uv":[1,14.25,2,16],"rotation":90,"texture":"#2"},"south":{"uv":[0,15,0.5,16],"texture":"#2"},"west":{"uv":[2,14.25,1,16],"rotation":270,"texture":"#2"},"up":{"uv":[2,14.25,2.5,16],"texture":"#2"},"down":{"uv":[0.5,14.25,1,16],"rotation":180,"texture":"#2"}}},{"from":[6.9875,14.67878,13.46716],"to":[9.0125,17.67878,19.46716],"rotation":{"angle":22.5,"axis":"x","origin":[8,15,7]},"faces":{"north":{"uv":[1.5,12.75,2,13.5],"rotation":180,"texture":"#2"},"east":{"uv":[2.5,12,3.25,13.5],"rotation":90,"texture":"#2"},"south":{"uv":[1.5,12.75,2,13.5],"texture":"#2"},"west":{"uv":[3.25,12,2.5,13.5],"rotation":270,"texture":"#2"},"up":{"uv":[3.25,12,3.75,13.5],"texture":"#2"},"down":{"uv":[2,12,2.5,13.5],"rotation":180,"texture":"#2"}}},{"from":[6.975,5.95725,13.58848],"to":[9.025,7.95725,15.58848],"rotation":{"angle":-22.5,"axis":"x","origin":[8,15,7]},"faces":{"north":{"uv":[0,13,0.5,13.5],"texture":"#2"},"east":{"uv":[0.5,13,1,13.5],"texture":"#2"},"south":{"uv":[0,13,0.5,13.5],"texture":"#2"},"west":{"uv":[1,13,0.5,13.5],"texture":"#2"},"up":{"uv":[0,13.75,0.5,14.25],"texture":"#2"},"down":{"uv":[0,13.75,0.5,14.25],"texture":"#2"}}},{"from":[7,0.50698,12.24585],"to":[9,4.50698,14.24585],"rotation":{"angle":-45,"axis":"x","origin":[8,15,7]},"faces":{"north":{"uv":[2.5,13.5,3,14.5],"texture":"#2"},"east":{"uv":[3,13.5,3.5,14.5],"texture":"#2"},"south":{"uv":[3.5,13.5,4,14.5],"texture":"#2"},"west":{"uv":[3.5,13.5,3,14.5],"texture":"#2"},"up":{"uv":[1.75,13.75,2.25,14.25],"texture":"#2"},"down":{"uv":[1.75,13.75,2.25,14.25],"texture":"#2"}}},{"from":[6.9875,8.46126,19.95749],"to":[9.0125,10.46126,20.95749],"rotation":{"angle":0,"axis":"y","origin":[8,15,7]},"faces":{"north":{"uv":[0,12.5,0.5,13],"texture":"#2"},"east":{"uv":[0.5,12.5,0.75,13],"texture":"#2"},"south":{"uv":[0,12.5,0.5,13],"texture":"#2"},"west":{"uv":[0.75,12.5,0.5,13],"texture":"#2"},"up":{"uv":[0,13.5,0.5,13.75],"texture":"#2"},"down":{"uv":[0,13.5,0.5,13.75],"texture":"#2"}}},{"from":[7.5,15,6],"to":[8.5,19,10],"rotation":{"angle":0,"axis":"y","origin":[8,15,8]},"faces":{"north":{"uv":[5.75,10.25,6,11.25],"texture":"#2"},"east":{"uv":[9.5,8.5,8.5,9.5],"texture":"#2"},"south":{"uv":[10.25,5.75,10.5,6.75],"texture":"#2"},"west":{"uv":[8.5,8.5,9.5,9.5],"texture":"#2"},"up":{"uv":[6.25,11.25,6,10.25],"texture":"#2"},"down":{"uv":[6.5,10.25,6.25,11.25],"texture":"#2"}}},{"from":[8,13,0],"to":[8,23,8],"rotation":{"angle":-45,"axis":"x","origin":[8,19,4]},"faces":{"north":{"uv":[9.25,14.5,9.25,16],"rotation":180,"texture":"#2"},"east":{"uv":[11.5,13.5,13.5,16],"rotation":180,"texture":"#2"},"south":{"uv":[9.25,14.5,9.25,16],"rotation":180,"texture":"#2"},"west":{"uv":[13.5,13.5,11.5,16],"rotation":180,"texture":"#2"},"up":{"uv":[9.25,14.5,9.25,16],"texture":"#2"},"down":{"uv":[9.25,14.5,9.25,16],"texture":"#2"}}},{"from":[8,12,-8],"to":[8,22,0],"rotation":{"angle":22.5,"axis":"z","origin":[8,13,-4]},"faces":{"north":{"uv":[9.25,14.5,9.25,16],"rotation":180,"texture":"#2"},"east":{"uv":[11.5,13.5,13.5,16],"rotation":180,"texture":"#2"},"south":{"uv":[9.25,14.5,9.25,16],"rotation":180,"texture":"#2"},"west":{"uv":[13.5,13.5,11.5,16],"rotation":180,"texture":"#2"},"up":{"uv":[9.25,14.5,9.25,16],"texture":"#2"},"down":{"uv":[9.25,14.5,9.25,16],"texture":"#2"}}},{"from":[8,12,-8],"to":[8,22,0],"rotation":{"angle":-22.5,"axis":"z","origin":[8,13,-4]},"faces":{"north":{"uv":[9.25,14.5,9.25,16],"rotation":180,"texture":"#2"},"east":{"uv":[11.5,13.5,13.5,16],"rotation":180,"texture":"#2"},"south":{"uv":[9.25,14.5,9.25,16],"rotation":180,"texture":"#2"},"west":{"uv":[13.5,13.5,11.5,16],"rotation":180,"texture":"#2"},"up":{"uv":[9.25,14.5,9.25,16],"texture":"#2"},"down":{"uv":[9.25,14.5,9.25,16],"texture":"#2"}}},{"from":[8,13,8],"to":[8,23,16],"rotation":{"angle":45,"axis":"x","origin":[8,19,12]},"faces":{"north":{"uv":[9.25,14.5,9.25,16],"rotation":180,"texture":"#2"},"east":{"uv":[13.5,13.5,11.5,16],"rotation":180,"texture":"#2"},"south":{"uv":[9.25,14.5,9.25,16],"rotation":180,"texture":"#2"},"west":{"uv":[11.5,13.5,13.5,16],"rotation":180,"texture":"#2"},"up":{"uv":[9.25,16,9.25,14.5],"texture":"#2"},"down":{"uv":[9.25,16,9.25,14.5],"texture":"#2"}}},{"from":[7.4875,17.8125,7.1],"to":[8.5125,20.6125,9.9],"rotation":{"angle":45,"axis":"x","origin":[8,19.7125,8]},"faces":{"north":{"uv":[8.25,10.25,8.5,11],"texture":"#2"},"east":{"uv":[8.75,9.5,8,10.25],"texture":"#2"},"south":{"uv":[8.5,10.25,8.75,11],"texture":"#2"},"west":{"uv":[8,9.5,8.75,10.25],"texture":"#2"},"up":{"uv":[0.75,11.25,0.5,10.5],"texture":"#2"},"down":{"uv":[1,10.5,0.75,11.25],"texture":"#2"}}},{"from":[7.4875,11,0],"to":[8.5125,15,6],"rotation":{"angle":0,"axis":"y","origin":[8,13,6]},"faces":{"north":{"uv":[6.25,11.25,6,10.25],"rotation":180,"texture":"#2"},"east":{"uv":[9.75,10.5,8.75,12],"rotation":90,"texture":"#2"},"south":{"uv":[6.5,10.25,6.25,11.25],"texture":"#2"},"west":{"uv":[8.75,10.5,9.75,12],"rotation":270,"texture":"#2"},"up":{"uv":[10.75,5.75,11,7.25],"texture":"#2"},"down":{"uv":[11,5.75,11.25,7.25],"rotation":180,"texture":"#2"}}},{"from":[8.0125,9,0],"to":[8.0125,11,6],"rotation":{"angle":0,"axis":"y","origin":[8.0125,9,6]},"faces":{"north":{"uv":[6.25,11.25,6,10.25],"rotation":180,"texture":"#2"},"east":{"uv":[11.25,10.5,9.75,11],"texture":"#2"},"south":{"uv":[6.5,10.25,6.25,11.25],"texture":"#2"},"west":{"uv":[9.75,10.5,11.25,11],"texture":"#2"},"up":{"uv":[10.75,5.75,11,7.25],"texture":"#2"},"down":{"uv":[11,5.75,11.25,7.25],"rotation":180,"texture":"#2"}}},{"from":[7.5,11,-8],"to":[8.5,15,0],"rotation":{"angle":-22.5,"axis":"x","origin":[8,15,0]},"faces":{"north":{"uv":[6.25,11.25,6,10.25],"rotation":180,"texture":"#2"},"east":{"uv":[7,11.25,6,13.25],"rotation":90,"texture":"#2"},"south":{"uv":[6.5,10.25,6.25,11.25],"texture":"#2"},"west":{"uv":[6,11.25,7,13.25],"rotation":270,"texture":"#2"},"up":{"uv":[8,10.5,8.25,12.5],"texture":"#2"},"down":{"uv":[7.75,10.5,8,12.5],"rotation":180,"texture":"#2"}}},{"from":[8,4,-16],"to":[8,15,0],"rotation":{"angle":-22.5,"axis":"x","origin":[8,15,0]},"faces":{"north":{"uv":[6.25,11.25,6,10.25],"rotation":180,"texture":"#2"},"east":{"uv":[16,10.625,12,13.375],"texture":"#2"},"south":{"uv":[6.5,10.25,6.25,11.25],"texture":"#2"},"west":{"uv":[12,10.625,16,13.375],"texture":"#2"},"up":{"uv":[8,10.5,8.25,12.5],"texture":"#2"},"down":{"uv":[7.75,10.5,8,12.5],"rotation":180,"texture":"#2"}}},{"from":[7.4875,6.5111,-5.66047],"to":[8.5125,9.3361,-2.83547],"rotation":{"angle":22.5,"axis":"x","origin":[8,15,0]},"faces":{"north":{"uv":[0.75,11.25,0.5,10.5],"rotation":180,"texture":"#2"},"east":{"uv":[8.75,9.5,8,10.25],"rotation":90,"texture":"#2"},"south":{"uv":[1,10.5,0.75,11.25],"texture":"#2"},"west":{"uv":[8,9.5,8.75,10.25],"rotation":270,"texture":"#2"},"up":{"uv":[8.5,10.25,8.75,11],"texture":"#2"},"down":{"uv":[8.25,10.25,8.5,11],"rotation":180,"texture":"#2"}}},{"from":[6.9875,13.5,4],"to":[9.0125,17.5,8],"rotation":{"angle":-45,"axis":"x","origin":[8,17.5,8]},"faces":{"north":{"uv":[4.5,9.25,5,10.25],"texture":"#2"},"east":{"uv":[10,0,9,1],"texture":"#2"},"south":{"uv":[9.5,8.5,10,9.5],"texture":"#2"},"west":{"uv":[9,0,10,1],"texture":"#2"},"up":{"uv":[9.25,10.5,8.75,9.5],"texture":"#2"},"down":{"uv":[9.75,9.5,9.25,10.5],"texture":"#2"}}},{"from":[6.975,4.80448,6.46927],"to":[9.025,13.80448,10.46927],"rotation":{"angle":22.5,"axis":"x","origin":[8,17.5,8]},"faces":{"north":{"uv":[5,8,5.5,10.25],"texture":"#2"},"east":{"uv":[2,6.75,1,9],"texture":"#2"},"south":{"uv":[8,5.25,8.5,7.5],"texture":"#2"},"west":{"uv":[1,6.75,2,9],"texture":"#2"},"up":{"uv":[10.25,8,9.75,7],"texture":"#2"},"down":{"uv":[10.25,9.5,9.75,10.5],"texture":"#2"}}},{"from":[6.975,4.80448,5.53073],"to":[9.025,13.80448,9.53073],"rotation":{"angle":-22.5,"axis":"x","origin":[8,17.5,8]},"faces":{"north":{"uv":[8.5,5.25,8,7.5],"texture":"#2"},"east":{"uv":[1,6.75,2,9],"texture":"#2"},"south":{"uv":[5.5,8,5,10.25],"texture":"#2"},"west":{"uv":[2,6.75,1,9],"texture":"#2"},"up":{"uv":[10.25,7,9.75,8],"texture":"#2"},"down":{"uv":[10.25,10.5,9.75,9.5],"texture":"#2"}}},{"from":[6,5,6],"to":[10,10,10],"rotation":{"angle":-45,"axis":"y","origin":[8,3,8]},"faces":{"north":{"uv":[4,8,5,9.25],"texture":"#2"},"east":{"uv":[5,8,4,9.25],"texture":"#2"},"south":{"uv":[4,8,5,9.25],"texture":"#2"},"west":{"uv":[5,8,4,9.25],"texture":"#2"},"up":{"uv":[2,10,1,9],"texture":"#2"},"down":{"uv":[10,1,9,2],"texture":"#2"}}},{"from":[6.5,10,6.5],"to":[9.5,15,9.5],"rotation":{"angle":-45,"axis":"y","origin":[8,8,8]},"faces":{"north":{"uv":[10.25,4.25,9.5,5.5],"texture":"#2"},"east":{"uv":[9.5,4.25,10.25,5.5],"texture":"#2"},"south":{"uv":[10.25,4.25,9.5,5.5],"texture":"#2"},"west":{"uv":[9.5,4.25,10.25,5.5],"texture":"#2"},"up":{"uv":[10.25,6.25,9.5,5.5],"texture":"#2"},"down":{"uv":[10.25,6.25,9.5,7],"texture":"#2"}}},{"from":[6,-12,6],"to":[10,-10,10],"rotation":{"angle":-45,"axis":"y","origin":[8,-8,8]},"faces":{"north":{"uv":[9.75,8,10.75,8.5],"texture":"#2"},"east":{"uv":[0.5,10,1.5,10.5],"texture":"#2"},"south":{"uv":[10,1,11,1.5],"texture":"#2"},"west":{"uv":[1.5,10,2.5,10.5],"texture":"#2"},"up":{"uv":[3,10,2,9],"texture":"#2"},"down":{"uv":[10,2,9,3],"texture":"#2"}}},{"from":[6,3,6],"to":[10,5,10],"rotation":{"angle":0,"axis":"y","origin":[8,7,8]},"faces":{"north":{"uv":[12.5,0,11.5,0.5],"texture":"#2"},"east":{"uv":[13.5,0,12.5,0.5],"texture":"#2"},"south":{"uv":[14.5,0,13.5,0.5],"texture":"#2"},"west":{"uv":[15.5,0,14.5,0.5],"texture":"#2"},"up":{"uv":[12.5,0.5,11.5,1.5],"texture":"#2"},"down":{"uv":[13.5,0.5,12.5,1.5],"texture":"#2"}}},{"from":[4,-5,6],"to":[12,5,6],"rotation":{"angle":22.5,"axis":"x","origin":[8,5,6]},"faces":{"north":{"uv":[13.375,16,11.375,13.5],"rotation":180,"texture":"#2"},"east":{"uv":[0.5,10,1.5,10.5],"rotation":90,"texture":"#2"},"south":{"uv":[13.375,13.5,11.375,16],"texture":"#2"},"west":{"uv":[1.5,10,2.5,10.5],"rotation":270,"texture":"#2"},"up":{"uv":[10,1,11,1.5],"texture":"#2"},"down":{"uv":[9.75,8,10.75,8.5],"rotation":180,"texture":"#2"}}},{"from":[4,-1,6],"to":[12,5,6],"rotation":{"angle":45,"axis":"x","origin":[8,5,6]},"faces":{"north":{"uv":[11.25,16,9.25,14.5],"rotation":180,"texture":"#2"},"east":{"uv":[0.5,10,1.5,10.5],"rotation":90,"texture":"#2"},"south":{"uv":[11.25,14.5,9.25,16],"texture":"#2"},"west":{"uv":[1.5,10,2.5,10.5],"rotation":270,"texture":"#2"},"up":{"uv":[10,1,11,1.5],"texture":"#2"},"down":{"uv":[9.75,8,10.75,8.5],"rotation":180,"texture":"#2"}}},{"from":[6,-5,4],"to":[6,5,12],"rotation":{"angle":-22.5,"axis":"z","origin":[6,5,8]},"faces":{"north":{"uv":[0.5,10,1.5,10.5],"rotation":90,"texture":"#2"},"east":{"uv":[16,14,13.5,16],"rotation":270,"texture":"#2"},"south":{"uv":[1.5,10,2.5,10.5],"rotation":270,"texture":"#2"},"west":{"uv":[16,16,13.5,14],"rotation":270,"texture":"#2"},"up":{"uv":[10,1,11,1.5],"rotation":270,"texture":"#2"},"down":{"uv":[9.75,8,10.75,8.5],"rotation":270,"texture":"#2"}}},{"from":[4,5,10],"to":[12,5,16],"rotation":{"angle":22.5,"axis":"x","origin":[8,5,10]},"faces":{"north":{"uv":[10,1,11,1.5],"texture":"#2"},"east":{"uv":[1.5,10,2.5,10.5],"texture":"#2"},"south":{"uv":[9.75,8,10.75,8.5],"texture":"#2"},"west":{"uv":[0.5,10,1.5,10.5],"texture":"#2"},"up":{"uv":[11.25,16,9.25,14.5],"rotation":180,"texture":"#2"},"down":{"uv":[11.25,14.5,9.25,16],"rotation":180,"texture":"#2"}}},{"from":[10,-5,4],"to":[10,5,12],"rotation":{"angle":22.5,"axis":"z","origin":[10,5,8]},"faces":{"north":{"uv":[1.5,10,2.5,10.5],"rotation":270,"texture":"#2"},"east":{"uv":[16,16,13.5,14],"rotation":270,"texture":"#2"},"south":{"uv":[0.5,10,1.5,10.5],"rotation":90,"texture":"#2"},"west":{"uv":[16,14,13.5,16],"rotation":270,"texture":"#2"},"up":{"uv":[10,1,11,1.5],"rotation":90,"texture":"#2"},"down":{"uv":[9.75,8,10.75,8.5],"rotation":90,"texture":"#2"}}},{"from":[10,-5,4],"to":[10,5,12],"rotation":{"angle":45,"axis":"z","origin":[10,5,8]},"faces":{"north":{"uv":[1.5,10,2.5,10.5],"rotation":270,"texture":"#2"},"east":{"uv":[11.375,13.5,13.375,16],"texture":"#2"},"south":{"uv":[0.5,10,1.5,10.5],"rotation":90,"texture":"#2"},"west":{"uv":[13.375,13.5,11.375,16],"texture":"#2"},"up":{"uv":[10,1,11,1.5],"rotation":90,"texture":"#2"},"down":{"uv":[9.75,8,10.75,8.5],"rotation":90,"texture":"#2"}}},{"from":[6,-5,4],"to":[6,5,12],"rotation":{"angle":-45,"axis":"z","origin":[6,5,8]},"faces":{"north":{"uv":[1.5,10.5,2.5,10],"rotation":270,"texture":"#2"},"east":{"uv":[11.375,13.5,13.375,16],"texture":"#2"},"south":{"uv":[0.5,10.5,1.5,10],"rotation":90,"texture":"#2"},"west":{"uv":[13.375,13.5,11.375,16],"texture":"#2"},"up":{"uv":[10,1.5,11,1],"rotation":90,"texture":"#2"},"down":{"uv":[9.75,8.5,10.75,8],"rotation":90,"texture":"#2"}}},{"from":[7,-14,7],"to":[9,3,9],"rotation":{"angle":-45,"axis":"y","origin":[8,-6,8]},"faces":{"north":{"uv":[4.5,11.25,5,15.5],"texture":"#2"},"east":{"uv":[4,11.25,4.5,15.5],"texture":"#2"},"south":{"uv":[5,11.25,5.5,15.5],"texture":"#2"},"west":{"uv":[5.5,11.25,6,15.5],"texture":"#2"},"up":{"uv":[10.5,9.5,10,9],"texture":"#2"},"down":{"uv":[10.75,6.75,10.25,7.25],"texture":"#2"}}},{"from":[6.5,-13.95,10],"to":[9.5,-12.95,11],"rotation":{"angle":22.5,"axis":"x","origin":[7.5,-13.95,9]},"faces":{"north":{"uv":[7.25,10.25,8,10.5],"texture":"#2"},"east":{"uv":[7,8,6.75,8.25],"texture":"#2"},"south":{"uv":[10.25,7.25,11,7.5],"texture":"#2"},"west":{"uv":[6.75,8,7,8.25],"texture":"#2"},"up":{"uv":[11,7.75,10.25,7.5],"texture":"#2"},"down":{"uv":[11,7.75,10.25,8],"texture":"#2"}}},{"from":[6.5,-14.95,5],"to":[9.5,-13.95,11],"rotation":{"angle":22.5,"axis":"x","origin":[7.5,-13.95,9]},"faces":{"north":{"uv":[10.25,9.5,11,9.75],"texture":"#2"},"east":{"uv":[11.5,8.75,10,9],"texture":"#2"},"south":{"uv":[10.25,9.75,11,10],"texture":"#2"},"west":{"uv":[10,8.75,11.5,9],"texture":"#2"},"up":{"uv":[7.75,8.25,7,6.75],"texture":"#2"},"down":{"uv":[8.75,0,8,1.5],"texture":"#2"}}},{"from":[6.5,-15.95,5],"to":[9.5,-14.95,6],"rotation":{"angle":22.5,"axis":"x","origin":[7.5,-13.95,9]},"faces":{"north":{"uv":[10.25,10,11,10.25],"texture":"#2"},"east":{"uv":[8,8.25,7.75,8.5],"texture":"#2"},"south":{"uv":[10.25,10.25,11,10.5],"texture":"#2"},"west":{"uv":[7.75,8.25,8,8.5],"texture":"#2"},"up":{"uv":[11.25,0.25,10.5,0],"texture":"#2"},"down":{"uv":[11.25,0.25,10.5,0.5],"texture":"#2"}}},{"from":[5,10,-4],"to":[5,17,3],"rotation":{"angle":0,"axis":"y","origin":[3,4,-6]},"faces":{"north":{"uv":[0,0,0,3.5],"texture":"#missing"},"east":{"uv":[1.75,0.125,0,1.875],"texture":"#1"},"south":{"uv":[0,0,0,3.5],"texture":"#missing"},"west":{"uv":[0,0.125,1.75,1.875],"texture":"#1"},"up":{"uv":[0,0,0,3.5],"texture":"#missing"},"down":{"uv":[0,0,0,3.5],"texture":"#missing"}}},{"from":[9,19,1],"to":[9,26,8],"rotation":{"angle":0,"axis":"y","origin":[7,13,-1]},"faces":{"north":{"uv":[0,0,0,3.5],"texture":"#missing"},"east":{"uv":[7.75,4.125,6,5.875],"texture":"#1"},"south":{"uv":[0,0,0,3.5],"texture":"#missing"},"west":{"uv":[6,4.125,7.75,5.875],"texture":"#1"},"up":{"uv":[0,0,0,3.5],"texture":"#missing"},"down":{"uv":[0,0,0,3.5],"texture":"#missing"}}},{"from":[5,15,9],"to":[5,22,16],"rotation":{"angle":0,"axis":"y","origin":[3,9,7]},"faces":{"north":{"uv":[0,0,0,3.5],"texture":"#missing"},"east":{"uv":[3.875,2.125,2.125,3.875],"texture":"#1"},"south":{"uv":[0,0,0,3.5],"texture":"#missing"},"west":{"uv":[2.125,2.125,3.875,3.875],"texture":"#1"},"up":{"uv":[0,0,0,3.5],"texture":"#missing"},"down":{"uv":[0,0,0,3.5],"texture":"#missing"}}},{"from":[6,-10,10],"to":[6,-3,17],"rotation":{"angle":0,"axis":"y","origin":[4,-16,8]},"faces":{"north":{"uv":[0,0,0,3.5],"texture":"#missing"},"east":{"uv":[7.875,0.125,6.125,1.875],"texture":"#1"},"south":{"uv":[0,0,0,3.5],"texture":"#missing"},"west":{"uv":[6.125,0.125,7.875,1.875],"texture":"#1"},"up":{"uv":[0,0,0,3.5],"texture":"#missing"},"down":{"uv":[0,0,0,3.5],"texture":"#missing"}}},{"from":[11,5,-1],"to":[11,12,6],"rotation":{"angle":0,"axis":"y","origin":[13,-1,-3]},"faces":{"north":{"uv":[0,0,0,3.5],"texture":"#missing"},"east":{"uv":[5.875,2.125,4.125,3.875],"texture":"#1"},"south":{"uv":[0,0,0,3.5],"texture":"#missing"},"west":{"uv":[4.125,2.125,5.875,3.875],"texture":"#1"},"up":{"uv":[0,0,0,3.5],"texture":"#missing"},"down":{"uv":[0,0,0,3.5],"texture":"#missing"}}},{"from":[11,4,11],"to":[11,11,18],"rotation":{"angle":0,"axis":"y","origin":[13,-2,9]},"faces":{"north":{"uv":[0,0,0,3.5],"texture":"#missing"},"east":{"uv":[5.875,4,4.125,5.75],"texture":"#1"},"south":{"uv":[0,0,0,3.5],"texture":"#missing"},"west":{"uv":[4.125,4,5.875,5.75],"texture":"#1"},"up":{"uv":[0,0,0,3.5],"texture":"#missing"},"down":{"uv":[0,0,0,3.5],"texture":"#missing"}}},{"from":[12,-6,-3],"to":[12,1,4],"rotation":{"angle":0,"axis":"y","origin":[14,-12,-5]},"faces":{"north":{"uv":[0,0,0,3.5],"texture":"#missing"},"east":{"uv":[7.75,4.125,6,5.875],"texture":"#1"},"south":{"uv":[0,0,0,3.5],"texture":"#missing"},"west":{"uv":[6,4.125,7.75,5.875],"texture":"#1"},"up":{"uv":[0,0,0,3.5],"texture":"#missing"},"down":{"uv":[0,0,0,3.5],"texture":"#missing"}}},{"from":[12,5,8],"to":[12,14,16],"rotation":{"angle":-22.5,"axis":"y","origin":[12,14,8]},"faces":{"north":{"uv":[0,0,0,3.5],"rotation":180,"texture":"#missing"},"east":{"uv":[2,13.75,0,16],"rotation":180,"texture":"#1"},"south":{"uv":[0,0,0,3.5],"rotation":180,"texture":"#missing"},"west":{"uv":[0,13.75,2,16],"rotation":180,"texture":"#1"},"up":{"uv":[0,0,0,3.5],"texture":"#missing"},"down":{"uv":[0,0,0,3.5],"texture":"#missing"}}},{"from":[12,5,0],"to":[12,14,8],"rotation":{"angle":22.5,"axis":"y","origin":[12,14,8]},"faces":{"north":{"uv":[0,0,0,3.5],"rotation":180,"texture":"#missing"},"east":{"uv":[2,16,0,13.75],"texture":"#1"},"south":{"uv":[0,0,0,3.5],"texture":"#missing"},"west":{"uv":[2,13.75,0,16],"texture":"#1"},"up":{"uv":[0,0,0,3.5],"texture":"#missing"},"down":{"uv":[0,0,0,3.5],"rotation":180,"texture":"#missing"}}},{"from":[4,5,8],"to":[4,14,16],"rotation":{"angle":22.5,"axis":"y","origin":[4,14,8]},"faces":{"north":{"uv":[0,0,0,3.5],"rotation":180,"texture":"#missing"},"east":{"uv":[2,13.75,0,16],"rotation":180,"texture":"#1"},"south":{"uv":[0,0,0,3.5],"rotation":180,"texture":"#missing"},"west":{"uv":[0,13.75,2,16],"rotation":180,"texture":"#1"},"up":{"uv":[0,0,0,3.5],"texture":"#missing"},"down":{"uv":[0,0,0,3.5],"texture":"#missing"}}},{"from":[4,5,0],"to":[4,14,8],"rotation":{"angle":-22.5,"axis":"y","origin":[4,14,8]},"faces":{"north":{"uv":[0,0,0,3.5],"rotation":180,"texture":"#missing"},"east":{"uv":[0,13.75,2,16],"texture":"#1"},"south":{"uv":[0,0,0,3.5],"texture":"#missing"},"west":{"uv":[0,16,2,13.75],"texture":"#1"},"up":{"uv":[0,0,0,3.5],"texture":"#missing"},"down":{"uv":[0,0,0,3.5],"rotation":180,"texture":"#missing"}}}],"gui_light":"front","display":{"thirdperson_righthand":{"translation":[0,7,1.75],"scale":[0.65,0.65,0.65]},"thirdperson_lefthand":{"translation":[0,7,1.75],"scale":[0.65,0.65,0.65]},"firstperson_righthand":{"rotation":[-10,7,2],"translation":[5,6.75,-4.25],"scale":[0.55508,0.55508,0.55508]},"firstperson_lefthand":{"rotation":[-10,7,2],"translation":[5,6.75,-4.25],"scale":[0.55508,0.55508,0.55508]},"ground":{"rotation":[0,0,90],"translation":[-4.5,9,0],"scale":[0.6,0.6,0.6]},"gui":{"rotation":[-90,-135,-90],"translation":[-1,1.25,-1.5],"scale":[0.48047,0.48047,0.48047]},"head":{"scale":[0,0,0]},"fixed":{"rotation":[-90,-90,-90],"translation":[0,12,-3.5],"scale":[1.4,1.4,1.4]}},"mcmodels":"e3a39039ab05ebb107bd35ba0b0c24d5"}