{"format_version":"1.21.6","credit":"Made with Blockbench","texture_size":[64,64],"textures":{"1":"elitecreatures:hollow_knight_animated_weapon_set/animation_texture","2":"elitecreatures:hollow_knight_animated_weapon_set/shield_texture","particle":"elitecreatures:hollow_knight_animated_weapon_set/animation_texture"},"elements":[{"from":[14.0125,3.72183,5.87868],"to":[15.9875,6.72183,8.87868],"rotation":{"angle":22.5,"axis":"x","origin":[15,11.5,8]},"faces":{"north":{"uv":[1,13.5,0.5,14.25],"texture":"#2"},"east":{"uv":[1.75,13.5,1,14.25],"texture":"#2"},"south":{"uv":[1,13.5,0.5,14.25],"texture":"#2"},"west":{"uv":[1.75,13.5,1,14.25],"texture":"#2"},"up":{"uv":[0,15,0.5,14.25],"texture":"#2"},"down":{"uv":[0,15,0.5,14.25],"texture":"#2"}}},{"from":[14,7.5,1],"to":[16,11.5,8],"rotation":{"angle":-22.5,"axis":"x","origin":[15,11.5,8]},"faces":{"north":{"uv":[0.5,15,0,16],"texture":"#2"},"east":{"uv":[1,16,2,14.25],"rotation":90,"texture":"#2"},"south":{"uv":[0.5,15,0,16],"rotation":180,"texture":"#2"},"west":{"uv":[2,16,1,14.25],"rotation":270,"texture":"#2"},"up":{"uv":[2,16,2.5,14.25],"texture":"#2"},"down":{"uv":[0.5,16,1,14.25],"rotation":180,"texture":"#2"}}},{"from":[13.9875,-0.96716,5.32122],"to":[16.0125,5.03284,8.32122],"rotation":{"angle":45,"axis":"x","origin":[15,11.5,8]},"faces":{"north":{"uv":[3.25,13.5,3.75,12],"rotation":180,"texture":"#2"},"east":{"uv":[2.5,13.5,3.25,12],"rotation":180,"texture":"#2"},"south":{"uv":[2,13.5,2.5,12],"rotation":180,"texture":"#2"},"west":{"uv":[3.25,13.5,2.5,12],"rotation":180,"texture":"#2"},"up":{"uv":[2,12.75,1.5,13.5],"rotation":180,"texture":"#2"},"down":{"uv":[2,12.75,1.5,13.5],"rotation":180,"texture":"#2"}}},{"from":[13.975,2.45725,-0.58848],"to":[16.025,4.45725,1.41152],"rotation":{"angle":0,"axis":"y","origin":[15,11.5,8]},"faces":{"north":{"uv":[0.5,13,0,13.5],"texture":"#2"},"east":{"uv":[1,13,0.5,13.5],"texture":"#2"},"south":{"uv":[0.5,13,0,13.5],"texture":"#2"},"west":{"uv":[0.5,13,1,13.5],"texture":"#2"},"up":{"uv":[0,14.25,0.5,13.75],"texture":"#2"},"down":{"uv":[0,14.25,0.5,13.75],"texture":"#2"}}},{"from":[14,-2.99302,0.75415],"to":[16,1.00698,2.75415],"rotation":{"angle":22.5,"axis":"x","origin":[15,11.5,8]},"faces":{"north":{"uv":[4,13.5,3.5,14.5],"texture":"#2"},"east":{"uv":[3.5,13.5,3,14.5],"texture":"#2"},"south":{"uv":[3,13.5,2.5,14.5],"texture":"#2"},"west":{"uv":[3,13.5,3.5,14.5],"texture":"#2"},"up":{"uv":[1.75,14.25,2.25,13.75],"texture":"#2"},"down":{"uv":[1.75,14.25,2.25,13.75],"texture":"#2"}}},{"from":[13.9875,4.96126,-5.95749],"to":[16.0125,6.96126,-4.95749],"rotation":{"angle":-22.5,"axis":"x","origin":[15,11.5,8]},"faces":{"north":{"uv":[0.5,12.5,0,13],"texture":"#2"},"east":{"uv":[0.75,12.5,0.5,13],"texture":"#2"},"south":{"uv":[0.5,12.5,0,13],"texture":"#2"},"west":{"uv":[0.5,12.5,0.75,13],"texture":"#2"},"up":{"uv":[0,13.75,0.5,13.5],"texture":"#2"},"down":{"uv":[0,13.75,0.5,13.5],"texture":"#2"}}},{"from":[14.0125,3.72183,7.12132],"to":[15.9875,6.72183,10.12132],"rotation":{"angle":-22.5,"axis":"x","origin":[15,11.5,8]},"faces":{"north":{"uv":[0.5,13.5,1,14.25],"texture":"#2"},"east":{"uv":[1,13.5,1.75,14.25],"texture":"#2"},"south":{"uv":[0.5,13.5,1,14.25],"texture":"#2"},"west":{"uv":[1,13.5,1.75,14.25],"texture":"#2"},"up":{"uv":[0,14.25,0.5,15],"texture":"#2"},"down":{"uv":[0,14.25,0.5,15],"texture":"#2"}}},{"from":[14,7.5,8],"to":[16,11.5,15],"rotation":{"angle":22.5,"axis":"x","origin":[15,11.5,8]},"faces":{"north":{"uv":[0,15,0.5,16],"rotation":180,"texture":"#2"},"east":{"uv":[1,14.25,2,16],"rotation":90,"texture":"#2"},"south":{"uv":[0,15,0.5,16],"texture":"#2"},"west":{"uv":[2,14.25,1,16],"rotation":270,"texture":"#2"},"up":{"uv":[2,14.25,2.5,16],"texture":"#2"},"down":{"uv":[0.5,14.25,1,16],"rotation":180,"texture":"#2"}}},{"from":[13.9875,-0.96716,7.67878],"to":[16.0125,5.03284,10.67878],"rotation":{"angle":-45,"axis":"x","origin":[15,11.5,8]},"faces":{"north":{"uv":[2.5,13.5,2,12],"rotation":180,"texture":"#2"},"east":{"uv":[3.25,13.5,2.5,12],"rotation":180,"texture":"#2"},"south":{"uv":[3.75,13.5,3.25,12],"rotation":180,"texture":"#2"},"west":{"uv":[2.5,13.5,3.25,12],"rotation":180,"texture":"#2"},"up":{"uv":[2,13.5,1.5,12.75],"rotation":180,"texture":"#2"},"down":{"uv":[2,13.5,1.5,12.75],"rotation":180,"texture":"#2"}}},{"from":[13.975,2.45725,14.58848],"to":[16.025,4.45725,16.58848],"rotation":{"angle":0,"axis":"y","origin":[15,11.5,8]},"faces":{"north":{"uv":[0,13,0.5,13.5],"texture":"#2"},"east":{"uv":[0.5,13,1,13.5],"texture":"#2"},"south":{"uv":[0,13,0.5,13.5],"texture":"#2"},"west":{"uv":[1,13,0.5,13.5],"texture":"#2"},"up":{"uv":[0,13.75,0.5,14.25],"texture":"#2"},"down":{"uv":[0,13.75,0.5,14.25],"texture":"#2"}}},{"from":[14,-2.99302,13.24585],"to":[16,1.00698,15.24585],"rotation":{"angle":-22.5,"axis":"x","origin":[15,11.5,8]},"faces":{"north":{"uv":[2.5,13.5,3,14.5],"texture":"#2"},"east":{"uv":[3,13.5,3.5,14.5],"texture":"#2"},"south":{"uv":[3.5,13.5,4,14.5],"texture":"#2"},"west":{"uv":[3.5,13.5,3,14.5],"texture":"#2"},"up":{"uv":[1.75,13.75,2.25,14.25],"texture":"#2"},"down":{"uv":[1.75,13.75,2.25,14.25],"texture":"#2"}}},{"from":[13.9875,4.96126,20.95749],"to":[16.0125,6.96126,21.95749],"rotation":{"angle":22.5,"axis":"x","origin":[15,11.5,8]},"faces":{"north":{"uv":[0,12.5,0.5,13],"texture":"#2"},"east":{"uv":[0.5,12.5,0.75,13],"texture":"#2"},"south":{"uv":[0,12.5,0.5,13],"texture":"#2"},"west":{"uv":[0.75,12.5,0.5,13],"texture":"#2"},"up":{"uv":[0,13.5,0.5,13.75],"texture":"#2"},"down":{"uv":[0,13.5,0.5,13.75],"texture":"#2"}}},{"from":[13.9875,-13.25,4],"to":[16.0125,-9.25,8],"rotation":{"angle":45,"axis":"x","origin":[15,-13.25,8]},"faces":{"north":{"uv":[4.5,10.25,5,9.25],"texture":"#2"},"east":{"uv":[10,1,9,0],"texture":"#2"},"south":{"uv":[9.5,9.5,10,8.5],"texture":"#2"},"west":{"uv":[9,1,10,0],"texture":"#2"},"up":{"uv":[9.75,10.5,9.25,9.5],"texture":"#2"},"down":{"uv":[9.25,9.5,8.75,10.5],"texture":"#2"}}},{"from":[13.975,-13.25,-5],"to":[16.025,-9.25,4],"rotation":{"angle":45,"axis":"x","origin":[15,-13.25,8]},"faces":{"north":{"uv":[10.25,10.5,9.75,9.5],"rotation":180,"texture":"#2"},"east":{"uv":[2,9,1,6.75],"rotation":90,"texture":"#2"},"south":{"uv":[10.25,7,9.75,8],"texture":"#2"},"west":{"uv":[1,9,2,6.75],"rotation":270,"texture":"#2"},"up":{"uv":[8,7.5,8.5,5.25],"texture":"#2"},"down":{"uv":[5,10.25,5.5,8],"rotation":180,"texture":"#2"}}},{"from":[13.975,-9.25,4],"to":[16.025,-0.25,8],"rotation":{"angle":45,"axis":"x","origin":[15,-13.25,8]},"faces":{"north":{"uv":[8.5,7.5,8,5.25],"texture":"#2"},"east":{"uv":[1,9,2,6.75],"texture":"#2"},"south":{"uv":[5.5,10.25,5,8],"texture":"#2"},"west":{"uv":[2,9,1,6.75],"texture":"#2"},"up":{"uv":[10.25,9.5,9.75,10.5],"texture":"#2"},"down":{"uv":[10.25,8,9.75,7],"texture":"#2"}}},{"from":[13.9875,-6.5,4],"to":[16.0125,-2.5,8],"rotation":{"angle":45,"axis":"x","origin":[15,-6.5,8]},"faces":{"north":{"uv":[4.5,10.25,5,9.25],"texture":"#2"},"east":{"uv":[10,1,9,0],"texture":"#2"},"south":{"uv":[9.5,9.5,10,8.5],"texture":"#2"},"west":{"uv":[9,1,10,0],"texture":"#2"},"up":{"uv":[9.75,10.5,9.25,9.5],"texture":"#2"},"down":{"uv":[9.25,9.5,8.75,10.5],"texture":"#2"}}},{"from":[14.5,-7,6],"to":[15.5,-3,10],"rotation":{"angle":0,"axis":"y","origin":[15,-3,8]},"faces":{"north":{"uv":[5.75,11.25,6,10.25],"texture":"#2"},"east":{"uv":[9.5,9.5,8.5,8.5],"texture":"#2"},"south":{"uv":[10.25,6.75,10.5,5.75],"texture":"#2"},"west":{"uv":[8.5,9.5,9.5,8.5],"texture":"#2"},"up":{"uv":[6.5,11.25,6.25,10.25],"texture":"#2"},"down":{"uv":[6.25,10.25,6,11.25],"texture":"#2"}}},{"from":[14.4875,-8.675,7.25],"to":[15.5125,-5.8625,10.0625],"rotation":{"angle":-45,"axis":"x","origin":[15,-7.925,8]},"faces":{"north":{"uv":[8.25,11,8.5,10.25],"texture":"#2"},"east":{"uv":[8.75,10.25,8,9.5],"texture":"#2"},"south":{"uv":[8.5,11,8.75,10.25],"texture":"#2"},"west":{"uv":[8,10.25,8.75,9.5],"texture":"#2"},"up":{"uv":[1,11.25,0.75,10.5],"texture":"#2"},"down":{"uv":[0.75,10.5,0.5,11.25],"texture":"#2"}}},{"from":[13.975,-2.80448,5.53073],"to":[16.025,2.69552,9.53073],"rotation":{"angle":22.5,"axis":"x","origin":[15,-6.5,8]},"faces":{"north":{"uv":[8.5125,6.625,8,5.25],"texture":"#2"},"east":{"uv":[1,8.125,2,6.75],"texture":"#2"},"south":{"uv":[5.5,9.375,5,8],"texture":"#2"},"west":{"uv":[2,8.125,1,6.75],"texture":"#2"},"up":{"uv":[10.25,9.5,9.75,10.5],"texture":"#2"},"down":{"uv":[10.25,8,9.75,7],"texture":"#2"}}},{"from":[13.975,-2.80448,6.46927],"to":[16.025,2.69552,10.46927],"rotation":{"angle":-22.5,"axis":"x","origin":[15,-6.5,8]},"faces":{"north":{"uv":[5,9.375,5.5,8],"texture":"#2"},"east":{"uv":[2,8.125,1,6.75],"texture":"#2"},"south":{"uv":[8,6.625,8.5125,5.25],"texture":"#2"},"west":{"uv":[1,8.125,2,6.75],"texture":"#2"},"up":{"uv":[10.25,10.5,9.75,9.5],"texture":"#2"},"down":{"uv":[10.25,7,9.75,8],"texture":"#2"}}},{"from":[13.9875,0.5,4],"to":[16.0125,4.5,8],"rotation":{"angle":45,"axis":"x","origin":[15,0.5,8]},"faces":{"north":{"uv":[4.5,10.25,5,9.25],"texture":"#2"},"east":{"uv":[10,1,9,0],"texture":"#2"},"south":{"uv":[9.5,9.5,10,8.5],"texture":"#2"},"west":{"uv":[9,1,10,0],"texture":"#2"},"up":{"uv":[9.75,10.5,9.25,9.5],"texture":"#2"},"down":{"uv":[9.25,9.5,8.75,10.5],"texture":"#2"}}},{"from":[13.975,4.19552,5.53073],"to":[16.025,6.69552,9.53073],"rotation":{"angle":22.5,"axis":"x","origin":[15,0.5,8]},"faces":{"north":{"uv":[8.5125,5.875,8,5.25],"texture":"#2"},"east":{"uv":[1,7.375,2,6.75],"texture":"#2"},"south":{"uv":[5.5125,8.625,5,8],"texture":"#2"},"west":{"uv":[2,7.375,1,6.75],"texture":"#2"},"up":{"uv":[10.2625,9.5,9.75,10.5],"texture":"#2"},"down":{"uv":[10.2625,8,9.75,7],"texture":"#2"}}},{"from":[13.975,4.19552,6.46927],"to":[16.025,6.69552,10.46927],"rotation":{"angle":-22.5,"axis":"x","origin":[15,0.5,8]},"faces":{"north":{"uv":[5,8.625,5.5125,8],"texture":"#2"},"east":{"uv":[2,7.375,1,6.75],"texture":"#2"},"south":{"uv":[8,5.875,8.5125,5.25],"texture":"#2"},"west":{"uv":[1,7.375,2,6.75],"texture":"#2"},"up":{"uv":[10.25,10.5,9.75,9.5],"texture":"#2"},"down":{"uv":[10.25,7,9.75,8],"texture":"#2"}}},{"from":[13.5,5,6],"to":[16.5,9,10],"rotation":{"angle":0,"axis":"y","origin":[16,5,8]},"faces":{"north":{"uv":[5.75,10.25,6,11.25],"texture":"#2"},"east":{"uv":[9.5,8.5,8.5,9.5],"texture":"#2"},"south":{"uv":[10.25,5.75,10.5,6.75],"texture":"#2"},"west":{"uv":[8.5,8.5,9.5,9.5],"texture":"#2"},"up":{"uv":[6.25,11.25,6,10.25],"texture":"#2"},"down":{"uv":[6.5,10.25,6.25,11.25],"texture":"#2"}}},{"from":[13.4875,7.8625,7.25],"to":[16.5125,10.675,10.0625],"rotation":{"angle":45,"axis":"x","origin":[16,9.925,8]},"faces":{"north":{"uv":[8.25,10.25,8.5,11],"texture":"#2"},"east":{"uv":[8.75,9.5,8,10.25],"texture":"#2"},"south":{"uv":[8.5,10.25,8.75,11],"texture":"#2"},"west":{"uv":[8,9.5,8.75,10.25],"texture":"#2"},"up":{"uv":[0.75,11.25,0.5,10.5],"texture":"#2"},"down":{"uv":[1,10.5,0.75,11.25],"texture":"#2"}}},{"from":[14.4875,10.6125,7.25],"to":[15.5125,13.425,10.0625],"rotation":{"angle":45,"axis":"x","origin":[16,12.675,8]},"faces":{"north":{"uv":[8.25,10.25,8.5,11],"texture":"#2"},"east":{"uv":[8.75,9.5,8,10.25],"texture":"#2"},"south":{"uv":[8.5,10.25,8.75,11],"texture":"#2"},"west":{"uv":[8,9.5,8.75,10.25],"texture":"#2"},"up":{"uv":[0.75,11.25,0.5,10.5],"texture":"#2"},"down":{"uv":[1,10.5,0.75,11.25],"texture":"#2"}}},{"from":[15,8,9],"to":[15,18,17],"rotation":{"angle":45,"axis":"x","origin":[15,14,13]},"faces":{"north":{"uv":[9.25,14.5,9.25,16],"rotation":180,"texture":"#2"},"east":{"uv":[13.5,13.5,11.5,16],"rotation":180,"texture":"#2"},"south":{"uv":[9.25,14.5,9.25,16],"rotation":180,"texture":"#2"},"west":{"uv":[11.5,13.5,13.5,16],"rotation":180,"texture":"#2"},"up":{"uv":[9.25,16,9.25,14.5],"texture":"#2"},"down":{"uv":[9.25,16,9.25,14.5],"texture":"#2"}}},{"from":[15,8,-1],"to":[15,18,7],"rotation":{"angle":-45,"axis":"x","origin":[15,14,3]},"faces":{"north":{"uv":[9.25,14.5,9.25,16],"rotation":180,"texture":"#2"},"east":{"uv":[11.5,13.5,13.5,16],"rotation":180,"texture":"#2"},"south":{"uv":[9.25,14.5,9.25,16],"rotation":180,"texture":"#2"},"west":{"uv":[13.5,13.5,11.5,16],"rotation":180,"texture":"#2"},"up":{"uv":[9.25,14.5,9.25,16],"texture":"#2"},"down":{"uv":[9.25,14.5,9.25,16],"texture":"#2"}}},{"from":[13.4875,3.325,7.25],"to":[16.5125,6.1375,10.0625],"rotation":{"angle":-45,"axis":"x","origin":[16,4.075,8]},"faces":{"north":{"uv":[8.25,11,8.5,10.25],"texture":"#2"},"east":{"uv":[8.75,10.25,8,9.5],"texture":"#2"},"south":{"uv":[8.5,11,8.75,10.25],"texture":"#2"},"west":{"uv":[8,10.25,8.75,9.5],"texture":"#2"},"up":{"uv":[1,11.25,0.75,10.5],"texture":"#2"},"down":{"uv":[0.75,10.5,0.5,11.25],"texture":"#2"}}},{"from":[6,-8,6],"to":[10,-6,10],"rotation":{"angle":-45,"axis":"y","origin":[8,-4,8]},"faces":{"north":{"uv":[9.75,8,10.75,8.5],"texture":"#2"},"east":{"uv":[0.5,10,1.5,10.5],"texture":"#2"},"south":{"uv":[10,1,11,1.5],"texture":"#2"},"west":{"uv":[1.5,10,2.5,10.5],"texture":"#2"},"up":{"uv":[3,10,2,9],"texture":"#2"},"down":{"uv":[10,2,9,3],"texture":"#2"}}},{"from":[6,3,6],"to":[10,5,10],"rotation":{"angle":-45,"axis":"y","origin":[8,7,8]},"faces":{"north":{"uv":[9.75,8,10.75,8.5],"texture":"#2"},"east":{"uv":[0.5,10,1.5,10.5],"texture":"#2"},"south":{"uv":[10,1,11,1.5],"texture":"#2"},"west":{"uv":[1.5,10,2.5,10.5],"texture":"#2"},"up":{"uv":[3,10,2,9],"texture":"#2"},"down":{"uv":[10,2,9,3],"texture":"#2"}}},{"from":[7,-10,7],"to":[9,7,9],"rotation":{"angle":-45,"axis":"y","origin":[8,-2,8]},"faces":{"north":{"uv":[11,1.5,11.5,5.75],"texture":"#2"},"east":{"uv":[10.5,1.5,11,5.75],"texture":"#2"},"south":{"uv":[11.5,1.5,12,5.75],"texture":"#2"},"west":{"uv":[12,1.5,12.5,5.75],"texture":"#2"},"up":{"uv":[10.5,9.5,10,9],"texture":"#2"},"down":{"uv":[10.75,6.75,10.25,7.25],"texture":"#2"}}},{"from":[7,4,7],"to":[15,6,9],"rotation":{"angle":22.5,"axis":"z","origin":[7,6,8]},"faces":{"north":{"uv":[11,2.375,11.5,4.375],"rotation":270,"texture":"#2"},"east":{"uv":[10.5,9.5,10,9],"rotation":90,"texture":"#2"},"south":{"uv":[11.5,2.375,12,4.375],"rotation":90,"texture":"#2"},"west":{"uv":[10.75,6.75,10.25,7.25],"rotation":90,"texture":"#2"},"up":{"uv":[12,2.375,12.5,4.375],"rotation":90,"texture":"#2"},"down":{"uv":[10.5,2.375,11,4.375],"rotation":90,"texture":"#2"}}},{"from":[7,-8,7],"to":[15,-6,9],"rotation":{"angle":-22.5,"axis":"z","origin":[7,-8,8]},"faces":{"north":{"uv":[11.5,2.375,11,4.375],"rotation":270,"texture":"#2"},"east":{"uv":[10,9.5,10.5,9],"rotation":90,"texture":"#2"},"south":{"uv":[12,2.375,11.5,4.375],"rotation":90,"texture":"#2"},"west":{"uv":[10.25,6.75,10.75,7.25],"rotation":90,"texture":"#2"},"up":{"uv":[11,2.375,10.5,4.375],"rotation":90,"texture":"#2"},"down":{"uv":[12.5,2.375,12,4.375],"rotation":90,"texture":"#2"}}},{"from":[14,-2,0],"to":[14,8,8],"rotation":{"angle":-22.5,"axis":"z","origin":[14,8,4]},"faces":{"north":{"uv":[1.5,10.5,2.5,10],"rotation":270,"texture":"#2"},"east":{"uv":[11.375,13.5,13.375,16],"texture":"#2"},"south":{"uv":[0.5,10.5,1.5,10],"rotation":90,"texture":"#2"},"west":{"uv":[11.375,16,13.375,13.5],"rotation":180,"texture":"#2"},"up":{"uv":[10,1.5,11,1],"rotation":90,"texture":"#2"},"down":{"uv":[9.75,8.5,10.75,8],"rotation":90,"texture":"#2"}}},{"from":[14,2,0],"to":[14,8,8],"rotation":{"angle":-45,"axis":"z","origin":[14,8,4]},"faces":{"north":{"uv":[1.5,10.5,2.5,10],"rotation":270,"texture":"#2"},"east":{"uv":[9.25,14.5,11.25,16],"texture":"#2"},"south":{"uv":[0.5,10.5,1.5,10],"rotation":90,"texture":"#2"},"west":{"uv":[9.25,16,11.25,14.5],"rotation":180,"texture":"#2"},"up":{"uv":[10,1.5,11,1],"rotation":90,"texture":"#2"},"down":{"uv":[9.75,8.5,10.75,8],"rotation":90,"texture":"#2"}}},{"from":[9,9,0],"to":[15,9,8],"rotation":{"angle":22.5,"axis":"z","origin":[15,9,4]},"faces":{"north":{"uv":[0.5,10,1.5,10.5],"texture":"#2"},"east":{"uv":[10,1,11,1.5],"texture":"#2"},"south":{"uv":[1.5,10,2.5,10.5],"texture":"#2"},"west":{"uv":[9.75,8,10.75,8.5],"texture":"#2"},"up":{"uv":[11.25,16,9.25,14.5],"rotation":270,"texture":"#2"},"down":{"uv":[11.25,14.5,9.25,16],"rotation":90,"texture":"#2"}}},{"from":[14,-2,8],"to":[14,8,16],"rotation":{"angle":-22.5,"axis":"z","origin":[14,8,12]},"faces":{"north":{"uv":[0.5,10,1.5,10.5],"rotation":90,"texture":"#2"},"east":{"uv":[13.375,13.5,11.375,16],"texture":"#2"},"south":{"uv":[1.5,10,2.5,10.5],"rotation":270,"texture":"#2"},"west":{"uv":[13.375,16,11.375,13.5],"rotation":180,"texture":"#2"},"up":{"uv":[11,1.5,10,1],"rotation":90,"texture":"#2"},"down":{"uv":[10.75,8.5,9.75,8],"rotation":90,"texture":"#2"}}},{"from":[14,2,8],"to":[14,8,16],"rotation":{"angle":-45,"axis":"z","origin":[14,8,12]},"faces":{"north":{"uv":[0.5,10,1.5,10.5],"rotation":90,"texture":"#2"},"east":{"uv":[11.25,14.5,9.25,16],"texture":"#2"},"south":{"uv":[1.5,10,2.5,10.5],"rotation":270,"texture":"#2"},"west":{"uv":[11.25,16,9.25,14.5],"rotation":180,"texture":"#2"},"up":{"uv":[11,1.5,10,1],"rotation":90,"texture":"#2"},"down":{"uv":[10.75,8.5,9.75,8],"rotation":90,"texture":"#2"}}},{"from":[9,8.5,8],"to":[15,8.5,16],"rotation":{"angle":22.5,"axis":"z","origin":[15,8.5,12]},"faces":{"north":{"uv":[2.5,10,1.5,10.5],"texture":"#2"},"east":{"uv":[11,1,10,1.5],"texture":"#2"},"south":{"uv":[1.5,10,0.5,10.5],"texture":"#2"},"west":{"uv":[10.75,8,9.75,8.5],"texture":"#2"},"up":{"uv":[9.25,16,11.25,14.5],"rotation":270,"texture":"#2"},"down":{"uv":[9.25,14.5,11.25,16],"rotation":90,"texture":"#2"}}},{"from":[6.5,-9.95,10],"to":[9.5,-8.95,11],"rotation":{"angle":22.5,"axis":"x","origin":[7.5,-9.95,9]},"faces":{"north":{"uv":[7.25,10.25,8,10.5],"texture":"#2"},"east":{"uv":[6.5,8,6.75,8.25],"texture":"#2"},"south":{"uv":[10.25,7.25,11,7.5],"texture":"#2"},"west":{"uv":[6.75,8,7,8.25],"texture":"#2"},"up":{"uv":[11,7.75,10.25,7.5],"texture":"#2"},"down":{"uv":[11,7.75,10.25,8],"texture":"#2"}}},{"from":[6.5,-10.95,5],"to":[9.5,-9.95,11],"rotation":{"angle":22.5,"axis":"x","origin":[7.5,-9.95,9]},"faces":{"north":{"uv":[10.25,9.5,11,9.75],"texture":"#2"},"east":{"uv":[10,8.5,11.5,8.75],"texture":"#2"},"south":{"uv":[10.25,9.75,11,10],"texture":"#2"},"west":{"uv":[10,8.75,11.5,9],"texture":"#2"},"up":{"uv":[7.75,8.25,7,6.75],"texture":"#2"},"down":{"uv":[8.75,0,8,1.5],"texture":"#2"}}},{"from":[6.5,-11.95,5],"to":[9.5,-10.95,6],"rotation":{"angle":22.5,"axis":"x","origin":[7.5,-9.95,9]},"faces":{"north":{"uv":[10.25,10,11,10.25],"texture":"#2"},"east":{"uv":[7.5,8.25,7.75,8.5],"texture":"#2"},"south":{"uv":[10.25,10.25,11,10.5],"texture":"#2"},"west":{"uv":[7.75,8.25,8,8.5],"texture":"#2"},"up":{"uv":[11.25,0.25,10.5,0],"texture":"#2"},"down":{"uv":[11.25,0.25,10.5,0.5],"texture":"#2"}}},{"from":[6.5,5.95,10],"to":[9.5,6.95,11],"rotation":{"angle":-22.5,"axis":"x","origin":[7.5,6.95,9]},"faces":{"north":{"uv":[7.25,10.5,8,10.25],"texture":"#2"},"east":{"uv":[6.5,8.25,6.75,8],"texture":"#2"},"south":{"uv":[10.25,7.5,11,7.25],"texture":"#2"},"west":{"uv":[6.75,8.25,7,8],"texture":"#2"},"up":{"uv":[11,8,10.25,7.75],"texture":"#2"},"down":{"uv":[11,7.5,10.25,7.75],"texture":"#2"}}},{"from":[6.5,6.95,5],"to":[9.5,7.95,11],"rotation":{"angle":-22.5,"axis":"x","origin":[7.5,6.95,9]},"faces":{"north":{"uv":[10.25,9.75,11,9.5],"texture":"#2"},"east":{"uv":[10,8.75,11.5,8.5],"texture":"#2"},"south":{"uv":[10.25,10,11,9.75],"texture":"#2"},"west":{"uv":[10,9,11.5,8.75],"texture":"#2"},"up":{"uv":[8.75,1.5,8,0],"texture":"#2"},"down":{"uv":[7.75,6.75,7,8.25],"texture":"#2"}}},{"from":[6.5,7.95,5],"to":[9.5,8.95,6],"rotation":{"angle":-22.5,"axis":"x","origin":[7.5,6.95,9]},"faces":{"north":{"uv":[10.25,10.25,11,10],"texture":"#2"},"east":{"uv":[7.5,8.5,7.75,8.25],"texture":"#2"},"south":{"uv":[10.25,10.5,11,10.25],"texture":"#2"},"west":{"uv":[7.75,8.5,8,8.25],"texture":"#2"},"up":{"uv":[11.25,0.5,10.5,0.25],"texture":"#2"},"down":{"uv":[11.25,0,10.5,0.25],"texture":"#2"}}},{"from":[11,4,-4],"to":[11,11,3],"rotation":{"angle":0,"axis":"y","origin":[9,-2,-6]},"faces":{"north":{"uv":[0,0,0,3.5],"texture":"#missing"},"east":{"uv":[1.75,0.125,0,1.875],"texture":"#1"},"south":{"uv":[0,0,0,3.5],"texture":"#missing"},"west":{"uv":[0,0.125,1.75,1.875],"texture":"#1"},"up":{"uv":[0,0,0,3.5],"texture":"#missing"},"down":{"uv":[0,0,0,3.5],"texture":"#missing"}}},{"from":[15,13,1],"to":[15,20,8],"rotation":{"angle":0,"axis":"y","origin":[13,7,-1]},"faces":{"north":{"uv":[0,0,0,3.5],"texture":"#missing"},"east":{"uv":[7.75,4.125,6,5.875],"texture":"#1"},"south":{"uv":[0,0,0,3.5],"texture":"#missing"},"west":{"uv":[6,4.125,7.75,5.875],"texture":"#1"},"up":{"uv":[0,0,0,3.5],"texture":"#missing"},"down":{"uv":[0,0,0,3.5],"texture":"#missing"}}},{"from":[11,9,9],"to":[11,16,16],"rotation":{"angle":0,"axis":"y","origin":[9,3,7]},"faces":{"north":{"uv":[0,0,0,3.5],"texture":"#missing"},"east":{"uv":[3.875,2.125,2.125,3.875],"texture":"#1"},"south":{"uv":[0,0,0,3.5],"texture":"#missing"},"west":{"uv":[2.125,2.125,3.875,3.875],"texture":"#1"},"up":{"uv":[0,0,0,3.5],"texture":"#missing"},"down":{"uv":[0,0,0,3.5],"texture":"#missing"}}},{"from":[12,-16,10],"to":[12,-9,17],"rotation":{"angle":0,"axis":"y","origin":[10,-22,8]},"faces":{"north":{"uv":[0,0,0,3.5],"texture":"#missing"},"east":{"uv":[7.875,0.125,6.125,1.875],"texture":"#1"},"south":{"uv":[0,0,0,3.5],"texture":"#missing"},"west":{"uv":[6.125,0.125,7.875,1.875],"texture":"#1"},"up":{"uv":[0,0,0,3.5],"texture":"#missing"},"down":{"uv":[0,0,0,3.5],"texture":"#missing"}}},{"from":[17,-1,-1],"to":[17,6,6],"rotation":{"angle":0,"axis":"y","origin":[19,-7,-3]},"faces":{"north":{"uv":[0,0,0,3.5],"texture":"#missing"},"east":{"uv":[5.875,2.125,4.125,3.875],"texture":"#1"},"south":{"uv":[0,0,0,3.5],"texture":"#missing"},"west":{"uv":[4.125,2.125,5.875,3.875],"texture":"#1"},"up":{"uv":[0,0,0,3.5],"texture":"#missing"},"down":{"uv":[0,0,0,3.5],"texture":"#missing"}}},{"from":[17,-2,11],"to":[17,5,18],"rotation":{"angle":0,"axis":"y","origin":[19,-8,9]},"faces":{"north":{"uv":[0,0,0,3.5],"texture":"#missing"},"east":{"uv":[5.875,4,4.125,5.75],"texture":"#1"},"south":{"uv":[0,0,0,3.5],"texture":"#missing"},"west":{"uv":[4.125,4,5.875,5.75],"texture":"#1"},"up":{"uv":[0,0,0,3.5],"texture":"#missing"},"down":{"uv":[0,0,0,3.5],"texture":"#missing"}}},{"from":[18,-12,-3],"to":[18,-5,4],"rotation":{"angle":0,"axis":"y","origin":[20,-18,-5]},"faces":{"north":{"uv":[0,0,0,3.5],"texture":"#missing"},"east":{"uv":[7.75,4.125,6,5.875],"texture":"#1"},"south":{"uv":[0,0,0,3.5],"texture":"#missing"},"west":{"uv":[6,4.125,7.75,5.875],"texture":"#1"},"up":{"uv":[0,0,0,3.5],"texture":"#missing"},"down":{"uv":[0,0,0,3.5],"texture":"#missing"}}},{"from":[20,-8,8],"to":[20,1,17],"rotation":{"angle":-22.5,"axis":"y","origin":[20,1,8]},"faces":{"north":{"uv":[0,0,0,3.5],"rotation":180,"texture":"#missing"},"east":{"uv":[3,6.75,0.75,9],"rotation":180,"texture":"#1"},"south":{"uv":[0,0,0,3.5],"rotation":180,"texture":"#missing"},"west":{"uv":[0.75,6.75,3,9],"rotation":180,"texture":"#1"},"up":{"uv":[0,0,0,3.5],"texture":"#missing"},"down":{"uv":[0,0,0,3.5],"texture":"#missing"}}},{"from":[20,1,8],"to":[20,10,17],"rotation":{"angle":-22.5,"axis":"y","origin":[20,1,8]},"faces":{"north":{"uv":[0,0,0,3.5],"rotation":180,"texture":"#missing"},"east":{"uv":[0.75,9,3,6.75],"rotation":90,"texture":"#1"},"south":{"uv":[0,0,0,3.5],"texture":"#missing"},"west":{"uv":[3,9,0.75,6.75],"rotation":270,"texture":"#1"},"up":{"uv":[0,0,0,3.5],"rotation":180,"texture":"#missing"},"down":{"uv":[0,0,0,3.5],"texture":"#missing"}}},{"from":[20,1,-1],"to":[20,10,8],"rotation":{"angle":22.5,"axis":"y","origin":[20,1,8]},"faces":{"north":{"uv":[0,0,0,3.5],"texture":"#missing"},"east":{"uv":[3,6.75,0.75,9],"texture":"#1"},"south":{"uv":[0,0,0,3.5],"texture":"#missing"},"west":{"uv":[0.75,6.75,3,9],"texture":"#1"},"up":{"uv":[0,0,0,3.5],"texture":"#missing"},"down":{"uv":[0,0,0,3.5],"texture":"#missing"}}},{"from":[20,-8,-1],"to":[20,1,8],"rotation":{"angle":22.5,"axis":"y","origin":[20,1,8]},"faces":{"north":{"uv":[0,0,0,3.5],"rotation":180,"texture":"#missing"},"east":{"uv":[0.75,9,3,6.75],"rotation":270,"texture":"#1"},"south":{"uv":[0,0,0,3.5],"texture":"#missing"},"west":{"uv":[3,9,0.75,6.75],"rotation":90,"texture":"#1"},"up":{"uv":[0,0,0,3.5],"texture":"#missing"},"down":{"uv":[0,0,0,3.5],"rotation":180,"texture":"#missing"}}},{"from":[19,-15,8],"to":[19,-6,16],"rotation":{"angle":-22.5,"axis":"y","origin":[19,-6,8]},"faces":{"north":{"uv":[0,0,0,3.5],"rotation":180,"texture":"#missing"},"east":{"uv":[2,13.75,0,16],"rotation":180,"texture":"#1"},"south":{"uv":[0,0,0,3.5],"rotation":180,"texture":"#missing"},"west":{"uv":[0,13.75,2,16],"rotation":180,"texture":"#1"},"up":{"uv":[0,0,0,3.5],"texture":"#missing"},"down":{"uv":[0,0,0,3.5],"texture":"#missing"}}},{"from":[19,-15,0],"to":[19,-6,8],"rotation":{"angle":22.5,"axis":"y","origin":[19,-6,8]},"faces":{"north":{"uv":[0,0,0,3.5],"rotation":180,"texture":"#missing"},"east":{"uv":[2,16,0,13.75],"texture":"#1"},"south":{"uv":[0,0,0,3.5],"texture":"#missing"},"west":{"uv":[2,13.75,0,16],"texture":"#1"},"up":{"uv":[0,0,0,3.5],"texture":"#missing"},"down":{"uv":[0,0,0,3.5],"rotation":180,"texture":"#missing"}}}],"gui_light":"front","display":{"thirdperson_righthand":{"rotation":[0,45,45],"translation":[-2.25,2.75,5],"scale":[0.7,0.7,0.7]},"thirdperson_lefthand":{"rotation":[45,-135,0],"translation":[0.25,3,5.25],"scale":[0.7,0.7,0.7]},"firstperson_righthand":{"rotation":[17,102,0],"translation":[-9.25,6,1.75],"scale":[0.45,0.45,0.45]},"firstperson_lefthand":{"rotation":[17,-78,0],"translation":[-9.25,6,1.75],"scale":[0.45,0.45,0.45]},"ground":{"rotation":[0,0,75],"translation":[-5.75,11,0],"scale":[0.65,0.65,0.65]},"gui":{"rotation":[-180,-45,-153.1],"translation":[3.25,2.25,-1.5],"scale":[0.54687,0.54687,0.54687]},"head":{"scale":[0,0,0]},"fixed":{"rotation":[0,90,0],"translation":[0,15.25,-4.5],"scale":[1.6,1.6,1.6]}},"mcmodels":"e3a39039ab05ebb107bd35ba0b0c24d5"}