{"format_version":"1.21.6","credit":"Made with Blockbench","texture_size":[64,64],"textures":{"1":"elitecreatures:hollow_knight_animated_weapon_set/animation_texture","2":"elitecreatures:hollow_knight_animated_weapon_set/staff_texture","particle":"elitecreatures:hollow_knight_animated_weapon_set/animation_texture"},"elements":[{"from":[6,5,6],"to":[10,10,10],"rotation":{"angle":-45,"axis":"y","origin":[8,3,8]},"faces":{"north":{"uv":[4,8,5,9.25],"texture":"#2"},"east":{"uv":[5,8,4,9.25],"texture":"#2"},"south":{"uv":[4,8,5,9.25],"texture":"#2"},"west":{"uv":[5,8,4,9.25],"texture":"#2"},"up":{"uv":[2,10,1,9],"texture":"#2"},"down":{"uv":[10,1,9,2],"texture":"#2"}}},{"from":[6,14,6],"to":[10,18,10],"rotation":{"angle":0,"axis":"y","origin":[8,12,8]},"faces":{"north":{"uv":[15,1.5,14,2.5],"texture":"#2"},"east":{"uv":[16,1.5,15,2.5],"texture":"#2"},"south":{"uv":[15,0.5,14,1.5],"texture":"#2"},"west":{"uv":[16,0.5,15,1.5],"texture":"#2"},"up":{"uv":[15,2.5,14,3.5],"texture":"#2"},"down":{"uv":[16,2.5,15,3.5],"texture":"#2"}}},{"from":[6.0125,16.7625,6.1875],"to":[9.9875,19.575,9],"rotation":{"angle":-45,"axis":"x","origin":[8,18.575,8]},"faces":{"north":{"uv":[15.25,4.25,14.25,5],"texture":"#2"},"east":{"uv":[16,4.25,15.25,5],"texture":"#2"},"south":{"uv":[15.25,3.5,14.25,4.25],"texture":"#2"},"west":{"uv":[16,3.5,15.25,4.25],"texture":"#2"},"up":{"uv":[15,5,14,5.75],"texture":"#2"},"down":{"uv":[16,5,15,5.75],"texture":"#2"}}},{"from":[6.0125,12.425,6.1875],"to":[9.9875,15.2375,9],"rotation":{"angle":45,"axis":"x","origin":[8,13.425,8]},"faces":{"north":{"uv":[15.25,5,14.25,4.25],"texture":"#2"},"east":{"uv":[16,5,15.25,4.25],"texture":"#2"},"south":{"uv":[15.25,4.25,14.25,3.5],"texture":"#2"},"west":{"uv":[16,4.25,15.25,3.5],"texture":"#2"},"up":{"uv":[16,5.75,15,5],"texture":"#2"},"down":{"uv":[15,5.75,14,5],"texture":"#2"}}},{"from":[6.4875,2.08658,-2.1194],"to":[9.5125,4.08658,2.8806],"rotation":{"angle":22.5,"axis":"x","origin":[8,4,7.5]},"faces":{"north":{"uv":[12.25,8.5,11.5,9],"rotation":180,"texture":"#2"},"east":{"uv":[12,8,10.75,8.5],"rotation":180,"texture":"#2"},"south":{"uv":[12.25,8.5,11.5,9],"rotation":180,"texture":"#2"},"west":{"uv":[10.75,8,12,8.5],"rotation":180,"texture":"#2"},"up":{"uv":[12.75,9,12,10.25],"texture":"#2"},"down":{"uv":[12,10.25,11.25,9],"texture":"#2"}}},{"from":[6.5,1.08658,-2.1194],"to":[9.5,2.08658,-0.1194],"rotation":{"angle":22.5,"axis":"x","origin":[8,4,7.5]},"faces":{"north":{"uv":[13.25,5.75,12.5,6],"rotation":180,"texture":"#2"},"east":{"uv":[12.5,5.75,12,6],"rotation":180,"texture":"#2"},"south":{"uv":[13.25,5.75,12.5,6],"rotation":180,"texture":"#2"},"west":{"uv":[12,5.75,12.5,6],"rotation":180,"texture":"#2"},"up":{"uv":[12.75,6.5,12,7],"texture":"#2"},"down":{"uv":[12.75,6.5,12,6],"texture":"#2"}}},{"from":[6.5,4,2.5],"to":[9.5,6,7.5],"rotation":{"angle":0,"axis":"y","origin":[8,4,7.5]},"faces":{"north":{"uv":[12,7.5,11.25,7],"rotation":180,"texture":"#2"},"east":{"uv":[11.25,5.75,10.75,7],"rotation":90,"texture":"#2"},"south":{"uv":[12,7.5,11.25,8],"texture":"#2"},"west":{"uv":[10.75,5.75,11.25,7],"rotation":270,"texture":"#2"},"up":{"uv":[12.75,7,12,8.25],"texture":"#2"},"down":{"uv":[12,5.75,11.25,7],"rotation":180,"texture":"#2"}}},{"from":[6.5,10.2694,5.58658],"to":[9.5,15.2694,7.58658],"rotation":{"angle":-45,"axis":"x","origin":[8,5.65,7.5]},"faces":{"north":{"uv":[12,10.25,11.25,9],"rotation":180,"texture":"#2"},"east":{"uv":[12,8,10.75,8.5],"rotation":90,"texture":"#2"},"south":{"uv":[12.75,9,12,10.25],"texture":"#2"},"west":{"uv":[10.75,8,12,8.5],"rotation":270,"texture":"#2"},"up":{"uv":[12.25,8.5,11.5,9],"texture":"#2"},"down":{"uv":[12.25,8.5,11.5,9],"rotation":180,"texture":"#2"}}},{"from":[6.5,13.2694,4.58658],"to":[9.5,15.2694,5.58658],"rotation":{"angle":-45,"axis":"x","origin":[8,5.65,7.5]},"faces":{"north":{"uv":[12.75,6.5,12,6],"rotation":180,"texture":"#2"},"east":{"uv":[12.5,5.75,12,6],"rotation":90,"texture":"#2"},"south":{"uv":[12.75,6.5,12,7],"texture":"#2"},"west":{"uv":[12,5.75,12.5,6],"rotation":270,"texture":"#2"},"up":{"uv":[13.25,5.75,12.5,6],"texture":"#2"},"down":{"uv":[13.25,5.75,12.5,6],"rotation":180,"texture":"#2"}}},{"from":[6.4875,5.65,2.5],"to":[9.5125,7.65,7.5],"rotation":{"angle":22.5,"axis":"x","origin":[8,5.65,7.5]},"faces":{"north":{"uv":[12,7.5,11.25,7],"rotation":180,"texture":"#2"},"east":{"uv":[11.25,5.75,10.75,7],"rotation":90,"texture":"#2"},"south":{"uv":[12,7.5,11.25,8],"texture":"#2"},"west":{"uv":[10.75,5.75,11.25,7],"rotation":270,"texture":"#2"},"up":{"uv":[12.75,7,12,8.25],"texture":"#2"},"down":{"uv":[12,5.75,11.25,7],"rotation":180,"texture":"#2"}}},{"from":[6.5,11.7694,6.08658],"to":[9.5,16.7694,8.08658],"rotation":{"angle":-22.5,"axis":"x","origin":[8,7.15,8]},"faces":{"north":{"uv":[12,10.25,11.25,9],"rotation":180,"texture":"#2"},"east":{"uv":[12,8,10.75,8.5],"rotation":90,"texture":"#2"},"south":{"uv":[12.75,9,12,10.25],"texture":"#2"},"west":{"uv":[10.75,8,12,8.5],"rotation":270,"texture":"#2"},"up":{"uv":[12.25,8.5,11.5,9],"texture":"#2"},"down":{"uv":[12.25,8.5,11.5,9],"rotation":180,"texture":"#2"}}},{"from":[6.5,14.7694,5.08658],"to":[9.5,16.7694,6.08658],"rotation":{"angle":-22.5,"axis":"x","origin":[8,7.15,8]},"faces":{"north":{"uv":[12.75,6.5,12,6],"rotation":180,"texture":"#2"},"east":{"uv":[12.5,5.75,12,6],"rotation":90,"texture":"#2"},"south":{"uv":[12.75,6.5,12,7],"texture":"#2"},"west":{"uv":[12,5.75,12.5,6],"rotation":270,"texture":"#2"},"up":{"uv":[13.25,5.75,12.5,6],"texture":"#2"},"down":{"uv":[13.25,5.75,12.5,6],"rotation":180,"texture":"#2"}}},{"from":[6.4875,7.15,3],"to":[9.5125,9.15,7],"rotation":{"angle":45,"axis":"x","origin":[8,7.15,8]},"faces":{"north":{"uv":[12,7.5,11.25,7],"rotation":180,"texture":"#2"},"east":{"uv":[11.25,5.75,10.75,6.75],"rotation":90,"texture":"#2"},"south":{"uv":[12,7.5,11.25,8],"texture":"#2"},"west":{"uv":[10.75,5.75,11.25,6.75],"rotation":270,"texture":"#2"},"up":{"uv":[12.75,7,12,8],"texture":"#2"},"down":{"uv":[12,5.75,11.25,6.75],"rotation":180,"texture":"#2"}}},{"from":[6.4875,2.08658,13.1194],"to":[9.5125,4.08658,18.1194],"rotation":{"angle":-22.5,"axis":"x","origin":[8,4,8.5]},"faces":{"north":{"uv":[11.5,8.5,12.25,9],"rotation":180,"texture":"#2"},"east":{"uv":[10.75,8,12,8.5],"rotation":180,"texture":"#2"},"south":{"uv":[11.5,8.5,12.25,9],"rotation":180,"texture":"#2"},"west":{"uv":[12,8,10.75,8.5],"rotation":180,"texture":"#2"},"up":{"uv":[12.75,10.25,12,9],"texture":"#2"},"down":{"uv":[12,9,11.25,10.25],"texture":"#2"}}},{"from":[6.5,1.08658,16.1194],"to":[9.5,2.08658,18.1194],"rotation":{"angle":-22.5,"axis":"x","origin":[8,4,8.5]},"faces":{"north":{"uv":[12.5,5.75,13.25,6],"rotation":180,"texture":"#2"},"east":{"uv":[12,5.75,12.5,6],"rotation":180,"texture":"#2"},"south":{"uv":[12.5,5.75,13.25,6],"rotation":180,"texture":"#2"},"west":{"uv":[12.5,5.75,12,6],"rotation":180,"texture":"#2"},"up":{"uv":[12.75,7,12,6.5],"texture":"#2"},"down":{"uv":[12.75,6,12,6.5],"texture":"#2"}}},{"from":[6.5,4,8.5],"to":[9.5,6,13.5],"rotation":{"angle":0,"axis":"y","origin":[8,4,8.5]},"faces":{"north":{"uv":[11.25,7.5,12,8],"texture":"#2"},"east":{"uv":[11.25,7,10.75,5.75],"rotation":90,"texture":"#2"},"south":{"uv":[11.25,7.5,12,7],"rotation":180,"texture":"#2"},"west":{"uv":[10.75,7,11.25,5.75],"rotation":270,"texture":"#2"},"up":{"uv":[12.75,8.25,12,7],"texture":"#2"},"down":{"uv":[12,7,11.25,5.75],"rotation":180,"texture":"#2"}}},{"from":[6.5,10.2694,8.41342],"to":[9.5,15.2694,10.41342],"rotation":{"angle":45,"axis":"x","origin":[8,5.65,8.5]},"faces":{"north":{"uv":[12,9,12.75,10.25],"texture":"#2"},"east":{"uv":[12,8.5,10.75,8],"rotation":90,"texture":"#2"},"south":{"uv":[11.25,10.25,12,9],"rotation":180,"texture":"#2"},"west":{"uv":[10.75,8.5,12,8],"rotation":270,"texture":"#2"},"up":{"uv":[12.25,9,11.5,8.5],"texture":"#2"},"down":{"uv":[12.25,9,11.5,8.5],"rotation":180,"texture":"#2"}}},{"from":[6.5,13.2694,10.41342],"to":[9.5,15.2694,11.41342],"rotation":{"angle":45,"axis":"x","origin":[8,5.65,8.5]},"faces":{"north":{"uv":[12,6.5,12.75,7],"texture":"#2"},"east":{"uv":[12.5,6,12,5.75],"rotation":90,"texture":"#2"},"south":{"uv":[12,6.5,12.75,6],"rotation":180,"texture":"#2"},"west":{"uv":[12,6,12.5,5.75],"rotation":270,"texture":"#2"},"up":{"uv":[13.25,6,12.5,5.75],"texture":"#2"},"down":{"uv":[13.25,6,12.5,5.75],"rotation":180,"texture":"#2"}}},{"from":[6.4875,5.65,8.5],"to":[9.5125,7.65,13.5],"rotation":{"angle":-22.5,"axis":"x","origin":[8,5.65,8.5]},"faces":{"north":{"uv":[11.25,7.5,12,8],"texture":"#2"},"east":{"uv":[11.25,7,10.75,5.75],"rotation":90,"texture":"#2"},"south":{"uv":[11.25,7.5,12,7],"rotation":180,"texture":"#2"},"west":{"uv":[10.75,7,11.25,5.75],"rotation":270,"texture":"#2"},"up":{"uv":[12.75,8.25,12,7],"texture":"#2"},"down":{"uv":[12,7,11.25,5.75],"rotation":180,"texture":"#2"}}},{"from":[6.5,11.7694,7.91342],"to":[9.5,16.7694,9.91342],"rotation":{"angle":22.5,"axis":"x","origin":[8,7.15,8]},"faces":{"north":{"uv":[12,9,12.75,10.25],"texture":"#2"},"east":{"uv":[12,8.5,10.75,8],"rotation":90,"texture":"#2"},"south":{"uv":[11.25,10.25,12,9],"rotation":180,"texture":"#2"},"west":{"uv":[10.75,8.5,12,8],"rotation":270,"texture":"#2"},"up":{"uv":[12.25,9,11.5,8.5],"texture":"#2"},"down":{"uv":[12.25,9,11.5,8.5],"rotation":180,"texture":"#2"}}},{"from":[6.5,14.7694,9.91342],"to":[9.5,16.7694,10.91342],"rotation":{"angle":22.5,"axis":"x","origin":[8,7.15,8]},"faces":{"north":{"uv":[12,6.5,12.75,7],"texture":"#2"},"east":{"uv":[12.5,6,12,5.75],"rotation":90,"texture":"#2"},"south":{"uv":[12,6.5,12.75,6],"rotation":180,"texture":"#2"},"west":{"uv":[12,6,12.5,5.75],"rotation":270,"texture":"#2"},"up":{"uv":[13.25,6,12.5,5.75],"texture":"#2"},"down":{"uv":[13.25,6,12.5,5.75],"rotation":180,"texture":"#2"}}},{"from":[6.4875,7.15,9],"to":[9.5125,9.15,13],"rotation":{"angle":-45,"axis":"x","origin":[8,7.15,8]},"faces":{"north":{"uv":[11.25,7.5,12,8],"texture":"#2"},"east":{"uv":[11.25,6.75,10.75,5.75],"rotation":90,"texture":"#2"},"south":{"uv":[11.25,7.5,12,7],"rotation":180,"texture":"#2"},"west":{"uv":[10.75,6.75,11.25,5.75],"rotation":270,"texture":"#2"},"up":{"uv":[12.75,8,12,7],"texture":"#2"},"down":{"uv":[12,6.75,11.25,5.75],"rotation":180,"texture":"#2"}}},{"from":[6,-12,6],"to":[10,-10,10],"rotation":{"angle":-45,"axis":"y","origin":[8,-8,8]},"faces":{"north":{"uv":[9.75,8,10.75,8.5],"texture":"#2"},"east":{"uv":[0.5,10,1.5,10.5],"texture":"#2"},"south":{"uv":[10,1,11,1.5],"texture":"#2"},"west":{"uv":[1.5,10,2.5,10.5],"texture":"#2"},"up":{"uv":[3,10,2,9],"texture":"#2"},"down":{"uv":[10,2,9,3],"texture":"#2"}}},{"from":[6,3,6],"to":[10,5,10],"rotation":{"angle":0,"axis":"y","origin":[8,7,8]},"faces":{"north":{"uv":[12.5,0,11.5,0.5],"texture":"#2"},"east":{"uv":[13.5,0,12.5,0.5],"texture":"#2"},"south":{"uv":[14.5,0,13.5,0.5],"texture":"#2"},"west":{"uv":[15.5,0,14.5,0.5],"texture":"#2"},"up":{"uv":[12.5,0.5,11.5,1.5],"texture":"#2"},"down":{"uv":[13.5,0.5,12.5,1.5],"texture":"#2"}}},{"from":[6.9875,-1.5,4],"to":[9.0125,2.5,8],"rotation":{"angle":45,"axis":"x","origin":[8,-1.5,8]},"faces":{"north":{"uv":[4.5,10.25,5,9.25],"texture":"#2"},"east":{"uv":[10,1,9,0],"texture":"#2"},"south":{"uv":[9.5,9.5,10,8.5],"texture":"#2"},"west":{"uv":[9,1,10,0],"texture":"#2"},"up":{"uv":[9.75,10.5,9.25,9.5],"texture":"#2"},"down":{"uv":[9.25,9.5,8.75,10.5],"texture":"#2"}}},{"from":[6.975,2.19552,5.53073],"to":[9.025,4.69552,9.53073],"rotation":{"angle":22.5,"axis":"x","origin":[8,-1.5,8]},"faces":{"north":{"uv":[8.5125,5.875,8,5.25],"texture":"#2"},"east":{"uv":[1,7.375,2,6.75],"texture":"#2"},"south":{"uv":[5.5,8.625,5,8],"texture":"#2"},"west":{"uv":[2,7.375,1,6.75],"texture":"#2"},"up":{"uv":[10.2625,9.5,9.75,10.5],"texture":"#2"},"down":{"uv":[10.2625,8,9.75,7],"texture":"#2"}}},{"from":[6.975,2.19552,6.46927],"to":[9.025,4.69552,10.46927],"rotation":{"angle":-22.5,"axis":"x","origin":[8,-1.5,8]},"faces":{"north":{"uv":[5.5,8.625,5,8],"texture":"#2"},"east":{"uv":[2,7.375,1,6.75],"texture":"#2"},"south":{"uv":[8,5.875,8.5125,5.25],"texture":"#2"},"west":{"uv":[1,7.375,2,6.75],"texture":"#2"},"up":{"uv":[10.25,10.5,9.75,9.5],"texture":"#2"},"down":{"uv":[10.25,7,9.75,8],"texture":"#2"}}},{"from":[4,-5,6],"to":[12,5,6],"rotation":{"angle":22.5,"axis":"x","origin":[8,5,6]},"faces":{"north":{"uv":[13.375,16,11.375,13.5],"rotation":180,"texture":"#2"},"east":{"uv":[0.5,10,1.5,10.5],"rotation":90,"texture":"#2"},"south":{"uv":[13.375,13.5,11.375,16],"texture":"#2"},"west":{"uv":[1.5,10,2.5,10.5],"rotation":270,"texture":"#2"},"up":{"uv":[10,1,11,1.5],"texture":"#2"},"down":{"uv":[9.75,8,10.75,8.5],"rotation":180,"texture":"#2"}}},{"from":[4,-1,6],"to":[12,5,6],"rotation":{"angle":45,"axis":"x","origin":[8,5,6]},"faces":{"north":{"uv":[11.25,16,9.25,14.5],"rotation":180,"texture":"#2"},"east":{"uv":[0.5,10,1.5,10.5],"rotation":90,"texture":"#2"},"south":{"uv":[11.25,14.5,9.25,16],"texture":"#2"},"west":{"uv":[1.5,10,2.5,10.5],"rotation":270,"texture":"#2"},"up":{"uv":[10,1,11,1.5],"texture":"#2"},"down":{"uv":[9.75,8,10.75,8.5],"rotation":180,"texture":"#2"}}},{"from":[6,-5,4],"to":[6,5,12],"rotation":{"angle":-22.5,"axis":"z","origin":[6,5,8]},"faces":{"north":{"uv":[0.5,10,1.5,10.5],"rotation":90,"texture":"#2"},"east":{"uv":[16,14,13.5,16],"rotation":270,"texture":"#2"},"south":{"uv":[1.5,10,2.5,10.5],"rotation":270,"texture":"#2"},"west":{"uv":[16,16,13.5,14],"rotation":270,"texture":"#2"},"up":{"uv":[10,1,11,1.5],"rotation":270,"texture":"#2"},"down":{"uv":[9.75,8,10.75,8.5],"rotation":270,"texture":"#2"}}},{"from":[4,5,10],"to":[12,5,16],"rotation":{"angle":22.5,"axis":"x","origin":[8,5,10]},"faces":{"north":{"uv":[10,1,11,1.5],"texture":"#2"},"east":{"uv":[1.5,10,2.5,10.5],"texture":"#2"},"south":{"uv":[9.75,8,10.75,8.5],"texture":"#2"},"west":{"uv":[0.5,10,1.5,10.5],"texture":"#2"},"up":{"uv":[11.25,16,9.25,14.5],"rotation":180,"texture":"#2"},"down":{"uv":[11.25,14.5,9.25,16],"rotation":180,"texture":"#2"}}},{"from":[10,-5,4],"to":[10,5,12],"rotation":{"angle":22.5,"axis":"z","origin":[10,5,8]},"faces":{"north":{"uv":[1.5,10,2.5,10.5],"rotation":270,"texture":"#2"},"east":{"uv":[16,16,13.5,14],"rotation":270,"texture":"#2"},"south":{"uv":[0.5,10,1.5,10.5],"rotation":90,"texture":"#2"},"west":{"uv":[16,14,13.5,16],"rotation":270,"texture":"#2"},"up":{"uv":[10,1,11,1.5],"rotation":90,"texture":"#2"},"down":{"uv":[9.75,8,10.75,8.5],"rotation":90,"texture":"#2"}}},{"from":[10,-5,4],"to":[10,5,12],"rotation":{"angle":45,"axis":"z","origin":[10,5,8]},"faces":{"north":{"uv":[1.5,10,2.5,10.5],"rotation":270,"texture":"#2"},"east":{"uv":[11.375,13.5,13.375,16],"texture":"#2"},"south":{"uv":[0.5,10,1.5,10.5],"rotation":90,"texture":"#2"},"west":{"uv":[13.375,13.5,11.375,16],"texture":"#2"},"up":{"uv":[10,1,11,1.5],"rotation":90,"texture":"#2"},"down":{"uv":[9.75,8,10.75,8.5],"rotation":90,"texture":"#2"}}},{"from":[6,-5,4],"to":[6,5,12],"rotation":{"angle":-45,"axis":"z","origin":[6,5,8]},"faces":{"north":{"uv":[1.5,10.5,2.5,10],"rotation":270,"texture":"#2"},"east":{"uv":[11.375,13.5,13.375,16],"texture":"#2"},"south":{"uv":[0.5,10.5,1.5,10],"rotation":90,"texture":"#2"},"west":{"uv":[13.375,13.5,11.375,16],"texture":"#2"},"up":{"uv":[10,1.5,11,1],"rotation":90,"texture":"#2"},"down":{"uv":[9.75,8.5,10.75,8],"rotation":90,"texture":"#2"}}},{"from":[7,-14,7],"to":[9,3,9],"rotation":{"angle":-45,"axis":"y","origin":[8,-6,8]},"faces":{"north":{"uv":[11,1.5,11.5,5.75],"texture":"#2"},"east":{"uv":[10.5,1.5,11,5.75],"texture":"#2"},"south":{"uv":[11.5,1.5,12,5.75],"texture":"#2"},"west":{"uv":[12,1.5,12.5,5.75],"texture":"#2"},"up":{"uv":[10.5,9.5,10,9],"texture":"#2"},"down":{"uv":[10.75,6.75,10.25,7.25],"texture":"#2"}}},{"from":[6.5,-13.95,10],"to":[9.5,-12.95,11],"rotation":{"angle":22.5,"axis":"x","origin":[7.5,-13.95,9]},"faces":{"north":{"uv":[7.25,10.25,8,10.5],"texture":"#2"},"east":{"uv":[7,8,6.75,8.25],"texture":"#2"},"south":{"uv":[10.25,7.25,11,7.5],"texture":"#2"},"west":{"uv":[6.75,8,7,8.25],"texture":"#2"},"up":{"uv":[11,7.75,10.25,7.5],"texture":"#2"},"down":{"uv":[11,7.75,10.25,8],"texture":"#2"}}},{"from":[6.5,-14.95,5],"to":[9.5,-13.95,11],"rotation":{"angle":22.5,"axis":"x","origin":[7.5,-13.95,9]},"faces":{"north":{"uv":[10.25,9.5,11,9.75],"texture":"#2"},"east":{"uv":[11.5,8.75,10,9],"texture":"#2"},"south":{"uv":[10.25,9.75,11,10],"texture":"#2"},"west":{"uv":[10,8.75,11.5,9],"texture":"#2"},"up":{"uv":[7.75,8.25,7,6.75],"texture":"#2"},"down":{"uv":[8.75,0,8,1.5],"texture":"#2"}}},{"from":[6.5,-15.95,5],"to":[9.5,-14.95,6],"rotation":{"angle":22.5,"axis":"x","origin":[7.5,-13.95,9]},"faces":{"north":{"uv":[10.25,10,11,10.25],"texture":"#2"},"east":{"uv":[8,8.25,7.75,8.5],"texture":"#2"},"south":{"uv":[10.25,10.25,11,10.5],"texture":"#2"},"west":{"uv":[7.75,8.25,8,8.5],"texture":"#2"},"up":{"uv":[11.25,0.25,10.5,0],"texture":"#2"},"down":{"uv":[11.25,0.25,10.5,0.5],"texture":"#2"}}},{"from":[5,10,-4],"to":[5,17,3],"rotation":{"angle":0,"axis":"y","origin":[3,4,-6]},"faces":{"north":{"uv":[0,0,0,3.5],"texture":"#missing"},"east":{"uv":[1.75,0.125,0,1.875],"texture":"#1"},"south":{"uv":[0,0,0,3.5],"texture":"#missing"},"west":{"uv":[0,0.125,1.75,1.875],"texture":"#1"},"up":{"uv":[0,0,0,3.5],"texture":"#missing"},"down":{"uv":[0,0,0,3.5],"texture":"#missing"}}},{"from":[9,19,1],"to":[9,26,8],"rotation":{"angle":0,"axis":"y","origin":[7,13,-1]},"faces":{"north":{"uv":[0,0,0,3.5],"texture":"#missing"},"east":{"uv":[7.75,4.125,6,5.875],"texture":"#1"},"south":{"uv":[0,0,0,3.5],"texture":"#missing"},"west":{"uv":[6,4.125,7.75,5.875],"texture":"#1"},"up":{"uv":[0,0,0,3.5],"texture":"#missing"},"down":{"uv":[0,0,0,3.5],"texture":"#missing"}}},{"from":[5,15,9],"to":[5,22,16],"rotation":{"angle":0,"axis":"y","origin":[3,9,7]},"faces":{"north":{"uv":[0,0,0,3.5],"texture":"#missing"},"east":{"uv":[3.875,2.125,2.125,3.875],"texture":"#1"},"south":{"uv":[0,0,0,3.5],"texture":"#missing"},"west":{"uv":[2.125,2.125,3.875,3.875],"texture":"#1"},"up":{"uv":[0,0,0,3.5],"texture":"#missing"},"down":{"uv":[0,0,0,3.5],"texture":"#missing"}}},{"from":[6,-10,10],"to":[6,-3,17],"rotation":{"angle":0,"axis":"y","origin":[4,-16,8]},"faces":{"north":{"uv":[0,0,0,3.5],"texture":"#missing"},"east":{"uv":[7.875,0.125,6.125,1.875],"texture":"#1"},"south":{"uv":[0,0,0,3.5],"texture":"#missing"},"west":{"uv":[6.125,0.125,7.875,1.875],"texture":"#1"},"up":{"uv":[0,0,0,3.5],"texture":"#missing"},"down":{"uv":[0,0,0,3.5],"texture":"#missing"}}},{"from":[11,5,-1],"to":[11,12,6],"rotation":{"angle":0,"axis":"y","origin":[13,-1,-3]},"faces":{"north":{"uv":[0,0,0,3.5],"texture":"#missing"},"east":{"uv":[5.875,2.125,4.125,3.875],"texture":"#1"},"south":{"uv":[0,0,0,3.5],"texture":"#missing"},"west":{"uv":[4.125,2.125,5.875,3.875],"texture":"#1"},"up":{"uv":[0,0,0,3.5],"texture":"#missing"},"down":{"uv":[0,0,0,3.5],"texture":"#missing"}}},{"from":[11,4,11],"to":[11,11,18],"rotation":{"angle":0,"axis":"y","origin":[13,-2,9]},"faces":{"north":{"uv":[0,0,0,3.5],"texture":"#missing"},"east":{"uv":[5.875,4,4.125,5.75],"texture":"#1"},"south":{"uv":[0,0,0,3.5],"texture":"#missing"},"west":{"uv":[4.125,4,5.875,5.75],"texture":"#1"},"up":{"uv":[0,0,0,3.5],"texture":"#missing"},"down":{"uv":[0,0,0,3.5],"texture":"#missing"}}},{"from":[12,-6,-3],"to":[12,1,4],"rotation":{"angle":0,"axis":"y","origin":[14,-12,-5]},"faces":{"north":{"uv":[0,0,0,3.5],"texture":"#missing"},"east":{"uv":[7.75,4.125,6,5.875],"texture":"#1"},"south":{"uv":[0,0,0,3.5],"texture":"#missing"},"west":{"uv":[6,4.125,7.75,5.875],"texture":"#1"},"up":{"uv":[0,0,0,3.5],"texture":"#missing"},"down":{"uv":[0,0,0,3.5],"texture":"#missing"}}},{"from":[13,3,8],"to":[13,12,16],"rotation":{"angle":-22.5,"axis":"y","origin":[13,12,8]},"faces":{"north":{"uv":[0,0,0,3.5],"rotation":180,"texture":"#missing"},"east":{"uv":[2,13.75,0,16],"rotation":180,"texture":"#1"},"south":{"uv":[0,0,0,3.5],"rotation":180,"texture":"#missing"},"west":{"uv":[0,13.75,2,16],"rotation":180,"texture":"#1"},"up":{"uv":[0,0,0,3.5],"texture":"#missing"},"down":{"uv":[0,0,0,3.5],"texture":"#missing"}}},{"from":[13,3,0],"to":[13,12,8],"rotation":{"angle":22.5,"axis":"y","origin":[13,12,8]},"faces":{"north":{"uv":[0,0,0,3.5],"rotation":180,"texture":"#missing"},"east":{"uv":[2,16,0,13.75],"texture":"#1"},"south":{"uv":[0,0,0,3.5],"texture":"#missing"},"west":{"uv":[2,13.75,0,16],"texture":"#1"},"up":{"uv":[0,0,0,3.5],"texture":"#missing"},"down":{"uv":[0,0,0,3.5],"rotation":180,"texture":"#missing"}}},{"from":[3,3,8],"to":[3,12,16],"rotation":{"angle":22.5,"axis":"y","origin":[3,12,8]},"faces":{"north":{"uv":[0,0,0,3.5],"rotation":180,"texture":"#missing"},"east":{"uv":[2,13.75,0,16],"rotation":180,"texture":"#1"},"south":{"uv":[0,0,0,3.5],"rotation":180,"texture":"#missing"},"west":{"uv":[0,13.75,2,16],"rotation":180,"texture":"#1"},"up":{"uv":[0,0,0,3.5],"texture":"#missing"},"down":{"uv":[0,0,0,3.5],"texture":"#missing"}}},{"from":[3,3,0],"to":[3,12,8],"rotation":{"angle":-22.5,"axis":"y","origin":[3,12,8]},"faces":{"north":{"uv":[0,0,0,3.5],"rotation":180,"texture":"#missing"},"east":{"uv":[0,13.75,2,16],"texture":"#1"},"south":{"uv":[0,0,0,3.5],"texture":"#missing"},"west":{"uv":[0,16,2,13.75],"texture":"#1"},"up":{"uv":[0,0,0,3.5],"texture":"#missing"},"down":{"uv":[0,0,0,3.5],"rotation":180,"texture":"#missing"}}}],"gui_light":"front","display":{"thirdperson_righthand":{"translation":[0,7,1.75],"scale":[0.65,0.65,0.65]},"thirdperson_lefthand":{"translation":[0,7,1.75],"scale":[0.65,0.65,0.65]},"firstperson_righthand":{"rotation":[-12,0,0],"translation":[1.13,6.25,0.38],"scale":[0.37,0.37,0.37]},"firstperson_lefthand":{"rotation":[-12,0,0],"translation":[1.13,6.25,0.38],"scale":[0.37,0.37,0.37]},"ground":{"rotation":[0,0,90],"translation":[-4.5,9,0],"scale":[0.6,0.6,0.6]},"gui":{"rotation":[-90,-135,-90],"translation":[-2.25,2.5,-1.5],"scale":[0.55078,0.55078,0.55078]},"head":{"scale":[0,0,0]},"fixed":{"rotation":[-90,-90,-90],"translation":[0,12,-3.5],"scale":[1.4,1.4,1.4]}},"mcmodels":"e3a39039ab05ebb107bd35ba0b0c24d5"}