{"format_version":"1.21.6","credit":"Made with Blockbench","texture_size":[64,64],"textures":{"1":"elitecreatures:hollow_knight_animated_weapon_set/animation_texture","2":"elitecreatures:hollow_knight_animated_weapon_set/wing_texture","particle":"elitecreatures:hollow_knight_animated_weapon_set/animation_texture"},"elements":[{"from":[-0.064,-6.592,10.912],"to":[8,-1.216,10.912],"rotation":{"angle":0,"axis":"y","origin":[8,-3.904,10.912]},"faces":{"north":{"uv":[16,0,10,4],"texture":"#1"},"east":{"uv":[0,0,0,6.75],"texture":"#2"},"south":{"uv":[10,0,16,4],"texture":"#1"},"west":{"uv":[0,0,0,6.75],"texture":"#2"},"up":{"uv":[0,4,0,0],"rotation":270,"texture":"#2"},"down":{"uv":[0,0,0,4],"rotation":90,"texture":"#2"}}},{"from":[-0.064,-16,11.248],"to":[8,-5.248,11.248],"rotation":{"angle":0,"axis":"y","origin":[8,-5.248,11.248]},"faces":{"north":{"uv":[16,4,10,12],"texture":"#1"},"east":{"uv":[0,0,0,6.75],"texture":"#2"},"south":{"uv":[10,4,16,12],"texture":"#1"},"west":{"uv":[0,0,0,6.75],"texture":"#2"},"up":{"uv":[0,4,0,0],"rotation":270,"texture":"#2"},"down":{"uv":[0,0,0,4],"rotation":90,"texture":"#2"}}},{"from":[8,-6.592,10.912],"to":[16.064,-1.216,10.912],"rotation":{"angle":0,"axis":"y","origin":[8,-3.904,10.912]},"faces":{"north":{"uv":[10,0,16,4],"texture":"#1"},"east":{"uv":[0,0,0,6.75],"texture":"#2"},"south":{"uv":[16,0,10,4],"texture":"#1"},"west":{"uv":[0,0,0,6.75],"texture":"#2"},"up":{"uv":[0,0,0,4],"rotation":270,"texture":"#2"},"down":{"uv":[0,4,0,0],"rotation":90,"texture":"#2"}}},{"from":[8,-16,11.248],"to":[16.064,-5.248,11.248],"rotation":{"angle":0,"axis":"y","origin":[8,-5.248,11.248]},"faces":{"north":{"uv":[10,4,16,12],"texture":"#1"},"east":{"uv":[0,0,0,6.75],"texture":"#2"},"south":{"uv":[16,4,10,12],"texture":"#1"},"west":{"uv":[0,0,0,6.75],"texture":"#2"},"up":{"uv":[0,0,0,4],"rotation":270,"texture":"#2"},"down":{"uv":[0,4,0,0],"rotation":90,"texture":"#2"}}},{"from":[6.992,-8.272,11.08],"to":[9.008,-6.592,11.416],"rotation":{"angle":0,"axis":"y","origin":[7.664,-5.92,11.248]},"faces":{"north":{"uv":[5.5,6.75,7,8],"texture":"#2"},"east":{"uv":[2.75,10,3,11.25],"texture":"#2"},"south":{"uv":[7,6.75,5.5,8],"texture":"#2"},"west":{"uv":[10.25,1.5,10.5,2.75],"texture":"#2"},"up":{"uv":[10.25,3,10,1.5],"rotation":90,"texture":"#2"},"down":{"uv":[2.75,10,2.5,11.5],"rotation":270,"texture":"#2"}}},{"from":[7.58,-6.592,11.0758],"to":[9.008,-5.164,11.4202],"rotation":{"angle":45,"axis":"z","origin":[9.008,-6.592,11.248]},"faces":{"north":{"uv":[6.5,8.25,7.5,9.25],"texture":"#2"},"east":{"uv":[10.25,2.75,10.5,3.75],"texture":"#2"},"south":{"uv":[7.5,8.25,6.5,9.25],"texture":"#2"},"west":{"uv":[10.25,3.75,10.5,4.75],"texture":"#2"},"up":{"uv":[4.75,11.25,4.5,10.25],"rotation":90,"texture":"#2"},"down":{"uv":[5,10.25,4.75,11.25],"rotation":270,"texture":"#2"}}},{"from":[7.58,-9.7,11.0758],"to":[9.008,-8.272,11.4202],"rotation":{"angle":-45,"axis":"z","origin":[9.008,-8.272,11.248]},"faces":{"north":{"uv":[6.5,9.25,7.5,8.25],"texture":"#2"},"east":{"uv":[10.25,3.75,10.5,2.75],"texture":"#2"},"south":{"uv":[7.5,9.25,6.5,8.25],"texture":"#2"},"west":{"uv":[10.25,4.75,10.5,3.75],"texture":"#2"},"up":{"uv":[4.75,10.25,5,11.25],"rotation":270,"texture":"#2"},"down":{"uv":[4.5,11.25,4.75,10.25],"rotation":90,"texture":"#2"}}},{"from":[7.328,-6.256,11.08],"to":[8.672,-4.912,11.416],"rotation":{"angle":0,"axis":"y","origin":[8,-6.256,11.248]},"faces":{"north":{"uv":[8.5,8.5,9.5,9.5],"texture":"#2"},"east":{"uv":[5.75,10.25,6,11.25],"texture":"#2"},"south":{"uv":[9.5,8.5,8.5,9.5],"texture":"#2"},"west":{"uv":[10.25,5.75,10.5,6.75],"texture":"#2"},"up":{"uv":[6.25,11.25,6,10.25],"rotation":90,"texture":"#2"},"down":{"uv":[6.5,10.25,6.25,11.25],"rotation":270,"texture":"#2"}}},{"from":[7.328,-5.332,11.0758],"to":[8.336,-4.324,11.4202],"rotation":{"angle":45,"axis":"z","origin":[8,-4.66,11.248]},"faces":{"north":{"uv":[8,9.5,8.75,10.25],"texture":"#2"},"east":{"uv":[8.25,10.25,8.5,11],"texture":"#2"},"south":{"uv":[8.75,9.5,8,10.25],"texture":"#2"},"west":{"uv":[8.5,10.25,8.75,11],"texture":"#2"},"up":{"uv":[0.75,11.25,0.5,10.5],"rotation":90,"texture":"#2"},"down":{"uv":[1,10.5,0.75,11.25],"rotation":270,"texture":"#2"}}},{"from":[8,-4.408,10.5718],"to":[9.344,-3.064,11.2522],"rotation":{"angle":-45,"axis":"z","origin":[8,-3.064,10.912]},"faces":{"north":{"uv":[9,0,10,1],"texture":"#2"},"east":{"uv":[4.5,9.25,5,10.25],"texture":"#2"},"south":{"uv":[10,0,9,1],"texture":"#2"},"west":{"uv":[9.5,8.5,10,9.5],"texture":"#2"},"up":{"uv":[9.25,10.5,8.75,9.5],"rotation":90,"texture":"#2"},"down":{"uv":[9.75,9.5,9.25,10.5],"rotation":270,"texture":"#2"}}},{"from":[7.328,-5.7688,10.408],"to":[8.672,-4.4248,10.744],"rotation":{"angle":0,"axis":"y","origin":[8,-5.7688,10.576]},"faces":{"north":{"uv":[8.5,8.5,9.5,9.5],"texture":"#2"},"east":{"uv":[5.75,10.25,6,11.25],"texture":"#2"},"south":{"uv":[9.5,8.5,8.5,9.5],"texture":"#2"},"west":{"uv":[10.25,5.75,10.5,6.75],"texture":"#2"},"up":{"uv":[6.25,11.25,6,10.25],"rotation":90,"texture":"#2"},"down":{"uv":[6.5,10.25,6.25,11.25],"rotation":270,"texture":"#2"}}},{"from":[7.3616,-4.8238,10.4038],"to":[8.3024,-3.883,10.7482],"rotation":{"angle":45,"axis":"z","origin":[8,-4.1854,10.576]},"faces":{"north":{"uv":[8,9.5,8.75,10.25],"texture":"#2"},"east":{"uv":[8.25,10.25,8.5,11],"texture":"#2"},"south":{"uv":[8.75,9.5,8,10.25],"texture":"#2"},"west":{"uv":[8.5,10.25,8.75,11],"texture":"#2"},"up":{"uv":[0.75,11.25,0.5,10.5],"rotation":90,"texture":"#2"},"down":{"uv":[1,10.5,0.75,11.25],"rotation":270,"texture":"#2"}}},{"from":[7.3616,-6.3106,10.4038],"to":[8.3024,-5.3698,10.7482],"rotation":{"angle":-45,"axis":"z","origin":[8,-6.0082,10.576]},"faces":{"north":{"uv":[8,10.25,8.75,9.5],"texture":"#2"},"east":{"uv":[8.25,11,8.5,10.25],"texture":"#2"},"south":{"uv":[8.75,10.25,8,9.5],"texture":"#2"},"west":{"uv":[8.5,11,8.75,10.25],"texture":"#2"},"up":{"uv":[0.75,10.5,1,11.25],"rotation":270,"texture":"#2"},"down":{"uv":[0.5,11.25,0.75,10.5],"rotation":90,"texture":"#2"}}},{"from":[7.17033,-7.32969,10.576],"to":[8.51433,-4.30569,11.248],"rotation":{"angle":22.5,"axis":"z","origin":[8,-3.064,10.912]},"faces":{"north":{"uv":[1,6.75,2,9],"texture":"#2"},"east":{"uv":[5,8,5.5,10.25],"texture":"#2"},"south":{"uv":[2,6.75,1,9],"texture":"#2"},"west":{"uv":[8,5.25,8.5,7.5],"texture":"#2"},"up":{"uv":[10.25,8,9.75,7],"rotation":90,"texture":"#2"},"down":{"uv":[10.25,9.5,9.75,10.5],"rotation":270,"texture":"#2"}}},{"from":[7.48567,-7.32969,10.576],"to":[8.82967,-4.30569,11.248],"rotation":{"angle":-22.5,"axis":"z","origin":[8,-3.064,10.912]},"faces":{"north":{"uv":[2,6.75,1,9],"texture":"#2"},"east":{"uv":[8.5,5.25,8,7.5],"texture":"#2"},"south":{"uv":[1,6.75,2,9],"texture":"#2"},"west":{"uv":[5.5,8,5,10.25],"texture":"#2"},"up":{"uv":[10.25,7,9.75,8],"rotation":90,"texture":"#2"},"down":{"uv":[10.25,10.5,9.75,9.5],"rotation":270,"texture":"#2"}}},{"from":[6.656,-7.264,10.912],"to":[9.344,-5.248,10.912],"rotation":{"angle":0,"axis":"y","origin":[8,-5.248,10.912]},"faces":{"north":{"uv":[11.25,14.5,9.25,16],"texture":"#2"},"east":{"uv":[1.5,10,2.5,10.5],"rotation":270,"texture":"#2"},"south":{"uv":[11.25,16,9.25,14.5],"rotation":180,"texture":"#2"},"west":{"uv":[0.5,10,1.5,10.5],"rotation":90,"texture":"#2"},"up":{"uv":[10,1,11,1.5],"rotation":180,"texture":"#2"},"down":{"uv":[9.75,8,10.75,8.5],"texture":"#2"}}},{"from":[6.656,-8.104,10.744],"to":[9.344,-6.088,10.744],"rotation":{"angle":22.5,"axis":"x","origin":[8,-6.088,10.744]},"faces":{"north":{"uv":[11.25,14.5,9.25,16],"texture":"#2"},"east":{"uv":[1.5,10,2.5,10.5],"rotation":270,"texture":"#2"},"south":{"uv":[11.25,16,9.25,14.5],"rotation":180,"texture":"#2"},"west":{"uv":[0.5,10,1.5,10.5],"rotation":90,"texture":"#2"},"up":{"uv":[10,1,11,1.5],"rotation":180,"texture":"#2"},"down":{"uv":[9.75,8,10.75,8.5],"texture":"#2"}}},{"from":[7.328,-8.104,10.744],"to":[8.672,-6.088,10.744],"rotation":{"angle":45,"axis":"x","origin":[8,-6.088,10.744]},"faces":{"north":{"uv":[12.375,14.5,11.375,16],"texture":"#2"},"east":{"uv":[1.5,10,2.5,10.5],"rotation":270,"texture":"#2"},"south":{"uv":[12.375,16,11.375,14.5],"rotation":180,"texture":"#2"},"west":{"uv":[0.5,10,1.5,10.5],"rotation":90,"texture":"#2"},"up":{"uv":[10,1,11,1.5],"rotation":180,"texture":"#2"},"down":{"uv":[9.75,8,10.75,8.5],"texture":"#2"}}},{"from":[7.496,-8.944,10.744],"to":[10.184,-5.584,10.744],"rotation":{"angle":45,"axis":"z","origin":[8.504,-5.584,10.744]},"faces":{"north":{"uv":[16,14,13.5,16],"rotation":270,"texture":"#2"},"east":{"uv":[1.5,10,2.5,10.5],"rotation":270,"texture":"#2"},"south":{"uv":[16,16,13.5,14],"rotation":270,"texture":"#2"},"west":{"uv":[0.5,10,1.5,10.5],"rotation":90,"texture":"#2"},"up":{"uv":[10,1,11,1.5],"rotation":180,"texture":"#2"},"down":{"uv":[9.75,8,10.75,8.5],"texture":"#2"}}},{"from":[8.504,-6.592,10.7356],"to":[12.2,-3.904,10.7356],"rotation":{"angle":-22.5,"axis":"z","origin":[8.504,-5.248,10.7356]},"faces":{"north":{"uv":[11.375,13.25,13.375,16],"rotation":90,"texture":"#2"},"east":{"uv":[9.75,8,10.75,8.5],"rotation":270,"texture":"#2"},"south":{"uv":[13.375,13.25,11.375,16],"rotation":90,"texture":"#2"},"west":{"uv":[10,1,11,1.5],"rotation":90,"texture":"#2"},"up":{"uv":[1.5,10,2.5,10.5],"rotation":180,"texture":"#2"},"down":{"uv":[0.5,10,1.5,10.5],"texture":"#2"}}},{"from":[3.8,-6.592,10.7356],"to":[7.496,-3.904,10.7356],"rotation":{"angle":22.5,"axis":"z","origin":[7.496,-5.248,10.7356]},"faces":{"north":{"uv":[11.375,16,13.375,13.25],"rotation":90,"texture":"#2"},"east":{"uv":[10,1.5,11,1],"rotation":90,"texture":"#2"},"south":{"uv":[13.375,16,11.375,13.25],"rotation":90,"texture":"#2"},"west":{"uv":[9.75,8.5,10.75,8],"rotation":270,"texture":"#2"},"up":{"uv":[2.5,10,1.5,10.5],"rotation":180,"texture":"#2"},"down":{"uv":[1.5,10,0.5,10.5],"texture":"#2"}}},{"from":[7.328,-8.608,11.0674],"to":[10.016,-6.256,11.0674],"rotation":{"angle":45,"axis":"z","origin":[9.344,-6.256,11.0674]},"faces":{"north":{"uv":[11.5,14.25,13.5,16],"texture":"#2"},"east":{"uv":[1.5,10,2.5,10.5],"rotation":270,"texture":"#2"},"south":{"uv":[13.5,14.25,11.5,16],"texture":"#2"},"west":{"uv":[0.5,10,1.5,10.5],"rotation":90,"texture":"#2"},"up":{"uv":[10,1,11,1.5],"rotation":180,"texture":"#2"},"down":{"uv":[9.75,8,10.75,8.5],"texture":"#2"}}},{"from":[5.732,-8.944,10.744],"to":[8.42,-5.584,10.744],"rotation":{"angle":-45,"axis":"z","origin":[7.412,-5.584,10.744]},"faces":{"north":{"uv":[13.375,13.5,11.375,16],"texture":"#2"},"east":{"uv":[1.5,10,2.5,10.5],"rotation":270,"texture":"#2"},"south":{"uv":[11.375,13.5,13.375,16],"texture":"#2"},"west":{"uv":[0.5,10,1.5,10.5],"rotation":90,"texture":"#2"},"up":{"uv":[10,1,11,1.5],"rotation":180,"texture":"#2"},"down":{"uv":[9.75,8,10.75,8.5],"texture":"#2"}}},{"from":[5.648,-8.608,11.0674],"to":[8.336,-6.592,11.0674],"rotation":{"angle":-22.5,"axis":"z","origin":[7.328,-6.592,11.0674]},"faces":{"north":{"uv":[11.375,14.5,9.375,16],"texture":"#2"},"east":{"uv":[1.5,10,2.5,10.5],"rotation":270,"texture":"#2"},"south":{"uv":[9.375,14.5,11.375,16],"texture":"#2"},"west":{"uv":[0.5,10,1.5,10.5],"rotation":90,"texture":"#2"},"up":{"uv":[10,1,11,1.5],"rotation":180,"texture":"#2"},"down":{"uv":[9.75,8,10.75,8.5],"texture":"#2"}}},{"from":[4.976,-3.568,10.744],"to":[8,-0.544,10.744],"rotation":{"angle":0,"axis":"y","origin":[8,-3.568,10.744]},"faces":{"north":{"uv":[3,9,0.75,6.75],"rotation":270,"texture":"#1"},"east":{"uv":[0,0,0,3.5],"rotation":180,"texture":"#missing"},"south":{"uv":[0.75,9,3,6.75],"rotation":90,"texture":"#1"},"west":{"uv":[0,0,0,3.5],"texture":"#missing"},"up":{"uv":[0,0,0,3.5],"rotation":270,"texture":"#missing"},"down":{"uv":[0,0,0,3.5],"rotation":270,"texture":"#missing"}}},{"from":[8,-3.568,10.744],"to":[11.024,-0.544,10.744],"rotation":{"angle":0,"axis":"y","origin":[8,-3.568,10.744]},"faces":{"north":{"uv":[0.75,6.75,3,9],"texture":"#1"},"east":{"uv":[0,0,0,3.5],"texture":"#missing"},"south":{"uv":[3,6.75,0.75,9],"texture":"#1"},"west":{"uv":[0,0,0,3.5],"texture":"#missing"},"up":{"uv":[0,0,0,3.5],"rotation":90,"texture":"#missing"},"down":{"uv":[0,0,0,3.5],"rotation":270,"texture":"#missing"}}},{"from":[5.312,-11.632,11.248],"to":[8.336,-8.608,11.248],"rotation":{"angle":-45,"axis":"z","origin":[8.336,-8.608,11.248]},"faces":{"north":{"uv":[2.25,14.125,0,11.875],"texture":"#1"},"east":{"uv":[0,0,0,3.5],"rotation":180,"texture":"#missing"},"south":{"uv":[0,14.125,2.25,11.875],"texture":"#1"},"west":{"uv":[0,0,0,3.5],"rotation":180,"texture":"#missing"},"up":{"uv":[0,0,0,3.5],"rotation":90,"texture":"#missing"},"down":{"uv":[0,0,0,3.5],"rotation":270,"texture":"#missing"}}},{"from":[7.664,-11.632,11.248],"to":[10.688,-8.608,11.248],"rotation":{"angle":45,"axis":"z","origin":[7.664,-8.608,11.248]},"faces":{"north":{"uv":[0,14.125,2.25,11.875],"texture":"#1"},"east":{"uv":[0,0,0,3.5],"rotation":180,"texture":"#missing"},"south":{"uv":[2.25,14.125,0,11.875],"texture":"#1"},"west":{"uv":[0,0,0,3.5],"rotation":180,"texture":"#missing"},"up":{"uv":[0,3.5,0,0],"rotation":90,"texture":"#missing"},"down":{"uv":[0,3.5,0,0],"rotation":270,"texture":"#missing"}}}],"gui_light":"front","display":{"thirdperson_righthand":{"rotation":[75,45,0],"translation":[-1.5,6.25,10.75],"scale":[0.79297,0.79297,0.79297]},"thirdperson_lefthand":{"rotation":[75,45,0],"translation":[-1.5,6.25,10.75],"scale":[0.79297,0.79297,0.79297]},"firstperson_righthand":{"rotation":[0,135,0],"translation":[2.75,19.25,0],"scale":[1.23985,1.23985,1.23985]},"firstperson_lefthand":{"rotation":[0,135,0],"translation":[2.75,19.25,0],"scale":[1.23985,1.23985,1.23985]},"ground":{"translation":[0,23,-3.25],"scale":[1.26836,1.26836,1.26836]},"gui":{"rotation":[14,166,0],"translation":[-1.25,23.75,-1.5],"scale":[1.8965,1.8965,1.8965]},"head":{"translation":[0,-71.75,-6.5],"scale":[4,4,4]},"fixed":{"translation":[0,55.25,-13.75],"scale":[4,4,4]}},"mcmodels":"e3a39039ab05ebb107bd35ba0b0c24d5"}