{"format_version":"1.9.0","credit":"Pologony Creation Co.,Ltd.","textures":{"1":"plny_pyrosoulset:chest","2":"plny_pyrosoulset:animated/fire_animated_6","particle":"plny_pyrosoulset:animated/fire_animated_6"},"elements":[{"from":[-4.5,8,-0.5],"to":[20.5,9.5,16.5],"rotation":{"angle":0,"axis":"y","origin":[8,10.6875,8]},"faces":{"north":{"uv":[9.4,7.6,14.4,7.9],"texture":"#1"},"east":{"uv":[4,12.2,7.4,12.5],"texture":"#1"},"south":{"uv":[9.4,8.2,14.4,8.5],"texture":"#1"},"west":{"uv":[7.6,12.2,11,12.5],"texture":"#1"},"up":{"uv":[5,3.4,0,0],"texture":"#1"},"down":{"uv":[5,3.6,0,7],"texture":"#1"}}},{"from":[-1.75,9.5,1.5],"to":[17.75,16,14.5],"rotation":{"angle":0,"axis":"y","origin":[8,10.6875,8]},"faces":{"north":{"uv":[4.6,8.8,8.5,10.1],"texture":"#1"},"south":{"uv":[8.8,8.8,12.7,10.1],"texture":"#1"},"up":{"uv":[9.1,8.6,5.2,6],"texture":"#1"}}},{"from":[16.5,14.08082,4],"to":[18.5,17.08082,12],"rotation":{"angle":22.5,"axis":"z","origin":[17.5,11.95582,8]},"faces":{"east":{"uv":[12.4,5.8,14,6.4],"texture":"#1"},"west":{"uv":[12.4,6.6,14,7.2],"texture":"#1"},"up":{"uv":[6.8,15,6.4,13.4],"texture":"#1"},"down":{"uv":[7.4,13.4,7,15],"texture":"#1"}}},{"from":[16.5,8.58082,12],"to":[18.5,17.08082,15],"rotation":{"angle":22.5,"axis":"z","origin":[17.5,11.95582,8]},"faces":{"north":{"uv":[4,12.8,4.4,14.5],"texture":"#1"},"east":{"uv":[0,12.8,0.6,14.5],"texture":"#1"},"south":{"uv":[4.6,12.8,5,14.5],"texture":"#1"},"west":{"uv":[0.8,12.8,1.4,14.5],"texture":"#1"},"up":{"uv":[13.2,14.6,12.8,14],"texture":"#1"}}},{"from":[16.5,8.58082,1],"to":[18.5,17.08082,4],"rotation":{"angle":22.5,"axis":"z","origin":[17.5,11.95582,8]},"faces":{"north":{"uv":[2.8,12.8,3.2,14.5],"texture":"#1"},"east":{"uv":[11.2,12.2,11.8,13.9],"texture":"#1"},"south":{"uv":[3.4,12.8,3.8,14.5],"texture":"#1"},"west":{"uv":[12,12.2,12.6,13.9],"texture":"#1"},"up":{"uv":[14.4,11.8,14,11.2],"texture":"#1"}}},{"from":[-2.5,8.58082,1],"to":[-0.5,17.08082,4],"rotation":{"angle":-22.5,"axis":"z","origin":[-1.5,11.95582,8]},"faces":{"north":{"uv":[3.2,12.8,2.8,14.5],"texture":"#1"},"east":{"uv":[12.6,12.2,12,13.9],"texture":"#1"},"south":{"uv":[3.8,12.8,3.4,14.5],"texture":"#1"},"west":{"uv":[11.8,12.2,11.2,13.9],"texture":"#1"},"up":{"uv":[14,11.8,14.4,11.2],"texture":"#1"}}},{"from":[-2.5,14.08082,4],"to":[-0.5,17.08082,12],"rotation":{"angle":-22.5,"axis":"z","origin":[-1.5,11.95582,8]},"faces":{"east":{"uv":[14,6.6,12.4,7.2],"texture":"#1"},"west":{"uv":[14,5.8,12.4,6.4],"texture":"#1"},"up":{"uv":[6.4,15,6.8,13.4],"texture":"#1"},"down":{"uv":[7,13.4,7.4,15],"texture":"#1"}}},{"from":[-2.5,8.58082,12],"to":[-0.5,17.08082,15],"rotation":{"angle":-22.5,"axis":"z","origin":[-1.5,11.95582,8]},"faces":{"north":{"uv":[4.4,12.8,4,14.5],"texture":"#1"},"east":{"uv":[1.4,12.8,0.8,14.5],"texture":"#1"},"south":{"uv":[5,12.8,4.6,14.5],"texture":"#1"},"west":{"uv":[0.6,12.8,0,14.5],"texture":"#1"},"up":{"uv":[12.8,14.6,13.2,14],"texture":"#1"}}},{"from":[17.5,8.58082,4],"to":[17.5,14.08082,12],"rotation":{"angle":22.5,"axis":"z","origin":[17.5,11.95582,8]},"faces":{"east":{"uv":[0,10.4,1.6,11.5],"texture":"#1"},"west":{"uv":[1.8,10.4,3.4,11.5],"texture":"#1"}}},{"from":[-1.5,8.58082,4],"to":[-1.5,14.08082,12],"rotation":{"angle":-22.5,"axis":"z","origin":[-1.5,11.95582,8]},"faces":{"east":{"uv":[3.4,10.4,1.8,11.5],"texture":"#1"},"west":{"uv":[1.6,10.4,0,11.5],"texture":"#1"}}},{"from":[4.25,10,-2],"to":[11.75,18,3],"rotation":{"angle":22.5,"axis":"x","origin":[4.5,9,-2]},"faces":{"north":{"uv":[9.8,1.6,11.3,3.2],"texture":"#1"},"east":{"uv":[3.6,10.4,4.6,12],"texture":"#1"},"west":{"uv":[4.8,10.4,5.8,12],"texture":"#1"},"up":{"uv":[7.5,11.4,6,10.4],"texture":"#1"},"down":{"uv":[9.3,10.4,7.8,11.4],"texture":"#1"}}},{"from":[4.25,10,13],"to":[11.75,18,18],"rotation":{"angle":-22.5,"axis":"x","origin":[4.5,9,18]},"faces":{"east":{"uv":[4.6,10.4,3.6,12],"texture":"#1"},"south":{"uv":[11.3,1.6,9.8,3.2],"texture":"#1"},"west":{"uv":[5.8,10.4,4.8,12],"texture":"#1"},"up":{"uv":[7.5,10.4,6,11.4],"texture":"#1"},"down":{"uv":[9.3,11.4,7.8,10.4],"texture":"#1"}}},{"from":[5.5,4.5,0],"to":[10.5,9,1.75],"faces":{"north":{"uv":[12.8,0,13.8,0.9],"texture":"#1"},"east":{"uv":[13.6,8.8,13.95,9.7],"texture":"#1"},"south":{"uv":[1.6,12.8,2.6,13.7],"texture":"#1"},"west":{"uv":[13.6,10,13.95,10.9],"texture":"#1"},"up":{"uv":[9.8,13.75,8.8,13.4],"texture":"#1"},"down":{"uv":[13.8,13.4,12.8,13.75],"texture":"#1"}}},{"from":[6.5,0.75,0],"to":[9.5,2.25,1],"rotation":{"angle":0,"axis":"y","origin":[8,11.6875,6.625]},"faces":{"north":{"uv":[14.2,10.6,14.8,10.9],"texture":"#1"},"east":{"uv":[12,14.2,12.2,14.5],"texture":"#1"},"west":{"uv":[12.4,14.2,12.6,14.5],"texture":"#1"},"up":{"uv":[10.4,5.8,9.8,5.6],"texture":"#1"},"down":{"uv":[0.6,11.8,0,12],"texture":"#1"}}},{"from":[19,0.75,6.5],"to":[20,2.25,9.5],"rotation":{"angle":0,"axis":"y","origin":[23,1.5,2]},"faces":{"north":{"uv":[12.4,14.2,12.6,14.5],"texture":"#1"},"east":{"uv":[14.2,10.6,14.8,10.9],"texture":"#1"},"south":{"uv":[12,14.2,12.2,14.5],"texture":"#1"},"up":{"uv":[10.4,5.8,9.8,5.6],"rotation":90,"texture":"#1"},"down":{"uv":[0.6,11.8,0,12],"rotation":270,"texture":"#1"}}},{"from":[-3,0.5,1],"to":[19,7.5,15],"rotation":{"angle":0,"axis":"y","origin":[8,11.4375,6.625]},"faces":{"north":{"uv":[0,7.2,4.4,8.6],"texture":"#1"},"east":{"uv":[9.4,6,12.2,7.4],"texture":"#1"},"south":{"uv":[0,8.8,4.4,10.2],"texture":"#1"},"west":{"uv":[9.8,0,12.6,1.4],"texture":"#1"},"up":{"uv":[9.6,2.8,5.2,0],"texture":"#1"},"down":{"uv":[9.6,3,5.2,5.8],"texture":"#1"}}},{"from":[18,0.25,2.5],"to":[19.5,1.75,13.5],"rotation":{"angle":0,"axis":"y","origin":[20,4.125,2]},"faces":{"east":{"uv":[12.8,12.2,15,12.5],"texture":"#1"},"west":{"uv":[12.8,12.8,15,13.1],"texture":"#1"},"up":{"uv":[5.5,15.6,5.2,13.4],"texture":"#1"},"down":{"uv":[6.1,13.4,5.8,15.6],"texture":"#1"}}},{"from":[18,6.5,2.5],"to":[19.5,8,13.5],"rotation":{"angle":0,"axis":"y","origin":[20,4.125,2]},"faces":{"east":{"uv":[5.2,12.8,7.4,13.1],"texture":"#1"},"west":{"uv":[7.6,12.8,9.8,13.1],"texture":"#1"},"up":{"uv":[10.3,15,10,12.8],"texture":"#1"},"down":{"uv":[10.6,12.8,10.9,15],"texture":"#1"}}},{"from":[-3.5,6.5,2.5],"to":[-2,8,13.5],"rotation":{"angle":0,"axis":"y","origin":[-4,4.125,2]},"faces":{"east":{"uv":[9.8,12.8,7.6,13.1],"texture":"#1"},"west":{"uv":[7.4,12.8,5.2,13.1],"texture":"#1"},"up":{"uv":[10,15,10.3,12.8],"texture":"#1"},"down":{"uv":[10.9,12.8,10.6,15],"texture":"#1"}}},{"from":[-4,0.75,6.5],"to":[-3,2.25,9.5],"rotation":{"angle":0,"axis":"y","origin":[-7,1.5,2]},"faces":{"north":{"uv":[12.6,14.2,12.4,14.5],"texture":"#1"},"south":{"uv":[12.2,14.2,12,14.5],"texture":"#1"},"west":{"uv":[14.8,10.6,14.2,10.9],"texture":"#1"},"up":{"uv":[10.4,5.6,9.8,5.8],"rotation":90,"texture":"#1"},"down":{"uv":[0.6,12,0,11.8],"rotation":270,"texture":"#1"}}},{"from":[-3.5,0.25,2.5],"to":[-2,1.75,13.5],"rotation":{"angle":0,"axis":"y","origin":[-4,4.125,2]},"faces":{"east":{"uv":[15,12.8,12.8,13.1],"texture":"#1"},"west":{"uv":[15,12.2,12.8,12.5],"texture":"#1"},"up":{"uv":[5.2,15.6,5.5,13.4],"texture":"#1"},"down":{"uv":[5.8,13.4,6.1,15.6],"texture":"#1"}}},{"from":[-1.5,6.5,0.5],"to":[17.5,8,2],"rotation":{"angle":0,"axis":"y","origin":[8,11.4375,6.625]},"faces":{"north":{"uv":[11.6,2.8,15.4,3.1],"texture":"#1"},"south":{"uv":[6,11.6,9.8,11.9],"texture":"#1"},"up":{"uv":[13.8,11.9,10,11.6],"texture":"#1"},"down":{"uv":[3.8,12.2,0,12.5],"texture":"#1"}}},{"from":[-1.5,0.25,0.5],"to":[17.5,1.75,2],"rotation":{"angle":0,"axis":"y","origin":[8,11.4375,6.625]},"faces":{"north":{"uv":[11,5.2,14.8,5.5],"texture":"#1"},"south":{"uv":[9.6,11,13.4,11.3],"texture":"#1"},"up":{"uv":[15.4,1.9,11.6,1.6],"texture":"#1"},"down":{"uv":[15.4,2.2,11.6,2.5],"texture":"#1"}}},{"from":[-1.5,0.25,14],"to":[17.5,1.75,15.5],"rotation":{"angle":0,"axis":"y","origin":[8,11.4375,9.375]},"faces":{"north":{"uv":[13.4,11,9.6,11.3],"texture":"#1"},"south":{"uv":[14.8,5.2,11,5.5],"texture":"#1"},"up":{"uv":[15.4,1.6,11.6,1.9],"texture":"#1"},"down":{"uv":[15.4,2.5,11.6,2.2],"texture":"#1"}}},{"from":[6.5,0.75,15],"to":[9.5,2.25,16],"rotation":{"angle":0,"axis":"y","origin":[8,11.6875,9.375]},"faces":{"east":{"uv":[12.2,14.2,12,14.5],"texture":"#1"},"south":{"uv":[14.8,10.6,14.2,10.9],"texture":"#1"},"west":{"uv":[12.6,14.2,12.4,14.5],"texture":"#1"},"up":{"uv":[10.4,5.6,9.8,5.8],"texture":"#1"},"down":{"uv":[0.6,12,0,11.8],"texture":"#1"}}},{"from":[-1.5,6.5,14],"to":[17.5,8,15.5],"rotation":{"angle":0,"axis":"y","origin":[8,11.4375,9.375]},"faces":{"north":{"uv":[9.6,10.4,13.4,10.7],"texture":"#1"},"south":{"uv":[11,3.4,14.8,3.7],"texture":"#1"},"up":{"uv":[14.8,4.3,11,4],"texture":"#1"},"down":{"uv":[14.8,4.6,11,4.9],"texture":"#1"}}},{"from":[17.5,0,0],"to":[20,2,2.5],"rotation":{"angle":0,"axis":"y","origin":[8,11.4375,6.625]},"faces":{"north":{"uv":[13.4,14,13.9,14.4],"texture":"#1"},"east":{"uv":[14,13.4,14.5,13.8],"texture":"#1"},"south":{"uv":[14.2,5.8,14.7,6.2],"texture":"#1"},"west":{"uv":[14.2,6.4,14.7,6.8],"texture":"#1"},"up":{"uv":[14.5,0.5,14,0],"texture":"#1"},"down":{"uv":[14.5,0.8,14,1.3],"texture":"#1"}}},{"from":[18.59099,-0.65,-1.34099],"to":[23.09099,9.35,-1.33099],"rotation":{"angle":45,"axis":"y","origin":[21.34099,1.1,-1.34099]},"faces":{"north":{"uv":[9.8,3.4,10.7,5.4],"texture":"#1"},"south":{"uv":[10.7,3.4,9.8,5.4],"texture":"#1"}}},{"from":[-7.09099,-0.65,-1.34099],"to":[-2.59099,9.35,-1.33099],"rotation":{"angle":-45,"axis":"y","origin":[-5.34099,1.1,-1.34099]},"faces":{"north":{"uv":[10.7,3.4,9.8,5.4],"texture":"#1"},"south":{"uv":[9.8,3.4,10.7,5.4],"texture":"#1"}}},{"from":[17.75,1.85,0.25],"to":[19.75,6.35,2.25],"rotation":{"angle":0,"axis":"y","origin":[8,11.5375,6.625]},"faces":{"north":{"uv":[4.6,7.2,5,8.1],"texture":"#1"},"east":{"uv":[13,8.8,13.4,9.7],"texture":"#1"},"south":{"uv":[7.6,13.4,8,14.3],"texture":"#1"},"west":{"uv":[8.2,13.4,8.6,14.3],"texture":"#1"}}},{"from":[17.5,6.25,0],"to":[20,8.25,2.5],"rotation":{"angle":0,"axis":"y","origin":[8,11.4375,6.625]},"faces":{"north":{"uv":[14.2,7,14.7,7.4],"texture":"#1"},"east":{"uv":[14.2,8.8,14.7,9.2],"texture":"#1"},"south":{"uv":[14.2,9.4,14.7,9.8],"texture":"#1"},"west":{"uv":[14.2,10,14.7,10.4],"texture":"#1"},"up":{"uv":[2.1,14.5,1.6,14],"texture":"#1"},"down":{"uv":[9.3,14,8.8,14.5],"texture":"#1"}}},{"from":[-4,6.25,0],"to":[-1.5,8.25,2.5],"rotation":{"angle":0,"axis":"y","origin":[8,11.4375,6.625]},"faces":{"north":{"uv":[14.7,7,14.2,7.4],"texture":"#1"},"east":{"uv":[14.7,10,14.2,10.4],"texture":"#1"},"south":{"uv":[14.7,9.4,14.2,9.8],"texture":"#1"},"west":{"uv":[14.7,8.8,14.2,9.2],"texture":"#1"},"up":{"uv":[1.6,14.5,2.1,14],"texture":"#1"},"down":{"uv":[8.8,14,9.3,14.5],"texture":"#1"}}},{"from":[-3.75,1.85,0.25],"to":[-1.75,6.35,2.25],"rotation":{"angle":0,"axis":"y","origin":[8,11.5375,6.625]},"faces":{"north":{"uv":[5,7.2,4.6,8.1],"texture":"#1"},"east":{"uv":[8.6,13.4,8.2,14.3],"texture":"#1"},"south":{"uv":[8,13.4,7.6,14.3],"texture":"#1"},"west":{"uv":[13.4,8.8,13,9.7],"texture":"#1"}}},{"from":[-4,0,0],"to":[-1.5,2,2.5],"rotation":{"angle":0,"axis":"y","origin":[8,11.4375,6.625]},"faces":{"north":{"uv":[13.9,14,13.4,14.4],"texture":"#1"},"east":{"uv":[14.7,6.4,14.2,6.8],"texture":"#1"},"south":{"uv":[14.7,5.8,14.2,6.2],"texture":"#1"},"west":{"uv":[14.5,13.4,14,13.8],"texture":"#1"},"up":{"uv":[14,0.5,14.5,0],"texture":"#1"},"down":{"uv":[14,0.8,14.5,1.3],"texture":"#1"}}},{"from":[17.5,6.25,13.5],"to":[20,8.25,16],"rotation":{"angle":0,"axis":"y","origin":[8,11.4375,9.375]},"faces":{"north":{"uv":[14.7,9.4,14.2,9.8],"texture":"#1"},"east":{"uv":[14.7,8.8,14.2,9.2],"texture":"#1"},"south":{"uv":[14.7,7,14.2,7.4],"texture":"#1"},"west":{"uv":[14.7,10,14.2,10.4],"texture":"#1"},"up":{"uv":[2.1,14,1.6,14.5],"texture":"#1"},"down":{"uv":[9.3,14.5,8.8,14],"texture":"#1"}}},{"from":[17.75,1.85,13.75],"to":[19.75,6.35,15.75],"rotation":{"angle":0,"axis":"y","origin":[8,11.5375,9.375]},"faces":{"north":{"uv":[8,13.4,7.6,14.3],"texture":"#1"},"east":{"uv":[13.4,8.8,13,9.7],"texture":"#1"},"south":{"uv":[5,7.2,4.6,8.1],"texture":"#1"},"west":{"uv":[8.6,13.4,8.2,14.3],"texture":"#1"}}},{"from":[18.59099,-0.65,17.33099],"to":[23.09099,9.35,17.34099],"rotation":{"angle":-45,"axis":"y","origin":[21.34099,1.1,17.34099]},"faces":{"north":{"uv":[9.8,3.4,10.7,5.4],"texture":"#1"},"south":{"uv":[10.7,3.4,9.8,5.4],"texture":"#1"}}},{"from":[17.5,0,13.5],"to":[20,2,16],"rotation":{"angle":0,"axis":"y","origin":[8,11.4375,9.375]},"faces":{"north":{"uv":[14.7,5.8,14.2,6.2],"texture":"#1"},"east":{"uv":[14.5,13.4,14,13.8],"texture":"#1"},"south":{"uv":[13.9,14,13.4,14.4],"texture":"#1"},"west":{"uv":[14.7,6.4,14.2,6.8],"texture":"#1"},"up":{"uv":[14.5,0,14,0.5],"texture":"#1"},"down":{"uv":[14.5,1.3,14,0.8],"texture":"#1"}}},{"from":[-4,6.25,13.5],"to":[-1.5,8.25,16],"rotation":{"angle":0,"axis":"y","origin":[8,11.4375,9.375]},"faces":{"north":{"uv":[14.2,9.4,14.7,9.8],"texture":"#1"},"east":{"uv":[14.2,10,14.7,10.4],"texture":"#1"},"south":{"uv":[14.2,7,14.7,7.4],"texture":"#1"},"west":{"uv":[14.2,8.8,14.7,9.2],"texture":"#1"},"up":{"uv":[1.6,14,2.1,14.5],"texture":"#1"},"down":{"uv":[8.8,14.5,9.3,14],"texture":"#1"}}},{"from":[-3.75,1.85,13.75],"to":[-1.75,6.35,15.75],"rotation":{"angle":0,"axis":"y","origin":[8,11.5375,9.375]},"faces":{"north":{"uv":[7.6,13.4,8,14.3],"texture":"#1"},"east":{"uv":[8.2,13.4,8.6,14.3],"texture":"#1"},"south":{"uv":[4.6,7.2,5,8.1],"texture":"#1"},"west":{"uv":[13,8.8,13.4,9.7],"texture":"#1"}}},{"from":[-4,0,13.5],"to":[-1.5,2,16],"rotation":{"angle":0,"axis":"y","origin":[8,11.4375,9.375]},"faces":{"north":{"uv":[14.2,5.8,14.7,6.2],"texture":"#1"},"east":{"uv":[14.2,6.4,14.7,6.8],"texture":"#1"},"south":{"uv":[13.4,14,13.9,14.4],"texture":"#1"},"west":{"uv":[14,13.4,14.5,13.8],"texture":"#1"},"up":{"uv":[14,0,14.5,0.5],"texture":"#1"},"down":{"uv":[14,1.3,14.5,0.8],"texture":"#1"}}},{"from":[-7.09099,-0.65,17.33099],"to":[-2.59099,9.35,17.34099],"rotation":{"angle":45,"axis":"y","origin":[-5.34099,1.1,17.34099]},"faces":{"north":{"uv":[10.7,3.4,9.8,5.4],"texture":"#1"},"south":{"uv":[9.8,3.4,10.7,5.4],"texture":"#1"}}},{"from":[12.5,0,-1],"to":[20.5,15,-1],"faces":{"north":{"uv":[5,0,13,15],"texture":"#2"}}},{"from":[19.32843,0,-3.82843],"to":[24.32843,15,-3.82843],"rotation":{"angle":45,"axis":"y","origin":[23.32843,7.5,-3.82843]},"faces":{"north":{"uv":[0,0,5,15],"texture":"#2"}}},{"from":[21.05,0,-0.48223],"to":[21.05,15,7.51777],"rotation":{"angle":0,"axis":"y","origin":[21.93388,7.5,0.63388]},"faces":{"east":{"uv":[13,0,5,15],"texture":"#2"}}},{"from":[22.0981,0,-0.78033],"to":[27.0981,15,-0.78033],"rotation":{"angle":45,"axis":"y","origin":[21.93388,7.5,0.63388]},"faces":{"south":{"uv":[5,0,0,15],"texture":"#2"}}},{"from":[-5.05,0,-0.48223],"to":[-5.05,15,7.51777],"rotation":{"angle":0,"axis":"y","origin":[-5.93388,7.5,0.63388]},"faces":{"west":{"uv":[5,0,13,15],"texture":"#2"}}},{"from":[-11.0981,0,-0.78033],"to":[-6.0981,15,-0.78033],"rotation":{"angle":-45,"axis":"y","origin":[-5.93388,7.5,0.63388]},"faces":{"south":{"uv":[0,0,5,15],"texture":"#2"}}},{"from":[-4.5,0,-1],"to":[3.5,15,-1],"rotation":{"angle":0,"axis":"y","origin":[16,0,0]},"faces":{"north":{"uv":[13,0,5,15],"texture":"#2"}}},{"from":[-8.32843,0,-3.82843],"to":[-3.32843,15,-3.82843],"rotation":{"angle":-45,"axis":"y","origin":[-7.32843,7.5,-3.82843]},"faces":{"north":{"uv":[5,0,0,15],"texture":"#2"}}},{"from":[-5.05,0,8.48223],"to":[-5.05,15,16.48223],"rotation":{"angle":0,"axis":"y","origin":[-5.93388,7.5,15.36612]},"faces":{"west":{"uv":[13,0,5,15],"texture":"#2"}}},{"from":[-11.0981,0,16.78033],"to":[-6.0981,15,16.78033],"rotation":{"angle":45,"axis":"y","origin":[-5.93388,7.5,15.36612]},"faces":{"north":{"uv":[5,0,0,15],"texture":"#2"}}},{"from":[-4.5,0,17],"to":[3.5,15,17],"rotation":{"angle":0,"axis":"y","origin":[16,0,16]},"faces":{"south":{"uv":[5,0,13,15],"texture":"#2"}}},{"from":[-8.32843,0,19.82843],"to":[-3.32843,15,19.82843],"rotation":{"angle":45,"axis":"y","origin":[-7.32843,7.5,19.82843]},"faces":{"south":{"uv":[0,0,5,15],"texture":"#2"}}},{"from":[12.5,0,17],"to":[20.5,15,17],"rotation":{"angle":0,"axis":"y","origin":[0,0,16]},"faces":{"south":{"uv":[13,0,5,15],"texture":"#2"}}},{"from":[19.32843,0,19.82843],"to":[24.32843,15,19.82843],"rotation":{"angle":-45,"axis":"y","origin":[23.32843,7.5,19.82843]},"faces":{"south":{"uv":[5,0,0,15],"texture":"#2"}}},{"from":[22.0981,0,16.78033],"to":[27.0981,15,16.78033],"rotation":{"angle":-45,"axis":"y","origin":[21.93388,7.5,15.36612]},"faces":{"north":{"uv":[0,0,5,15],"texture":"#2"}}},{"from":[21.05,0,8.48223],"to":[21.05,15,16.48223],"rotation":{"angle":0,"axis":"y","origin":[21.93388,7.5,15.36612]},"faces":{"east":{"uv":[5,0,13,15],"texture":"#2"}}}],"gui_light":"front","display":{"thirdperson_righthand":{"rotation":[-125,0,-180],"translation":[0,4.75,1.75],"scale":[0.5,0.5,0.5]},"thirdperson_lefthand":{"rotation":[-125,0,-180],"translation":[0,4.75,1.75],"scale":[0.5,0.5,0.5]},"firstperson_righthand":{"rotation":[163.5,0,-180],"translation":[-1,4.75,1.5],"scale":[0.4,0.4,0.4]},"firstperson_lefthand":{"rotation":[163.5,0,-180],"translation":[-1,4.75,1.5],"scale":[0.4,0.4,0.4]},"ground":{"translation":[0,5,0],"scale":[0.6,0.6,0.6]},"gui":{"rotation":[35,135,0],"translation":[0,0.5,0],"scale":[0.61,0.61,0.61]},"head":{"rotation":[0,-180,0],"translation":[0,-30.5,0],"scale":[1.6,1.6,1.6]},"fixed":{"rotation":[-90,0,0],"translation":[0,0,-16],"scale":[2,2,2]}},"USER":"{{USER}}","NONCE":"{{NONCE}}","TIMESTAMP":"{{TIMESTAMP}}","RESOURCE":"{{RESOURCE}}","MCMODELS":"{{MCMODELS}}"}