{"format_version":"1.9.0","credit":"Pologony Creation Co.,Ltd.","textures":{"1":"plny_pyrosoulset:animated/fire_animated_5","4":"plny_pyrosoulset:crossbow","particle":"plny_pyrosoulset:animated/fire_animated_5"},"elements":[{"from":[15.77021,9.19939,-0.23484],"to":[17.52021,10.67239,0.59016],"rotation":{"angle":-22.5,"axis":"y","origin":[13.125,9.93589,-0.31]},"faces":{"north":{"uv":[11,12.66667,11.5,13.25],"rotation":270,"texture":"#4"},"east":{"uv":[14.83333,0.91667,14.33333,0.66667],"rotation":90,"texture":"#4"},"south":{"uv":[12,12.66667,12.5,13.25],"rotation":90,"texture":"#4"},"up":{"uv":[14,9.33333,14.25,9.91667],"rotation":90,"texture":"#4"},"down":{"uv":[9.33333,14,9.58333,14.58333],"rotation":90,"texture":"#4"}}},{"from":[14.35894,9.19439,-1.30305],"to":[15.43394,10.67739,2.19695],"rotation":{"angle":22.5,"axis":"y","origin":[13.125,9.93589,-0.31]},"faces":{"east":{"uv":[3.83333,11.16667,3.33333,10],"rotation":90,"texture":"#4"},"south":{"uv":[14,0,14.5,0.33333],"rotation":90,"texture":"#4"},"west":{"uv":[4.83333,10,4.33333,11.16667],"rotation":90,"texture":"#4"},"up":{"uv":[12.33333,0,13.5,0.33333],"rotation":90,"texture":"#4"},"down":{"uv":[12,5.33333,13.16667,5.66667],"rotation":90,"texture":"#4"}}},{"from":[11.05547,9.18939,-2.64486],"to":[14.05547,10.68239,-1.39486],"rotation":{"angle":-22.5,"axis":"y","origin":[13.125,9.93589,-0.31]},"faces":{"north":{"uv":[10.66667,6.33333,11.16667,7.33333],"rotation":270,"texture":"#4"},"east":{"uv":[14.16667,6.75,13.66667,6.33333],"rotation":90,"texture":"#4"},"south":{"uv":[8.66667,10.66667,9.16667,11.66667],"rotation":90,"texture":"#4"},"up":{"uv":[11.66667,7.66667,12.08333,8.66667],"rotation":90,"texture":"#4"},"down":{"uv":[11.66667,6.33333,12.08333,7.33333],"rotation":90,"texture":"#4"}}},{"from":[10.49016,9.18589,-3.1155],"to":[14.49016,10.68589,-1.6155],"rotation":{"angle":45,"axis":"y","origin":[13.125,9.93589,-0.31]},"faces":{"north":{"uv":[5.66667,9.66667,6.16667,11],"rotation":270,"texture":"#4"},"east":{"uv":[1.5,13.5,1,13],"rotation":90,"texture":"#4"},"south":{"uv":[6.66667,9.66667,7.16667,11],"rotation":90,"texture":"#4"},"up":{"uv":[7.66667,9.66667,8.16667,11],"rotation":90,"texture":"#4"},"down":{"uv":[9.66667,6.33333,10.16667,7.66667],"rotation":90,"texture":"#4"}}},{"from":[9.33366,8.66089,-1.72844],"to":[10.83366,11.21089,-0.22844],"rotation":{"angle":22.5,"axis":"y","origin":[13.125,9.93589,-0.31]},"faces":{"north":{"uv":[11.66667,9.66667,12.5,10.16667],"rotation":270,"texture":"#4"},"east":{"uv":[12.5,12.16667,11.66667,11.66667],"rotation":90,"texture":"#4"},"south":{"uv":[11.66667,10.66667,12.5,11.16667],"rotation":90,"texture":"#4"},"west":{"uv":[1.83333,12,1,12.5],"rotation":90,"texture":"#4"},"up":{"uv":[13,10.66667,13.5,11.16667],"rotation":90,"texture":"#4"},"down":{"uv":[13,9.66667,13.5,10.16667],"rotation":90,"texture":"#4"}}},{"from":[9.08366,8.91089,-1.97844],"to":[11.08366,10.96089,0.02156],"rotation":{"angle":22.5,"axis":"y","origin":[13.125,9.93589,-0.31]},"faces":{"north":{"uv":[11.33333,1.66667,12,2.33333],"rotation":270,"texture":"#4"},"east":{"uv":[4,12.33333,3.33333,11.66667],"rotation":90,"texture":"#4"},"south":{"uv":[10.66667,11.33333,11.33333,12],"rotation":90,"texture":"#4"},"west":{"uv":[5,11.66667,4.33333,12.33333],"rotation":90,"texture":"#4"},"up":{"uv":[0,11.66667,0.66667,12.33333],"rotation":90,"texture":"#4"},"down":{"uv":[7.33333,11.33333,8,12],"rotation":90,"texture":"#4"}}},{"from":[10.85021,9.93089,-6.52679],"to":[21.10021,9.94089,3.97321],"rotation":{"angle":0,"axis":"y","origin":[13.125,9.93589,-0.31]},"faces":{"up":{"uv":[5.66667,3,9.16667,6.41667],"rotation":90,"texture":"#4"},"down":{"uv":[9.16667,3,5.66667,6.41667],"rotation":90,"texture":"#4"}}},{"from":[-1.52021,9.19939,-0.23484],"to":[0.22979,10.67239,0.59016],"rotation":{"angle":22.5,"axis":"y","origin":[2.875,9.93589,-0.31]},"faces":{"north":{"uv":[11,13.25,11.5,12.66667],"rotation":270,"texture":"#4"},"south":{"uv":[12,13.25,12.5,12.66667],"rotation":90,"texture":"#4"},"west":{"uv":[14.83333,0.66667,14.33333,0.91667],"rotation":90,"texture":"#4"},"up":{"uv":[14,9.91667,14.25,9.33333],"rotation":90,"texture":"#4"},"down":{"uv":[9.33333,14.58333,9.58333,14],"rotation":90,"texture":"#4"}}},{"from":[0.56606,9.19439,-1.30305],"to":[1.64106,10.67739,2.19695],"rotation":{"angle":-22.5,"axis":"y","origin":[2.875,9.93589,-0.31]},"faces":{"east":{"uv":[4.83333,11.16667,4.33333,10],"rotation":90,"texture":"#4"},"south":{"uv":[14,0.33333,14.5,0],"rotation":90,"texture":"#4"},"west":{"uv":[3.83333,10,3.33333,11.16667],"rotation":90,"texture":"#4"},"up":{"uv":[12.33333,0.33333,13.5,0],"rotation":90,"texture":"#4"},"down":{"uv":[12,5.66667,13.16667,5.33333],"rotation":90,"texture":"#4"}}},{"from":[1.94453,9.18939,-2.64486],"to":[4.94453,10.68239,-1.39486],"rotation":{"angle":22.5,"axis":"y","origin":[2.875,9.93589,-0.31]},"faces":{"north":{"uv":[10.66667,7.33333,11.16667,6.33333],"rotation":270,"texture":"#4"},"south":{"uv":[8.66667,11.66667,9.16667,10.66667],"rotation":90,"texture":"#4"},"west":{"uv":[14.16667,6.33333,13.66667,6.75],"rotation":90,"texture":"#4"},"up":{"uv":[11.66667,8.66667,12.08333,7.66667],"rotation":90,"texture":"#4"},"down":{"uv":[11.66667,7.33333,12.08333,6.33333],"rotation":90,"texture":"#4"}}},{"from":[1.50984,9.18589,-3.1155],"to":[5.50984,10.68589,-1.6155],"rotation":{"angle":-45,"axis":"y","origin":[2.875,9.93589,-0.31]},"faces":{"north":{"uv":[5.66667,11,6.16667,9.66667],"rotation":270,"texture":"#4"},"south":{"uv":[6.66667,11,7.16667,9.66667],"rotation":90,"texture":"#4"},"west":{"uv":[1.5,13,1,13.5],"rotation":90,"texture":"#4"},"up":{"uv":[7.66667,11,8.16667,9.66667],"rotation":90,"texture":"#4"},"down":{"uv":[9.66667,7.66667,10.16667,6.33333],"rotation":90,"texture":"#4"}}},{"from":[5.16634,8.66089,-1.72844],"to":[6.66634,11.21089,-0.22844],"rotation":{"angle":-22.5,"axis":"y","origin":[2.875,9.93589,-0.31]},"faces":{"north":{"uv":[11.66667,10.16667,12.5,9.66667],"rotation":270,"texture":"#4"},"east":{"uv":[1.83333,12.5,1,12],"rotation":90,"texture":"#4"},"south":{"uv":[11.66667,11.16667,12.5,10.66667],"rotation":90,"texture":"#4"},"west":{"uv":[12.5,11.66667,11.66667,12.16667],"rotation":90,"texture":"#4"},"up":{"uv":[13,11.16667,13.5,10.66667],"rotation":90,"texture":"#4"},"down":{"uv":[13,10.16667,13.5,9.66667],"rotation":90,"texture":"#4"}}},{"from":[4.91634,8.91089,-1.97844],"to":[6.91634,10.96089,0.02156],"rotation":{"angle":-22.5,"axis":"y","origin":[2.875,9.93589,-0.31]},"faces":{"north":{"uv":[11.33333,2.33333,12,1.66667],"rotation":270,"texture":"#4"},"east":{"uv":[5,12.33333,4.33333,11.66667],"rotation":90,"texture":"#4"},"south":{"uv":[10.66667,12,11.33333,11.33333],"rotation":90,"texture":"#4"},"west":{"uv":[4,11.66667,3.33333,12.33333],"rotation":90,"texture":"#4"},"up":{"uv":[0,12.33333,0.66667,11.66667],"rotation":90,"texture":"#4"},"down":{"uv":[7.33333,12,8,11.33333],"rotation":90,"texture":"#4"}}},{"from":[-5.10021,9.93089,-6.52679],"to":[5.14979,9.94089,3.97321],"rotation":{"angle":0,"axis":"y","origin":[2.875,9.93589,-0.31]},"faces":{"up":{"uv":[5.66667,6.41667,9.16667,3],"rotation":90,"texture":"#4"},"down":{"uv":[9.16667,6.41667,5.66667,3],"rotation":90,"texture":"#4"}}},{"from":[0.25,9.995,1.18169],"to":[15.75,10.005,8.93169],"rotation":{"angle":0,"axis":"y","origin":[8,20,4.68169]},"faces":{"up":{"uv":[5.16667,2.58333,0,0],"texture":"#4"},"down":{"uv":[5.16667,0,0,2.58333],"texture":"#4"}}},{"from":[6.875,7.75,9.18169],"to":[9.125,10,12.18169],"rotation":{"angle":-22.5,"axis":"x","origin":[8,8.5,10.68169]},"faces":{"north":{"uv":[10.66667,3.66667,11.41667,4.41667],"texture":"#4"},"east":{"uv":[5.66667,8.33333,6.66667,9.08333],"texture":"#4"},"south":{"uv":[10.66667,5,11.41667,5.75],"texture":"#4"},"west":{"uv":[7,8.33333,8,9.08333],"texture":"#4"},"up":{"uv":[9.08333,9.33333,8.33333,8.33333],"texture":"#4"},"down":{"uv":[5.08333,8.66667,4.33333,9.66667],"texture":"#4"}}},{"from":[7.375,5.5,8.93169],"to":[8.625,9,10.18169],"rotation":{"angle":-22.5,"axis":"x","origin":[8,8.5,10.68169]},"faces":{"north":{"uv":[9.66667,10.66667,10.08333,11.83333],"texture":"#4"},"east":{"uv":[10.66667,9.66667,11.08333,10.83333],"texture":"#4"},"south":{"uv":[11.33333,0,11.75,1.16667],"texture":"#4"},"west":{"uv":[5.33333,11.33333,5.75,12.5],"texture":"#4"}}},{"from":[7.25,5,8.33169],"to":[8.75,5.5,10.33169],"rotation":{"angle":-22.5,"axis":"x","origin":[7.875,8.5,10.68169]},"faces":{"north":{"uv":[1.66667,14.66667,2.16667,14.83333],"texture":"#4"},"east":{"uv":[14.33333,1.33333,15,1.5],"texture":"#4"},"south":{"uv":[14.66667,2.66667,15.16667,2.83333],"texture":"#4"},"west":{"uv":[14.33333,2,15,2.16667],"texture":"#4"},"up":{"uv":[12.83333,2.66667,12.33333,2],"texture":"#4"},"down":{"uv":[7.83333,12.33333,7.33333,13],"texture":"#4"}}},{"from":[7.375,6.92127,11.04273],"to":[8.625,8.17127,12.54273],"rotation":{"angle":-22.5,"axis":"x","origin":[8,6.42127,11.54273]},"faces":{"east":{"uv":[13.66667,7.33333,14.16667,7.75],"texture":"#4"},"south":{"uv":[13.66667,12.33333,14.08333,12.75],"texture":"#4"},"west":{"uv":[13.66667,8.33333,14.16667,8.75],"texture":"#4"},"down":{"uv":[11.41667,13.66667,11,14.16667],"texture":"#4"}}},{"from":[7.3775,7.05133,16.97393],"to":[8.6225,9.30133,17.97393],"rotation":{"angle":0,"axis":"x","origin":[8.0025,7.80133,14.47393]},"faces":{"north":{"uv":[12.66667,6,13.08333,6.75],"texture":"#4"},"east":{"uv":[6.66667,13,7,13.75],"texture":"#4"},"west":{"uv":[13,11.66667,13.33333,12.41667],"texture":"#4"},"down":{"uv":[10.41667,14,10,14.33333],"texture":"#4"}}},{"from":[7.3775,7.05133,11.47393],"to":[8.6225,9.30133,12.47393],"rotation":{"angle":0,"axis":"x","origin":[8.0025,7.80133,14.47393]},"faces":{"east":{"uv":[13,13,13.33333,13.75],"texture":"#4"},"south":{"uv":[12.66667,7.33333,13.08333,8.08333],"texture":"#4"},"west":{"uv":[7.33333,13.33333,7.66667,14.08333],"texture":"#4"},"up":{"uv":[14.41667,10.66667,14,10.33333],"texture":"#4"},"down":{"uv":[14.41667,11,14,11.33333],"texture":"#4"}}},{"from":[7.3775,8.05133,12.47393],"to":[8.6225,9.30133,16.97393],"rotation":{"angle":0,"axis":"x","origin":[8.0025,7.80133,14.47393]},"faces":{"east":{"uv":[9.66667,8,11.16667,8.41667],"texture":"#4"},"west":{"uv":[8.66667,9.66667,10.16667,10.08333],"texture":"#4"},"up":{"uv":[1.75,11.5,1.33333,10],"texture":"#4"},"down":{"uv":[2.75,10,2.33333,11.5],"texture":"#4"}}},{"from":[7.6275,7.30133,12.47393],"to":[8.3725,8.05133,16.97393],"rotation":{"angle":0,"axis":"x","origin":[8.0025,7.80133,14.47393]},"faces":{"east":{"uv":[12.33333,0.66667,13.83333,0.91667],"texture":"#4"},"west":{"uv":[12.33333,1.33333,13.83333,1.58333],"texture":"#4"},"down":{"uv":[8.58333,12,8.33333,13.5],"texture":"#4"}}},{"from":[7.375,7.25,0.18169],"to":[8.625,8,3.68169],"rotation":{"angle":0,"axis":"x","origin":[8,7.75,14.43169]},"faces":{"north":{"uv":[4.66667,14.33333,5.08333,14.58333],"texture":"#4"},"east":{"uv":[12.66667,4.66667,13.83333,4.91667],"texture":"#4"},"south":{"uv":[14.33333,5.33333,14.75,5.58333],"texture":"#4"},"west":{"uv":[5,13,6.16667,13.25],"texture":"#4"},"down":{"uv":[6.75,11.33333,6.33333,12.5],"texture":"#4"}}},{"from":[7.3775,7.6705,3.19686],"to":[8.6225,8.4205,4.44686],"rotation":{"angle":-45,"axis":"x","origin":[8,8.0455,3.94686]},"faces":{"east":{"uv":[6.33333,14.33333,6.75,14.58333],"texture":"#4"},"west":{"uv":[12,14.33333,12.41667,14.58333],"texture":"#4"},"down":{"uv":[14.08333,13.33333,13.66667,13.75],"texture":"#4"}}},{"from":[7.3775,7.6705,-0.58348],"to":[8.6225,8.4205,0.66652],"rotation":{"angle":45,"axis":"x","origin":[8,8.0455,-0.08348]},"faces":{"east":{"uv":[13,14.33333,13.41667,14.58333],"texture":"#4"},"west":{"uv":[14,14.33333,14.41667,14.58333],"texture":"#4"},"down":{"uv":[1.08333,14,0.66667,14.41667],"texture":"#4"}}},{"from":[7.1275,6.05133,17.47393],"to":[8.8725,9.80133,18.47393],"rotation":{"angle":-22.5,"axis":"x","origin":[8,8.17633,18.47393]},"faces":{"north":{"uv":[9.66667,3,10.25,4.25],"texture":"#4"},"east":{"uv":[2.33333,12,2.66667,13.25],"texture":"#4"},"south":{"uv":[9.66667,4.66667,10.25,5.91667],"texture":"#4"},"west":{"uv":[12,3.66667,12.33333,4.91667],"texture":"#4"},"up":{"uv":[14.25,12,13.66667,11.66667],"texture":"#4"},"down":{"uv":[12.58333,13.66667,12,14],"texture":"#4"}}},{"from":[7,8,-0.81831],"to":[9,9,10.18169],"rotation":{"angle":0,"axis":"y","origin":[7,0,-2.81831]},"faces":{"north":{"uv":[13.33333,2,14,2.33333],"texture":"#4"},"east":{"uv":[5.66667,7,9.33333,7.33333],"texture":"#4"},"west":{"uv":[5.66667,7.66667,9.33333,8],"texture":"#4"},"up":{"uv":[2,9.66667,1.33333,6],"texture":"#4"},"down":{"uv":[3,6,2.33333,9.66667],"texture":"#4"}}},{"from":[8.35355,10.81066,-0.31831],"to":[10.35355,11.81066,1.18169],"rotation":{"angle":45,"axis":"z","origin":[9.35355,11.31066,4.18169]},"faces":{"north":{"uv":[9,13.33333,9.66667,13.66667],"texture":"#4"},"south":{"uv":[10,13.33333,10.66667,13.66667],"texture":"#4"},"up":{"uv":[9.66667,12.83333,9,12.33333],"texture":"#4"},"down":{"uv":[10.66667,12.33333,10,12.83333],"texture":"#4"}}},{"from":[8.29289,8.95711,-0.32081],"to":[9.29289,10.95711,1.18419],"rotation":{"angle":0,"axis":"z","origin":[8.79289,9.95711,0.42919]},"faces":{"north":{"uv":[0,13.66667,0.33333,14.33333],"texture":"#4"},"east":{"uv":[0,12.66667,0.5,13.33333],"texture":"#4"},"south":{"uv":[2,13.66667,2.33333,14.33333],"texture":"#4"},"west":{"uv":[3,12.66667,3.5,13.33333],"texture":"#4"},"up":{"uv":[8.33333,14.5,8,14],"texture":"#4"},"down":{"uv":[9,14,8.66667,14.5],"texture":"#4"}}},{"from":[9.56066,11.72487,-0.31831],"to":[10.06066,13.72487,1.18169],"rotation":{"angle":45,"axis":"z","origin":[10.06066,12.72487,0.68169]},"faces":{"north":{"uv":[2.66667,14.33333,2.83333,15],"texture":"#4"},"east":{"uv":[12.66667,3.66667,13.16667,4.33333],"texture":"#4"},"south":{"uv":[3.33333,14.33333,3.5,15],"texture":"#4"},"west":{"uv":[4,12.66667,4.5,13.33333],"texture":"#4"},"up":{"uv":[0.16667,15.16667,0,14.66667],"texture":"#4"},"down":{"uv":[14.83333,3.33333,14.66667,3.83333],"texture":"#4"}}},{"from":[5.93934,11.72487,-0.31831],"to":[6.43934,13.72487,1.18169],"rotation":{"angle":-45,"axis":"z","origin":[5.93934,12.72487,0.68169]},"faces":{"north":{"uv":[2.83333,14.33333,2.66667,15],"texture":"#4"},"east":{"uv":[4.5,12.66667,4,13.33333],"texture":"#4"},"south":{"uv":[3.5,14.33333,3.33333,15],"texture":"#4"},"west":{"uv":[13.16667,3.66667,12.66667,4.33333],"texture":"#4"},"up":{"uv":[0,15.16667,0.16667,14.66667],"texture":"#4"},"down":{"uv":[14.66667,3.33333,14.83333,3.83333],"texture":"#4"}}},{"from":[5.64645,10.81066,-0.31831],"to":[7.64645,11.81066,1.18169],"rotation":{"angle":-45,"axis":"z","origin":[6.64645,11.31066,4.18169]},"faces":{"north":{"uv":[9.66667,13.33333,9,13.66667],"texture":"#4"},"south":{"uv":[10.66667,13.33333,10,13.66667],"texture":"#4"},"up":{"uv":[9,12.83333,9.66667,12.33333],"texture":"#4"},"down":{"uv":[10,12.33333,10.66667,12.83333],"texture":"#4"}}},{"from":[6.70711,8.95711,-0.32081],"to":[7.70711,10.95711,1.18419],"rotation":{"angle":0,"axis":"z","origin":[7.20711,9.95711,0.42919]},"faces":{"north":{"uv":[0.33333,13.66667,0,14.33333],"texture":"#4"},"east":{"uv":[3.5,12.66667,3,13.33333],"texture":"#4"},"south":{"uv":[2.33333,13.66667,2,14.33333],"texture":"#4"},"west":{"uv":[0.5,12.66667,0,13.33333],"texture":"#4"},"up":{"uv":[8,14.5,8.33333,14],"texture":"#4"},"down":{"uv":[8.66667,14,9,14.5],"texture":"#4"}}},{"from":[8.35355,8.56066,8.45669],"to":[10.35355,9.56066,9.45669],"rotation":{"angle":45,"axis":"z","origin":[9.35355,9.06066,12.70669]},"faces":{"north":{"uv":[2.66667,13.66667,3.33333,14],"texture":"#4"},"south":{"uv":[3.66667,13.66667,4.33333,14],"texture":"#4"},"up":{"uv":[14.33333,4,13.66667,3.66667],"texture":"#4"},"down":{"uv":[5.33333,13.66667,4.66667,14],"texture":"#4"}}},{"from":[9.56066,9.47487,8.45669],"to":[10.06066,11.47487,9.45669],"rotation":{"angle":45,"axis":"z","origin":[10.06066,10.47487,9.20669]},"faces":{"north":{"uv":[4,14.33333,4.16667,15],"texture":"#4"},"east":{"uv":[13.66667,5.33333,14,6],"texture":"#4"},"south":{"uv":[14.33333,4.33333,14.5,5],"texture":"#4"},"west":{"uv":[5.66667,13.66667,6,14.33333],"texture":"#4"},"up":{"uv":[5.83333,15,5.66667,14.66667],"texture":"#4"},"down":{"uv":[14.83333,6.66667,14.66667,7],"texture":"#4"}}},{"from":[5.93934,9.47487,8.45669],"to":[6.43934,11.47487,9.45669],"rotation":{"angle":-45,"axis":"z","origin":[5.93934,10.47487,9.20669]},"faces":{"north":{"uv":[4.16667,14.33333,4,15],"texture":"#4"},"east":{"uv":[6,13.66667,5.66667,14.33333],"texture":"#4"},"south":{"uv":[14.5,4.33333,14.33333,5],"texture":"#4"},"west":{"uv":[14,5.33333,13.66667,6],"texture":"#4"},"up":{"uv":[5.66667,15,5.83333,14.66667],"texture":"#4"},"down":{"uv":[14.66667,6.66667,14.83333,7],"texture":"#4"}}},{"from":[5.64645,8.56066,8.45669],"to":[7.64645,9.56066,9.45669],"rotation":{"angle":-45,"axis":"z","origin":[6.64645,9.06066,12.70669]},"faces":{"north":{"uv":[3.33333,13.66667,2.66667,14],"texture":"#4"},"south":{"uv":[4.33333,13.66667,3.66667,14],"texture":"#4"},"up":{"uv":[13.66667,4,14.33333,3.66667],"texture":"#4"},"down":{"uv":[4.66667,13.66667,5.33333,14],"texture":"#4"}}},{"from":[7.25,9,-0.56831],"to":[8.75,9.5,10.18169],"rotation":{"angle":0,"axis":"y","origin":[7,0,-2.81831]},"faces":{"north":{"uv":[14.66667,6,15.16667,6.16667],"texture":"#4"},"east":{"uv":[9.66667,9,13.25,9.16667],"texture":"#4"},"west":{"uv":[10.66667,3,14.25,3.16667],"texture":"#4"},"up":{"uv":[3.83333,9.58333,3.33333,6],"texture":"#4"}}},{"from":[-5.25,8.51691,-4.22545],"to":[6.75,11.56691,-0.17545],"rotation":{"angle":45,"axis":"y","origin":[0.75,10.04191,-2.20045]},"faces":{"north":{"uv":[7,0,10,12],"rotation":90,"texture":"#1"},"south":{"uv":[0,0,3,12],"rotation":270,"texture":"#1"},"up":{"uv":[3,0,7,12],"rotation":270,"texture":"#1"},"down":{"uv":[10,0,14,12],"rotation":270,"texture":"#1"}}},{"name":"cube inverted","from":[6.75,11.54191,-0.20045],"to":[-5.25,8.54191,-4.20045],"rotation":{"angle":45,"axis":"y","origin":[0.75,10.04191,-2.20045]},"faces":{"north":{"uv":[3,0,0,12],"rotation":270,"texture":"#1"},"south":{"uv":[10,0,7,12],"rotation":90,"texture":"#1"},"up":{"uv":[14,0,10,12],"rotation":90,"texture":"#1"},"down":{"uv":[7,0,3,12],"rotation":90,"texture":"#1"}}},{"from":[9.25,8.51691,-4.22545],"to":[21.25,11.56691,-0.17545],"rotation":{"angle":-45,"axis":"y","origin":[15.25,10.04191,-2.20045]},"faces":{"north":{"uv":[7,12,10,0],"rotation":90,"texture":"#1"},"south":{"uv":[0,12,3,0],"rotation":270,"texture":"#1"},"up":{"uv":[3,12,7,0],"rotation":270,"texture":"#1"},"down":{"uv":[10,12,14,0],"rotation":270,"texture":"#1"}}},{"name":"cube inverted","from":[21.25,11.54191,-0.20045],"to":[9.25,8.54191,-4.20045],"rotation":{"angle":-45,"axis":"y","origin":[15.25,10.04191,-2.20045]},"faces":{"north":{"uv":[3,12,0,0],"rotation":270,"texture":"#1"},"south":{"uv":[10,12,7,0],"rotation":90,"texture":"#1"},"up":{"uv":[14,12,10,0],"rotation":90,"texture":"#1"},"down":{"uv":[7,12,3,0],"rotation":90,"texture":"#1"}}}],"gui_light":"front","display":{"thirdperson_righthand":{"translation":[-0.5,0.25,-1]},"thirdperson_lefthand":{"translation":[-0.5,0.25,-1]},"firstperson_righthand":{"rotation":[0,-10,0],"translation":[1,2.75,1.5],"scale":[0.7,0.7,0.7]},"firstperson_lefthand":{"rotation":[0,-10,0],"translation":[1,2.75,1.5],"scale":[0.7,0.7,0.7]},"ground":{"rotation":[45,0,0],"translation":[0,5,0],"scale":[0.7,0.7,0.7]},"gui":{"rotation":[90,-45,0],"translation":[-2,-2,0],"scale":[0.8,0.8,0.8]},"fixed":{"rotation":[-90,0,0],"translation":[0,0,-1],"scale":[2,2,2]}},"USER":"{{USER}}","NONCE":"{{NONCE}}","TIMESTAMP":"{{TIMESTAMP}}","RESOURCE":"{{RESOURCE}}","MCMODELS":"{{MCMODELS}}"}