{"format_version":"1.9.0","credit":"Pologony Creation Co.,Ltd.","textures":{"0":"plny_pyrosoulset:helmet","1":"plny_pyrosoulset:animated/fire_animated_8","particle":"plny_pyrosoulset:helmet"},"elements":[{"from":[11,3.7955,3],"to":[13,5.7955,4],"rotation":{"angle":0,"axis":"y","origin":[0,3.7955,0]},"faces":{"north":{"uv":[11.66667,4.33333,12.33333,5],"texture":"#0","tintindex":0},"east":{"uv":[12.33333,12,12.66667,12.66667],"texture":"#0","tintindex":0},"south":{"uv":[11.66667,8,12.33333,8.66667],"texture":"#0","tintindex":0},"west":{"uv":[0,12.66667,0.33333,13.33333],"texture":"#0","tintindex":0},"up":{"uv":[1.33333,13,0.66667,12.66667],"texture":"#0","tintindex":0},"down":{"uv":[2.33333,12.66667,1.66667,13],"texture":"#0","tintindex":0}}},{"from":[4,3.7955,12],"to":[12,12.7955,13],"rotation":{"angle":0,"axis":"y","origin":[0,3.7955,0]},"faces":{"north":{"uv":[0,0,2.66667,3],"texture":"#0","tintindex":0},"south":{"uv":[3,0,5.66667,3],"texture":"#0","tintindex":0},"up":{"uv":[13.66667,9.33333,11,9],"texture":"#0","tintindex":0},"down":{"uv":[10,11.33333,7.33333,11.66667],"texture":"#0","tintindex":0}}},{"from":[12,3.7955,4],"to":[13,5.7955,13],"rotation":{"angle":0,"axis":"y","origin":[0,3.7955,0]},"faces":{"east":{"uv":[9,6,12,6.66667],"texture":"#0","tintindex":0},"south":{"uv":[12.66667,4.33333,13,5],"texture":"#0","tintindex":0},"west":{"uv":[9,7,12,7.66667],"texture":"#0","tintindex":0},"up":{"uv":[5,13,4.66667,10],"texture":"#0","tintindex":0},"down":{"uv":[5.66667,10,5.33333,13],"texture":"#0","tintindex":0}}},{"from":[12,9.7955,4],"to":[13,12.7955,13],"rotation":{"angle":0,"axis":"y","origin":[0,3.7955,0]},"faces":{"east":{"uv":[0,7,3,8],"texture":"#0","tintindex":0},"south":{"uv":[9.66667,12,10,13],"texture":"#0","tintindex":0},"west":{"uv":[3.33333,7.33333,6.33333,8.33333],"texture":"#0","tintindex":0},"up":{"uv":[6.33333,13,6,10],"texture":"#0","tintindex":0},"down":{"uv":[7,10,6.66667,13],"texture":"#0","tintindex":0}}},{"from":[12,5.7955,7],"to":[13,9.7955,13],"rotation":{"angle":0,"axis":"y","origin":[0,3.7955,0]},"faces":{"north":{"uv":[2,11,2.33333,12.33333],"texture":"#0","tintindex":0},"east":{"uv":[6.66667,7.33333,8.66667,8.66667],"texture":"#0","tintindex":0},"south":{"uv":[7.33333,12,7.66667,13.33333],"texture":"#0","tintindex":0},"west":{"uv":[8,3.33333,10,4.66667],"texture":"#0","tintindex":0}}},{"from":[3,9.7955,3],"to":[13,12.7955,4],"rotation":{"angle":0,"axis":"y","origin":[0,3.7955,0]},"faces":{"north":{"uv":[6,2,9.33333,3],"texture":"#0","tintindex":0},"east":{"uv":[2.66667,12.33333,3,13.33333],"texture":"#0","tintindex":0},"south":{"uv":[5.33333,6,8.66667,7],"texture":"#0","tintindex":0},"west":{"uv":[3.33333,12.33333,3.66667,13.33333],"texture":"#0","tintindex":0},"up":{"uv":[13,2.33333,9.66667,2],"texture":"#0","tintindex":0},"down":{"uv":[13,2.66667,9.66667,3],"texture":"#0","tintindex":0}}},{"from":[12.0035,4.2526,6.12132],"to":[12.9965,8.2526,7.62132],"rotation":{"angle":45,"axis":"x","origin":[12.4965,6.2526,6.62132]},"faces":{"north":{"uv":[8,12,8.33333,13.33333],"texture":"#0","tintindex":0},"east":{"uv":[0,11,0.5,12.33333],"texture":"#0","tintindex":0},"west":{"uv":[1,11,1.5,12.33333],"texture":"#0","tintindex":0}}},{"from":[13,6.7955,8.5],"to":[14,9.7955,11.5],"rotation":{"angle":-22.5,"axis":"x","origin":[8,8.2955,10]},"faces":{"north":{"uv":[4,12.33333,4.33333,13.33333],"texture":"#0","tintindex":0},"east":{"uv":[7.33333,10,8.33333,11],"texture":"#0","tintindex":0},"south":{"uv":[12.33333,5.33333,12.66667,6.33333],"texture":"#0","tintindex":0},"west":{"uv":[8.66667,10,9.66667,11],"texture":"#0","tintindex":0},"up":{"uv":[12.66667,7.66667,12.33333,6.66667],"texture":"#0","tintindex":0},"down":{"uv":[12.66667,9.66667,12.33333,10.66667],"texture":"#0","tintindex":0}}},{"from":[6.5,10.7955,2],"to":[9.5,13.7955,3.5],"rotation":{"angle":45,"axis":"z","origin":[8,12.2955,2.5]},"faces":{"north":{"uv":[10,10,11,11],"texture":"#0","tintindex":0},"east":{"uv":[11.33333,9.66667,11.83333,10.66667],"texture":"#0","tintindex":0},"south":{"uv":[10.33333,3.33333,11.33333,4.33333],"texture":"#0","tintindex":0},"west":{"uv":[10.33333,11.33333,10.83333,12.33333],"texture":"#0","tintindex":0},"up":{"uv":[12.33333,11.5,11.33333,11],"texture":"#0","tintindex":0},"down":{"uv":[12.66667,3.33333,11.66667,3.83333],"texture":"#0","tintindex":0}}},{"from":[9.73223,11.85616,3.0035],"to":[11.73223,13.85616,12.9965],"rotation":{"angle":45,"axis":"z","origin":[11.23223,13.85616,7.5035]},"faces":{"north":{"uv":[8.66667,12,9.33333,12.66667],"texture":"#0","tintindex":0},"east":{"uv":[8,5,11.33333,5.66667],"texture":"#0","tintindex":0},"south":{"uv":[11.33333,12,12,12.66667],"texture":"#0","tintindex":0},"west":{"uv":[8.66667,0,12,0.66667],"texture":"#0","tintindex":0},"up":{"uv":[3.33333,12,2.66667,8.66667],"texture":"#0","tintindex":0},"down":{"uv":[4.33333,8.66667,3.66667,12],"texture":"#0","tintindex":0}}},{"from":[4.4125,12.20971,3.0085],"to":[11.5875,14.20971,12.9915],"rotation":{"angle":0,"axis":"z","origin":[10.5875,13.20971,8.0085]},"faces":{"north":{"uv":[9,8,11.33333,8.66667],"texture":"#0","tintindex":0},"east":{"uv":[8.66667,1,12,1.66667],"texture":"#0","tintindex":0},"south":{"uv":[8.33333,9,10.66667,9.66667],"texture":"#0","tintindex":0},"west":{"uv":[4.66667,9,8,9.66667],"texture":"#0","tintindex":0},"up":{"uv":[2.33333,6.66667,0,3.33333],"texture":"#0","tintindex":0},"down":{"uv":[5,3.33333,2.66667,6.66667],"texture":"#0","tintindex":0}}},{"from":[10,3.38128,3.0035],"to":[12,5.38128,3.9965],"rotation":{"angle":45,"axis":"z","origin":[11,4.38128,3.5035]},"faces":{"north":{"uv":[12.33333,0,13,0.66667],"texture":"#0","tintindex":0},"south":{"uv":[12.33333,1,13,1.66667],"texture":"#0","tintindex":0},"west":{"uv":[12.66667,8,13,8.66667],"texture":"#0","tintindex":0},"up":{"uv":[11,13,10.33333,12.66667],"texture":"#0","tintindex":0},"down":{"uv":[13.33333,11,12.66667,11.33333],"texture":"#0","tintindex":0}}},{"from":[10,2.38128,3.0035],"to":[10.5,3.38128,3.9965],"rotation":{"angle":45,"axis":"z","origin":[11,4.38128,3.5035]},"faces":{"north":{"uv":[13,5.33333,13.16667,5.66667],"texture":"#0","tintindex":0},"east":{"uv":[11.66667,5.33333,12,5.66667],"texture":"#0","tintindex":0},"south":{"uv":[13,6,13.16667,6.33333],"texture":"#0","tintindex":0},"west":{"uv":[13,3.33333,13.33333,3.66667],"texture":"#0","tintindex":0},"down":{"uv":[13.16667,6.66667,13,7],"texture":"#0","tintindex":0}}},{"from":[10.5,2.38128,3.0035],"to":[11,2.88128,3.9965],"rotation":{"angle":45,"axis":"z","origin":[11,4.38128,3.5035]},"faces":{"north":{"uv":[13,10.33333,13.16667,10.5],"texture":"#0","tintindex":0},"east":{"uv":[13,7.33333,13.33333,7.5],"texture":"#0","tintindex":0},"south":{"uv":[11.33333,13,11.5,13.16667],"texture":"#0","tintindex":0},"up":{"uv":[8.83333,13.33333,8.66667,13],"texture":"#0","tintindex":0},"down":{"uv":[13.16667,9.66667,13,10],"texture":"#0","tintindex":0}}},{"from":[13.495,5.7955,10],"to":[13.505,11.2955,17],"rotation":{"angle":-22.5,"axis":"x","origin":[7.995,8.2955,10]},"faces":{"east":{"uv":[6,0,8.33333,1.83333],"texture":"#0","tintindex":0},"west":{"uv":[8.33333,0,6,1.83333],"texture":"#0","tintindex":0}}},{"from":[4.625,8.40791,2.22628],"to":[11.375,15.40791,2.23628],"rotation":{"angle":0,"axis":"y","origin":[8.125,4.90791,2.22628]},"faces":{"north":{"uv":[5.33333,3.33333,7.66667,5.66667],"texture":"#0","tintindex":0},"south":{"uv":[7.66667,3.33333,5.33333,5.66667],"texture":"#0","tintindex":0}}},{"from":[11.27033,8.40791,2.75247],"to":[14.02033,15.40791,2.76247],"rotation":{"angle":-22.5,"axis":"y","origin":[12.64533,11.90791,2.75247]},"faces":{"north":{"uv":[0,8.33333,1,10.66667],"texture":"#0","tintindex":0},"south":{"uv":[1,8.33333,0,10.66667],"texture":"#0","tintindex":0}}},{"from":[13.51294,8.40791,4.25093],"to":[16.26294,15.40791,4.26093],"rotation":{"angle":-45,"axis":"y","origin":[14.88794,11.90791,4.25093]},"faces":{"north":{"uv":[1.33333,8.33333,2.33333,10.66667],"texture":"#0","tintindex":0},"south":{"uv":[2.33333,8.33333,1.33333,10.66667],"texture":"#0","tintindex":0}}},{"from":[-0.26294,8.40791,4.25093],"to":[2.48706,15.40791,4.26093],"rotation":{"angle":45,"axis":"y","origin":[1.11206,11.90791,4.25093]},"faces":{"north":{"uv":[2.33333,8.33333,1.33333,10.66667],"texture":"#0","tintindex":0},"south":{"uv":[1.33333,8.33333,2.33333,10.66667],"texture":"#0","tintindex":0}}},{"from":[1.97967,8.40791,2.75247],"to":[4.72967,15.40791,2.76247],"rotation":{"angle":22.5,"axis":"y","origin":[3.35467,11.90791,2.75247]},"faces":{"north":{"uv":[1,8.33333,0,10.66667],"texture":"#0","tintindex":0},"south":{"uv":[0,8.33333,1,10.66667],"texture":"#0","tintindex":0}}},{"from":[2,6.7955,8.5],"to":[3,9.7955,11.5],"rotation":{"angle":-22.5,"axis":"x","origin":[8,8.2955,10]},"faces":{"north":{"uv":[4.33333,12.33333,4,13.33333],"texture":"#0","tintindex":0},"east":{"uv":[9.66667,10,8.66667,11],"texture":"#0","tintindex":0},"south":{"uv":[12.66667,5.33333,12.33333,6.33333],"texture":"#0","tintindex":0},"west":{"uv":[8.33333,10,7.33333,11],"texture":"#0","tintindex":0},"up":{"uv":[12.33333,7.66667,12.66667,6.66667],"texture":"#0","tintindex":0},"down":{"uv":[12.33333,9.66667,12.66667,10.66667],"texture":"#0","tintindex":0}}},{"from":[2.495,5.7955,10],"to":[2.505,11.2955,17],"rotation":{"angle":-22.5,"axis":"x","origin":[7.995,8.2955,10]},"faces":{"east":{"uv":[6,0,8.33333,1.83333],"texture":"#0","tintindex":0},"west":{"uv":[8.33333,0,6,1.83333],"texture":"#0","tintindex":0}}},{"from":[4.26777,11.85616,3.0035],"to":[6.26777,13.85616,12.9965],"rotation":{"angle":-45,"axis":"z","origin":[4.76777,13.85616,7.5035]},"faces":{"north":{"uv":[9.33333,12,8.66667,12.66667],"texture":"#0","tintindex":0},"east":{"uv":[12,0,8.66667,0.66667],"texture":"#0","tintindex":0},"south":{"uv":[12,12,11.33333,12.66667],"texture":"#0","tintindex":0},"west":{"uv":[11.33333,5,8,5.66667],"texture":"#0","tintindex":0},"up":{"uv":[2.66667,12,3.33333,8.66667],"texture":"#0","tintindex":0},"down":{"uv":[3.66667,8.66667,4.33333,12],"texture":"#0","tintindex":0}}},{"from":[5.5,2.38128,3.0035],"to":[6,3.38128,3.9965],"rotation":{"angle":-45,"axis":"z","origin":[5,4.38128,3.5035]},"faces":{"north":{"uv":[13.16667,5.33333,13,5.66667],"texture":"#0","tintindex":0},"east":{"uv":[13.33333,3.33333,13,3.66667],"texture":"#0","tintindex":0},"south":{"uv":[13.16667,6,13,6.33333],"texture":"#0","tintindex":0},"west":{"uv":[12,5.33333,11.66667,5.66667],"texture":"#0","tintindex":0},"down":{"uv":[13,6.66667,13.16667,7],"texture":"#0","tintindex":0}}},{"from":[5,2.38128,3.0035],"to":[5.5,2.88128,3.9965],"rotation":{"angle":-45,"axis":"z","origin":[5,4.38128,3.5035]},"faces":{"north":{"uv":[13.16667,10.33333,13,10.5],"texture":"#0","tintindex":0},"south":{"uv":[11.5,13,11.33333,13.16667],"texture":"#0","tintindex":0},"west":{"uv":[13.33333,7.33333,13,7.5],"texture":"#0","tintindex":0},"up":{"uv":[8.66667,13.33333,8.83333,13],"texture":"#0","tintindex":0},"down":{"uv":[13,9.66667,13.16667,10],"texture":"#0","tintindex":0}}},{"from":[4,3.38128,3.0035],"to":[6,5.38128,3.9965],"rotation":{"angle":-45,"axis":"z","origin":[5,4.38128,3.5035]},"faces":{"north":{"uv":[13,0,12.33333,0.66667],"texture":"#0","tintindex":0},"east":{"uv":[13,8,12.66667,8.66667],"texture":"#0","tintindex":0},"south":{"uv":[13,1,12.33333,1.66667],"texture":"#0","tintindex":0},"up":{"uv":[10.33333,13,11,12.66667],"texture":"#0","tintindex":0},"down":{"uv":[12.66667,11,13.33333,11.33333],"texture":"#0","tintindex":0}}},{"from":[3,3.7955,3],"to":[5,5.7955,4],"rotation":{"angle":0,"axis":"y","origin":[16,3.7955,0]},"faces":{"north":{"uv":[12.33333,4.33333,11.66667,5],"texture":"#0","tintindex":0},"east":{"uv":[0.33333,12.66667,0,13.33333],"texture":"#0","tintindex":0},"south":{"uv":[12.33333,8,11.66667,8.66667],"texture":"#0","tintindex":0},"west":{"uv":[12.66667,12,12.33333,12.66667],"texture":"#0","tintindex":0},"up":{"uv":[0.66667,13,1.33333,12.66667],"texture":"#0","tintindex":0},"down":{"uv":[1.66667,12.66667,2.33333,13],"texture":"#0","tintindex":0}}},{"from":[3.0035,4.2526,6.12132],"to":[3.9965,8.2526,7.62132],"rotation":{"angle":45,"axis":"x","origin":[3.5035,6.2526,6.62132]},"faces":{"north":{"uv":[8.33333,12,8,13.33333],"texture":"#0","tintindex":0},"east":{"uv":[1.5,11,1,12.33333],"texture":"#0","tintindex":0},"west":{"uv":[0.5,11,0,12.33333],"texture":"#0","tintindex":0}}},{"from":[3,3.7955,4],"to":[4,5.7955,13],"rotation":{"angle":0,"axis":"y","origin":[16,3.7955,0]},"faces":{"east":{"uv":[12,7,9,7.66667],"texture":"#0","tintindex":0},"south":{"uv":[13,4.33333,12.66667,5],"texture":"#0","tintindex":0},"west":{"uv":[12,6,9,6.66667],"texture":"#0","tintindex":0},"up":{"uv":[4.66667,13,5,10],"texture":"#0","tintindex":0},"down":{"uv":[5.33333,10,5.66667,13],"texture":"#0","tintindex":0}}},{"from":[3,5.7955,7],"to":[4,9.7955,13],"rotation":{"angle":0,"axis":"y","origin":[16,3.7955,0]},"faces":{"north":{"uv":[2.33333,11,2,12.33333],"texture":"#0","tintindex":0},"east":{"uv":[10,3.33333,8,4.66667],"texture":"#0","tintindex":0},"south":{"uv":[7.66667,12,7.33333,13.33333],"texture":"#0","tintindex":0},"west":{"uv":[8.66667,7.33333,6.66667,8.66667],"texture":"#0","tintindex":0}}},{"from":[3,9.7955,4],"to":[4,12.7955,13],"rotation":{"angle":0,"axis":"y","origin":[16,3.7955,0]},"faces":{"east":{"uv":[6.33333,7.33333,3.33333,8.33333],"texture":"#0","tintindex":0},"south":{"uv":[10,12,9.66667,13],"texture":"#0","tintindex":0},"west":{"uv":[3,7,0,8],"texture":"#0","tintindex":0},"up":{"uv":[6,13,6.33333,10],"texture":"#0","tintindex":0},"down":{"uv":[6.66667,10,7,13],"texture":"#0","tintindex":0}}},{"from":[12.009,2.5,1],"to":[16.009,16.5,1.01],"rotation":{"angle":-45,"axis":"y","origin":[11.009,5.5,1]},"faces":{"north":{"uv":[4.5,2,6.5,9],"texture":"#1","tintindex":0},"south":{"uv":[6.5,2,4.5,9],"texture":"#1","tintindex":0}}},{"from":[14.53453,2.5,4.53553],"to":[14.54453,16.5,9.53553],"rotation":{"angle":0,"axis":"y","origin":[14.53453,5.5,4.53553]},"faces":{"east":{"uv":[2,2,4.5,9],"texture":"#1","tintindex":0},"west":{"uv":[4.5,2,2,9],"texture":"#1","tintindex":0}}},{"from":[13.12325,15.90714,4.53553],"to":[13.13325,19.90714,9.53553],"rotation":{"angle":45,"axis":"z","origin":[13.12325,17.90714,7.03553]},"faces":{"east":{"uv":[2,0,4.5,2],"texture":"#1","tintindex":0},"west":{"uv":[4.5,0,2,2],"texture":"#1","tintindex":0}}},{"from":[9.71611,2.5,1.70711],"to":[11.71611,16.5,1.71711],"rotation":{"angle":0,"axis":"y","origin":[10.71611,11,1.70711]},"faces":{"north":{"uv":[6.5,2,7.5,9],"texture":"#1","tintindex":0},"south":{"uv":[7.5,2,6.5,9],"texture":"#1","tintindex":0}}},{"from":[14.53453,2.5,9.53553],"to":[14.54453,16.5,11.53553],"rotation":{"angle":22.5,"axis":"y","origin":[14.53453,5.5,9.53553]},"faces":{"east":{"uv":[1,2,2,9],"texture":"#1","tintindex":0},"west":{"uv":[2,2,1,9],"texture":"#1","tintindex":0}}},{"from":[15.2999,2.5,11.38329],"to":[15.3099,16.5,13.38329],"rotation":{"angle":45,"axis":"y","origin":[15.2999,5.5,11.38329]},"faces":{"east":{"uv":[0,2,1,9],"texture":"#1","tintindex":0},"west":{"uv":[1,2,0,9],"texture":"#1","tintindex":0}}},{"from":[4.28389,2.5,1.70711],"to":[6.28389,16.5,1.71711],"rotation":{"angle":0,"axis":"y","origin":[5.28389,11,1.70711]},"faces":{"north":{"uv":[7.5,2,6.5,9],"texture":"#1","tintindex":0},"south":{"uv":[6.5,2,7.5,9],"texture":"#1","tintindex":0}}},{"from":[-0.009,2.5,1],"to":[3.991,16.5,1.01],"rotation":{"angle":45,"axis":"y","origin":[4.991,5.5,1]},"faces":{"north":{"uv":[6.5,2,4.5,9],"texture":"#1","tintindex":0},"south":{"uv":[4.5,2,6.5,9],"texture":"#1","tintindex":0}}},{"from":[1.45547,2.5,4.53553],"to":[1.46547,16.5,9.53553],"rotation":{"angle":0,"axis":"y","origin":[1.46547,5.5,4.53553]},"faces":{"east":{"uv":[2,2,4.5,9],"texture":"#1","tintindex":0},"west":{"uv":[4.5,2,2,9],"texture":"#1","tintindex":0}}},{"from":[2.86675,15.90714,4.53553],"to":[2.87675,19.90714,9.53553],"rotation":{"angle":-45,"axis":"z","origin":[2.87675,17.90714,7.03553]},"faces":{"east":{"uv":[2,0,4.5,2],"texture":"#1","tintindex":0},"west":{"uv":[4.5,0,2,2],"texture":"#1","tintindex":0}}},{"from":[1.45547,2.5,9.53553],"to":[1.46547,16.5,11.53553],"rotation":{"angle":-22.5,"axis":"y","origin":[1.46547,5.5,9.53553]},"faces":{"east":{"uv":[1,2,2,9],"texture":"#1","tintindex":0},"west":{"uv":[2,2,1,9],"texture":"#1","tintindex":0}}},{"from":[0.6901,2.5,11.38329],"to":[0.7001,16.5,13.38329],"rotation":{"angle":-45,"axis":"y","origin":[0.7001,5.5,11.38329]},"faces":{"east":{"uv":[0,2,1,9],"texture":"#1","tintindex":0},"west":{"uv":[1,2,0,9],"texture":"#1","tintindex":0}}}],"gui_light":"front","display":{"thirdperson_righthand":{"rotation":[-134.5,0,-180],"translation":[0,4,0],"scale":[0.7,0.7,0.7]},"thirdperson_lefthand":{"rotation":[-134.5,0,-180],"translation":[0,4,0],"scale":[0.7,0.7,0.7]},"firstperson_righthand":{"rotation":[159.5,0,-180],"translation":[3.5,0,-2.5]},"firstperson_lefthand":{"rotation":[159.5,0,-180],"translation":[3.5,0,-2.5]},"ground":{"translation":[0,5,0],"scale":[0.7,0.7,0.7]},"gui":{"rotation":[0,-180,0],"translation":[0,-1.25,0],"scale":[1.4,1.4,1.4]},"head":{"translation":[0,-1.25,0],"scale":[1.6,1.6,1.6]},"fixed":{"rotation":[-90,0,0],"translation":[0,0,-11.5],"scale":[2,2,2]}}}