{"format_version":"1.9.0","credit":"Pologony Creation Co.,Ltd.","textures":{"1":"plny_pyrosoulset:animated/fire_animated_3","2":"plny_pyrosoulset:animated/fire_animated_5","5":"plny_pyrosoulset:scythe","particle":"plny_pyrosoulset:animated/fire_animated_3"},"elements":[{"from":[7.0035,16.83207,5.53492],"to":[8.9965,17.75707,7.53492],"rotation":{"angle":-22.5,"axis":"x","origin":[7.0035,16.75707,5.53492]},"faces":{"north":{"uv":[10.8,7.6,11.6,8],"texture":"#5"},"east":{"uv":[8.4,10.8,9.2,11.2],"texture":"#5"},"west":{"uv":[10.8,8.4,11.6,8.8],"texture":"#5"},"up":{"uv":[8,4,7.2,3.2],"texture":"#5"},"down":{"uv":[8,4.4,7.2,5.2],"texture":"#5"}}},{"from":[7,17.44632,7],"to":[9,18.44632,9],"rotation":{"angle":0,"axis":"y","origin":[8,17.94632,8]},"faces":{"north":{"uv":[10.8,9.2,11.6,9.6],"texture":"#5"},"east":{"uv":[9.6,10.8,10.4,11.2],"texture":"#5"},"south":{"uv":[10.8,10,11.6,10.4],"texture":"#5"},"west":{"uv":[10.8,10.8,11.6,11.2],"texture":"#5"},"up":{"uv":[8,6.4,7.2,5.6],"texture":"#5"},"down":{"uv":[8,6.8,7.2,7.6],"texture":"#5"}}},{"from":[7.0035,17.75707,5.53492],"to":[8.9965,18.75707,6.03492],"rotation":{"angle":-22.5,"axis":"x","origin":[7.0035,16.75707,5.53492]},"faces":{"north":{"uv":[4.4,11.2,5.2,11.6],"texture":"#5"},"east":{"uv":[11.2,14.4,11.4,14.8],"texture":"#5"},"south":{"uv":[11.2,6,12,6.4],"texture":"#5"},"west":{"uv":[14.8,4,15,4.4],"texture":"#5"},"up":{"uv":[13.6,5,12.8,4.8],"texture":"#5"}}},{"from":[6.79289,17.94632,7.5],"to":[8.79289,18.94632,9.5],"rotation":{"angle":45,"axis":"y","origin":[7.29289,16.94632,8]},"faces":{"north":{"uv":[11.2,6.8,12,7.2],"texture":"#5"},"east":{"uv":[11.6,0,12.4,0.4],"texture":"#5"},"south":{"uv":[11.6,0.8,12.4,1.2],"texture":"#5"},"west":{"uv":[11.6,1.6,12.4,2],"texture":"#5"},"up":{"uv":[8.4,0.8,7.6,0],"texture":"#5"},"down":{"uv":[8.4,1.2,7.6,2],"texture":"#5"}}},{"from":[7.0035,18.25707,6.03492],"to":[8.9965,18.75707,6.53492],"rotation":{"angle":-22.5,"axis":"x","origin":[7.0035,16.75707,5.53492]},"faces":{"east":{"uv":[15.2,8,15.4,8.2],"texture":"#5"},"south":{"uv":[7.2,12.8,8,13],"texture":"#5"},"west":{"uv":[8.8,15.2,9,15.4],"texture":"#5"},"up":{"uv":[9.2,13,8.4,12.8],"texture":"#5"},"down":{"uv":[10.4,12.8,9.6,13],"texture":"#5"}}},{"from":[7.75,17.78211,8],"to":[8.25,20.53211,10.75],"rotation":{"angle":-45,"axis":"x","origin":[7.75,17.78211,8]},"faces":{"north":{"uv":[2,12.4,2.2,13.5],"texture":"#5"},"east":{"uv":[4.4,3.6,5.5,4.7],"texture":"#5"},"south":{"uv":[2.8,12.4,3,13.5],"texture":"#5"},"west":{"uv":[4.4,5.2,5.5,6.3],"texture":"#5"},"up":{"uv":[12.6,6.7,12.4,5.6],"texture":"#5"},"down":{"uv":[12.2,12.4,12,13.5],"texture":"#5"}}},{"from":[7.5035,19.75707,5.03492],"to":[8.4965,20.25707,5.53492],"rotation":{"angle":-22.5,"axis":"x","origin":[7.0035,16.75707,5.53492]},"faces":{"east":{"uv":[15.2,8.8,15.4,9],"texture":"#5"},"south":{"uv":[4.8,14.8,5.2,15],"texture":"#5"},"west":{"uv":[9.6,15.2,9.8,15.4],"texture":"#5"},"up":{"uv":[6,15,5.6,14.8],"texture":"#5"},"down":{"uv":[6.8,14.8,6.4,15],"texture":"#5"}}},{"from":[7.5035,19.00707,4.28492],"to":[8.4965,20.25707,5.03492],"rotation":{"angle":-22.5,"axis":"x","origin":[7.0035,16.75707,5.53492]},"faces":{"north":{"uv":[0,12.8,0.4,13.3],"texture":"#5"},"east":{"uv":[7.2,14.4,7.5,14.9],"texture":"#5"},"south":{"uv":[12.8,0,13.2,0.5],"texture":"#5"},"west":{"uv":[14.4,7.2,14.7,7.7],"texture":"#5"},"up":{"uv":[5.6,7.1,5.2,6.8],"texture":"#5"}}},{"from":[7.5035,17.75707,4.28492],"to":[8.4965,19.00707,6.78492],"rotation":{"angle":-22.5,"axis":"x","origin":[7.0035,16.75707,5.53492]},"faces":{"north":{"uv":[12.8,1.2,13.2,1.7],"texture":"#5"},"east":{"uv":[8.4,9.6,9.4,10.1],"texture":"#5"},"south":{"uv":[12.8,2.4,13.2,2.9],"texture":"#5"},"west":{"uv":[10,0,11,0.5],"texture":"#5"},"up":{"uv":[10.4,8.6,10,7.6],"texture":"#5"},"down":{"uv":[10.4,9.2,10,10.2],"texture":"#5"}}},{"from":[7.995,10.75906,-7.26656],"to":[8.005,18.50906,7.73344],"rotation":{"angle":-22.5,"axis":"x","origin":[7.995,15.13406,-0.01656]},"faces":{"east":{"uv":[6,0,0,3.1],"texture":"#5"},"west":{"uv":[0,0,6,3.1],"texture":"#5"}}},{"from":[7.5,19.94632,11],"to":[8.493,20.44632,11.5],"rotation":{"angle":0,"axis":"y","origin":[7.9965,19.4231,10.82544]},"faces":{"north":{"uv":[12,14.8,12.4,15],"texture":"#5"},"east":{"uv":[10.4,15.2,10.6,15.4],"texture":"#5"},"west":{"uv":[11.2,15.2,11.4,15.4],"texture":"#5"},"up":{"uv":[13.2,15,12.8,14.8],"texture":"#5"},"down":{"uv":[14,14.8,13.6,15],"texture":"#5"}}},{"from":[7.5,19.19632,11.5],"to":[8.493,20.44632,12.25],"rotation":{"angle":0,"axis":"y","origin":[7.9965,19.4231,10.82544]},"faces":{"north":{"uv":[3.6,12.8,4,13.3],"texture":"#5"},"east":{"uv":[8,14.4,8.3,14.9],"texture":"#5"},"south":{"uv":[12.8,3.6,13.2,4.1],"texture":"#5"},"west":{"uv":[14.4,8.4,14.7,8.9],"texture":"#5"},"up":{"uv":[8,2.7,7.6,2.4],"texture":"#5"}}},{"from":[7.5,17.94632,9.75],"to":[8.493,19.19632,12.25],"rotation":{"angle":0,"axis":"y","origin":[7.9965,19.4231,10.82544]},"faces":{"north":{"uv":[5.6,12.8,6,13.3],"texture":"#5"},"east":{"uv":[10,1.2,11,1.7],"texture":"#5"},"south":{"uv":[6.4,12.8,6.8,13.3],"texture":"#5"},"west":{"uv":[4.4,10,5.4,10.5],"texture":"#5"},"up":{"uv":[1.2,11.4,0.8,10.4],"texture":"#5"},"down":{"uv":[2,10.4,1.6,11.4],"texture":"#5"}}},{"from":[7,17.44632,9],"to":[8.993,18.44632,11],"rotation":{"angle":0,"axis":"y","origin":[7.9965,19.3481,10.82544]},"faces":{"east":{"uv":[2.4,11.6,3.2,12],"texture":"#5"},"south":{"uv":[11.6,2.4,12.4,2.8],"texture":"#5"},"west":{"uv":[11.6,3.2,12.4,3.6],"texture":"#5"},"up":{"uv":[6,8.4,5.2,7.6],"texture":"#5"},"down":{"uv":[2,8,1.2,8.8],"texture":"#5"}}},{"from":[7,18.44632,10.5],"to":[8.993,19.44632,11],"rotation":{"angle":0,"axis":"y","origin":[7.9965,19.4231,10.82544]},"faces":{"north":{"uv":[11.6,4,12.4,4.4],"texture":"#5"},"east":{"uv":[15.2,4.8,15.4,5.2],"texture":"#5"},"south":{"uv":[11.6,4.8,12.4,5.2],"texture":"#5"},"west":{"uv":[15.2,7.2,15.4,7.6],"texture":"#5"},"up":{"uv":[11.6,13,10.8,12.8],"texture":"#5"}}},{"from":[7,18.94632,10],"to":[8.993,19.44632,10.5],"rotation":{"angle":0,"axis":"y","origin":[7.9965,19.4231,10.82544]},"faces":{"north":{"uv":[12.8,12.4,13.6,12.6],"texture":"#5"},"east":{"uv":[15.2,12,15.4,12.2],"texture":"#5"},"west":{"uv":[15.2,12.8,15.4,13],"texture":"#5"},"up":{"uv":[1.6,13.4,0.8,13.2],"texture":"#5"},"down":{"uv":[5.2,13.2,4.4,13.4],"texture":"#5"}}},{"from":[7.995,16.54632,10.5],"to":[8.005,21.79632,16.5],"rotation":{"angle":0,"axis":"y","origin":[7.995,22.07132,14.25]},"faces":{"east":{"uv":[2.4,3.6,0,5.7],"texture":"#5"},"west":{"uv":[0,3.6,2.4,5.7],"texture":"#5"}}},{"from":[7.5,-3.17556,7.5],"to":[8.5,-1.17556,9.5],"rotation":{"angle":-45,"axis":"x","origin":[7.5,-2.67556,8]},"faces":{"north":{"uv":[0,11.6,0.4,12.4],"texture":"#5"},"east":{"uv":[2.4,8,3.2,8.8],"texture":"#5"},"south":{"uv":[3.6,11.6,4,12.4],"texture":"#5"},"west":{"uv":[6.4,8,7.2,8.8],"texture":"#5"},"up":{"uv":[6,12.4,5.6,11.6],"texture":"#5"},"down":{"uv":[6.8,11.6,6.4,12.4],"texture":"#5"}}},{"from":[7.25,-2.92556,7.75],"to":[8.75,-1.42556,9.25],"rotation":{"angle":-45,"axis":"x","origin":[7.5,-2.67556,8]},"faces":{"north":{"uv":[2.4,10.4,3,11],"texture":"#5"},"east":{"uv":[10.4,2.4,11,3],"texture":"#5"},"south":{"uv":[10.4,3.6,11,4.2],"texture":"#5"},"west":{"uv":[10.4,4.8,11,5.4],"texture":"#5"},"up":{"uv":[6.6,11,6,10.4],"texture":"#5"},"down":{"uv":[7.8,10.4,7.2,11],"texture":"#5"}}},{"from":[7.29289,4.69944,7.92678],"to":[8.54289,5.94944,9.17678],"rotation":{"angle":45,"axis":"y","origin":[7.29289,4.69944,8.17678]},"faces":{"north":{"uv":[7.2,11.6,7.7,12.1],"texture":"#5"},"east":{"uv":[8.4,11.6,8.9,12.1],"texture":"#5"},"south":{"uv":[9.6,11.6,10.1,12.1],"texture":"#5"},"west":{"uv":[10.8,11.6,11.3,12.1],"texture":"#5"},"up":{"uv":[1.3,12.5,0.8,12],"texture":"#5"}}},{"from":[7.29289,5.94944,8],"to":[8.29289,9.19944,9],"rotation":{"angle":45,"axis":"y","origin":[7.29289,4.44944,8]},"faces":{"north":{"uv":[0,9.6,0.4,10.9],"texture":"#5"},"east":{"uv":[9.6,2.4,10,3.7],"texture":"#5"},"south":{"uv":[3.6,9.6,4,10.9],"texture":"#5"},"west":{"uv":[9.6,4.4,10,5.7],"texture":"#5"}}},{"from":[7.29289,9.19944,7.92678],"to":[8.54289,10.44944,9.17678],"rotation":{"angle":45,"axis":"y","origin":[7.29289,9.19944,8.17678]},"faces":{"north":{"uv":[4.4,12,4.9,12.5],"texture":"#5"},"east":{"uv":[12,7.6,12.5,8.1],"texture":"#5"},"south":{"uv":[12,8.8,12.5,9.3],"texture":"#5"},"west":{"uv":[12,10,12.5,10.5],"texture":"#5"},"down":{"uv":[12.5,11.2,12,11.7],"texture":"#5"}}},{"from":[7.04289,11.94576,7.67678],"to":[8.79289,15.94576,9.42678],"rotation":{"angle":45,"axis":"y","origin":[7.29289,11.94576,8.17678]},"faces":{"north":{"uv":[2.8,6,3.5,7.6],"texture":"#5"},"east":{"uv":[6,3.6,6.7,5.2],"texture":"#5"},"south":{"uv":[6,5.6,6.7,7.2],"texture":"#5"},"west":{"uv":[0,6.4,0.7,8],"texture":"#5"},"down":{"uv":[10.7,6.4,10,7.1],"texture":"#5"}}},{"from":[6.79289,16.94576,7.5],"to":[8.79289,17.44576,9.5],"rotation":{"angle":45,"axis":"y","origin":[7.29289,16.94576,8]},"faces":{"north":{"uv":[13.2,5.6,14,5.8],"texture":"#5"},"east":{"uv":[13.2,6.4,14,6.6],"texture":"#5"},"south":{"uv":[13.2,7.2,14,7.4],"texture":"#5"},"west":{"uv":[13.2,8,14,8.2],"texture":"#5"},"up":{"uv":[8.4,8.8,7.6,8],"texture":"#5"},"down":{"uv":[0.8,8.4,0,9.2],"texture":"#5"}}},{"from":[7.04289,16.44576,7.75],"to":[8.54289,16.94576,9.25],"rotation":{"angle":45,"axis":"y","origin":[7.29289,16.44576,8]},"faces":{"north":{"uv":[8.8,14.4,9.4,14.6],"texture":"#5"},"east":{"uv":[14.4,9.6,15,9.8],"texture":"#5"},"south":{"uv":[10,14.4,10.6,14.6],"texture":"#5"},"west":{"uv":[14.4,10.4,15,10.6],"texture":"#5"}}},{"from":[6.79289,15.94576,7.5],"to":[8.79289,16.44576,9.5],"rotation":{"angle":45,"axis":"y","origin":[7.29289,15.94576,8]},"faces":{"north":{"uv":[13.2,8.8,14,9],"texture":"#5"},"east":{"uv":[13.2,9.6,14,9.8],"texture":"#5"},"south":{"uv":[13.2,10.4,14,10.6],"texture":"#5"},"west":{"uv":[13.2,11.2,14,11.4],"texture":"#5"},"up":{"uv":[9.2,3.2,8.4,2.4],"texture":"#5"},"down":{"uv":[4.4,8.4,3.6,9.2],"texture":"#5"}}},{"from":[7.995,-6.03845,5.04523],"to":[8.005,-1.28845,7.79523],"rotation":{"angle":0,"axis":"y","origin":[7.995,-4.41345,6.54523]},"faces":{"east":{"uv":[3.9,3.6,2.8,5.5],"texture":"#5"},"west":{"uv":[2.8,3.6,3.9,5.5],"texture":"#5"}}},{"from":[6.79289,-0.30424,7.5],"to":[8.79289,0.19576,9.5],"rotation":{"angle":45,"axis":"y","origin":[7.29289,-0.30424,8]},"faces":{"north":{"uv":[12.8,13.2,13.6,13.4],"texture":"#5"},"east":{"uv":[13.6,0,14.4,0.2],"texture":"#5"},"south":{"uv":[13.6,0.8,14.4,1],"texture":"#5"},"west":{"uv":[13.6,1.6,14.4,1.8],"texture":"#5"},"up":{"uv":[9.2,4.4,8.4,3.6],"texture":"#5"},"down":{"uv":[9.2,4.8,8.4,5.6],"texture":"#5"}}},{"from":[7.04289,-0.80424,7.75],"to":[8.54289,-0.30424,9.25],"rotation":{"angle":45,"axis":"y","origin":[7.29289,-0.80424,8]},"faces":{"north":{"uv":[14.4,11.2,15,11.4],"texture":"#5"},"east":{"uv":[14.4,13.6,15,13.8],"texture":"#5"},"south":{"uv":[14.4,14.4,15,14.6],"texture":"#5"},"west":{"uv":[0,14.8,0.6,15],"texture":"#5"}}},{"from":[6.79289,-1.30424,7.5],"to":[8.79289,-0.80424,9.5],"rotation":{"angle":45,"axis":"y","origin":[7.29289,-1.30424,8]},"faces":{"north":{"uv":[13.6,2.4,14.4,2.6],"texture":"#5"},"east":{"uv":[13.6,3.2,14.4,3.4],"texture":"#5"},"south":{"uv":[13.6,4,14.4,4.2],"texture":"#5"},"west":{"uv":[7.2,13.6,8,13.8],"texture":"#5"},"up":{"uv":[9.2,6.8,8.4,6],"texture":"#5"},"down":{"uv":[9.6,0,8.8,0.8],"texture":"#5"}}},{"from":[6.79289,3.19576,7.5],"to":[8.79289,3.69576,9.5],"rotation":{"angle":45,"axis":"y","origin":[7.29289,3.19576,8]},"faces":{"north":{"uv":[8.4,13.6,9.2,13.8],"texture":"#5"},"east":{"uv":[9.6,13.6,10.4,13.8],"texture":"#5"},"south":{"uv":[10.8,13.6,11.6,13.8],"texture":"#5"},"west":{"uv":[0,14,0.8,14.2],"texture":"#5"},"up":{"uv":[9.6,2,8.8,1.2],"texture":"#5"},"down":{"uv":[5.6,8.8,4.8,9.6],"texture":"#5"}}},{"from":[7.04289,3.69576,7.75],"to":[8.54289,4.19576,9.25],"rotation":{"angle":45,"axis":"y","origin":[7.29289,3.69576,8]},"faces":{"north":{"uv":[14.8,0,15.4,0.2],"texture":"#5"},"east":{"uv":[14.8,0.8,15.4,1],"texture":"#5"},"south":{"uv":[1.2,14.8,1.8,15],"texture":"#5"},"west":{"uv":[14.8,1.6,15.4,1.8],"texture":"#5"}}},{"from":[6.79289,4.19576,7.5],"to":[8.79289,4.69576,9.5],"rotation":{"angle":45,"axis":"y","origin":[7.29289,4.19576,8]},"faces":{"north":{"uv":[1.2,14,2,14.2],"texture":"#5"},"east":{"uv":[2.4,14,3.2,14.2],"texture":"#5"},"south":{"uv":[3.6,14,4.4,14.2],"texture":"#5"},"west":{"uv":[4.8,14,5.6,14.2],"texture":"#5"},"up":{"uv":[9.6,8,8.8,7.2],"texture":"#5"},"down":{"uv":[9.6,8.4,8.8,9.2],"texture":"#5"}}},{"from":[6.79289,10.44576,7.5],"to":[8.79289,10.94576,9.5],"rotation":{"angle":45,"axis":"y","origin":[7.29289,10.44576,8]},"faces":{"north":{"uv":[14,4.8,14.8,5],"texture":"#5"},"east":{"uv":[6,14,6.8,14.2],"texture":"#5"},"south":{"uv":[12,14,12.8,14.2],"texture":"#5"},"west":{"uv":[14,12,14.8,12.2],"texture":"#5"},"up":{"uv":[2,10,1.2,9.2],"texture":"#5"},"down":{"uv":[3.2,9.2,2.4,10],"texture":"#5"}}},{"from":[7.04289,10.94576,7.75],"to":[8.54289,11.44576,9.25],"rotation":{"angle":45,"axis":"y","origin":[7.29289,10.94576,8]},"faces":{"north":{"uv":[2.4,14.8,3,15],"texture":"#5"},"east":{"uv":[14.8,2.4,15.4,2.6],"texture":"#5"},"south":{"uv":[14.8,3.2,15.4,3.4],"texture":"#5"},"west":{"uv":[3.6,14.8,4.2,15],"texture":"#5"}}},{"from":[6.79289,11.44576,7.5],"to":[8.79289,11.94576,9.5],"rotation":{"angle":45,"axis":"y","origin":[7.29289,11.44576,8]},"faces":{"north":{"uv":[14,12.8,14.8,13],"texture":"#5"},"east":{"uv":[13.2,14,14,14.2],"texture":"#5"},"south":{"uv":[14.4,5.6,15.2,5.8],"texture":"#5"},"west":{"uv":[14.4,6.4,15.2,6.6],"texture":"#5"},"up":{"uv":[6.8,10,6,9.2],"texture":"#5"},"down":{"uv":[8,9.2,7.2,10],"texture":"#5"}}},{"from":[7.04289,0.19944,7.75],"to":[8.54289,3.19944,9.25],"rotation":{"angle":45,"axis":"y","origin":[7.29289,-3.05056,8]},"faces":{"north":{"uv":[6.4,0,7,1.2],"texture":"#5"},"east":{"uv":[1.2,6.4,1.8,7.6],"texture":"#5"},"south":{"uv":[6.4,1.6,7,2.8],"texture":"#5"},"west":{"uv":[4,6.8,4.6,8],"texture":"#5"}}},{"from":[7.995,-6.03845,8.20477],"to":[8.005,-1.28845,10.95477],"rotation":{"angle":0,"axis":"y","origin":[7.995,-4.41345,9.45477]},"faces":{"east":{"uv":[2.8,3.6,3.9,5.5],"texture":"#5"},"west":{"uv":[3.9,3.6,2.8,5.5],"texture":"#5"}}},{"from":[5.56079,-3.25,6.975],"to":[9.61079,-0.25,11.025],"rotation":{"angle":45,"axis":"y","origin":[6.58579,-1.25,8]},"faces":{"north":{"uv":[8,0,12,3],"texture":"#1"},"east":{"uv":[4,0,8,3],"texture":"#1"},"south":{"uv":[0,0,4,3],"texture":"#1"},"west":{"uv":[12,0,16,3],"texture":"#1"}}},{"from":[6.06079,-6.25,7.475],"to":[9.11079,-3.25,10.525],"rotation":{"angle":45,"axis":"y","origin":[6.58579,-4.25,8]},"faces":{"north":{"uv":[8,3,11,6],"texture":"#1"},"east":{"uv":[5,3,8,6],"texture":"#1"},"south":{"uv":[2,3,5,6],"texture":"#1"},"west":{"uv":[11,3,14,6],"texture":"#1"}}},{"name":"cube inverted","from":[9.08579,-3.25,10.5],"to":[6.08579,-6.25,7.5],"rotation":{"angle":45,"axis":"y","origin":[6.58579,-4.25,8]},"faces":{"north":{"uv":[2,6,5,3],"texture":"#1"},"east":{"uv":[11,6,14,3],"texture":"#1"},"south":{"uv":[8,6,11,3],"texture":"#1"},"west":{"uv":[5,6,8,3],"texture":"#1"}}},{"name":"cube inverted","from":[9.58579,-0.25,11],"to":[5.58579,-3.25,7],"rotation":{"angle":45,"axis":"y","origin":[6.58579,-1.25,8]},"faces":{"north":{"uv":[0,3,4,0],"texture":"#1"},"east":{"uv":[12,3,16,0],"texture":"#1"},"south":{"uv":[8,3,12,0],"texture":"#1"},"west":{"uv":[4,3,8,0],"texture":"#1"}}},{"from":[6.475,19.51691,-6.95045],"to":[9.525,23.56691,5.04955],"rotation":{"angle":-45,"axis":"x","origin":[8,18.04191,7.54955]},"faces":{"east":{"uv":[3,12,7,0],"rotation":90,"texture":"#2"},"west":{"uv":[10,12,14,0],"rotation":270,"texture":"#2"},"up":{"uv":[3,0,0,12],"rotation":180,"texture":"#2"},"down":{"uv":[10,0,7,12],"texture":"#2"}}},{"name":"cube inverted","from":[9.5,23.54191,5.04955],"to":[6.5,19.54191,-6.95045],"rotation":{"angle":-45,"axis":"x","origin":[8,18.04191,7.54955]},"faces":{"east":{"uv":[14,12,10,0],"rotation":270,"texture":"#2"},"west":{"uv":[7,12,3,0],"rotation":90,"texture":"#2"},"up":{"uv":[7,0,10,12],"texture":"#2"},"down":{"uv":[0,0,3,12],"rotation":180,"texture":"#2"}}}],"gui_light":"front","display":{"thirdperson_righthand":{"translation":[0,-1.5,0.75]},"thirdperson_lefthand":{"translation":[0,-1.5,0.75]},"firstperson_righthand":{"rotation":[-10,0,0],"translation":[3,-1.5,0.25]},"firstperson_lefthand":{"rotation":[-10,0,0],"translation":[3,-1.5,0.25]},"ground":{"rotation":[45,0,0],"translation":[0,5,0],"scale":[0.7,0.7,0.7]},"gui":{"rotation":[-90,135,90],"translation":[-1,-1,0],"scale":[0.75,0.75,0.75]},"head":{"rotation":[0,90,0]},"fixed":{"rotation":[0,-90,0],"translation":[0,0,-1],"scale":[2,2,2]}}}