{"format_version":"1.9.0","credit":"Pologony Creation Co.,Ltd.","textures":{"1":"plny_pyrosoulset:trident_spear","2":"plny_pyrosoulset:animated/fire_animated_3","particle":"plny_pyrosoulset:animated/fire_animated_3"},"elements":[{"from":[7.5,-7.25,7.5],"to":[8.5,-5.25,9.5],"rotation":{"angle":-45,"axis":"x","origin":[7.5,-6.75,8]},"faces":{"north":{"uv":[9.2,10.8,9.6,11.6],"texture":"#1"},"east":{"uv":[1.2,8.4,2,9.2],"texture":"#1"},"south":{"uv":[10,10.8,10.4,11.6],"texture":"#1"},"west":{"uv":[2.4,8.4,3.2,9.2],"texture":"#1"},"up":{"uv":[11.2,11.6,10.8,10.8],"texture":"#1"},"down":{"uv":[0.4,11.2,0,12],"texture":"#1"}}},{"from":[7.25,-7,7.75],"to":[8.75,-5.5,9.25],"rotation":{"angle":-45,"axis":"x","origin":[7.5,-6.75,8]},"faces":{"north":{"uv":[10.4,8.4,11,9],"texture":"#1"},"east":{"uv":[10.4,9.6,11,10.2],"texture":"#1"},"south":{"uv":[1.2,10.8,1.8,11.4],"texture":"#1"},"west":{"uv":[2.4,10.8,3,11.4],"texture":"#1"},"up":{"uv":[4.2,11.4,3.6,10.8],"texture":"#1"},"down":{"uv":[5.4,10.8,4.8,11.4],"texture":"#1"}}},{"from":[7.29289,1.625,7.92678],"to":[8.54289,2.875,9.17678],"rotation":{"angle":45,"axis":"y","origin":[7.29289,1.625,8.17678]},"faces":{"north":{"uv":[0.8,12,1.3,12.5],"texture":"#1"},"east":{"uv":[2,12,2.5,12.5],"texture":"#1"},"south":{"uv":[3.2,12,3.7,12.5],"texture":"#1"},"west":{"uv":[4.4,12,4.9,12.5],"texture":"#1"},"up":{"uv":[12.5,5.3,12,4.8],"texture":"#1"}}},{"from":[7.29289,2.875,8],"to":[8.29289,9.125,9],"rotation":{"angle":45,"axis":"y","origin":[7.29289,2.875,8]},"faces":{"north":{"uv":[6.4,5.6,6.8,8.1],"texture":"#1"},"east":{"uv":[7.2,0,7.6,2.5],"texture":"#1"},"south":{"uv":[7.2,3.2,7.6,5.7],"texture":"#1"},"west":{"uv":[7.2,6.4,7.6,8.9],"texture":"#1"}}},{"from":[7.04289,11.875,7.75],"to":[8.54289,14.875,9.25],"rotation":{"angle":45,"axis":"y","origin":[7.29289,8.625,8]},"faces":{"north":{"uv":[8,4,8.6,5.2],"texture":"#1"},"east":{"uv":[8,5.6,8.6,6.8],"texture":"#1"},"south":{"uv":[8,7.2,8.6,8.4],"texture":"#1"},"west":{"uv":[0,8.4,0.6,9.6],"texture":"#1"}}},{"from":[7.04289,-3.875,7.75],"to":[8.54289,0.125,9.25],"rotation":{"angle":45,"axis":"y","origin":[7.29289,-6.125,8]},"faces":{"north":{"uv":[3.6,7.6,4.2,9.2],"texture":"#1"},"east":{"uv":[4.8,7.6,5.4,9.2],"texture":"#1"},"south":{"uv":[8,0,8.6,1.6],"texture":"#1"},"west":{"uv":[8,2,8.6,3.6],"texture":"#1"}}},{"from":[7.29289,9.125,7.92678],"to":[8.54289,10.375,9.17678],"rotation":{"angle":45,"axis":"y","origin":[7.29289,9.125,8.17678]},"faces":{"north":{"uv":[5.6,12,6.1,12.5],"texture":"#1"},"east":{"uv":[12,6,12.5,6.5],"texture":"#1"},"south":{"uv":[6.8,12,7.3,12.5],"texture":"#1"},"west":{"uv":[9.2,12,9.7,12.5],"texture":"#1"},"down":{"uv":[10.9,12,10.4,12.5],"texture":"#1"}}},{"from":[7.04289,14.87132,7.67678],"to":[8.79289,18.87132,9.42678],"rotation":{"angle":45,"axis":"y","origin":[7.29289,14.87132,8.17678]},"faces":{"north":{"uv":[4.8,1.6,5.5,3.2],"texture":"#1"},"east":{"uv":[5.6,3.6,6.3,5.2],"texture":"#1"},"south":{"uv":[4,5.6,4.7,7.2],"texture":"#1"},"west":{"uv":[5.2,5.6,5.9,7.2],"texture":"#1"},"down":{"uv":[11.1,7.2,10.4,7.9],"texture":"#1"}}},{"from":[6.79289,19.87132,7.5],"to":[8.79289,20.37132,9.5],"rotation":{"angle":45,"axis":"y","origin":[7.29289,19.87132,8]},"faces":{"north":{"uv":[1.6,13.2,2.4,13.4],"texture":"#1"},"east":{"uv":[2.8,13.2,3.6,13.4],"texture":"#1"},"south":{"uv":[4,13.2,4.8,13.4],"texture":"#1"},"west":{"uv":[13.2,4.8,14,5],"texture":"#1"},"up":{"uv":[6.8,9.6,6,8.8],"texture":"#1"},"down":{"uv":[8.8,8.8,8,9.6],"texture":"#1"}}},{"from":[7.04289,19.37132,7.75],"to":[8.54289,19.87132,9.25],"rotation":{"angle":45,"axis":"y","origin":[7.29289,19.37132,8]},"faces":{"north":{"uv":[7.6,14.4,8.2,14.6],"texture":"#1"},"east":{"uv":[11.2,14.4,11.8,14.6],"texture":"#1"},"south":{"uv":[12.4,14.4,13,14.6],"texture":"#1"},"west":{"uv":[13.6,14.4,14.2,14.6],"texture":"#1"}}},{"from":[6.79289,18.87132,7.5],"to":[8.79289,19.37132,9.5],"rotation":{"angle":45,"axis":"y","origin":[7.29289,18.87132,8]},"faces":{"north":{"uv":[5.2,13.2,6,13.4],"texture":"#1"},"east":{"uv":[13.2,5.6,14,5.8],"texture":"#1"},"south":{"uv":[6.4,13.2,7.2,13.4],"texture":"#1"},"west":{"uv":[13.2,6.4,14,6.6],"texture":"#1"},"up":{"uv":[10,0.8,9.2,0],"texture":"#1"},"down":{"uv":[10,1.2,9.2,2],"texture":"#1"}}},{"from":[7.0035,19.75707,5.53492],"to":[8.9965,20.68207,7.53492],"rotation":{"angle":-22.5,"axis":"x","origin":[7.0035,19.68207,5.53492]},"faces":{"north":{"uv":[6,11.2,6.8,11.6],"texture":"#1"},"east":{"uv":[7.2,11.2,8,11.6],"texture":"#1"},"west":{"uv":[11.6,0,12.4,0.4],"texture":"#1"},"up":{"uv":[10,3.2,9.2,2.4],"texture":"#1"},"down":{"uv":[10,3.6,9.2,4.4],"texture":"#1"}}},{"from":[7,20.37132,7],"to":[9,21.37132,9],"rotation":{"angle":0,"axis":"y","origin":[8,20.87132,8]},"faces":{"north":{"uv":[11.6,0.8,12.4,1.2],"texture":"#1"},"east":{"uv":[11.6,1.6,12.4,2],"texture":"#1"},"south":{"uv":[11.6,2.4,12.4,2.8],"texture":"#1"},"west":{"uv":[11.6,3.2,12.4,3.6],"texture":"#1"},"up":{"uv":[10,5.6,9.2,4.8],"texture":"#1"},"down":{"uv":[10,6,9.2,6.8],"texture":"#1"}}},{"from":[7.0035,20.68207,5.53492],"to":[8.9965,21.68207,6.03492],"rotation":{"angle":-22.5,"axis":"x","origin":[7.0035,19.68207,5.53492]},"faces":{"north":{"uv":[11.6,4,12.4,4.4],"texture":"#1"},"east":{"uv":[14.8,10,15,10.4],"texture":"#1"},"south":{"uv":[11.6,7.2,12.4,7.6],"texture":"#1"},"west":{"uv":[10.4,14.8,10.6,15.2],"texture":"#1"},"up":{"uv":[10,13.4,9.2,13.2],"texture":"#1"}}},{"from":[6.79289,20.87132,7.5],"to":[8.79289,21.87132,9.5],"rotation":{"angle":45,"axis":"y","origin":[7.29289,19.87132,8]},"faces":{"north":{"uv":[11.6,8,12.4,8.4],"texture":"#1"},"east":{"uv":[11.6,8.8,12.4,9.2],"texture":"#1"},"south":{"uv":[11.6,9.6,12.4,10],"texture":"#1"},"west":{"uv":[11.6,10.4,12.4,10.8],"texture":"#1"},"up":{"uv":[10,8,9.2,7.2],"texture":"#1"},"down":{"uv":[10,8.4,9.2,9.2],"texture":"#1"}}},{"from":[7.0035,21.18207,6.03492],"to":[8.9965,21.68207,6.53492],"rotation":{"angle":-22.5,"axis":"x","origin":[7.0035,19.68207,5.53492]},"faces":{"east":{"uv":[14.8,14.4,15,14.6],"texture":"#1"},"south":{"uv":[10.4,13.2,11.2,13.4],"texture":"#1"},"west":{"uv":[0,15.2,0.2,15.4],"texture":"#1"},"up":{"uv":[14.4,0.2,13.6,0],"texture":"#1"},"down":{"uv":[14.4,0.8,13.6,1],"texture":"#1"}}},{"from":[7.75,20.70711,8],"to":[8.25,23.45711,10.75],"rotation":{"angle":-45,"axis":"x","origin":[7.75,20.70711,8]},"faces":{"north":{"uv":[0,12.4,0.2,13.5],"texture":"#1"},"east":{"uv":[4,4,5.1,5.1],"texture":"#1"},"south":{"uv":[12.8,0,13,1.1],"texture":"#1"},"west":{"uv":[4.8,0,5.9,1.1],"texture":"#1"},"up":{"uv":[13,2.7,12.8,1.6],"texture":"#1"},"down":{"uv":[13,3.2,12.8,4.3],"texture":"#1"}}},{"from":[7.75,25.21418,8.75],"to":[8.25,26.45418,9.99],"rotation":{"angle":-45,"axis":"x","origin":[7.75,24.46418,8]},"faces":{"north":{"uv":[6.8,14.8,7,15.3],"texture":"#1"},"east":{"uv":[12.4,11.2,12.9,11.7],"texture":"#1"},"south":{"uv":[8.8,14.8,9,15.3],"texture":"#1"},"west":{"uv":[12.4,12.4,12.9,12.9],"texture":"#1"},"up":{"uv":[15,9.3,14.8,8.8],"texture":"#1"},"down":{"uv":[9.8,14.8,9.6,15.3],"texture":"#1"}}},{"from":[7.7535,22.65165,7.125],"to":[8.2465,26.40165,8.875],"rotation":{"angle":0,"axis":"y","origin":[8.0035,23.02665,8]},"faces":{"north":{"uv":[8.4,11.6,8.6,13.1],"texture":"#1"},"east":{"uv":[6,1.6,6.7,3.1],"texture":"#1"},"south":{"uv":[11.6,11.2,11.8,12.7],"texture":"#1"},"west":{"uv":[2.4,6.4,3.1,7.9],"texture":"#1"}}},{"from":[7.995,-10.11289,5.04523],"to":[8.005,-5.36289,7.79523],"rotation":{"angle":0,"axis":"y","origin":[7.995,-8.48789,6.54523]},"faces":{"east":{"uv":[3.5,4,2.4,5.9],"texture":"#1"},"west":{"uv":[2.4,4,3.5,5.9],"texture":"#1"}}},{"from":[7.995,-10.11289,8.20477],"to":[8.005,-5.36289,10.95477],"rotation":{"angle":0,"axis":"y","origin":[7.995,-8.48789,9.45477]},"faces":{"east":{"uv":[2.4,4,3.5,5.9],"texture":"#1"},"west":{"uv":[3.5,4,2.4,5.9],"texture":"#1"}}},{"from":[6.79289,-4.37868,7.5],"to":[8.79289,-3.87868,9.5],"rotation":{"angle":45,"axis":"y","origin":[7.29289,-4.37868,8]},"faces":{"north":{"uv":[13.6,1.6,14.4,1.8],"texture":"#1"},"east":{"uv":[13.6,2.4,14.4,2.6],"texture":"#1"},"south":{"uv":[13.6,3.2,14.4,3.4],"texture":"#1"},"west":{"uv":[13.6,4,14.4,4.2],"texture":"#1"},"up":{"uv":[2,10.4,1.2,9.6],"texture":"#1"},"down":{"uv":[3.2,9.6,2.4,10.4],"texture":"#1"}}},{"from":[7.04289,-4.87868,7.75],"to":[8.54289,-4.37868,9.25],"rotation":{"angle":45,"axis":"y","origin":[7.29289,-4.87868,8]},"faces":{"north":{"uv":[14.8,0,15.4,0.2],"texture":"#1"},"east":{"uv":[14.8,0.8,15.4,1],"texture":"#1"},"south":{"uv":[1.2,14.8,1.8,15],"texture":"#1"},"west":{"uv":[14.8,1.6,15.4,1.8],"texture":"#1"}}},{"from":[6.79289,-5.37868,7.5],"to":[8.79289,-4.87868,9.5],"rotation":{"angle":45,"axis":"y","origin":[7.29289,-5.37868,8]},"faces":{"north":{"uv":[13.6,7.2,14.4,7.4],"texture":"#1"},"east":{"uv":[7.6,13.6,8.4,13.8],"texture":"#1"},"south":{"uv":[13.6,8,14.4,8.2],"texture":"#1"},"west":{"uv":[13.6,8.8,14.4,9],"texture":"#1"},"up":{"uv":[4.4,10.4,3.6,9.6],"texture":"#1"},"down":{"uv":[5.6,9.6,4.8,10.4],"texture":"#1"}}},{"from":[6.79289,1.12132,7.5],"to":[8.79289,1.62132,9.5],"rotation":{"angle":45,"axis":"y","origin":[7.29289,1.12132,8]},"faces":{"north":{"uv":[13.6,12,14.4,12.2],"texture":"#1"},"east":{"uv":[12.8,13.6,13.6,13.8],"texture":"#1"},"south":{"uv":[13.6,12.8,14.4,13],"texture":"#1"},"west":{"uv":[1.6,14,2.4,14.2],"texture":"#1"},"up":{"uv":[6.8,10.8,6,10],"texture":"#1"},"down":{"uv":[8,10,7.2,10.8],"texture":"#1"}}},{"from":[7.04289,0.62132,7.75],"to":[8.54289,1.12132,9.25],"rotation":{"angle":45,"axis":"y","origin":[7.29289,0.62132,8]},"faces":{"north":{"uv":[14.8,2.4,15.4,2.6],"texture":"#1"},"east":{"uv":[3.2,14.8,3.8,15],"texture":"#1"},"south":{"uv":[14.8,3.2,15.4,3.4],"texture":"#1"},"west":{"uv":[14.8,4,15.4,4.2],"texture":"#1"}}},{"from":[6.79289,0.12132,7.5],"to":[8.79289,0.62132,9.5],"rotation":{"angle":45,"axis":"y","origin":[7.29289,0.12132,8]},"faces":{"north":{"uv":[13.6,9.6,14.4,9.8],"texture":"#1"},"east":{"uv":[13.6,10.4,14.4,10.6],"texture":"#1"},"south":{"uv":[13.6,11.2,14.4,11.4],"texture":"#1"},"west":{"uv":[11.6,13.6,12.4,13.8],"texture":"#1"},"up":{"uv":[10,10.4,9.2,9.6],"texture":"#1"},"down":{"uv":[0.8,10,0,10.8],"texture":"#1"}}},{"from":[6.79289,11.37132,7.5],"to":[8.79289,11.87132,9.5],"rotation":{"angle":45,"axis":"y","origin":[7.29289,11.37132,8]},"faces":{"north":{"uv":[8.8,14,9.6,14.2],"texture":"#1"},"east":{"uv":[10,14,10.8,14.2],"texture":"#1"},"south":{"uv":[14,13.6,14.8,13.8],"texture":"#1"},"west":{"uv":[0,14.4,0.8,14.6],"texture":"#1"},"up":{"uv":[11.2,3.2,10.4,2.4],"texture":"#1"},"down":{"uv":[11.2,3.6,10.4,4.4],"texture":"#1"}}},{"from":[7.04289,10.87132,7.75],"to":[8.54289,11.37132,9.25],"rotation":{"angle":45,"axis":"y","origin":[7.29289,10.87132,8]},"faces":{"north":{"uv":[4.4,14.8,5,15],"texture":"#1"},"east":{"uv":[5.6,14.8,6.2,15],"texture":"#1"},"south":{"uv":[14.8,7.2,15.4,7.4],"texture":"#1"},"west":{"uv":[14.8,8,15.4,8.2],"texture":"#1"}}},{"from":[6.79289,10.37132,7.5],"to":[8.79289,10.87132,9.5],"rotation":{"angle":45,"axis":"y","origin":[7.29289,10.37132,8]},"faces":{"north":{"uv":[2.8,14,3.6,14.2],"texture":"#1"},"east":{"uv":[4,14,4.8,14.2],"texture":"#1"},"south":{"uv":[5.2,14,6,14.2],"texture":"#1"},"west":{"uv":[6.4,14,7.2,14.2],"texture":"#1"},"up":{"uv":[11.2,0.8,10.4,0],"texture":"#1"},"down":{"uv":[11.2,1.2,10.4,2],"texture":"#1"}}},{"from":[7.5035,22.68207,5.03492],"to":[8.4965,23.18207,5.53492],"rotation":{"angle":-22.5,"axis":"x","origin":[7.0035,19.68207,5.53492]},"faces":{"east":{"uv":[15.2,4.8,15.4,5],"texture":"#1"},"south":{"uv":[14.8,10.8,15.2,11],"texture":"#1"},"west":{"uv":[15.2,5.6,15.4,5.8],"texture":"#1"},"up":{"uv":[15.2,11.8,14.8,11.6],"texture":"#1"},"down":{"uv":[15.2,12.4,14.8,12.6],"texture":"#1"}}},{"from":[7.5035,21.93207,4.28492],"to":[8.4965,23.18207,5.03492],"rotation":{"angle":-22.5,"axis":"x","origin":[7.0035,19.68207,5.53492]},"faces":{"north":{"uv":[12.8,7.2,13.2,7.7],"texture":"#1"},"east":{"uv":[14.4,4.8,14.7,5.3],"texture":"#1"},"south":{"uv":[12.8,8.4,13.2,8.9],"texture":"#1"},"west":{"uv":[14.4,6,14.7,6.5],"texture":"#1"},"up":{"uv":[2.8,15.1,2.4,14.8],"texture":"#1"}}},{"from":[7.5035,20.68207,4.28492],"to":[8.4965,21.93207,6.78492],"rotation":{"angle":-22.5,"axis":"x","origin":[7.0035,19.68207,5.53492]},"faces":{"north":{"uv":[12.8,9.6,13.2,10.1],"texture":"#1"},"east":{"uv":[10.4,4.8,11.4,5.3],"texture":"#1"},"south":{"uv":[0.8,13.2,1.2,13.7],"texture":"#1"},"west":{"uv":[10.4,6,11.4,6.5],"texture":"#1"},"up":{"uv":[6.8,1,6.4,0],"texture":"#1"},"down":{"uv":[8.8,10,8.4,11],"texture":"#1"}}},{"from":[7.0035,19.75707,8.46508],"to":[8.9965,20.68207,10.46508],"rotation":{"angle":22.5,"axis":"x","origin":[7.0035,19.68207,10.46508]},"faces":{"east":{"uv":[8,11.2,7.2,11.6],"texture":"#1"},"south":{"uv":[6.8,11.2,6,11.6],"texture":"#1"},"west":{"uv":[12.4,0,11.6,0.4],"texture":"#1"},"up":{"uv":[10,2.4,9.2,3.2],"texture":"#1"},"down":{"uv":[10,4.4,9.2,3.6],"texture":"#1"}}},{"from":[7.0035,20.68207,9.96508],"to":[8.9965,21.68207,10.46508],"rotation":{"angle":22.5,"axis":"x","origin":[7.0035,19.68207,10.46508]},"faces":{"north":{"uv":[12.4,7.2,11.6,7.6],"texture":"#1"},"east":{"uv":[15,10,14.8,10.4],"texture":"#1"},"south":{"uv":[12.4,4,11.6,4.4],"texture":"#1"},"west":{"uv":[10.6,14.8,10.4,15.2],"texture":"#1"},"up":{"uv":[10,13.2,9.2,13.4],"texture":"#1"}}},{"from":[7.0035,21.18207,9.46508],"to":[8.9965,21.68207,9.96508],"rotation":{"angle":22.5,"axis":"x","origin":[7.0035,19.68207,10.46508]},"faces":{"north":{"uv":[11.2,13.2,10.4,13.4],"texture":"#1"},"east":{"uv":[15,14.4,14.8,14.6],"texture":"#1"},"west":{"uv":[0.2,15.2,0,15.4],"texture":"#1"},"up":{"uv":[14.4,0,13.6,0.2],"texture":"#1"},"down":{"uv":[14.4,1,13.6,0.8],"texture":"#1"}}},{"from":[7.5035,22.68207,10.46508],"to":[8.4965,23.18207,10.96508],"rotation":{"angle":22.5,"axis":"x","origin":[7.0035,19.68207,10.46508]},"faces":{"north":{"uv":[15.2,10.8,14.8,11],"texture":"#1"},"east":{"uv":[15.4,4.8,15.2,5],"texture":"#1"},"west":{"uv":[15.4,5.6,15.2,5.8],"texture":"#1"},"up":{"uv":[15.2,11.6,14.8,11.8],"texture":"#1"},"down":{"uv":[15.2,12.6,14.8,12.4],"texture":"#1"}}},{"from":[7.5035,21.93207,10.96508],"to":[8.4965,23.18207,11.71508],"rotation":{"angle":22.5,"axis":"x","origin":[7.0035,19.68207,10.46508]},"faces":{"north":{"uv":[13.2,8.4,12.8,8.9],"texture":"#1"},"east":{"uv":[14.7,4.8,14.4,5.3],"texture":"#1"},"south":{"uv":[13.2,7.2,12.8,7.7],"texture":"#1"},"west":{"uv":[14.7,6,14.4,6.5],"texture":"#1"},"up":{"uv":[2.8,14.8,2.4,15.1],"texture":"#1"}}},{"from":[7.5035,20.68207,9.21508],"to":[8.4965,21.93207,11.71508],"rotation":{"angle":22.5,"axis":"x","origin":[7.0035,19.68207,10.46508]},"faces":{"north":{"uv":[1.2,13.2,0.8,13.7],"texture":"#1"},"east":{"uv":[11.4,4.8,10.4,5.3],"texture":"#1"},"south":{"uv":[13.2,9.6,12.8,10.1],"texture":"#1"},"west":{"uv":[11.4,6,10.4,6.5],"texture":"#1"},"up":{"uv":[6.8,0,6.4,1],"texture":"#1"},"down":{"uv":[8.8,11,8.4,10],"texture":"#1"}}},{"from":[7.995,22,5.625],"to":[8.005,31,10.375],"rotation":{"angle":0,"axis":"y","origin":[-0.005,19,4.875]},"faces":{"east":{"uv":[4.3,0,2.4,3.6],"texture":"#1"},"west":{"uv":[4.3,0,2.4,3.6],"texture":"#1"}}},{"from":[5.56079,-7.4,6.975],"to":[9.61079,-4.4,11.025],"rotation":{"angle":45,"axis":"y","origin":[6.58579,0,8]},"faces":{"north":{"uv":[8,0,12,3],"texture":"#2"},"east":{"uv":[4,0,8,3],"texture":"#2"},"south":{"uv":[0,0,4,3],"texture":"#2"},"west":{"uv":[12,0,16,3],"texture":"#2"}}},{"from":[6.06079,-10.4,7.475],"to":[9.11079,-7.4,10.525],"rotation":{"angle":45,"axis":"y","origin":[6.58579,-3,8]},"faces":{"north":{"uv":[8,3,11,6],"texture":"#2"},"east":{"uv":[5,3,8,6],"texture":"#2"},"south":{"uv":[2,3,5,6],"texture":"#2"},"west":{"uv":[11,3,14,6],"texture":"#2"}}},{"name":"cube inverted","from":[9.08579,-7.4,10.5],"to":[6.08579,-10.4,7.5],"rotation":{"angle":45,"axis":"y","origin":[6.58579,-3,8]},"faces":{"north":{"uv":[2,6,5,3],"texture":"#2"},"east":{"uv":[11,6,14,3],"texture":"#2"},"south":{"uv":[8,6,11,3],"texture":"#2"},"west":{"uv":[5,6,8,3],"texture":"#2"}}},{"name":"cube inverted","from":[9.58579,-4.4,11],"to":[5.58579,-7.4,7],"rotation":{"angle":45,"axis":"y","origin":[6.58579,0,8]},"faces":{"north":{"uv":[0,3,4,0],"texture":"#2"},"east":{"uv":[12,3,16,0],"texture":"#2"},"south":{"uv":[8,3,12,0],"texture":"#2"},"west":{"uv":[4,3,8,0],"texture":"#2"}}},{"from":[5.56079,13.15,6.975],"to":[9.61079,16.15,11.025],"rotation":{"angle":45,"axis":"y","origin":[6.58579,8,8]},"faces":{"north":{"uv":[8,3,12,0],"texture":"#2"},"east":{"uv":[4,3,8,0],"texture":"#2"},"south":{"uv":[0,3,4,0],"texture":"#2"},"west":{"uv":[12,3,16,0],"texture":"#2"}}},{"from":[6.06079,16.15,7.475],"to":[9.11079,19.15,10.525],"rotation":{"angle":45,"axis":"y","origin":[6.58579,11,8]},"faces":{"north":{"uv":[8,6,11,3],"texture":"#2"},"east":{"uv":[5,6,8,3],"texture":"#2"},"south":{"uv":[2,6,5,3],"texture":"#2"},"west":{"uv":[11,6,14,3],"texture":"#2"}}},{"name":"cube inverted","from":[9.08579,19.15,10.5],"to":[6.08579,16.15,7.5],"rotation":{"angle":45,"axis":"y","origin":[6.58579,11,8]},"faces":{"north":{"uv":[2,3,5,6],"texture":"#2"},"east":{"uv":[11,3,14,6],"texture":"#2"},"south":{"uv":[8,3,11,6],"texture":"#2"},"west":{"uv":[5,3,8,6],"texture":"#2"}}},{"name":"cube inverted","from":[9.58579,16.15,11],"to":[5.58579,13.15,7],"rotation":{"angle":45,"axis":"y","origin":[6.58579,8,8]},"faces":{"north":{"uv":[0,0,4,3],"texture":"#2"},"east":{"uv":[12,0,16,3],"texture":"#2"},"south":{"uv":[8,0,12,3],"texture":"#2"},"west":{"uv":[4,0,8,3],"texture":"#2"}}},{"from":[5.975,23.65,5.975],"to":[10.025,26.65,10.025],"rotation":{"angle":45,"axis":"y","origin":[8,26.65,8]},"faces":{"north":{"uv":[4,3,8,0],"texture":"#2"},"east":{"uv":[0,3,4,0],"texture":"#2"},"south":{"uv":[12,3,16,0],"texture":"#2"},"west":{"uv":[8,3,12,0],"texture":"#2"}}},{"from":[6.475,26.65,6.475],"to":[9.525,29.65,9.525],"rotation":{"angle":45,"axis":"y","origin":[8,26.65,8]},"faces":{"north":{"uv":[5,6,8,3],"texture":"#2"},"east":{"uv":[2,6,5,3],"texture":"#2"},"south":{"uv":[11,6,14,3],"texture":"#2"},"west":{"uv":[8,6,11,3],"texture":"#2"}}},{"name":"cube inverted","from":[9.5,29.65,9.5],"to":[6.5,26.65,6.5],"rotation":{"angle":45,"axis":"y","origin":[8,26.65,8]},"faces":{"north":{"uv":[11,3,14,6],"texture":"#2"},"east":{"uv":[8,3,11,6],"texture":"#2"},"south":{"uv":[5,3,8,6],"texture":"#2"},"west":{"uv":[2,3,5,6],"texture":"#2"}}},{"name":"cube inverted","from":[10,26.65,10],"to":[6,23.65,6],"rotation":{"angle":45,"axis":"y","origin":[8,26.65,8]},"faces":{"north":{"uv":[12,0,16,3],"texture":"#2"},"east":{"uv":[8,0,12,3],"texture":"#2"},"south":{"uv":[4,0,8,3],"texture":"#2"},"west":{"uv":[0,0,4,3],"texture":"#2"}}}],"gui_light":"front","display":{"thirdperson_righthand":{"translation":[0,0,0.75]},"thirdperson_lefthand":{"translation":[0,0,0.75]},"firstperson_righthand":{"rotation":[-10,0,0],"translation":[3,-2.5,0],"scale":[0.8,0.8,0.8]},"firstperson_lefthand":{"rotation":[-10,0,0],"translation":[3,-2.5,0],"scale":[0.8,0.8,0.8]},"ground":{"rotation":[45,0,0],"translation":[0,5,0],"scale":[0.7,0.7,0.7]},"gui":{"rotation":[-90,135,90],"translation":[-1.25,-1.25,0],"scale":[0.63,0.63,0.63]},"head":{"rotation":[0,90,0]},"fixed":{"rotation":[0,-90,0],"translation":[0,0,-1],"scale":[2,2,2]}}}