{"format_version":"1.9.0","credit":"Pologony Creation Co.,Ltd.","texture_size":[36,36],"textures":{"1":"plny_pyrosoulset:wings","2":"plny_pyrosoulset:animated/fire_animated_9","particle":"plny_pyrosoulset:animated/fire_animated_9"},"elements":[{"from":[8.32322,10.125,7.85531],"to":[13.32322,11.625,8.85531],"rotation":{"angle":-22.5,"axis":"z","origin":[10.82322,10.875,8.35531]},"faces":{"north":{"uv":[8.4,8.4,10.4,9],"texture":"#1","tintindex":0},"east":{"uv":[10.8,4,11.2,4.6],"texture":"#1","tintindex":0},"south":{"uv":[9.6,0,11.6,0.6],"texture":"#1","tintindex":0},"west":{"uv":[10.8,5.2,11.2,5.8],"texture":"#1","tintindex":0},"up":{"uv":[11.6,1.6,9.6,1.2],"texture":"#1","tintindex":0},"down":{"uv":[11.6,2,9.6,2.4],"texture":"#1","tintindex":0}}},{"from":[11.82322,8.125,7.85531],"to":[13.32322,10.125,8.85531],"rotation":{"angle":-22.5,"axis":"z","origin":[10.82322,10.875,8.35531]},"faces":{"north":{"uv":[9.6,5.2,10.2,6],"texture":"#1","tintindex":0},"east":{"uv":[10,9.6,10.4,10.4],"texture":"#1","tintindex":0},"south":{"uv":[9.6,6.4,10.2,7.2],"texture":"#1","tintindex":0},"west":{"uv":[10.8,2.8,11.2,3.6],"texture":"#1","tintindex":0},"down":{"uv":[11.4,6.4,10.8,6.8],"texture":"#1","tintindex":0}}},{"from":[10.82322,8.125,7.85531],"to":[11.82322,9.125,8.85531],"rotation":{"angle":-22.5,"axis":"z","origin":[10.82322,10.875,8.35531]},"faces":{"north":{"uv":[10.8,7.2,11.2,7.6],"texture":"#1","tintindex":0},"south":{"uv":[10.8,8,11.2,8.4],"texture":"#1","tintindex":0},"west":{"uv":[8.4,10.8,8.8,11.2],"texture":"#1","tintindex":0},"up":{"uv":[11.2,9.2,10.8,8.8],"texture":"#1","tintindex":0},"down":{"uv":[9.6,10.8,9.2,11.2],"texture":"#1","tintindex":0}}},{"from":[10.82322,9.125,7.85531],"to":[11.32322,9.625,8.85531],"rotation":{"angle":-22.5,"axis":"z","origin":[10.82322,10.875,8.35531]},"faces":{"north":{"uv":[11.6,8.8,11.8,9],"texture":"#1","tintindex":0},"east":{"uv":[11.6,3.6,12,3.8],"texture":"#1","tintindex":0},"south":{"uv":[9.2,11.6,9.4,11.8],"texture":"#1","tintindex":0},"west":{"uv":[11.6,4.4,12,4.6],"texture":"#1","tintindex":0},"up":{"uv":[11.8,5.6,11.6,5.2],"texture":"#1","tintindex":0}}},{"from":[8.32322,11.625,7.85531],"to":[9.82322,13.625,8.85531],"rotation":{"angle":-22.5,"axis":"z","origin":[10.82322,10.875,8.35531]},"faces":{"north":{"uv":[9.6,2.8,10.2,3.6],"texture":"#1","tintindex":0},"east":{"uv":[8.4,9.6,8.8,10.4],"texture":"#1","tintindex":0},"south":{"uv":[9.6,4,10.2,4.8],"texture":"#1","tintindex":0},"west":{"uv":[9.2,9.6,9.6,10.4],"texture":"#1","tintindex":0},"up":{"uv":[10.2,8,9.6,7.6],"texture":"#1","tintindex":0}}},{"from":[9.82322,12.625,7.85531],"to":[10.82322,13.625,8.85531],"rotation":{"angle":-22.5,"axis":"z","origin":[10.82322,10.875,8.35531]},"faces":{"north":{"uv":[10.8,9.6,11.2,10],"texture":"#1","tintindex":0},"east":{"uv":[10,10.8,10.4,11.2],"texture":"#1","tintindex":0},"south":{"uv":[10.8,10.4,11.2,10.8],"texture":"#1","tintindex":0},"up":{"uv":[11.2,11.6,10.8,11.2],"texture":"#1","tintindex":0},"down":{"uv":[12,2.8,11.6,3.2],"texture":"#1","tintindex":0}}},{"from":[10.32322,12.125,7.85531],"to":[10.82322,12.625,8.85531],"rotation":{"angle":-22.5,"axis":"z","origin":[10.82322,10.875,8.35531]},"faces":{"north":{"uv":[11.6,9.6,11.8,9.8],"texture":"#1","tintindex":0},"east":{"uv":[11.6,7.2,12,7.4],"texture":"#1","tintindex":0},"south":{"uv":[10,11.6,10.2,11.8],"texture":"#1","tintindex":0},"west":{"uv":[11.6,8,12,8.2],"texture":"#1","tintindex":0},"down":{"uv":[8.6,11.6,8.4,12],"texture":"#1","tintindex":0}}},{"from":[10,3.625,8.35531],"to":[17,23.625,8.36531],"rotation":{"angle":0,"axis":"y","origin":[19.71925,13.625,10.93641]},"faces":{"north":{"uv":[5.6,0,8.4,8],"texture":"#1","tintindex":0},"south":{"uv":[8.4,0,5.6,8],"texture":"#1","tintindex":0}}},{"from":[16.21925,3.625,9.5924],"to":[23.21925,23.625,9.6024],"rotation":{"angle":-22.5,"axis":"y","origin":[19.71925,13.625,10.93641]},"faces":{"north":{"uv":[2.8,0,5.6,8],"texture":"#1","tintindex":0},"south":{"uv":[5.6,0,2.8,8],"texture":"#1","tintindex":0}}},{"from":[22.43849,3.625,8.35531],"to":[29.43849,23.625,8.36531],"rotation":{"angle":-45,"axis":"y","origin":[19.71925,13.625,10.93641]},"faces":{"north":{"uv":[0,0,2.8,8],"texture":"#1","tintindex":0},"south":{"uv":[2.8,0,0,8],"texture":"#1","tintindex":0}}},{"from":[10.49658,-5.625,11.3519],"to":[16.49658,10.375,11.3619],"rotation":{"angle":-22.5,"axis":"y","origin":[18.82711,2.375,13.56487]},"faces":{"north":{"uv":[5.2,8.4,7.6,14.8],"texture":"#1","tintindex":0},"south":{"uv":[7.6,8.4,5.2,14.8],"texture":"#1","tintindex":0}}},{"from":[15.82711,-5.625,12.4122],"to":[21.82711,10.375,12.4222],"rotation":{"angle":-45,"axis":"y","origin":[18.82711,2.375,13.56487]},"faces":{"north":{"uv":[2.8,8.4,5.2,14.8],"texture":"#1","tintindex":0},"south":{"uv":[5.2,8.4,2.8,14.8],"texture":"#1","tintindex":0}}},{"from":[21.03009,-5.625,15.89541],"to":[21.04009,10.375,21.89541],"rotation":{"angle":22.5,"axis":"y","origin":[18.82711,2.375,13.56487]},"faces":{"east":{"uv":[0.4,8.4,2.8,14.8],"texture":"#1","tintindex":0},"west":{"uv":[2.8,8.4,0.4,14.8],"texture":"#1","tintindex":0}}},{"from":[8.75,4.375,7.60531],"to":[16.75,24.375,7.61531],"rotation":{"angle":0,"axis":"y","origin":[18.46925,14.375,10.18641]},"faces":{"north":{"uv":[6.66667,0,10.22222,8.88889],"texture":"#2","tintindex":0},"south":{"uv":[10.22222,0,6.66667,8.88889],"texture":"#2","tintindex":0}}},{"from":[15.96925,4.375,8.8424],"to":[23.96925,24.375,8.8524],"rotation":{"angle":-22.5,"axis":"y","origin":[19.46925,14.375,10.18641]},"faces":{"north":{"uv":[3.11111,0,6.66667,8.88889],"texture":"#2","tintindex":0},"south":{"uv":[6.66667,0,3.11111,8.88889],"texture":"#2","tintindex":0}}},{"from":[23.29913,4.375,7.53713],"to":[30.29913,24.375,7.54713],"rotation":{"angle":-45,"axis":"y","origin":[19.94226,14.375,10.11823]},"faces":{"north":{"uv":[0,0,3.11111,8.88889],"texture":"#2","tintindex":0},"south":{"uv":[3.11111,0,0,8.88889],"texture":"#2","tintindex":0}}},{"from":[9.99658,-5.625,10.3519],"to":[16.99658,10.375,10.3619],"rotation":{"angle":-22.5,"axis":"y","origin":[18.32711,2.375,12.56487]},"faces":{"north":{"uv":[5.77778,8.88889,8.88889,16],"texture":"#2","tintindex":0},"south":{"uv":[8.88889,8.88889,5.77778,16],"texture":"#2","tintindex":0}}},{"from":[16.25099,-5.625,11.79489],"to":[23.25099,10.375,11.80489],"rotation":{"angle":-45,"axis":"y","origin":[19.25099,2.375,12.94756]},"faces":{"north":{"uv":[2.66667,8.88889,5.77778,16],"texture":"#2","tintindex":0},"south":{"uv":[5.77778,8.88889,2.66667,16],"texture":"#2","tintindex":0}}},{"from":[22.16107,-5.625,15.9852],"to":[22.17107,10.375,21.9852],"rotation":{"angle":22.5,"axis":"y","origin":[19.95809,2.375,13.65466]},"faces":{"east":{"uv":[0,8.88889,2.66667,16],"texture":"#2","tintindex":0},"west":{"uv":[2.66667,8.88889,0,16],"texture":"#2","tintindex":0}}},{"from":[2.67678,10.125,7.85531],"to":[7.67678,11.625,8.85531],"rotation":{"angle":22.5,"axis":"z","origin":[5.17678,10.875,8.35531]},"faces":{"north":{"uv":[10.4,8.4,8.4,9],"texture":"#1","tintindex":0},"east":{"uv":[11.2,5.2,10.8,5.8],"texture":"#1","tintindex":0},"south":{"uv":[11.6,0,9.6,0.6],"texture":"#1","tintindex":0},"west":{"uv":[11.2,4,10.8,4.6],"texture":"#1","tintindex":0},"up":{"uv":[9.6,1.6,11.6,1.2],"texture":"#1","tintindex":0},"down":{"uv":[9.6,2,11.6,2.4],"texture":"#1","tintindex":0}}},{"from":[6.17678,11.625,7.85531],"to":[7.67678,13.625,8.85531],"rotation":{"angle":22.5,"axis":"z","origin":[5.17678,10.875,8.35531]},"faces":{"north":{"uv":[10.2,2.8,9.6,3.6],"texture":"#1","tintindex":0},"east":{"uv":[9.6,9.6,9.2,10.4],"texture":"#1","tintindex":0},"south":{"uv":[10.2,4,9.6,4.8],"texture":"#1","tintindex":0},"west":{"uv":[8.8,9.6,8.4,10.4],"texture":"#1","tintindex":0},"up":{"uv":[9.6,8,10.2,7.6],"texture":"#1","tintindex":0}}},{"from":[2.67678,8.125,7.85531],"to":[4.17678,10.125,8.85531],"rotation":{"angle":22.5,"axis":"z","origin":[5.17678,10.875,8.35531]},"faces":{"north":{"uv":[10.2,5.2,9.6,6],"texture":"#1","tintindex":0},"east":{"uv":[11.2,2.8,10.8,3.6],"texture":"#1","tintindex":0},"south":{"uv":[10.2,6.4,9.6,7.2],"texture":"#1","tintindex":0},"west":{"uv":[10.4,9.6,10,10.4],"texture":"#1","tintindex":0},"down":{"uv":[10.8,6.4,11.4,6.8],"texture":"#1","tintindex":0}}},{"from":[4.17678,8.125,7.85531],"to":[5.17678,9.125,8.85531],"rotation":{"angle":22.5,"axis":"z","origin":[5.17678,10.875,8.35531]},"faces":{"north":{"uv":[11.2,7.2,10.8,7.6],"texture":"#1","tintindex":0},"east":{"uv":[8.8,10.8,8.4,11.2],"texture":"#1","tintindex":0},"south":{"uv":[11.2,8,10.8,8.4],"texture":"#1","tintindex":0},"up":{"uv":[10.8,9.2,11.2,8.8],"texture":"#1","tintindex":0},"down":{"uv":[9.2,10.8,9.6,11.2],"texture":"#1","tintindex":0}}},{"from":[4.67678,9.125,7.85531],"to":[5.17678,9.625,8.85531],"rotation":{"angle":22.5,"axis":"z","origin":[5.17678,10.875,8.35531]},"faces":{"north":{"uv":[11.8,8.8,11.6,9],"texture":"#1","tintindex":0},"east":{"uv":[12,4.4,11.6,4.6],"texture":"#1","tintindex":0},"south":{"uv":[9.4,11.6,9.2,11.8],"texture":"#1","tintindex":0},"west":{"uv":[12,3.6,11.6,3.8],"texture":"#1","tintindex":0},"up":{"uv":[11.6,5.6,11.8,5.2],"texture":"#1","tintindex":0}}},{"from":[5.17678,12.625,7.85531],"to":[6.17678,13.625,8.85531],"rotation":{"angle":22.5,"axis":"z","origin":[5.17678,10.875,8.35531]},"faces":{"north":{"uv":[11.2,9.6,10.8,10],"texture":"#1","tintindex":0},"south":{"uv":[11.2,10.4,10.8,10.8],"texture":"#1","tintindex":0},"west":{"uv":[10.4,10.8,10,11.2],"texture":"#1","tintindex":0},"up":{"uv":[10.8,11.6,11.2,11.2],"texture":"#1","tintindex":0},"down":{"uv":[11.6,2.8,12,3.2],"texture":"#1","tintindex":0}}},{"from":[5.17678,12.125,7.85531],"to":[5.67678,12.625,8.85531],"rotation":{"angle":22.5,"axis":"z","origin":[5.17678,10.875,8.35531]},"faces":{"north":{"uv":[11.8,9.6,11.6,9.8],"texture":"#1","tintindex":0},"east":{"uv":[12,8,11.6,8.2],"texture":"#1","tintindex":0},"south":{"uv":[10.2,11.6,10,11.8],"texture":"#1","tintindex":0},"west":{"uv":[12,7.2,11.6,7.4],"texture":"#1","tintindex":0},"down":{"uv":[8.4,11.6,8.6,12],"texture":"#1","tintindex":0}}},{"from":[-1,3.625,8.35531],"to":[6,23.625,8.36531],"rotation":{"angle":0,"axis":"y","origin":[-3.71925,13.625,10.93641]},"faces":{"north":{"uv":[8.4,0,5.6,8],"texture":"#1","tintindex":0},"south":{"uv":[5.6,0,8.4,8],"texture":"#1","tintindex":0}}},{"from":[-7.21925,3.625,9.5924],"to":[-0.21925,23.625,9.6024],"rotation":{"angle":22.5,"axis":"y","origin":[-3.71925,13.625,10.93641]},"faces":{"north":{"uv":[5.6,0,2.8,8],"texture":"#1","tintindex":0},"south":{"uv":[2.8,0,5.6,8],"texture":"#1","tintindex":0}}},{"from":[-13.43849,3.625,8.35531],"to":[-6.43849,23.625,8.36531],"rotation":{"angle":45,"axis":"y","origin":[-3.71925,13.625,10.93641]},"faces":{"north":{"uv":[2.8,0,0,8],"texture":"#1","tintindex":0},"south":{"uv":[0,0,2.8,8],"texture":"#1","tintindex":0}}},{"from":[-0.49658,-5.625,11.3519],"to":[5.50342,10.375,11.3619],"rotation":{"angle":22.5,"axis":"y","origin":[-2.82711,2.375,13.56487]},"faces":{"north":{"uv":[7.6,8.4,5.2,14.8],"texture":"#1","tintindex":0},"south":{"uv":[5.2,8.4,7.6,14.8],"texture":"#1","tintindex":0}}},{"from":[-5.82711,-5.625,12.4122],"to":[0.17289,10.375,12.4222],"rotation":{"angle":45,"axis":"y","origin":[-2.82711,2.375,13.56487]},"faces":{"north":{"uv":[5.2,8.4,2.8,14.8],"texture":"#1","tintindex":0},"south":{"uv":[2.8,8.4,5.2,14.8],"texture":"#1","tintindex":0}}},{"from":[-5.04009,-5.625,15.89541],"to":[-5.03009,10.375,21.89541],"rotation":{"angle":-22.5,"axis":"y","origin":[-2.82711,2.375,13.56487]},"faces":{"east":{"uv":[0.4,8.4,2.8,14.8],"texture":"#1","tintindex":0},"west":{"uv":[2.8,8.4,0.4,14.8],"texture":"#1","tintindex":0}}},{"from":[-14.29913,4.375,7.53713],"to":[-7.29913,24.375,7.54713],"rotation":{"angle":45,"axis":"y","origin":[-3.94226,14.375,10.11823]},"faces":{"north":{"uv":[3.11111,0,0,8.88889],"texture":"#2","tintindex":0},"south":{"uv":[0,0,3.11111,8.88889],"texture":"#2","tintindex":0}}},{"from":[-7.96925,4.375,8.8424],"to":[0.03075,24.375,8.8524],"rotation":{"angle":22.5,"axis":"y","origin":[-3.46925,14.375,10.18641]},"faces":{"north":{"uv":[6.66667,0,3.11111,8.88889],"texture":"#2","tintindex":0},"south":{"uv":[3.11111,0,6.66667,8.88889],"texture":"#2","tintindex":0}}},{"from":[-0.75,4.375,7.60531],"to":[7.25,24.375,7.61531],"rotation":{"angle":0,"axis":"y","origin":[-2.46925,14.375,10.18641]},"faces":{"north":{"uv":[10.22222,0,6.66667,8.88889],"texture":"#2","tintindex":0},"south":{"uv":[6.66667,0,10.22222,8.88889],"texture":"#2","tintindex":0}}},{"from":[-6.17107,-5.625,15.9852],"to":[-6.16107,10.375,21.9852],"rotation":{"angle":-22.5,"axis":"y","origin":[-3.95809,2.375,13.65466]},"faces":{"east":{"uv":[0,8.88889,2.66667,16],"texture":"#2","tintindex":0},"west":{"uv":[2.66667,8.88889,0,16],"texture":"#2","tintindex":0}}},{"from":[-7.25099,-5.625,11.79489],"to":[-0.25099,10.375,11.80489],"rotation":{"angle":45,"axis":"y","origin":[-3.25099,2.375,12.94756]},"faces":{"north":{"uv":[5.77778,8.88889,2.66667,16],"texture":"#2","tintindex":0},"south":{"uv":[2.66667,8.88889,5.77778,16],"texture":"#2","tintindex":0}}},{"from":[-0.99658,-5.625,10.3519],"to":[6.00342,10.375,10.3619],"rotation":{"angle":22.5,"axis":"y","origin":[-2.32711,2.375,12.56487]},"faces":{"north":{"uv":[8.88889,8.88889,5.77778,16],"texture":"#2","tintindex":0},"south":{"uv":[5.77778,8.88889,8.88889,16],"texture":"#2","tintindex":0}}},{"from":[-6.6304,4.375,18.98572],"to":[-6.6204,24.375,25.98572],"rotation":{"angle":-22.5,"axis":"y","origin":[-3.68119,14.375,15.62775]},"faces":{"east":{"uv":[0,0,3.11111,8.88889],"texture":"#2","tintindex":0},"west":{"uv":[3.11111,0,0,8.88889],"texture":"#2","tintindex":0}}},{"from":[-7.91216,4.375,14.18807],"to":[0.08784,24.375,14.19807],"rotation":{"angle":45,"axis":"y","origin":[-3.68119,14.375,15.62775]},"faces":{"north":{"uv":[6.66667,0,3.11111,8.88889],"texture":"#2","tintindex":0},"south":{"uv":[3.11111,0,6.66667,8.88889],"texture":"#2","tintindex":0}}},{"from":[-0.75,4.375,12.85531],"to":[7.25,24.375,12.86531],"rotation":{"angle":22.5,"axis":"y","origin":[-3.68119,14.375,15.62775]},"faces":{"north":{"uv":[10.22222,0,6.66667,8.88889],"texture":"#2","tintindex":0},"south":{"uv":[6.66667,0,10.22222,8.88889],"texture":"#2","tintindex":0}}},{"from":[22.6204,4.375,18.98572],"to":[22.6304,24.375,25.98572],"rotation":{"angle":22.5,"axis":"y","origin":[19.68119,14.375,15.62775]},"faces":{"east":{"uv":[0,0,3.11111,8.88889],"texture":"#2","tintindex":0},"west":{"uv":[3.11111,0,0,8.88889],"texture":"#2","tintindex":0}}},{"from":[15.91216,4.375,14.18807],"to":[23.91216,24.375,14.19807],"rotation":{"angle":-45,"axis":"y","origin":[19.68119,14.375,15.62775]},"faces":{"north":{"uv":[3.11111,0,6.66667,8.88889],"texture":"#2","tintindex":0},"south":{"uv":[6.66667,0,3.11111,8.88889],"texture":"#2","tintindex":0}}},{"from":[8.75,4.375,12.85531],"to":[16.75,24.375,12.86531],"rotation":{"angle":-22.5,"axis":"y","origin":[19.68119,14.375,15.62775]},"faces":{"north":{"uv":[6.66667,0,10.22222,8.88889],"texture":"#2","tintindex":0},"south":{"uv":[10.22222,0,6.66667,8.88889],"texture":"#2","tintindex":0}}},{"from":[-4.20467,-5.625,20.42469],"to":[-4.19467,10.375,26.42469],"rotation":{"angle":0,"axis":"y","origin":[-1.62357,2.375,17.45544]},"faces":{"east":{"uv":[0,8.88889,2.66667,16],"texture":"#2","tintindex":0},"west":{"uv":[2.66667,8.88889,0,16],"texture":"#2","tintindex":0}}},{"from":[-2.87191,-5.625,14.18641],"to":[-2.86191,10.375,21.18641],"rotation":{"angle":-22.5,"axis":"y","origin":[-1.62357,2.375,17.45544]},"faces":{"east":{"uv":[2.66667,8.88889,5.77778,16],"texture":"#2","tintindex":0},"west":{"uv":[5.77778,8.88889,2.66667,16],"texture":"#2","tintindex":0}}},{"from":[0.9189,-5.625,15.05112],"to":[7.9189,10.375,15.06112],"rotation":{"angle":45,"axis":"y","origin":[-1.62357,2.375,17.45544]},"faces":{"north":{"uv":[8.88889,8.88889,5.77778,16],"texture":"#2","tintindex":0},"south":{"uv":[5.77778,8.88889,8.88889,16],"texture":"#2","tintindex":0}}},{"from":[20.19467,-5.625,20.42469],"to":[20.20467,10.375,26.42469],"rotation":{"angle":0,"axis":"y","origin":[17.62357,2.375,17.45544]},"faces":{"east":{"uv":[0,8.88889,2.66667,16],"texture":"#2","tintindex":0},"west":{"uv":[2.66667,8.88889,0,16],"texture":"#2","tintindex":0}}},{"from":[18.86191,-5.625,14.18641],"to":[18.87191,10.375,21.18641],"rotation":{"angle":22.5,"axis":"y","origin":[17.62357,2.375,17.45544]},"faces":{"east":{"uv":[2.66667,8.88889,5.77778,16],"texture":"#2","tintindex":0},"west":{"uv":[5.77778,8.88889,2.66667,16],"texture":"#2","tintindex":0}}},{"from":[8.0811,-5.625,15.05112],"to":[15.0811,10.375,15.06112],"rotation":{"angle":-45,"axis":"y","origin":[17.62357,2.375,17.45544]},"faces":{"north":{"uv":[5.77778,8.88889,8.88889,16],"texture":"#2","tintindex":0},"south":{"uv":[8.88889,8.88889,5.77778,16],"texture":"#2","tintindex":0}}}],"gui_light":"front","display":{"thirdperson_righthand":{"rotation":[0,-180,0],"translation":[0,1,1],"scale":[0.5,0.5,0.5]},"thirdperson_lefthand":{"rotation":[67,0,0],"translation":[-5.5,-8.75,6.75]},"firstperson_righthand":{"rotation":[-12,-180,0],"translation":[1.25,3,2],"scale":[0.44,0.44,0.44]},"firstperson_lefthand":{"rotation":[-12,-180,0],"translation":[1.25,3,2],"scale":[0,0,0]},"ground":{"rotation":[-45,0,0],"translation":[0,5,0],"scale":[0.7,0.7,0.7]},"gui":{"rotation":[0,-180,0],"translation":[0,-0.25,0],"scale":[0.45,0.45,0.45]},"head":{"translation":[0,-64.25,7.5],"scale":[1.6,1.6,1.6]},"fixed":{"rotation":[0,-180,0],"translation":[0,-6,-1.5],"scale":[2,2,2]}}}