{"format_version":"1.9.0","credit":"Pologony Creation Co.,Ltd.","texture_size":[36,36],"textures":{"1":"plny_pyrosoulset:wings","2":"plny_pyrosoulset:animated/fire_animated_9","particle":"plny_pyrosoulset:animated/fire_animated_9"},"elements":[{"from":[8.16161,-5.4375,7.92766],"to":[10.66161,-4.6875,8.42766],"rotation":{"angle":-22.5,"axis":"z","origin":[9.41161,-5.0625,8.17766]},"faces":{"north":{"uv":[8.4,8.4,10.4,9],"texture":"#1","tintindex":0},"east":{"uv":[10.8,4,11.2,4.6],"texture":"#1","tintindex":0},"south":{"uv":[9.6,0,11.6,0.6],"texture":"#1","tintindex":0},"west":{"uv":[10.8,5.2,11.2,5.8],"texture":"#1","tintindex":0},"up":{"uv":[11.6,1.6,9.6,1.2],"texture":"#1","tintindex":0},"down":{"uv":[11.6,2,9.6,2.4],"texture":"#1","tintindex":0}}},{"from":[9.91161,-6.4375,7.92766],"to":[10.66161,-5.4375,8.42766],"rotation":{"angle":-22.5,"axis":"z","origin":[9.41161,-5.0625,8.17766]},"faces":{"north":{"uv":[9.6,5.2,10.2,6],"texture":"#1","tintindex":0},"east":{"uv":[10,9.6,10.4,10.4],"texture":"#1","tintindex":0},"south":{"uv":[9.6,6.4,10.2,7.2],"texture":"#1","tintindex":0},"west":{"uv":[10.8,2.8,11.2,3.6],"texture":"#1","tintindex":0},"down":{"uv":[11.4,6.4,10.8,6.8],"texture":"#1","tintindex":0}}},{"from":[9.41161,-6.4375,7.92766],"to":[9.91161,-5.9375,8.42766],"rotation":{"angle":-22.5,"axis":"z","origin":[9.41161,-5.0625,8.17766]},"faces":{"north":{"uv":[10.8,7.2,11.2,7.6],"texture":"#1","tintindex":0},"south":{"uv":[10.8,8,11.2,8.4],"texture":"#1","tintindex":0},"west":{"uv":[8.4,10.8,8.8,11.2],"texture":"#1","tintindex":0},"up":{"uv":[11.2,9.2,10.8,8.8],"texture":"#1","tintindex":0},"down":{"uv":[9.6,10.8,9.2,11.2],"texture":"#1","tintindex":0}}},{"from":[9.41161,-5.9375,7.92766],"to":[9.66161,-5.6875,8.42766],"rotation":{"angle":-22.5,"axis":"z","origin":[9.41161,-5.0625,8.17766]},"faces":{"north":{"uv":[11.6,8.8,11.8,9],"texture":"#1","tintindex":0},"east":{"uv":[11.6,3.6,12,3.8],"texture":"#1","tintindex":0},"south":{"uv":[9.2,11.6,9.4,11.8],"texture":"#1","tintindex":0},"west":{"uv":[11.6,4.4,12,4.6],"texture":"#1","tintindex":0},"up":{"uv":[11.8,5.6,11.6,5.2],"texture":"#1","tintindex":0}}},{"from":[8.16161,-4.6875,7.92766],"to":[8.91161,-3.6875,8.42766],"rotation":{"angle":-22.5,"axis":"z","origin":[9.41161,-5.0625,8.17766]},"faces":{"north":{"uv":[9.6,2.8,10.2,3.6],"texture":"#1","tintindex":0},"east":{"uv":[8.4,9.6,8.8,10.4],"texture":"#1","tintindex":0},"south":{"uv":[9.6,4,10.2,4.8],"texture":"#1","tintindex":0},"west":{"uv":[9.2,9.6,9.6,10.4],"texture":"#1","tintindex":0},"up":{"uv":[10.2,8,9.6,7.6],"texture":"#1","tintindex":0}}},{"from":[8.91161,-4.1875,7.92766],"to":[9.41161,-3.6875,8.42766],"rotation":{"angle":-22.5,"axis":"z","origin":[9.41161,-5.0625,8.17766]},"faces":{"north":{"uv":[10.8,9.6,11.2,10],"texture":"#1","tintindex":0},"east":{"uv":[10,10.8,10.4,11.2],"texture":"#1","tintindex":0},"south":{"uv":[10.8,10.4,11.2,10.8],"texture":"#1","tintindex":0},"up":{"uv":[11.2,11.6,10.8,11.2],"texture":"#1","tintindex":0},"down":{"uv":[12,2.8,11.6,3.2],"texture":"#1","tintindex":0}}},{"from":[9.16161,-4.4375,7.92766],"to":[9.41161,-4.1875,8.42766],"rotation":{"angle":-22.5,"axis":"z","origin":[9.41161,-5.0625,8.17766]},"faces":{"north":{"uv":[11.6,9.6,11.8,9.8],"texture":"#1","tintindex":0},"east":{"uv":[11.6,7.2,12,7.4],"texture":"#1","tintindex":0},"south":{"uv":[10,11.6,10.2,11.8],"texture":"#1","tintindex":0},"west":{"uv":[11.6,8,12,8.2],"texture":"#1","tintindex":0},"down":{"uv":[8.6,11.6,8.4,12],"texture":"#1","tintindex":0}}},{"from":[9,-8.6875,8.17766],"to":[12.5,1.3125,8.18266],"rotation":{"angle":0,"axis":"y","origin":[13.85963,-3.6875,9.46821]},"faces":{"north":{"uv":[5.6,0,8.4,8],"texture":"#1","tintindex":0},"south":{"uv":[8.4,0,5.6,8],"texture":"#1","tintindex":0}}},{"from":[12.10963,-8.6875,8.7962],"to":[15.60963,1.3125,8.8012],"rotation":{"angle":-22.5,"axis":"y","origin":[13.85963,-3.6875,9.46821]},"faces":{"north":{"uv":[2.8,0,5.6,8],"texture":"#1","tintindex":0},"south":{"uv":[5.6,0,2.8,8],"texture":"#1","tintindex":0}}},{"from":[15.21925,-8.6875,8.17766],"to":[18.71925,1.3125,8.18266],"rotation":{"angle":-45,"axis":"y","origin":[13.85963,-3.6875,9.46821]},"faces":{"north":{"uv":[0,0,2.8,8],"texture":"#1","tintindex":0},"south":{"uv":[2.8,0,0,8],"texture":"#1","tintindex":0}}},{"from":[9.24829,-13.3125,9.67595],"to":[12.24829,-5.3125,9.68095],"rotation":{"angle":-22.5,"axis":"y","origin":[13.41356,-9.3125,10.78244]},"faces":{"north":{"uv":[5.2,8.4,7.6,14.8],"texture":"#1","tintindex":0},"south":{"uv":[7.6,8.4,5.2,14.8],"texture":"#1","tintindex":0}}},{"from":[11.91355,-13.3125,10.2061],"to":[14.91356,-5.3125,10.2111],"rotation":{"angle":-45,"axis":"y","origin":[13.41356,-9.3125,10.78244]},"faces":{"north":{"uv":[2.8,8.4,5.2,14.8],"texture":"#1","tintindex":0},"south":{"uv":[5.2,8.4,2.8,14.8],"texture":"#1","tintindex":0}}},{"from":[14.51505,-13.3125,11.94771],"to":[14.52005,-5.3125,14.94771],"rotation":{"angle":22.5,"axis":"y","origin":[13.41356,-9.3125,10.78244]},"faces":{"east":{"uv":[0.4,8.4,2.8,14.8],"texture":"#1","tintindex":0},"west":{"uv":[2.8,8.4,0.4,14.8],"texture":"#1","tintindex":0}}},{"from":[8.375,-8.3125,7.80266],"to":[12.375,1.6875,7.80766],"rotation":{"angle":0,"axis":"y","origin":[13.23463,-3.3125,9.09321]},"faces":{"north":{"uv":[6.66667,0,10.22222,8.88889],"texture":"#2","tintindex":0},"south":{"uv":[10.22222,0,6.66667,8.88889],"texture":"#2","tintindex":0}}},{"from":[11.98463,-8.3125,8.4212],"to":[15.98463,1.6875,8.4262],"rotation":{"angle":-22.5,"axis":"y","origin":[13.73463,-3.3125,9.09321]},"faces":{"north":{"uv":[3.11111,0,6.66667,8.88889],"texture":"#2","tintindex":0},"south":{"uv":[6.66667,0,3.11111,8.88889],"texture":"#2","tintindex":0}}},{"from":[15.64957,-8.3125,7.76857],"to":[19.14957,1.6875,7.77357],"rotation":{"angle":-45,"axis":"y","origin":[13.97113,-3.3125,9.05912]},"faces":{"north":{"uv":[0,0,3.11111,8.88889],"texture":"#2","tintindex":0},"south":{"uv":[3.11111,0,0,8.88889],"texture":"#2","tintindex":0}}},{"from":[8.99829,-13.3125,9.17595],"to":[12.49829,-5.3125,9.18095],"rotation":{"angle":-22.5,"axis":"y","origin":[13.16356,-9.3125,10.28244]},"faces":{"north":{"uv":[5.77778,8.88889,8.88889,16],"texture":"#2","tintindex":0},"south":{"uv":[8.88889,8.88889,5.77778,16],"texture":"#2","tintindex":0}}},{"from":[12.1255,-13.3125,9.89745],"to":[15.6255,-5.3125,9.90245],"rotation":{"angle":-45,"axis":"y","origin":[13.6255,-9.3125,10.47378]},"faces":{"north":{"uv":[2.66667,8.88889,5.77778,16],"texture":"#2","tintindex":0},"south":{"uv":[5.77778,8.88889,2.66667,16],"texture":"#2","tintindex":0}}},{"from":[15.08054,-13.3125,11.9926],"to":[15.08554,-5.3125,14.9926],"rotation":{"angle":22.5,"axis":"y","origin":[13.97905,-9.3125,10.82733]},"faces":{"east":{"uv":[0,8.88889,2.66667,16],"texture":"#2","tintindex":0},"west":{"uv":[2.66667,8.88889,0,16],"texture":"#2","tintindex":0}}},{"from":[5.33839,-5.4375,7.92766],"to":[7.83839,-4.6875,8.42766],"rotation":{"angle":22.5,"axis":"z","origin":[6.58839,-5.0625,8.17766]},"faces":{"north":{"uv":[10.4,8.4,8.4,9],"texture":"#1","tintindex":0},"east":{"uv":[11.2,5.2,10.8,5.8],"texture":"#1","tintindex":0},"south":{"uv":[11.6,0,9.6,0.6],"texture":"#1","tintindex":0},"west":{"uv":[11.2,4,10.8,4.6],"texture":"#1","tintindex":0},"up":{"uv":[9.6,1.6,11.6,1.2],"texture":"#1","tintindex":0},"down":{"uv":[9.6,2,11.6,2.4],"texture":"#1","tintindex":0}}},{"from":[7.08839,-4.6875,7.92766],"to":[7.83839,-3.6875,8.42766],"rotation":{"angle":22.5,"axis":"z","origin":[6.58839,-5.0625,8.17766]},"faces":{"north":{"uv":[10.2,2.8,9.6,3.6],"texture":"#1","tintindex":0},"east":{"uv":[9.6,9.6,9.2,10.4],"texture":"#1","tintindex":0},"south":{"uv":[10.2,4,9.6,4.8],"texture":"#1","tintindex":0},"west":{"uv":[8.8,9.6,8.4,10.4],"texture":"#1","tintindex":0},"up":{"uv":[9.6,8,10.2,7.6],"texture":"#1","tintindex":0}}},{"from":[5.33839,-6.4375,7.92766],"to":[6.08839,-5.4375,8.42766],"rotation":{"angle":22.5,"axis":"z","origin":[6.58839,-5.0625,8.17766]},"faces":{"north":{"uv":[10.2,5.2,9.6,6],"texture":"#1","tintindex":0},"east":{"uv":[11.2,2.8,10.8,3.6],"texture":"#1","tintindex":0},"south":{"uv":[10.2,6.4,9.6,7.2],"texture":"#1","tintindex":0},"west":{"uv":[10.4,9.6,10,10.4],"texture":"#1","tintindex":0},"down":{"uv":[10.8,6.4,11.4,6.8],"texture":"#1","tintindex":0}}},{"from":[6.08839,-6.4375,7.92766],"to":[6.58839,-5.9375,8.42766],"rotation":{"angle":22.5,"axis":"z","origin":[6.58839,-5.0625,8.17766]},"faces":{"north":{"uv":[11.2,7.2,10.8,7.6],"texture":"#1","tintindex":0},"east":{"uv":[8.8,10.8,8.4,11.2],"texture":"#1","tintindex":0},"south":{"uv":[11.2,8,10.8,8.4],"texture":"#1","tintindex":0},"up":{"uv":[10.8,9.2,11.2,8.8],"texture":"#1","tintindex":0},"down":{"uv":[9.2,10.8,9.6,11.2],"texture":"#1","tintindex":0}}},{"from":[6.33839,-5.9375,7.92766],"to":[6.58839,-5.6875,8.42766],"rotation":{"angle":22.5,"axis":"z","origin":[6.58839,-5.0625,8.17766]},"faces":{"north":{"uv":[11.8,8.8,11.6,9],"texture":"#1","tintindex":0},"east":{"uv":[12,4.4,11.6,4.6],"texture":"#1","tintindex":0},"south":{"uv":[9.4,11.6,9.2,11.8],"texture":"#1","tintindex":0},"west":{"uv":[12,3.6,11.6,3.8],"texture":"#1","tintindex":0},"up":{"uv":[11.6,5.6,11.8,5.2],"texture":"#1","tintindex":0}}},{"from":[6.58839,-4.1875,7.92766],"to":[7.08839,-3.6875,8.42766],"rotation":{"angle":22.5,"axis":"z","origin":[6.58839,-5.0625,8.17766]},"faces":{"north":{"uv":[11.2,9.6,10.8,10],"texture":"#1","tintindex":0},"south":{"uv":[11.2,10.4,10.8,10.8],"texture":"#1","tintindex":0},"west":{"uv":[10.4,10.8,10,11.2],"texture":"#1","tintindex":0},"up":{"uv":[10.8,11.6,11.2,11.2],"texture":"#1","tintindex":0},"down":{"uv":[11.6,2.8,12,3.2],"texture":"#1","tintindex":0}}},{"from":[6.58839,-4.4375,7.92766],"to":[6.83839,-4.1875,8.42766],"rotation":{"angle":22.5,"axis":"z","origin":[6.58839,-5.0625,8.17766]},"faces":{"north":{"uv":[11.8,9.6,11.6,9.8],"texture":"#1","tintindex":0},"east":{"uv":[12,8,11.6,8.2],"texture":"#1","tintindex":0},"south":{"uv":[10.2,11.6,10,11.8],"texture":"#1","tintindex":0},"west":{"uv":[12,7.2,11.6,7.4],"texture":"#1","tintindex":0},"down":{"uv":[8.4,11.6,8.6,12],"texture":"#1","tintindex":0}}},{"from":[3.5,-8.6875,8.17766],"to":[7,1.3125,8.18266],"rotation":{"angle":0,"axis":"y","origin":[2.14037,-3.6875,9.46821]},"faces":{"north":{"uv":[8.4,0,5.6,8],"texture":"#1","tintindex":0},"south":{"uv":[5.6,0,8.4,8],"texture":"#1","tintindex":0}}},{"from":[0.39038,-8.6875,8.7962],"to":[3.89037,1.3125,8.8012],"rotation":{"angle":22.5,"axis":"y","origin":[2.14037,-3.6875,9.46821]},"faces":{"north":{"uv":[5.6,0,2.8,8],"texture":"#1","tintindex":0},"south":{"uv":[2.8,0,5.6,8],"texture":"#1","tintindex":0}}},{"from":[-2.71925,-8.6875,8.17766],"to":[0.78076,1.3125,8.18266],"rotation":{"angle":45,"axis":"y","origin":[2.14037,-3.6875,9.46821]},"faces":{"north":{"uv":[2.8,0,0,8],"texture":"#1","tintindex":0},"south":{"uv":[0,0,2.8,8],"texture":"#1","tintindex":0}}},{"from":[3.75171,-13.3125,9.67595],"to":[6.75171,-5.3125,9.68095],"rotation":{"angle":22.5,"axis":"y","origin":[2.58645,-9.3125,10.78244]},"faces":{"north":{"uv":[7.6,8.4,5.2,14.8],"texture":"#1","tintindex":0},"south":{"uv":[5.2,8.4,7.6,14.8],"texture":"#1","tintindex":0}}},{"from":[1.08644,-13.3125,10.2061],"to":[4.08644,-5.3125,10.2111],"rotation":{"angle":45,"axis":"y","origin":[2.58645,-9.3125,10.78244]},"faces":{"north":{"uv":[5.2,8.4,2.8,14.8],"texture":"#1","tintindex":0},"south":{"uv":[2.8,8.4,5.2,14.8],"texture":"#1","tintindex":0}}},{"from":[1.47996,-13.3125,11.94771],"to":[1.48495,-5.3125,14.94771],"rotation":{"angle":-22.5,"axis":"y","origin":[2.58645,-9.3125,10.78244]},"faces":{"east":{"uv":[0.4,8.4,2.8,14.8],"texture":"#1","tintindex":0},"west":{"uv":[2.8,8.4,0.4,14.8],"texture":"#1","tintindex":0}}},{"from":[-3.14956,-8.3125,7.76857],"to":[0.35044,1.6875,7.77357],"rotation":{"angle":45,"axis":"y","origin":[2.02887,-3.3125,9.05912]},"faces":{"north":{"uv":[3.11111,0,0,8.88889],"texture":"#2","tintindex":0},"south":{"uv":[0,0,3.11111,8.88889],"texture":"#2","tintindex":0}}},{"from":[0.01538,-8.3125,8.4212],"to":[4.01538,1.6875,8.4262],"rotation":{"angle":22.5,"axis":"y","origin":[2.26537,-3.3125,9.09321]},"faces":{"north":{"uv":[6.66667,0,3.11111,8.88889],"texture":"#2","tintindex":0},"south":{"uv":[3.11111,0,6.66667,8.88889],"texture":"#2","tintindex":0}}},{"from":[3.625,-8.3125,7.80266],"to":[7.625,1.6875,7.80766],"rotation":{"angle":0,"axis":"y","origin":[2.76537,-3.3125,9.09321]},"faces":{"north":{"uv":[10.22222,0,6.66667,8.88889],"texture":"#2","tintindex":0},"south":{"uv":[6.66667,0,10.22222,8.88889],"texture":"#2","tintindex":0}}},{"from":[0.91446,-13.3125,11.9926],"to":[0.91947,-5.3125,14.9926],"rotation":{"angle":-22.5,"axis":"y","origin":[2.02095,-9.3125,10.82733]},"faces":{"east":{"uv":[0,8.88889,2.66667,16],"texture":"#2","tintindex":0},"west":{"uv":[2.66667,8.88889,0,16],"texture":"#2","tintindex":0}}},{"from":[0.37451,-13.3125,9.89745],"to":[3.87451,-5.3125,9.90245],"rotation":{"angle":45,"axis":"y","origin":[2.37451,-9.3125,10.47378]},"faces":{"north":{"uv":[5.77778,8.88889,2.66667,16],"texture":"#2","tintindex":0},"south":{"uv":[2.66667,8.88889,5.77778,16],"texture":"#2","tintindex":0}}},{"from":[3.50171,-13.3125,9.17595],"to":[7.00171,-5.3125,9.18095],"rotation":{"angle":22.5,"axis":"y","origin":[2.83645,-9.3125,10.28244]},"faces":{"north":{"uv":[8.88889,8.88889,5.77778,16],"texture":"#2","tintindex":0},"south":{"uv":[5.77778,8.88889,8.88889,16],"texture":"#2","tintindex":0}}},{"from":[0.6848,-8.3125,13.49286],"to":[0.6898,1.6875,16.99286],"rotation":{"angle":-22.5,"axis":"y","origin":[2.1594,-3.3125,11.81388]},"faces":{"east":{"uv":[0,0,3.11111,8.88889],"texture":"#2","tintindex":0},"west":{"uv":[3.11111,0,0,8.88889],"texture":"#2","tintindex":0}}},{"from":[0.04392,-8.3125,11.09404],"to":[4.04392,1.6875,11.09904],"rotation":{"angle":45,"axis":"y","origin":[2.1594,-3.3125,11.81388]},"faces":{"north":{"uv":[6.66667,0,3.11111,8.88889],"texture":"#2","tintindex":0},"south":{"uv":[3.11111,0,6.66667,8.88889],"texture":"#2","tintindex":0}}},{"from":[3.625,-8.3125,10.42766],"to":[7.625,1.6875,10.43266],"rotation":{"angle":22.5,"axis":"y","origin":[2.1594,-3.3125,11.81388]},"faces":{"north":{"uv":[10.22222,0,6.66667,8.88889],"texture":"#2","tintindex":0},"south":{"uv":[6.66667,0,10.22222,8.88889],"texture":"#2","tintindex":0}}},{"from":[15.3102,-8.3125,13.49286],"to":[15.3152,1.6875,16.99286],"rotation":{"angle":22.5,"axis":"y","origin":[13.8406,-3.3125,11.81388]},"faces":{"east":{"uv":[0,0,3.11111,8.88889],"texture":"#2","tintindex":0},"west":{"uv":[3.11111,0,0,8.88889],"texture":"#2","tintindex":0}}},{"from":[11.95608,-8.3125,11.09404],"to":[15.95608,1.6875,11.09904],"rotation":{"angle":-45,"axis":"y","origin":[13.8406,-3.3125,11.81388]},"faces":{"north":{"uv":[3.11111,0,6.66667,8.88889],"texture":"#2","tintindex":0},"south":{"uv":[6.66667,0,3.11111,8.88889],"texture":"#2","tintindex":0}}},{"from":[8.375,-8.3125,10.42766],"to":[12.375,1.6875,10.43266],"rotation":{"angle":-22.5,"axis":"y","origin":[13.8406,-3.3125,11.81388]},"faces":{"north":{"uv":[6.66667,0,10.22222,8.88889],"texture":"#2","tintindex":0},"south":{"uv":[10.22222,0,6.66667,8.88889],"texture":"#2","tintindex":0}}},{"from":[1.89767,-13.3125,14.21235],"to":[1.90266,-5.3125,17.21235],"rotation":{"angle":0,"axis":"y","origin":[3.18821,-9.3125,12.72772]},"faces":{"east":{"uv":[0,8.88889,2.66667,16],"texture":"#2","tintindex":0},"west":{"uv":[2.66667,8.88889,0,16],"texture":"#2","tintindex":0}}},{"from":[2.56405,-13.3125,11.09321],"to":[2.56905,-5.3125,14.59321],"rotation":{"angle":-22.5,"axis":"y","origin":[3.18821,-9.3125,12.72772]},"faces":{"east":{"uv":[2.66667,8.88889,5.77778,16],"texture":"#2","tintindex":0},"west":{"uv":[5.77778,8.88889,2.66667,16],"texture":"#2","tintindex":0}}},{"from":[4.45945,-13.3125,11.52556],"to":[7.95945,-5.3125,11.53056],"rotation":{"angle":45,"axis":"y","origin":[3.18821,-9.3125,12.72772]},"faces":{"north":{"uv":[8.88889,8.88889,5.77778,16],"texture":"#2","tintindex":0},"south":{"uv":[5.77778,8.88889,8.88889,16],"texture":"#2","tintindex":0}}},{"from":[14.09734,-13.3125,14.21235],"to":[14.10234,-5.3125,17.21235],"rotation":{"angle":0,"axis":"y","origin":[12.81179,-9.3125,12.72772]},"faces":{"east":{"uv":[0,8.88889,2.66667,16],"texture":"#2","tintindex":0},"west":{"uv":[2.66667,8.88889,0,16],"texture":"#2","tintindex":0}}},{"from":[13.43096,-13.3125,11.09321],"to":[13.43596,-5.3125,14.59321],"rotation":{"angle":22.5,"axis":"y","origin":[12.81179,-9.3125,12.72772]},"faces":{"east":{"uv":[2.66667,8.88889,5.77778,16],"texture":"#2","tintindex":0},"west":{"uv":[5.77778,8.88889,2.66667,16],"texture":"#2","tintindex":0}}},{"from":[8.04055,-13.3125,11.52556],"to":[11.54055,-5.3125,11.53056],"rotation":{"angle":-45,"axis":"y","origin":[12.81179,-9.3125,12.72772]},"faces":{"north":{"uv":[5.77778,8.88889,8.88889,16],"texture":"#2","tintindex":0},"south":{"uv":[8.88889,8.88889,5.77778,16],"texture":"#2","tintindex":0}}}],"gui_light":"front","display":{"thirdperson_righthand":{"rotation":[0,-180,0],"translation":[0,1,1],"scale":[0.5,0.5,0.5]},"thirdperson_lefthand":{"rotation":[67,0,0],"translation":[-5.5,-8.75,6.75]},"firstperson_righthand":{"rotation":[-12,-180,0],"translation":[1.25,3,2],"scale":[0.44,0.44,0.44]},"firstperson_lefthand":{"rotation":[-12,-180,0],"translation":[1.25,3,2],"scale":[0,0,0]},"ground":{"rotation":[-45,0,0],"translation":[0,5,0],"scale":[0.7,0.7,0.7]},"gui":{"rotation":[0,-180,0],"translation":[0,12.75,0],"scale":[0.9,0.9,0.9]},"head":{"translation":[0,-64,7.5],"scale":[3.2,3.2,3.2]},"fixed":{"rotation":[0,-180,0],"translation":[0,-6,-1.5],"scale":[2,2,2]}}}