{"credit":"Pologony Creation Co.,Ltd.","textures":{"2":"ender_dragonset:dragon_head","3":"ender_dragonset:crossbow","4":"ender_dragonset:animations/fire_eyes","particle":"ender_dragonset:dragon_head"},"elements":[{"from":[9.30183,7.9549,1.17919],"to":[11.30183,9.4549,3.17919],"rotation":{"angle":-45,"axis":"y","origin":[12.25,8.7049,0.29582]},"faces":{"north":{"uv":[12.44444,6.66667,13.11111,7.55556],"rotation":90,"texture":"#3"},"east":{"uv":[12.22222,12.88889,11.55556,13.77778],"rotation":270,"texture":"#3"},"south":{"uv":[8.88889,12.88889,9.55556,13.77778],"rotation":270,"texture":"#3"},"west":{"uv":[10.88889,13.77778,10.22222,12.88889],"rotation":270,"texture":"#3"},"up":{"uv":[1.77778,12.44444,2.66667,13.33333],"rotation":270,"texture":"#3"},"down":{"uv":[4,12.44444,4.88889,13.33333],"rotation":270,"texture":"#3"}}},{"from":[10.31562,8.2049,-0.19055],"to":[12.31562,9.2049,1.30945],"rotation":{"angle":-22.5,"axis":"y","origin":[12.25,8.7049,0.29582]},"faces":{"north":{"uv":[7.55556,14.22222,8,15.11111],"rotation":90,"texture":"#3"},"east":{"uv":[5.33333,14.66667,4.88889,15.33333],"rotation":270,"texture":"#3"},"south":{"uv":[8.44444,14.22222,8.88889,15.11111],"rotation":270,"texture":"#3"},"west":{"uv":[15.11111,4.66667,14.66667,4],"rotation":270,"texture":"#3"},"up":{"uv":[13.33333,4,14,4.88889],"rotation":270,"texture":"#3"},"down":{"uv":[5.33333,13.33333,6,14.22222],"rotation":270,"texture":"#3"}}},{"from":[11.22446,8.2084,0.17032],"to":[12.72446,9.2014,2.17032],"rotation":{"angle":45,"axis":"y","origin":[12.25,8.7049,0.29582]},"faces":{"east":{"uv":[7.11111,14.22222,6.66667,15.11111],"rotation":270,"texture":"#3"},"south":{"uv":[3.11111,14.66667,3.55556,15.33333],"rotation":270,"texture":"#3"},"west":{"uv":[14.66667,0.88889,14.22222,0],"rotation":270,"texture":"#3"},"up":{"uv":[12.88889,12.88889,13.77778,13.55556],"rotation":270,"texture":"#3"},"down":{"uv":[13.33333,2.66667,14.22222,3.33333],"rotation":270,"texture":"#3"}}},{"from":[12.01986,8.2134,1.17009],"to":[14.01986,9.1964,2.42009],"rotation":{"angle":22.5,"axis":"y","origin":[12.25,8.7049,0.29582]},"faces":{"north":{"uv":[6.22222,8.88889,6.66667,9.77778],"rotation":90,"texture":"#3"},"east":{"uv":[15.55556,0.88889,15.11111,1.44444],"rotation":270,"texture":"#3"},"south":{"uv":[13.77778,6.22222,14.22222,7.11111],"rotation":270,"texture":"#3"},"up":{"uv":[0.88889,13.77778,1.44444,14.66667],"rotation":270,"texture":"#3"},"down":{"uv":[13.77778,1.33333,14.33333,2.22222],"rotation":270,"texture":"#3"}}},{"from":[9.81563,8.2049,-1.19055],"to":[11.31563,9.2049,-0.19055],"rotation":{"angle":-22.5,"axis":"y","origin":[12.25,8.7049,0.29582]},"faces":{"north":{"uv":[14.22222,12.88889,14.66667,13.55556],"rotation":90,"texture":"#3"},"east":{"uv":[5.77778,12.44444,5.33333,12.88889],"rotation":270,"texture":"#3"},"south":{"uv":[14.22222,14.22222,14.66667,14.88889],"rotation":270,"texture":"#3"},"west":{"uv":[4.88889,8.44444,4.44444,8],"rotation":270,"texture":"#3"},"up":{"uv":[13.33333,14.22222,13.77778,14.88889],"rotation":270,"texture":"#3"},"down":{"uv":[14.66667,2.66667,15.11111,3.33333],"rotation":270,"texture":"#3"}}},{"from":[6.875,9.56415,7.23101],"to":[9.125,10.56415,9.23101],"rotation":{"angle":0,"axis":"y","origin":[8,10.52994,10.00581]},"faces":{"north":{"uv":[8.57143,2.28571,8,3.57143],"rotation":90,"texture":"#2"},"east":{"uv":[4,8,4.57143,9.14286],"rotation":270,"texture":"#2"},"west":{"uv":[1.71429,9.14286,2.28571,10.28571],"rotation":90,"texture":"#2"},"up":{"uv":[5.71429,4,7,5.14286],"rotation":180,"texture":"#2"},"down":{"uv":[5.14286,0,6.42857,1.14286],"texture":"#2"}}},{"from":[7.25,9.81415,6.98101],"to":[8.75,10.81415,7.98101],"rotation":{"angle":0,"axis":"y","origin":[8,10.52994,10.00581]},"faces":{"north":{"uv":[11.42857,0,10.85714,0.85714],"rotation":90,"texture":"#2"},"east":{"uv":[9.14286,10.85714,9.71429,11.42857],"rotation":270,"texture":"#2"},"south":{"uv":[3.42857,11.14286,2.85714,10.28571],"rotation":90,"texture":"#2"},"west":{"uv":[10.85714,9.14286,11.42857,9.71429],"rotation":90,"texture":"#2"},"up":{"uv":[10.28571,5.71429,11.14286,6.28571],"rotation":180,"texture":"#2"},"down":{"uv":[10.28571,4.57143,11.14286,5.14286],"texture":"#2"}}},{"from":[6.875,8.68417,6.92039],"to":[9.125,9.68417,9.42039],"rotation":{"angle":-22.5,"axis":"x","origin":[8,10.52994,10.00581]},"faces":{"north":{"uv":[3.42857,8,2.85714,9.28571],"rotation":90,"texture":"#2"},"east":{"uv":[6.28571,7.42857,6.85714,8.85714],"rotation":270,"texture":"#2"},"west":{"uv":[8,0,8.57143,1.42857],"rotation":90,"texture":"#2"},"up":{"uv":[4.57143,1.71429,5.85714,3.14286],"rotation":180,"texture":"#2"},"down":{"uv":[1.71429,4.57143,3,6],"texture":"#2"}}},{"from":[6.375,8.56415,10.23101],"to":[9.625,10.56415,12.23101],"rotation":{"angle":0,"axis":"y","origin":[8,10.52994,10.00581]},"faces":{"north":{"uv":[1.14286,4,0,5.85714],"rotation":90,"texture":"#2"},"east":{"uv":[5.71429,5.71429,6.85714,6.85714],"rotation":270,"texture":"#2"},"south":{"uv":[4,3.57143,2.85714,1.71429],"rotation":90,"texture":"#2"},"west":{"uv":[0,6.85714,1.14286,8],"rotation":90,"texture":"#2"},"up":{"uv":[2.28571,0,4.14286,1.14286],"rotation":180,"texture":"#2"},"down":{"uv":[0,2.28571,1.85714,3.42857],"texture":"#2"}}},{"from":[6.625,8.56415,9.23101],"to":[9.375,10.56415,10.23101],"rotation":{"angle":0,"axis":"y","origin":[8,10.52994,10.00581]},"faces":{"north":{"uv":[5.14286,4.57143,4,6.14286],"rotation":90,"texture":"#2"},"east":{"uv":[9.14286,3.42857,10.28571,4],"rotation":270,"texture":"#2"},"west":{"uv":[9.14286,8,10.28571,8.57143],"rotation":90,"texture":"#2"},"down":{"uv":[2.85714,6.85714,4.42857,7.42857],"texture":"#2"}}},{"from":[6.625,10.56415,9.23101],"to":[9.375,11.56415,12.23101],"rotation":{"angle":0,"axis":"y","origin":[8,10.52994,10.00581]},"faces":{"north":{"uv":[8,5.71429,7.42857,7.28571],"rotation":90,"texture":"#2"},"east":{"uv":[1.71429,6.85714,2.28571,8.57143],"rotation":270,"texture":"#2"},"south":{"uv":[5.71429,9,5.14286,7.42857],"rotation":90,"texture":"#2"},"west":{"uv":[6.85714,1.71429,7.42857,3.42857],"rotation":90,"texture":"#2"},"up":{"uv":[0,0,1.57143,1.71429],"rotation":180,"texture":"#2"}}},{"from":[8.25,9.99701,11.38181],"to":[9.75,11.49701,12.88181],"rotation":{"angle":-22.5,"axis":"x","origin":[8,10.52994,10.00581]},"faces":{"north":{"uv":[10,1.71429,9.14286,2.57143],"rotation":90,"texture":"#2"},"east":{"uv":[7.42857,8,8.28571,8.85714],"rotation":270,"texture":"#2"},"south":{"uv":[10,0.85714,9.14286,0],"rotation":90,"texture":"#2"},"west":{"uv":[8.57143,4.57143,9.42857,5.42857],"rotation":90,"texture":"#2"},"up":{"uv":[8.57143,6.28571,9.42857,7.14286],"rotation":180,"texture":"#2"},"down":{"uv":[0,8.57143,0.85714,9.42857],"texture":"#2"}}},{"from":[8.375,12.98306,10.29876],"to":[9.625,14.23306,11.54876],"rotation":{"angle":45,"axis":"x","origin":[8,10.52994,10.00581]},"faces":{"north":{"uv":[7.42857,9.71429,8.14286,10.42857],"texture":"#2"},"east":{"uv":[9.14286,9.14286,9.85714,9.85714],"texture":"#2"},"south":{"uv":[4,9.71429,4.71429,10.42857],"texture":"#2"},"west":{"uv":[5.71429,9.71429,6.42857,10.42857],"texture":"#2"},"up":{"uv":[0.71429,11,0,10.28571],"rotation":90,"texture":"#2"}}},{"from":[8.5,13.35828,11.75585],"to":[9.5,14.35828,12.75585],"rotation":{"angle":22.5,"axis":"x","origin":[8,10.52994,10.00581]},"faces":{"north":{"uv":[6.28571,11.42857,6.85714,12],"texture":"#2"},"east":{"uv":[10.28571,10.85714,10.85714,11.42857],"texture":"#2"},"south":{"uv":[4,11.42857,4.57143,12],"texture":"#2"},"west":{"uv":[5.14286,11.42857,5.71429,12],"texture":"#2"},"up":{"uv":[8,12,7.42857,11.42857],"rotation":90,"texture":"#2"}}},{"from":[6.5,13.35828,11.75585],"to":[7.5,14.35828,12.75585],"rotation":{"angle":22.5,"axis":"x","origin":[8,10.52994,10.00581]},"faces":{"north":{"uv":[6.85714,11.42857,6.28571,12],"texture":"#2"},"east":{"uv":[5.71429,11.42857,5.14286,12],"texture":"#2"},"south":{"uv":[4.57143,11.42857,4,12],"texture":"#2"},"west":{"uv":[10.85714,10.85714,10.28571,11.42857],"texture":"#2"},"up":{"uv":[8,11.42857,7.42857,12],"rotation":90,"texture":"#2"}}},{"from":[6.375,12.98306,10.29876],"to":[7.625,14.23306,11.54876],"rotation":{"angle":45,"axis":"x","origin":[8,10.52994,10.00581]},"faces":{"north":{"uv":[8.14286,9.71429,7.42857,10.42857],"texture":"#2"},"east":{"uv":[6.42857,9.71429,5.71429,10.42857],"texture":"#2"},"south":{"uv":[4.71429,9.71429,4,10.42857],"texture":"#2"},"west":{"uv":[9.85714,9.14286,9.14286,9.85714],"texture":"#2"},"up":{"uv":[0.71429,10.28571,0,11],"rotation":90,"texture":"#2"}}},{"from":[6.25,9.99701,11.38181],"to":[7.75,11.49701,12.88181],"rotation":{"angle":-22.5,"axis":"x","origin":[8,10.52994,10.00581]},"faces":{"north":{"uv":[10,2.57143,9.14286,1.71429],"rotation":90,"texture":"#2"},"east":{"uv":[9.42857,4.57143,8.57143,5.42857],"rotation":270,"texture":"#2"},"south":{"uv":[10,0,9.14286,0.85714],"rotation":90,"texture":"#2"},"west":{"uv":[8.28571,8,7.42857,8.85714],"rotation":90,"texture":"#2"},"up":{"uv":[9.42857,6.28571,8.57143,7.14286],"rotation":180,"texture":"#2"},"down":{"uv":[0.85714,8.57143,0,9.42857],"texture":"#2"}}},{"from":[8.945,9.68417,7.07039],"to":[8.975,10.18417,9.42039],"rotation":{"angle":-22.5,"axis":"x","origin":[8,10.52994,10.00581]},"faces":{"east":{"uv":[1.71429,10.85714,2,12.14286],"rotation":270,"texture":"#2"},"west":{"uv":[2,10.85714,1.71429,12.14286],"rotation":90,"texture":"#2"}}},{"from":[7.025,9.68417,7.07039],"to":[7.055,10.18417,9.42039],"rotation":{"angle":-22.5,"axis":"x","origin":[8,10.52994,10.00581]},"faces":{"east":{"uv":[1.71429,10.85714,2,12.14286],"rotation":270,"texture":"#2"},"west":{"uv":[2,10.85714,1.71429,12.14286],"rotation":90,"texture":"#2"}}},{"from":[7.025,9.68418,7.07039],"to":[8.975,10.18418,7.10039],"rotation":{"angle":-22.5,"axis":"x","origin":[8,10.52994,10.00581]},"faces":{"north":{"uv":[11.71429,11.42857,11.42857,12.57143],"rotation":90,"texture":"#2"},"south":{"uv":[11.71429,12.57143,11.42857,11.42857],"rotation":90,"texture":"#2"}}},{"from":[6.925,9.06415,7.381],"to":[9.075,9.56415,7.411],"rotation":{"angle":0,"axis":"y","origin":[8,10.52994,10.00581]},"faces":{"north":{"uv":[11.14286,1.71429,10.85714,3],"rotation":90,"texture":"#2"},"south":{"uv":[11.14286,1.71429,10.85714,3],"rotation":90,"texture":"#2"}}},{"from":[9.045,9.06415,7.381],"to":[9.075,9.56415,9.731],"rotation":{"angle":0,"axis":"y","origin":[8,10.52994,10.00581]},"faces":{"east":{"uv":[10.85714,6.85714,11.14286,8.14286],"rotation":270,"texture":"#2"},"west":{"uv":[11.14286,6.85714,10.85714,8.14286],"rotation":90,"texture":"#2"}}},{"from":[6.925,9.06415,7.381],"to":[6.955,9.56415,9.731],"rotation":{"angle":0,"axis":"y","origin":[8,10.52994,10.00581]},"faces":{"east":{"uv":[10.85714,6.85714,11.14286,8.14286],"rotation":270,"texture":"#2"},"west":{"uv":[11.14286,6.85714,10.85714,8.14286],"rotation":90,"texture":"#2"}}},{"from":[5.25,11.46314,8.981],"to":[10.75,11.49314,11.481],"rotation":{"angle":-22.5,"axis":"x","origin":[8,11.47814,10.231]},"faces":{"up":{"uv":[5,11,0,0],"rotation":90,"texture":"#4"},"down":{"uv":[5,0,0,11],"rotation":270,"texture":"#4"}}},{"from":[13.77259,8.3299,0.6421],"to":[14.77259,9.0799,2.6421],"rotation":{"angle":-22.5,"axis":"y","origin":[12.25,8.7049,0.29582]},"faces":{"east":{"uv":[15,6.22222,14.66667,7.11111],"rotation":270,"texture":"#3"},"south":{"uv":[9.33333,15.11111,9.66667,15.55556],"rotation":270,"texture":"#3"},"west":{"uv":[6.11111,15.55556,5.77778,14.66667],"rotation":270,"texture":"#3"},"up":{"uv":[13.77778,7.55556,14.66667,8],"rotation":270,"texture":"#3"},"down":{"uv":[9.33333,14.22222,10.22222,14.66667],"rotation":270,"texture":"#3"}}},{"from":[2.5,8.745,2.54617],"to":[13.5,8.755,8.04617],"rotation":{"angle":0,"axis":"y","origin":[8,8,8.29617]},"faces":{"up":{"uv":[4.88889,5.55556,0,3.11111],"texture":"#3"},"down":{"uv":[4.88889,3.11111,0,5.55556],"texture":"#3"}}},{"from":[8.81562,8.6899,-2.69055],"to":[12.31562,8.7199,0.30945],"rotation":{"angle":-22.5,"axis":"y","origin":[12.25,8.7049,0.29582]},"faces":{"up":{"uv":[8.44444,8,7.11111,9.55556],"rotation":270,"texture":"#3"},"down":{"uv":[7.11111,8,8.44444,9.55556],"rotation":270,"texture":"#3"}}},{"from":[11.16779,8.6949,-2.48834],"to":[14.16779,8.7149,0.28666],"rotation":{"angle":-45,"axis":"y","origin":[12.25,8.7049,0.29582]},"faces":{"up":{"uv":[5.77778,8.88889,4.44444,10.22222],"rotation":270,"texture":"#3"},"down":{"uv":[4.44444,8.88889,5.77778,10.22222],"rotation":270,"texture":"#3"}}},{"from":[12.98114,8.6999,1.00217],"to":[15.55614,8.7099,4.00217],"rotation":{"angle":22.5,"axis":"y","origin":[12.25,8.7049,0.29582]},"faces":{"up":{"uv":[10.22222,6.66667,8.88889,8],"rotation":270,"texture":"#3"},"down":{"uv":[8.88889,6.66667,10.22222,8],"rotation":270,"texture":"#3"}}},{"from":[4.69817,7.9549,1.17919],"to":[6.69817,9.4549,3.17919],"rotation":{"angle":45,"axis":"y","origin":[3.75,8.7049,0.29582]},"faces":{"north":{"uv":[12.44444,7.55556,13.11111,6.66667],"rotation":90,"texture":"#3"},"east":{"uv":[10.88889,12.88889,10.22222,13.77778],"rotation":270,"texture":"#3"},"south":{"uv":[8.88889,13.77778,9.55556,12.88889],"rotation":270,"texture":"#3"},"west":{"uv":[12.22222,13.77778,11.55556,12.88889],"rotation":270,"texture":"#3"},"up":{"uv":[1.77778,13.33333,2.66667,12.44444],"rotation":270,"texture":"#3"},"down":{"uv":[4,13.33333,4.88889,12.44444],"rotation":270,"texture":"#3"}}},{"from":[4.68437,8.2049,-1.19055],"to":[6.18437,9.2049,-0.19055],"rotation":{"angle":22.5,"axis":"y","origin":[3.75,8.7049,0.29582]},"faces":{"north":{"uv":[14.22222,13.55556,14.66667,12.88889],"rotation":90,"texture":"#3"},"east":{"uv":[4.88889,8,4.44444,8.44444],"rotation":270,"texture":"#3"},"south":{"uv":[14.22222,14.88889,14.66667,14.22222],"rotation":270,"texture":"#3"},"west":{"uv":[5.77778,12.88889,5.33333,12.44444],"rotation":270,"texture":"#3"},"up":{"uv":[13.33333,14.88889,13.77778,14.22222],"rotation":270,"texture":"#3"},"down":{"uv":[14.66667,3.33333,15.11111,2.66667],"rotation":270,"texture":"#3"}}},{"from":[1.98014,8.2134,1.17009],"to":[3.98014,9.1964,2.42009],"rotation":{"angle":-22.5,"axis":"y","origin":[3.75,8.7049,0.29582]},"faces":{"north":{"uv":[6.22222,9.77778,6.66667,8.88889],"rotation":90,"texture":"#3"},"south":{"uv":[13.77778,7.11111,14.22222,6.22222],"rotation":270,"texture":"#3"},"west":{"uv":[15.55556,1.44444,15.11111,0.88889],"rotation":270,"texture":"#3"},"up":{"uv":[0.88889,14.66667,1.44444,13.77778],"rotation":270,"texture":"#3"},"down":{"uv":[13.77778,2.22222,14.33333,1.33333],"rotation":270,"texture":"#3"}}},{"from":[3.27554,8.2084,0.17032],"to":[4.77554,9.2014,2.17032],"rotation":{"angle":-45,"axis":"y","origin":[3.75,8.7049,0.29582]},"faces":{"east":{"uv":[14.66667,0,14.22222,0.88889],"rotation":270,"texture":"#3"},"south":{"uv":[3.11111,15.33333,3.55556,14.66667],"rotation":270,"texture":"#3"},"west":{"uv":[7.11111,15.11111,6.66667,14.22222],"rotation":270,"texture":"#3"},"up":{"uv":[12.88889,13.55556,13.77778,12.88889],"rotation":270,"texture":"#3"},"down":{"uv":[13.33333,3.33333,14.22222,2.66667],"rotation":270,"texture":"#3"}}},{"from":[3.68438,8.2049,-0.19055],"to":[5.68438,9.2049,1.30945],"rotation":{"angle":22.5,"axis":"y","origin":[3.75,8.7049,0.29582]},"faces":{"north":{"uv":[7.55556,15.11111,8,14.22222],"rotation":90,"texture":"#3"},"east":{"uv":[15.11111,4,14.66667,4.66667],"rotation":270,"texture":"#3"},"south":{"uv":[8.44444,15.11111,8.88889,14.22222],"rotation":270,"texture":"#3"},"west":{"uv":[5.33333,15.33333,4.88889,14.66667],"rotation":270,"texture":"#3"},"up":{"uv":[13.33333,4.88889,14,4],"rotation":270,"texture":"#3"},"down":{"uv":[5.33333,14.22222,6,13.33333],"rotation":270,"texture":"#3"}}},{"from":[1.22741,8.3299,0.6421],"to":[2.22741,9.0799,2.6421],"rotation":{"angle":22.5,"axis":"y","origin":[3.75,8.7049,0.29582]},"faces":{"east":{"uv":[6.11111,14.66667,5.77778,15.55556],"rotation":270,"texture":"#3"},"south":{"uv":[9.33333,15.55556,9.66667,15.11111],"rotation":270,"texture":"#3"},"west":{"uv":[15,7.11111,14.66667,6.22222],"rotation":270,"texture":"#3"},"up":{"uv":[13.77778,8,14.66667,7.55556],"rotation":270,"texture":"#3"},"down":{"uv":[9.33333,14.66667,10.22222,14.22222],"rotation":270,"texture":"#3"}}},{"from":[3.68438,8.6899,-2.69055],"to":[7.18438,8.7199,0.30945],"rotation":{"angle":22.5,"axis":"y","origin":[3.75,8.7049,0.29582]},"faces":{"up":{"uv":[8.44444,9.55556,7.11111,8],"rotation":270,"texture":"#3"},"down":{"uv":[7.11111,9.55556,8.44444,8],"rotation":270,"texture":"#3"}}},{"from":[1.83221,8.6949,-2.48834],"to":[4.83221,8.7149,0.28666],"rotation":{"angle":45,"axis":"y","origin":[3.75,8.7049,0.29582]},"faces":{"up":{"uv":[5.77778,10.22222,4.44444,8.88889],"rotation":270,"texture":"#3"},"down":{"uv":[4.44444,10.22222,5.77778,8.88889],"rotation":270,"texture":"#3"}}},{"from":[0.44386,8.6999,1.00217],"to":[3.01886,8.7099,4.00217],"rotation":{"angle":-22.5,"axis":"y","origin":[3.75,8.7049,0.29582]},"faces":{"up":{"uv":[10.22222,8,8.88889,6.66667],"rotation":270,"texture":"#3"},"down":{"uv":[8.88889,8,10.22222,6.66667],"rotation":270,"texture":"#3"}}},{"from":[7,7.5,0],"to":[9,8.5,10],"rotation":{"angle":0,"axis":"y","origin":[7,7.5,0]},"faces":{"north":{"uv":[10.66667,14.22222,11.55556,14.66667],"texture":"#3"},"east":{"uv":[8.44444,3.11111,12.88889,3.55556],"texture":"#3"},"south":{"uv":[14.22222,11.11111,15.11111,11.55556],"texture":"#3"},"west":{"uv":[8.44444,4,12.88889,4.44444],"texture":"#3"},"up":{"uv":[0.88889,10.66667,0,6.22222],"texture":"#3"},"down":{"uv":[2.22222,6.22222,1.33333,10.66667],"texture":"#3"}}},{"from":[7.25,5.6,11.65],"to":[8.75,6.6,14.65],"rotation":{"angle":45,"axis":"x","origin":[8,7,12.75]},"faces":{"east":{"uv":[13.33333,5.33333,14.66667,5.77778],"texture":"#3"},"south":{"uv":[0.88889,15.11111,1.55556,15.55556],"texture":"#3"},"west":{"uv":[6.66667,13.33333,8,13.77778],"texture":"#3"},"up":{"uv":[12.66667,10.66667,12,9.33333],"texture":"#3"},"down":{"uv":[12.66667,11.11111,12,12.44444],"texture":"#3"}}},{"from":[7.2535,4.66655,12.85355],"to":[8.7465,5.66655,18.10355],"rotation":{"angle":0,"axis":"y","origin":[8.0035,5.16655,14.60355]},"faces":{"east":{"uv":[12,8.44444,14.33333,8.88889],"texture":"#3"},"west":{"uv":[8.88889,12,11.22222,12.44444],"texture":"#3"},"up":{"uv":[6.88889,12.55556,6.22222,10.22222],"texture":"#3"},"down":{"uv":[8.22222,10.22222,7.55556,12.55556],"texture":"#3"}}},{"from":[7.25,6.5,0],"to":[8.75,7.5,10],"rotation":{"angle":0,"axis":"y","origin":[7,7.5,0]},"faces":{"north":{"uv":[15.11111,0,15.77778,0.44444],"texture":"#3"},"east":{"uv":[8.44444,4.88889,12.88889,5.33333],"texture":"#3"},"west":{"uv":[8.44444,5.77778,12.88889,6.22222],"texture":"#3"},"down":{"uv":[7.77778,3.11111,7.11111,7.55556],"texture":"#3"}}},{"from":[7.5,2.39878,9.16421],"to":[8.5,3.39878,12.16421],"rotation":{"angle":45,"axis":"x","origin":[8,2.89878,14.16421]},"faces":{"east":{"uv":[13.33333,9.33333,14.66667,9.77778],"texture":"#3"},"south":{"uv":[15.11111,5.33333,15.55556,5.77778],"texture":"#3"},"west":{"uv":[13.33333,10.22222,14.66667,10.66667],"texture":"#3"},"down":{"uv":[4.88889,6.22222,4.44444,7.55556],"texture":"#3"}}},{"from":[7.5035,3.95944,12.14645],"to":[8.4965,4.95944,17.89645],"rotation":{"angle":0,"axis":"y","origin":[8.0035,4.45944,14.39645]},"faces":{"east":{"uv":[10.66667,1.77778,13.22222,2.22222],"texture":"#3"},"west":{"uv":[0,11.55556,2.55556,12],"texture":"#3"},"down":{"uv":[3.55556,11.55556,3.11111,14.11111],"texture":"#3"}}},{"from":[7.625,3.3352,14.242],"to":[8.375,4.8352,17.242],"rotation":{"angle":22.5,"axis":"x","origin":[8,3.8352,15.992]},"faces":{"north":{"uv":[15.11111,7.55556,15.44444,8.22222],"texture":"#3"},"east":{"uv":[0,12.44444,1.33333,13.11111],"texture":"#3"},"south":{"uv":[15.11111,8.88889,15.44444,9.55556],"texture":"#3"},"west":{"uv":[12.44444,0,13.77778,0.66667],"texture":"#3"},"up":{"uv":[2.55556,15.11111,2.22222,13.77778],"texture":"#3"},"down":{"uv":[4.33333,13.77778,4,15.11111],"texture":"#3"}}},{"from":[6.75,6.475,9.25],"to":[9.25,9.475,12.25],"rotation":{"angle":-22.5,"axis":"x","origin":[8,8,11.5]},"faces":{"north":{"uv":[8.88889,10.22222,10,11.55556],"texture":"#3"},"east":{"uv":[8.88889,8.44444,10.22222,9.77778],"texture":"#3"},"south":{"uv":[10.66667,0,11.77778,1.33333],"texture":"#3"},"west":{"uv":[2.66667,9.77778,4,11.11111],"texture":"#3"},"up":{"uv":[5.55556,12,4.44444,10.66667],"texture":"#3"},"down":{"uv":[11.77778,6.66667,10.66667,8],"texture":"#3"}}},{"from":[7,2.97103,16.57282],"to":[9,5.97103,17.57282],"rotation":{"angle":22.5,"axis":"x","origin":[7,1.97103,16.57282]},"faces":{"north":{"uv":[10.66667,8.44444,11.55556,9.77778],"texture":"#3"},"east":{"uv":[13.33333,11.11111,13.77778,12.44444],"texture":"#3"},"south":{"uv":[10.66667,10.22222,11.55556,11.55556],"texture":"#3"},"west":{"uv":[0,13.77778,0.44444,15.11111],"texture":"#3"},"up":{"uv":[12.88889,14.66667,12,14.22222],"texture":"#3"},"down":{"uv":[15.11111,12,14.22222,12.44444],"texture":"#3"}}}],"gui_light":"front","display":{"thirdperson_righthand":{"translation":[0,1.5,0.25]},"thirdperson_lefthand":{"translation":[0,1.5,0.25]},"firstperson_righthand":{"rotation":[0,-19.5,0],"translation":[14,1.25,-1.25]},"firstperson_lefthand":{"rotation":[0,-19.5,0],"translation":[14,1.25,-1.25]},"ground":{"rotation":[20,0,0],"translation":[0,3,0],"scale":[0.7,0.7,0.7]},"gui":{"rotation":[90,45,0],"translation":[1.25,-1.25,0],"scale":[0.9,0.9,0.9]},"head":{"rotation":[20,0,0]},"fixed":{"rotation":[-102,0,0],"translation":[0,0,-6],"scale":[2,2,2]}},"USER":"42698","NONCE":"4a664068c9635e3a1b54c16de66e1394","TIMESTAMP":"1758817322","RESOURCE":"12255","MCMODELS":"1","mcmodels":"4a664068c9635e3a1b54c16de66e1394"}