{"credit":"Pologony Creation Co.,Ltd.","textures":{"1":"ender_dragonset:dragon_head","3":"ender_dragonset:animations/fire_eyes","6":"ender_dragonset:staff","particle":"#1"},"elements":[{"from":[7.25,19.75,5.5],"to":[8.75,22.25,8],"rotation":{"angle":45,"axis":"x","origin":[7.5,19.75,8]},"faces":{"north":{"uv":[8.8,1.2,9.4,2.2],"texture":"#6"},"east":{"uv":[4.8,0,5.8,1],"texture":"#6"},"south":{"uv":[8.8,2.8,9.4,3.8],"texture":"#6"},"west":{"uv":[4.8,1.6,5.8,2.6],"texture":"#6"},"up":{"uv":[3.8,9.8,3.2,8.8],"texture":"#6"},"down":{"uv":[5,8.8,4.4,9.8],"texture":"#6"}}},{"from":[7,20,5.75],"to":[9,22,7.75],"rotation":{"angle":45,"axis":"x","origin":[7.5,19.75,8]},"faces":{"north":{"uv":[0.8,6.8,1.6,7.6],"texture":"#6"},"east":{"uv":[2,7.2,2.8,8],"texture":"#6"},"south":{"uv":[7.6,0,8.4,0.8],"texture":"#6"},"west":{"uv":[7.6,1.2,8.4,2],"texture":"#6"},"up":{"uv":[8.4,3.2,7.6,2.4],"texture":"#6"},"down":{"uv":[4,7.6,3.2,8.4],"texture":"#6"}}},{"from":[3.65139,21.04092,7.55],"to":[5.65139,22.54092,8.55],"rotation":{"angle":45,"axis":"z","origin":[3.49067,22.82645,8.05]},"faces":{"north":{"uv":[10,4,10.8,4.6],"texture":"#6"},"east":{"uv":[12.4,8.4,12.8,9],"texture":"#6"},"south":{"uv":[10,2.8,10.8,3.4],"texture":"#6"},"west":{"uv":[8.8,12.4,9.2,13],"texture":"#6"},"up":{"uv":[8.4,10.4,8,9.6],"rotation":90,"texture":"#6"},"down":{"uv":[12,10.8,11.6,11.6],"rotation":270,"texture":"#6"}}},{"from":[3.81597,20.86566,7.5535],"to":[5.31597,22.86566,8.5465],"rotation":{"angle":-22.5,"axis":"z","origin":[3.49067,22.82645,8.05]},"faces":{"north":{"uv":[10,6.4,10.6,7.2],"texture":"#6"},"east":{"uv":[0,12,0.4,12.8],"texture":"#6"},"south":{"uv":[10,5.2,10.6,6],"texture":"#6"},"west":{"uv":[4.4,12,4.8,12.8],"texture":"#6"},"down":{"uv":[10,12.4,9.6,13],"rotation":270,"texture":"#6"}}},{"from":[2.42668,20.31641,7.5585],"to":[4.42668,21.56641,8.5415],"rotation":{"angle":0,"axis":"z","origin":[3.49067,22.82645,8.05]},"faces":{"north":{"uv":[8,10.8,8.8,11.3],"texture":"#6"},"south":{"uv":[4.8,10.8,5.6,11.3],"texture":"#6"},"west":{"uv":[2,12.8,2.4,13.3],"texture":"#6"},"up":{"uv":[5.6,12.8,5.2,12],"rotation":90,"texture":"#6"},"down":{"uv":[8.4,12,8,12.8],"rotation":270,"texture":"#6"}}},{"from":[4.65139,22.54091,7.55],"to":[6.15139,23.54091,8.55],"rotation":{"angle":45,"axis":"z","origin":[3.49067,22.82645,8.05]},"faces":{"north":{"uv":[10.4,12.4,11,12.8],"texture":"#6"},"east":{"uv":[1.2,3.6,1.6,4],"texture":"#6"},"south":{"uv":[12.4,9.6,13,10],"texture":"#6"},"west":{"uv":[2.4,9.6,2.8,10],"texture":"#6"},"up":{"uv":[12.8,11,12.4,10.4],"rotation":90,"texture":"#6"},"down":{"uv":[12.8,11.6,12.4,12.2],"rotation":270,"texture":"#6"}}},{"from":[7.29289,19.57843,8],"to":[8.29289,20.57843,9],"rotation":{"angle":45,"axis":"y","origin":[7.29289,19.57843,8]},"faces":{"north":{"uv":[12.4,12.8,12.8,13.2],"texture":"#6"},"east":{"uv":[0,13.2,0.4,13.6],"texture":"#6"},"south":{"uv":[13.2,0,13.6,0.4],"texture":"#6"},"west":{"uv":[3.6,13.2,4,13.6],"texture":"#6"}}},{"from":[3.90204,21.64897,8.035],"to":[7.40204,25.64897,8.065],"rotation":{"angle":45,"axis":"z","origin":[3.49067,22.82645,8.05]},"faces":{"north":{"uv":[0,0,1.4,1.6],"texture":"#6"},"south":{"uv":[1.4,0,0,1.6],"texture":"#6"}}},{"from":[1.04043,21.28663,8.04],"to":[4.74043,24.28663,8.06],"rotation":{"angle":-22.5,"axis":"z","origin":[3.49067,22.82645,8.05]},"faces":{"north":{"uv":[0,2,1.6,3.2],"texture":"#6"},"south":{"uv":[1.6,2,0,3.2],"texture":"#6"}}},{"from":[0.63768,19.09152,8.045],"to":[3.23768,22.34152,8.055],"rotation":{"angle":0,"axis":"z","origin":[3.49067,22.82645,8.05]},"faces":{"north":{"uv":[2,2.4,3.2,3.7],"texture":"#6"},"south":{"uv":[3.2,2.4,2,3.7],"texture":"#6"}}},{"from":[10.34861,21.04092,7.55],"to":[12.34861,22.54092,8.55],"rotation":{"angle":-45,"axis":"z","origin":[12.50933,22.82645,8.05]},"faces":{"north":{"uv":[10.8,4,10,4.6],"texture":"#6"},"east":{"uv":[9.2,12.4,8.8,13],"texture":"#6"},"south":{"uv":[10.8,2.8,10,3.4],"texture":"#6"},"west":{"uv":[12.8,8.4,12.4,9],"texture":"#6"},"up":{"uv":[8.4,9.6,8,10.4],"rotation":90,"texture":"#6"},"down":{"uv":[12,11.6,11.6,10.8],"rotation":270,"texture":"#6"}}},{"from":[10.68403,20.86566,7.5535],"to":[12.18403,22.86566,8.5465],"rotation":{"angle":22.5,"axis":"z","origin":[12.50933,22.82645,8.05]},"faces":{"north":{"uv":[10.6,6.4,10,7.2],"texture":"#6"},"east":{"uv":[4.8,12,4.4,12.8],"texture":"#6"},"south":{"uv":[10.6,5.2,10,6],"texture":"#6"},"west":{"uv":[0.4,12,0,12.8],"texture":"#6"},"down":{"uv":[10,13,9.6,12.4],"rotation":270,"texture":"#6"}}},{"from":[11.57332,20.31641,7.5585],"to":[13.57332,21.56641,8.5415],"rotation":{"angle":0,"axis":"z","origin":[12.50933,22.82645,8.05]},"faces":{"north":{"uv":[8.8,10.8,8,11.3],"texture":"#6"},"east":{"uv":[2.4,12.8,2,13.3],"texture":"#6"},"south":{"uv":[5.6,10.8,4.8,11.3],"texture":"#6"},"up":{"uv":[5.6,12,5.2,12.8],"rotation":90,"texture":"#6"},"down":{"uv":[8.4,12.8,8,12],"rotation":270,"texture":"#6"}}},{"from":[9.84861,22.54091,7.55],"to":[11.34861,23.54091,8.55],"rotation":{"angle":-45,"axis":"z","origin":[12.50933,22.82645,8.05]},"faces":{"north":{"uv":[11,12.4,10.4,12.8],"texture":"#6"},"east":{"uv":[2.8,9.6,2.4,10],"texture":"#6"},"south":{"uv":[13,9.6,12.4,10],"texture":"#6"},"west":{"uv":[1.6,3.6,1.2,4],"texture":"#6"},"up":{"uv":[12.8,10.4,12.4,11],"rotation":90,"texture":"#6"},"down":{"uv":[12.8,12.2,12.4,11.6],"rotation":270,"texture":"#6"}}},{"from":[8.59796,21.64897,8.035],"to":[12.09796,25.64897,8.065],"rotation":{"angle":-45,"axis":"z","origin":[12.50933,22.82645,8.05]},"faces":{"north":{"uv":[1.4,0,0,1.6],"texture":"#6"},"south":{"uv":[0,0,1.4,1.6],"texture":"#6"}}},{"from":[11.25957,21.28663,8.04],"to":[14.95957,24.28663,8.06],"rotation":{"angle":22.5,"axis":"z","origin":[12.50933,22.82645,8.05]},"faces":{"north":{"uv":[1.6,2,0,3.2],"texture":"#6"},"south":{"uv":[0,2,1.6,3.2],"texture":"#6"}}},{"from":[12.76232,19.09152,8.045],"to":[15.36232,22.34152,8.055],"rotation":{"angle":0,"axis":"z","origin":[12.50933,22.82645,8.05]},"faces":{"north":{"uv":[3.2,2.4,2,3.7],"texture":"#6"},"south":{"uv":[2,2.4,3.2,3.7],"texture":"#6"}}},{"from":[6.925,24.26415,2.90018],"to":[6.955,24.76415,5.25018],"rotation":{"angle":-22.5,"axis":"x","origin":[8,25.72994,5.525]},"faces":{"east":{"uv":[10.85714,6.85714,11.14286,8.14286],"rotation":270,"texture":"#1"},"west":{"uv":[11.14286,6.85714,10.85714,8.14286],"rotation":90,"texture":"#1"}}},{"from":[9.045,24.26415,2.90018],"to":[9.075,24.76415,5.25018],"rotation":{"angle":-22.5,"axis":"x","origin":[8,25.72994,5.525]},"faces":{"east":{"uv":[10.85714,6.85714,11.14286,8.14286],"rotation":270,"texture":"#1"},"west":{"uv":[11.14286,6.85714,10.85714,8.14286],"rotation":90,"texture":"#1"}}},{"from":[6.925,24.26415,2.90018],"to":[9.075,24.76415,2.93018],"rotation":{"angle":-22.5,"axis":"x","origin":[8,25.72994,5.525]},"faces":{"north":{"uv":[11.14286,1.71429,10.85714,3],"rotation":90,"texture":"#1"},"south":{"uv":[11.14286,1.71429,10.85714,3],"rotation":90,"texture":"#1"}}},{"from":[7.025,22.79451,5.87076],"to":[8.975,22.82451,6.37076],"rotation":{"angle":45,"axis":"x","origin":[8,25.72994,5.525]},"faces":{"up":{"uv":[11.71429,12.57143,11.42857,11.42857],"rotation":90,"texture":"#1"},"down":{"uv":[11.71429,11.42857,11.42857,12.57143],"rotation":270,"texture":"#1"}}},{"from":[7.025,22.79451,5.87077],"to":[7.055,25.14451,6.37077],"rotation":{"angle":45,"axis":"x","origin":[8,25.72994,5.525]},"faces":{"east":{"uv":[1.71429,10.85714,2,12.14286],"texture":"#1"},"west":{"uv":[2,10.85714,1.71429,12.14286],"texture":"#1"}}},{"from":[8.945,22.79451,5.87077],"to":[8.975,25.14451,6.37077],"rotation":{"angle":45,"axis":"x","origin":[8,25.72994,5.525]},"faces":{"east":{"uv":[1.71429,10.85714,2,12.14286],"texture":"#1"},"west":{"uv":[2,10.85714,1.71429,12.14286],"texture":"#1"}}},{"from":[7.625,22.02659,5.34488],"to":[8.375,22.77659,6.09488],"rotation":{"angle":0,"axis":"z","origin":[8,25.72994,5.525]},"faces":{"east":{"uv":[2.85714,12,3.28571,12.42857],"texture":"#1"},"south":{"uv":[12,3.42857,12.42857,3.85714],"texture":"#1"},"west":{"uv":[12,4.57143,12.42857,5],"texture":"#1"},"up":{"uv":[12.42857,6.14286,12,5.71429],"rotation":90,"texture":"#1"},"down":{"uv":[12.42857,6.85714,12,7.28571],"rotation":270,"texture":"#1"}}},{"from":[7.5,22.17303,6.04952],"to":[8.5,23.17303,6.79952],"rotation":{"angle":22.5,"axis":"x","origin":[8,25.72994,5.525]},"faces":{"east":{"uv":[0,12,0.42857,12.57143],"texture":"#1"},"south":{"uv":[11.42857,10.28571,12,10.85714],"texture":"#1"},"west":{"uv":[12,0,12.42857,0.57143],"texture":"#1"},"up":{"uv":[12.42857,1.71429,12,1.14286],"rotation":90,"texture":"#1"},"down":{"uv":[12.42857,2.28571,12,2.85714],"rotation":270,"texture":"#1"}}},{"from":[6.25,27.10593,4.55793],"to":[7.75,28.60593,6.05793],"rotation":{"angle":45,"axis":"x","origin":[8,25.72994,5.525]},"faces":{"north":{"uv":[9.42857,6.28571,8.57143,7.14286],"texture":"#1"},"east":{"uv":[9.42857,4.57143,8.57143,5.42857],"texture":"#1"},"south":{"uv":[0.85714,8.57143,0,9.42857],"texture":"#1"},"west":{"uv":[8.28571,8,7.42857,8.85714],"texture":"#1"},"up":{"uv":[10,0,9.14286,0.85714],"rotation":90,"texture":"#1"},"down":{"uv":[10,2.57143,9.14286,1.71429],"rotation":270,"texture":"#1"}}},{"from":[6.375,28.18306,5.81794],"to":[7.625,29.43306,7.06794],"rotation":{"angle":22.5,"axis":"x","origin":[8,25.72994,5.525]},"faces":{"north":{"uv":[8.14286,9.71429,7.42857,10.42857],"texture":"#1"},"east":{"uv":[6.42857,9.71429,5.71429,10.42857],"texture":"#1"},"south":{"uv":[4.71429,9.71429,4,10.42857],"texture":"#1"},"west":{"uv":[9.85714,9.14286,9.14286,9.85714],"texture":"#1"},"up":{"uv":[0.71429,10.28571,0,11],"rotation":90,"texture":"#1"}}},{"from":[6.5,28.55828,7.27504],"to":[7.5,29.55828,8.27504],"rotation":{"angle":0,"axis":"z","origin":[8,25.72994,5.525]},"faces":{"north":{"uv":[6.85714,11.42857,6.28571,12],"texture":"#1"},"east":{"uv":[5.71429,11.42857,5.14286,12],"texture":"#1"},"south":{"uv":[4.57143,11.42857,4,12],"texture":"#1"},"west":{"uv":[10.85714,10.85714,10.28571,11.42857],"texture":"#1"},"up":{"uv":[8,11.42857,7.42857,12],"rotation":90,"texture":"#1"}}},{"from":[8.5,28.55828,7.27504],"to":[9.5,29.55828,8.27504],"rotation":{"angle":0,"axis":"z","origin":[8,25.72994,5.525]},"faces":{"north":{"uv":[6.28571,11.42857,6.85714,12],"texture":"#1"},"east":{"uv":[10.28571,10.85714,10.85714,11.42857],"texture":"#1"},"south":{"uv":[4,11.42857,4.57143,12],"texture":"#1"},"west":{"uv":[5.14286,11.42857,5.71429,12],"texture":"#1"},"up":{"uv":[8,12,7.42857,11.42857],"rotation":90,"texture":"#1"}}},{"from":[8.375,28.18306,5.81794],"to":[9.625,29.43306,7.06794],"rotation":{"angle":22.5,"axis":"x","origin":[8,25.72994,5.525]},"faces":{"north":{"uv":[7.42857,9.71429,8.14286,10.42857],"texture":"#1"},"east":{"uv":[9.14286,9.14286,9.85714,9.85714],"texture":"#1"},"south":{"uv":[4,9.71429,4.71429,10.42857],"texture":"#1"},"west":{"uv":[5.71429,9.71429,6.42857,10.42857],"texture":"#1"},"up":{"uv":[0.71429,11,0,10.28571],"rotation":90,"texture":"#1"}}},{"from":[8.25,27.10593,4.55793],"to":[9.75,28.60593,6.05793],"rotation":{"angle":45,"axis":"x","origin":[8,25.72994,5.525]},"faces":{"north":{"uv":[8.57143,6.28571,9.42857,7.14286],"texture":"#1"},"east":{"uv":[7.42857,8,8.28571,8.85714],"texture":"#1"},"south":{"uv":[0,8.57143,0.85714,9.42857],"texture":"#1"},"west":{"uv":[8.57143,4.57143,9.42857,5.42857],"texture":"#1"},"up":{"uv":[10,0.85714,9.14286,0],"rotation":90,"texture":"#1"},"down":{"uv":[10,1.71429,9.14286,2.57143],"rotation":270,"texture":"#1"}}},{"from":[6.625,25.76415,4.75019],"to":[9.375,26.76415,7.75019],"rotation":{"angle":-22.5,"axis":"x","origin":[8,25.72994,5.525]},"faces":{"north":{"uv":[8,5.71429,7.42857,7.28571],"rotation":90,"texture":"#1"},"east":{"uv":[1.71429,6.85714,2.28571,8.57143],"rotation":270,"texture":"#1"},"south":{"uv":[5.71429,9,5.14286,7.42857],"rotation":90,"texture":"#1"},"west":{"uv":[6.85714,1.71429,7.42857,3.42857],"rotation":90,"texture":"#1"},"up":{"uv":[0,0,1.57143,1.71429],"rotation":180,"texture":"#1"}}},{"from":[6.625,23.76415,4.75019],"to":[9.375,25.76415,5.75019],"rotation":{"angle":-22.5,"axis":"x","origin":[8,25.72994,5.525]},"faces":{"north":{"uv":[5.14286,4.57143,4,6.14286],"rotation":90,"texture":"#1"},"east":{"uv":[9.14286,3.42857,10.28571,4],"rotation":270,"texture":"#1"},"west":{"uv":[9.14286,8,10.28571,8.57143],"rotation":90,"texture":"#1"},"down":{"uv":[2.85714,6.85714,4.42857,7.42857],"texture":"#1"}}},{"from":[6.375,23.76415,5.75019],"to":[9.625,25.76415,7.75019],"rotation":{"angle":-22.5,"axis":"x","origin":[8,25.72994,5.525]},"faces":{"north":{"uv":[1.14286,4,0,5.85714],"rotation":90,"texture":"#1"},"east":{"uv":[5.71429,5.71429,6.85714,6.85714],"rotation":270,"texture":"#1"},"south":{"uv":[4,3.57143,2.85714,1.71429],"rotation":90,"texture":"#1"},"west":{"uv":[0,6.85714,1.14286,8],"rotation":90,"texture":"#1"},"up":{"uv":[2.28571,0,4.14286,1.14286],"rotation":180,"texture":"#1"},"down":{"uv":[0,2.28571,1.85714,3.42857],"texture":"#1"}}},{"from":[6.875,22.64451,6.37077],"to":[9.125,25.14451,7.37077],"rotation":{"angle":45,"axis":"x","origin":[8,25.72994,5.525]},"faces":{"north":{"uv":[4.57143,1.71429,5.85714,3.14286],"texture":"#1"},"east":{"uv":[6.28571,7.42857,6.85714,8.85714],"texture":"#1"},"south":{"uv":[1.71429,4.57143,3,6],"texture":"#1"},"west":{"uv":[8,0,8.57143,1.42857],"texture":"#1"},"down":{"uv":[3.42857,8,2.85714,9.28571],"rotation":270,"texture":"#1"}}},{"from":[7.25,25.01415,2.50019],"to":[8.75,26.01415,3.50019],"rotation":{"angle":-22.5,"axis":"x","origin":[8,25.72994,5.525]},"faces":{"north":{"uv":[11.42857,0,10.85714,0.85714],"rotation":90,"texture":"#1"},"east":{"uv":[9.14286,10.85714,9.71429,11.42857],"rotation":270,"texture":"#1"},"south":{"uv":[3.42857,11.14286,2.85714,10.28571],"rotation":90,"texture":"#1"},"west":{"uv":[10.85714,9.14286,11.42857,9.71429],"rotation":90,"texture":"#1"},"up":{"uv":[10.28571,5.71429,11.14286,6.28571],"rotation":180,"texture":"#1"},"down":{"uv":[10.28571,4.57143,11.14286,5.14286],"texture":"#1"}}},{"from":[6.875,24.76415,2.75019],"to":[9.125,25.76415,4.75019],"rotation":{"angle":-22.5,"axis":"x","origin":[8,25.72994,5.525]},"faces":{"north":{"uv":[8.57143,2.28571,8,3.57143],"rotation":90,"texture":"#1"},"east":{"uv":[4,8,4.57143,9.14286],"rotation":270,"texture":"#1"},"west":{"uv":[1.71429,9.14286,2.28571,10.28571],"rotation":90,"texture":"#1"},"up":{"uv":[5.71429,4,7,5.14286],"rotation":180,"texture":"#1"},"down":{"uv":[5.14286,0,6.42857,1.14286],"texture":"#1"}}},{"from":[5.25,26.26314,4.50019],"to":[10.75,26.29314,7.00019],"rotation":{"angle":-22.5,"axis":"x","origin":[8,25.72994,5.525]},"faces":{"up":{"uv":[5,11,0,0],"rotation":90,"texture":"#3"},"down":{"uv":[5,0,0,11],"rotation":270,"texture":"#3"}}},{"from":[7.5,-4.24657,5.5],"to":[8.5,-2.99657,7.5],"rotation":{"angle":22.5,"axis":"x","origin":[6.5,-4.49657,4.5]},"faces":{"north":{"uv":[2.8,12.8,3.2,13.3],"texture":"#6"},"east":{"uv":[11.2,0,12,0.5],"texture":"#6"},"south":{"uv":[7.2,12.8,7.6,13.3],"texture":"#6"},"west":{"uv":[1.2,11.2,2,11.7],"texture":"#6"},"up":{"uv":[12,12.8,11.6,12],"texture":"#6"},"down":{"uv":[12.8,0,12.4,0.8],"texture":"#6"}}},{"from":[7.625,-5.80317,5.3227],"to":[8.375,-3.15317,6.4477],"rotation":{"angle":-22.5,"axis":"x","origin":[7.975,-3.60317,5.5602]},"faces":{"north":{"uv":[7.2,11.2,7.5,12.3],"texture":"#6"},"east":{"uv":[6.8,9.6,7.3,10.7],"texture":"#6"},"south":{"uv":[3.6,11.6,3.9,12.7],"texture":"#6"},"west":{"uv":[10,0,10.5,1.1],"texture":"#6"},"up":{"uv":[13.5,8.9,13.2,8.4],"texture":"#6"},"down":{"uv":[10.7,13.2,10.4,13.7],"texture":"#6"}}},{"from":[7.25,-5.74657,8],"to":[8.75,-3.74657,10],"rotation":{"angle":-45,"axis":"x","origin":[7.5,-5.74657,8]},"faces":{"north":{"uv":[10,7.6,10.6,8.4],"texture":"#6"},"east":{"uv":[7.6,3.6,8.4,4.4],"texture":"#6"},"south":{"uv":[10,8.8,10.6,9.6],"texture":"#6"},"west":{"uv":[7.6,4.8,8.4,5.6],"texture":"#6"},"up":{"uv":[10.6,10.8,10,10],"texture":"#6"},"down":{"uv":[3,10.4,2.4,11.2],"texture":"#6"}}},{"from":[7.75,-6.74657,8],"to":[8.25,-4.74657,10],"rotation":{"angle":-45,"axis":"x","origin":[7.5,-6.74657,8]},"faces":{"north":{"uv":[4.4,13.2,4.6,14],"texture":"#6"},"east":{"uv":[7.6,6,8.4,6.8],"texture":"#6"},"west":{"uv":[7.6,7.2,8.4,8],"texture":"#6"},"down":{"uv":[5.4,13.2,5.2,14],"texture":"#6"}}},{"from":[7.11612,5.50343,7.92678],"to":[8.61612,6.00343,9.42678],"rotation":{"angle":45,"axis":"y","origin":[7.11612,5.50343,8.17678]},"faces":{"north":{"uv":[13.2,10.4,13.8,10.6],"texture":"#6"},"east":{"uv":[11.2,13.2,11.8,13.4],"texture":"#6"},"south":{"uv":[13.2,11.2,13.8,11.4],"texture":"#6"},"west":{"uv":[13.2,12,13.8,12.2],"texture":"#6"},"up":{"uv":[11.8,4.2,11.2,3.6],"texture":"#6"},"down":{"uv":[11.8,4.8,11.2,5.4],"texture":"#6"}}},{"from":[7.11612,10.00343,7.92678],"to":[8.61612,10.50343,9.42678],"rotation":{"angle":45,"axis":"y","origin":[7.11612,4.00343,8.17678]},"faces":{"north":{"uv":[13.2,12.8,13.8,13],"texture":"#6"},"east":{"uv":[0.8,13.6,1.4,13.8],"texture":"#6"},"south":{"uv":[13.6,0.8,14.2,1],"texture":"#6"},"west":{"uv":[13.6,1.6,14.2,1.8],"texture":"#6"},"up":{"uv":[6.6,11.8,6,11.2],"texture":"#6"},"down":{"uv":[11.8,6,11.2,6.6],"texture":"#6"}}},{"from":[7.11612,7.75343,8],"to":[8.36612,8.25343,9.25],"rotation":{"angle":45,"axis":"y","origin":[7.11612,4.75343,8]},"faces":{"north":{"uv":[8.8,13.6,9.3,13.8],"texture":"#6"},"east":{"uv":[13.6,9.6,14.1,9.8],"texture":"#6"},"south":{"uv":[12.4,13.6,12.9,13.8],"texture":"#6"},"west":{"uv":[13.6,13.6,14.1,13.8],"texture":"#6"},"up":{"uv":[12.9,1.7,12.4,1.2],"texture":"#6"},"down":{"uv":[12.9,2.4,12.4,2.9],"texture":"#6"}}},{"from":[7.29289,5.00343,8],"to":[8.29289,11.00343,9],"rotation":{"angle":45,"axis":"y","origin":[7.29289,4.50343,8]},"faces":{"north":{"uv":[2.4,4.4,2.8,6.8],"texture":"#6"},"east":{"uv":[3.2,4.8,3.6,7.2],"texture":"#6"},"south":{"uv":[4.8,3.2,5.2,5.6],"texture":"#6"},"west":{"uv":[4,4.8,4.4,7.2],"texture":"#6"}}},{"from":[7.11612,-3.24657,7.92678],"to":[8.61612,-2.74657,9.42678],"rotation":{"angle":45,"axis":"y","origin":[7.11612,-3.24657,8.17678]},"faces":{"north":{"uv":[13.6,5.6,14.2,5.8],"texture":"#6"},"east":{"uv":[6,13.6,6.6,13.8],"texture":"#6"},"south":{"uv":[13.6,6.4,14.2,6.6],"texture":"#6"},"west":{"uv":[13.6,7.2,14.2,7.4],"texture":"#6"},"up":{"uv":[11,11.8,10.4,11.2],"texture":"#6"},"down":{"uv":[3,11.6,2.4,12.2],"texture":"#6"}}},{"from":[7.11612,1.25343,7.92678],"to":[8.61612,1.75343,9.42678],"rotation":{"angle":45,"axis":"y","origin":[7.11612,-4.74657,8.17678]},"faces":{"north":{"uv":[13.6,2.4,14.2,2.6],"texture":"#6"},"east":{"uv":[13.6,3.2,14.2,3.4],"texture":"#6"},"south":{"uv":[13.6,4,14.2,4.2],"texture":"#6"},"west":{"uv":[13.6,4.8,14.2,5],"texture":"#6"},"up":{"uv":[9.8,11.8,9.2,11.2],"texture":"#6"},"down":{"uv":[11.8,9.6,11.2,10.2],"texture":"#6"}}},{"from":[7.11612,-0.99657,8],"to":[8.36612,-0.49657,9.25],"rotation":{"angle":45,"axis":"y","origin":[7.11612,-3.99657,8]},"faces":{"north":{"uv":[14,0,14.5,0.2],"texture":"#6"},"east":{"uv":[2,14,2.5,14.2],"texture":"#6"},"south":{"uv":[3.2,14,3.7,14.2],"texture":"#6"},"west":{"uv":[7.2,14,7.7,14.2],"texture":"#6"},"up":{"uv":[12.9,6.5,12.4,6],"texture":"#6"},"down":{"uv":[12.9,7.2,12.4,7.7],"texture":"#6"}}},{"from":[7.29289,-3.74657,8],"to":[8.29289,2.25343,9],"rotation":{"angle":45,"axis":"y","origin":[7.29289,-4.24657,8]},"faces":{"north":{"uv":[5.6,3.2,6,5.6],"texture":"#6"},"east":{"uv":[0,6,0.4,8.4],"texture":"#6"},"south":{"uv":[4.8,6,5.2,8.4],"texture":"#6"},"west":{"uv":[5.6,6,6,8.4],"texture":"#6"},"down":{"uv":[8.4,13.2,8,13.6],"texture":"#6"}}},{"from":[7.985,-7.51749,5.83435],"to":[8.015,-2.76749,8.08435],"rotation":{"angle":-22.5,"axis":"x","origin":[7.985,-6.76749,4.58435]},"faces":{"east":{"uv":[2.9,0,2,1.9],"texture":"#6"},"west":{"uv":[2,0,2.9,1.9],"texture":"#6"}}},{"from":[7.5,-4.24657,8.5],"to":[8.5,-2.99657,10.5],"rotation":{"angle":-22.5,"axis":"x","origin":[6.5,-4.49657,11.5]},"faces":{"north":{"uv":[7.6,12.8,7.2,13.3],"texture":"#6"},"east":{"uv":[12,0,11.2,0.5],"texture":"#6"},"south":{"uv":[3.2,12.8,2.8,13.3],"texture":"#6"},"west":{"uv":[2,11.2,1.2,11.7],"texture":"#6"},"up":{"uv":[12,12,11.6,12.8],"texture":"#6"},"down":{"uv":[12.8,0.8,12.4,0],"texture":"#6"}}},{"from":[7.625,-5.80317,9.5523],"to":[8.375,-3.15317,10.6773],"rotation":{"angle":22.5,"axis":"x","origin":[7.975,-3.60317,10.4398]},"faces":{"north":{"uv":[3.9,11.6,3.6,12.7],"texture":"#6"},"east":{"uv":[7.3,9.6,6.8,10.7],"texture":"#6"},"south":{"uv":[7.5,11.2,7.2,12.3],"texture":"#6"},"west":{"uv":[10.5,0,10,1.1],"texture":"#6"},"up":{"uv":[13.5,8.4,13.2,8.9],"texture":"#6"},"down":{"uv":[10.7,13.7,10.4,13.2],"texture":"#6"}}},{"from":[7.985,-7.51749,7.91565],"to":[8.015,-2.76749,10.16565],"rotation":{"angle":22.5,"axis":"x","origin":[7.985,-6.76749,11.41565]},"faces":{"east":{"uv":[2,0,2.9,1.9],"texture":"#6"},"west":{"uv":[2.9,0,2,1.9],"texture":"#6"}}},{"from":[7.04289,14.57843,7.75],"to":[8.54289,19.57843,9.25],"rotation":{"angle":45,"axis":"y","origin":[7.29289,16.82843,8]},"faces":{"north":{"uv":[0,3.6,0.6,5.6],"texture":"#6"},"east":{"uv":[3.6,0,4.2,2],"texture":"#6"},"south":{"uv":[3.6,2.4,4.2,4.4],"texture":"#6"},"west":{"uv":[1.2,4.4,1.8,6.4],"texture":"#6"},"up":{"uv":[11.8,7.8,11.2,7.2],"texture":"#6"},"down":{"uv":[11.8,8.4,11.2,9],"texture":"#6"}}},{"from":[7.29289,2.25343,7.92678],"to":[8.54289,5.00343,9.17678],"rotation":{"angle":45,"axis":"y","origin":[7.29289,4.00343,8.17678]},"faces":{"north":{"uv":[0,9.2,0.5,10.3],"texture":"#6"},"east":{"uv":[5.6,9.2,6.1,10.3],"texture":"#6"},"south":{"uv":[8.8,9.2,9.3,10.3],"texture":"#6"},"west":{"uv":[1.2,9.6,1.7,10.7],"texture":"#6"},"up":{"uv":[12.9,4.1,12.4,3.6],"texture":"#6"},"down":{"uv":[12.9,4.8,12.4,5.3],"texture":"#6"}}},{"from":[7.29289,11.00343,7.92678],"to":[8.54289,14.57843,9.17678],"rotation":{"angle":45,"axis":"y","origin":[7.29289,14.07843,8.17678]},"faces":{"north":{"uv":[6.4,0,6.9,1.4],"texture":"#6"},"east":{"uv":[6.4,2,6.9,3.4],"texture":"#6"},"south":{"uv":[6.4,4,6.9,5.4],"texture":"#6"},"west":{"uv":[6.4,6,6.9,7.4],"texture":"#6"},"down":{"uv":[6.5,12.4,6,12.9],"texture":"#6"}}},{"from":[7,24.16757,6.29272],"to":[9,26.16757,8.29272],"rotation":{"angle":22.5,"axis":"x","origin":[7,22.91757,7.54272]},"faces":{"east":{"uv":[0.8,8,1.6,8.8],"texture":"#6"},"south":{"uv":[6.4,8,7.2,8.8],"texture":"#6"},"west":{"uv":[2,8.4,2.8,9.2],"texture":"#6"},"up":{"uv":[8.4,9.2,7.6,8.4],"texture":"#6"},"down":{"uv":[9.6,0,8.8,0.8],"texture":"#6"}}},{"from":[7.125,23.25006,8.10338],"to":[8.875,25.25006,9.85338],"rotation":{"angle":-22.5,"axis":"x","origin":[8.125,24.25006,8.75338]},"faces":{"north":{"uv":[8.8,4.4,9.5,5.2],"texture":"#6"},"east":{"uv":[8.8,5.6,9.5,6.4],"texture":"#6"},"south":{"uv":[8.8,6.8,9.5,7.6],"texture":"#6"},"west":{"uv":[8.8,8,9.5,8.8],"texture":"#6"},"down":{"uv":[10.7,1.6,10,2.3],"texture":"#6"}}},{"from":[7.375,22.8528,8.44378],"to":[8.625,24.8528,9.94378],"rotation":{"angle":22.5,"axis":"x","origin":[7.875,24.1528,7.19378]},"faces":{"north":{"uv":[11.2,1.2,11.7,2],"texture":"#6"},"east":{"uv":[3.6,10.4,4.2,11.2],"texture":"#6"},"south":{"uv":[11.2,2.4,11.7,3.2],"texture":"#6"},"west":{"uv":[0,10.8,0.6,11.6],"texture":"#6"},"down":{"uv":[1.3,12.4,0.8,13],"texture":"#6"}}}],"gui_light":"front","display":{"thirdperson_righthand":{"translation":[0,-2,0.75]},"thirdperson_lefthand":{"translation":[0,-2,0.75]},"firstperson_righthand":{"rotation":[-5,180,0],"translation":[5.25,-4.75,-1.25],"scale":[0.8,0.8,0.8]},"firstperson_lefthand":{"rotation":[-5,180,0],"translation":[5.25,-4.75,-1.25],"scale":[0.8,0.8,0.8]},"ground":{"rotation":[45,0,0],"translation":[0,3,0],"scale":[0.7,0.7,0.7]},"gui":{"rotation":[-90,45,90],"translation":[1.5,-1.5,0],"scale":[0.6,0.6,0.6]},"fixed":{"translation":[0,0,-1.5],"scale":[2,2,2]}},"mcmodels":"4a664068c9635e3a1b54c16de66e1394"}