{"credit":"Pologony Creation Co.,Ltd.","textures":{"1":"ender_dragonset:animations/fire_eyes","3":"ender_dragonset:dragon_head","5":"ender_dragonset:trident","particle":"ender_dragonset:trident"},"elements":[{"from":[7.5,-4.24657,5.5],"to":[8.5,-2.99657,7.5],"rotation":{"angle":22.5,"axis":"x","origin":[6.5,-4.49657,4.5]},"faces":{"north":{"uv":[12.4,6.4,12.8,6.9],"texture":"#5"},"east":{"uv":[10,9.2,10.8,9.7],"texture":"#5"},"south":{"uv":[12.4,7.6,12.8,8.1],"texture":"#5"},"west":{"uv":[10.4,0,11.2,0.5],"texture":"#5"},"up":{"uv":[4.4,3.2,4,2.4],"texture":"#5"},"down":{"uv":[1.2,11.6,0.8,12.4],"texture":"#5"}}},{"from":[7.625,-5.80317,5.3227],"to":[8.375,-3.15317,6.4477],"rotation":{"angle":-22.5,"axis":"x","origin":[7.975,-3.60317,5.5602]},"faces":{"north":{"uv":[11.2,10,11.5,11.1],"texture":"#5"},"east":{"uv":[3.2,8.8,3.7,9.9],"texture":"#5"},"south":{"uv":[11.6,0,11.9,1.1],"texture":"#5"},"west":{"uv":[8.8,6,9.3,7.1],"texture":"#5"},"up":{"uv":[13.5,0.5,13.2,0],"texture":"#5"},"down":{"uv":[13.5,1.2,13.2,1.7],"texture":"#5"}}},{"from":[7.25,-5.74657,8],"to":[8.75,-3.74657,10],"rotation":{"angle":-45,"axis":"x","origin":[7.5,-5.74657,8]},"faces":{"north":{"uv":[8.8,9.2,9.4,10],"texture":"#5"},"east":{"uv":[7.2,4,8,4.8],"texture":"#5"},"south":{"uv":[9.6,3.2,10.2,4],"texture":"#5"},"west":{"uv":[7.2,5.2,8,6],"texture":"#5"},"up":{"uv":[10.2,5.2,9.6,4.4],"texture":"#5"},"down":{"uv":[5,10,4.4,10.8],"texture":"#5"}}},{"from":[7.75,-6.74657,8],"to":[8.25,-4.74657,10],"rotation":{"angle":-45,"axis":"x","origin":[7.5,-6.74657,8]},"faces":{"north":{"uv":[5.6,12.8,5.8,13.6],"texture":"#5"},"east":{"uv":[6.4,7.2,7.2,8],"texture":"#5"},"west":{"uv":[7.6,6.4,8.4,7.2],"texture":"#5"},"down":{"uv":[7.4,12.8,7.2,13.6],"texture":"#5"}}},{"from":[7.11612,5.50343,7.92678],"to":[8.61612,6.00343,9.42678],"rotation":{"angle":45,"axis":"y","origin":[7.11612,5.50343,8.17678]},"faces":{"north":{"uv":[13.2,2.4,13.8,2.6],"texture":"#5"},"east":{"uv":[13.2,3.2,13.8,3.4],"texture":"#5"},"south":{"uv":[13.2,4,13.8,4.2],"texture":"#5"},"west":{"uv":[13.2,4.8,13.8,5],"texture":"#5"},"up":{"uv":[2.6,11,2,10.4],"texture":"#5"},"down":{"uv":[3.8,10.4,3.2,11],"texture":"#5"}}},{"from":[7.11612,10.00343,7.92678],"to":[8.61612,10.50343,9.42678],"rotation":{"angle":45,"axis":"y","origin":[7.11612,4.00343,8.17678]},"faces":{"north":{"uv":[13.2,5.6,13.8,5.8],"texture":"#5"},"east":{"uv":[13.2,6.4,13.8,6.6],"texture":"#5"},"south":{"uv":[13.2,7.2,13.8,7.4],"texture":"#5"},"west":{"uv":[13.2,8,13.8,8.2],"texture":"#5"},"up":{"uv":[8.2,11,7.6,10.4],"texture":"#5"},"down":{"uv":[9.4,10.4,8.8,11],"texture":"#5"}}},{"from":[7.11612,7.75343,8],"to":[8.36612,8.25343,9.25],"rotation":{"angle":45,"axis":"y","origin":[7.11612,4.75343,8]},"faces":{"north":{"uv":[13.6,11.2,14.1,11.4],"texture":"#5"},"east":{"uv":[11.6,13.6,12.1,13.8],"texture":"#5"},"south":{"uv":[13.6,12,14.1,12.2],"texture":"#5"},"west":{"uv":[0,14,0.5,14.2],"texture":"#5"},"up":{"uv":[9.7,12.1,9.2,11.6],"texture":"#5"},"down":{"uv":[10.9,11.6,10.4,12.1],"texture":"#5"}}},{"from":[7.29289,5.00343,8],"to":[8.29289,11.00343,9],"rotation":{"angle":45,"axis":"y","origin":[7.29289,4.50343,8]},"faces":{"north":{"uv":[1.2,4,1.6,6.4],"texture":"#5"},"east":{"uv":[6,1.6,6.4,4],"texture":"#5"},"south":{"uv":[2,6,2.4,8.4],"texture":"#5"},"west":{"uv":[2.8,6,3.2,8.4],"texture":"#5"},"up":{"uv":[5.6,2,5.2,1.6],"texture":"#5"},"down":{"uv":[4.8,9.2,4.4,9.6],"texture":"#5"}}},{"from":[7.11612,-3.24657,7.92678],"to":[8.61612,-2.74657,9.42678],"rotation":{"angle":45,"axis":"y","origin":[7.11612,-3.24657,8.17678]},"faces":{"north":{"uv":[4,13.6,4.6,13.8],"texture":"#5"},"east":{"uv":[8,13.6,8.6,13.8],"texture":"#5"},"south":{"uv":[9.2,13.6,9.8,13.8],"texture":"#5"},"west":{"uv":[10.4,13.6,11,13.8],"texture":"#5"},"up":{"uv":[11.8,8.2,11.2,7.6],"texture":"#5"},"down":{"uv":[11.8,8.8,11.2,9.4],"texture":"#5"}}},{"from":[7.11612,1.25343,7.92678],"to":[8.61612,1.75343,9.42678],"rotation":{"angle":45,"axis":"y","origin":[7.11612,-4.74657,8.17678]},"faces":{"north":{"uv":[13.2,8.8,13.8,9],"texture":"#5"},"east":{"uv":[13.2,9.6,13.8,9.8],"texture":"#5"},"south":{"uv":[13.2,10.4,13.8,10.6],"texture":"#5"},"west":{"uv":[12.8,13.2,13.4,13.4],"texture":"#5"},"up":{"uv":[7,11.8,6.4,11.2],"texture":"#5"},"down":{"uv":[11.8,6.4,11.2,7],"texture":"#5"}}},{"from":[7.11612,-0.99657,8],"to":[8.36612,-0.49657,9.25],"rotation":{"angle":45,"axis":"y","origin":[7.11612,-3.99657,8]},"faces":{"north":{"uv":[14,0,14.5,0.2],"texture":"#5"},"east":{"uv":[14,0.8,14.5,1],"texture":"#5"},"south":{"uv":[1.2,14,1.7,14.2],"texture":"#5"},"west":{"uv":[14,1.6,14.5,1.8],"texture":"#5"},"up":{"uv":[12.5,4.5,12,4],"texture":"#5"},"down":{"uv":[12.5,5.2,12,5.7],"texture":"#5"}}},{"from":[7.29289,-3.74657,8],"to":[8.29289,2.25343,9],"rotation":{"angle":45,"axis":"y","origin":[7.29289,-4.24657,8]},"faces":{"north":{"uv":[3.6,6,4,8.4],"texture":"#5"},"east":{"uv":[0,6.4,0.4,8.8],"texture":"#5"},"south":{"uv":[4.4,6.4,4.8,8.8],"texture":"#5"},"west":{"uv":[6.4,4.4,6.8,6.8],"texture":"#5"},"up":{"uv":[11.6,13.2,11.2,12.8],"texture":"#5"},"down":{"uv":[13.2,11.6,12.8,12],"texture":"#5"}}},{"from":[7.25,19.75,5.5],"to":[8.75,22.25,8],"rotation":{"angle":45,"axis":"x","origin":[7.5,19.75,8]},"faces":{"north":{"uv":[5.2,8.4,5.8,9.4],"texture":"#5"},"east":{"uv":[4.8,4.8,5.8,5.8],"texture":"#5"},"south":{"uv":[6.4,8.4,7,9.4],"texture":"#5"},"west":{"uv":[5.2,0,6.2,1],"texture":"#5"},"up":{"uv":[1.4,9.8,0.8,8.8],"texture":"#5"},"down":{"uv":[2.6,8.8,2,9.8],"texture":"#5"}}},{"from":[7,20,5.75],"to":[9,22,7.75],"rotation":{"angle":45,"axis":"x","origin":[7.5,19.75,8]},"faces":{"north":{"uv":[7.6,7.6,8.4,8.4],"texture":"#5"},"east":{"uv":[8,0,8.8,0.8],"texture":"#5"},"south":{"uv":[8,1.2,8.8,2],"texture":"#5"},"west":{"uv":[8,2.4,8.8,3.2],"texture":"#5"},"up":{"uv":[9.2,4.4,8.4,3.6],"texture":"#5"},"down":{"uv":[9.2,4.8,8.4,5.6],"texture":"#5"}}},{"from":[7.985,-7.51749,5.83435],"to":[8.015,-2.76749,8.08435],"rotation":{"angle":-22.5,"axis":"x","origin":[7.985,-6.76749,4.58435]},"faces":{"east":{"uv":[2.9,3.6,2,5.5],"texture":"#5"},"west":{"uv":[2,3.6,2.9,5.5],"texture":"#5"}}},{"from":[7.5,-4.24657,8.5],"to":[8.5,-2.99657,10.5],"rotation":{"angle":-22.5,"axis":"x","origin":[6.5,-4.49657,11.5]},"faces":{"north":{"uv":[12.8,7.6,12.4,8.1],"texture":"#5"},"east":{"uv":[10.8,9.2,10,9.7],"texture":"#5"},"south":{"uv":[12.8,6.4,12.4,6.9],"texture":"#5"},"west":{"uv":[11.2,0,10.4,0.5],"texture":"#5"},"up":{"uv":[4.4,2.4,4,3.2],"texture":"#5"},"down":{"uv":[1.2,12.4,0.8,11.6],"texture":"#5"}}},{"from":[7.625,-5.80317,9.5523],"to":[8.375,-3.15317,10.6773],"rotation":{"angle":22.5,"axis":"x","origin":[7.975,-3.60317,10.4398]},"faces":{"north":{"uv":[11.9,0,11.6,1.1],"texture":"#5"},"east":{"uv":[3.7,8.8,3.2,9.9],"texture":"#5"},"south":{"uv":[11.5,10,11.2,11.1],"texture":"#5"},"west":{"uv":[9.3,6,8.8,7.1],"texture":"#5"},"up":{"uv":[13.5,0,13.2,0.5],"texture":"#5"},"down":{"uv":[13.5,1.7,13.2,1.2],"texture":"#5"}}},{"from":[7.985,-7.51749,7.91565],"to":[8.015,-2.76749,10.16565],"rotation":{"angle":22.5,"axis":"x","origin":[7.985,-6.76749,11.41565]},"faces":{"east":{"uv":[2,3.6,2.9,5.5],"texture":"#5"},"west":{"uv":[2.9,3.6,2,5.5],"texture":"#5"}}},{"from":[7.04289,14.57843,7.75],"to":[8.54289,19.57843,9.25],"rotation":{"angle":45,"axis":"y","origin":[7.29289,16.82843,8]},"faces":{"north":{"uv":[3.6,3.6,4.2,5.6],"texture":"#5"},"east":{"uv":[0,4,0.6,6],"texture":"#5"},"south":{"uv":[4,0,4.6,2],"texture":"#5"},"west":{"uv":[4.8,2.4,5.4,4.4],"texture":"#5"},"up":{"uv":[10.6,11,10,10.4],"texture":"#5"},"down":{"uv":[11.4,2.4,10.8,3],"texture":"#5"}}},{"from":[7.29289,19.57843,8],"to":[8.29289,20.57843,9],"rotation":{"angle":45,"axis":"y","origin":[7.29289,19.57843,8]},"faces":{"north":{"uv":[8,12.8,8.4,13.2],"texture":"#5"},"east":{"uv":[8.8,12.8,9.2,13.2],"texture":"#5"},"south":{"uv":[9.6,12.8,10,13.2],"texture":"#5"},"west":{"uv":[10.4,12.8,10.8,13.2],"texture":"#5"}}},{"from":[7.5085,21.29765,5.56699],"to":[8.4915,23.29765,6.81699],"rotation":{"angle":-45,"axis":"x","origin":[8,21.36919,4.75375]},"faces":{"north":{"uv":[8,12.4,7.6,11.6],"rotation":180,"texture":"#5"},"east":{"uv":[0.8,10.4,1.6,10.9],"rotation":90,"texture":"#5"},"south":{"uv":[8.8,11.6,8.4,12.4],"texture":"#5"},"west":{"uv":[10.4,1.2,11.2,1.7],"rotation":270,"texture":"#5"},"up":{"uv":[12.4,8.8,12.8,9.3],"texture":"#5"}}},{"from":[7.5035,21.248,4.10941],"to":[8.4965,23.248,5.60941],"rotation":{"angle":22.5,"axis":"x","origin":[8,21.36919,4.75375]},"faces":{"north":{"uv":[3.6,12.4,3.2,11.6],"rotation":180,"texture":"#5"},"east":{"uv":[10,6.8,10.8,7.4],"rotation":90,"texture":"#5"},"south":{"uv":[6,11.6,5.6,12.4],"texture":"#5"},"west":{"uv":[10,8,10.8,8.6],"rotation":270,"texture":"#5"},"up":{"uv":[6.4,12.4,6.8,13],"texture":"#5"}}},{"from":[7.5,19.73912,4.21244],"to":[8.5,21.73912,5.71244],"rotation":{"angle":-22.5,"axis":"x","origin":[8,21.36919,4.75375]},"faces":{"north":{"uv":[2,12.4,1.6,11.6],"rotation":180,"texture":"#5"},"east":{"uv":[10,5.6,10.8,6.2],"rotation":90,"texture":"#5"},"south":{"uv":[2.8,11.6,2.4,12.4],"texture":"#5"},"west":{"uv":[6.4,10,7.2,10.6],"rotation":270,"texture":"#5"},"up":{"uv":[4.8,12.4,5.2,13],"texture":"#5"},"down":{"uv":[4,12.4,4.4,13],"rotation":180,"texture":"#5"}}},{"from":[7.5,19.23912,3.21244],"to":[8.5,20.73912,4.21244],"rotation":{"angle":-22.5,"axis":"x","origin":[8,21.36919,4.75375]},"faces":{"north":{"uv":[0.4,13,0,12.4],"rotation":180,"texture":"#5"},"east":{"uv":[12,10,12.6,10.4],"rotation":90,"texture":"#5"},"south":{"uv":[12.8,0,12.4,0.6],"texture":"#5"},"west":{"uv":[12,10.8,12.6,11.2],"rotation":270,"texture":"#5"},"up":{"uv":[12.8,12.4,13.2,12.8],"texture":"#5"},"down":{"uv":[12,12.8,12.4,13.2],"rotation":180,"texture":"#5"}}},{"from":[7.625,23.5,8.25],"to":[8.375,25,9.75],"rotation":{"angle":-45,"axis":"x","origin":[7.625,23.25,8]},"faces":{"north":{"uv":[0.8,12.8,1.1,13.4],"texture":"#5"},"east":{"uv":[10.8,3.6,11.4,4.2],"texture":"#5"},"south":{"uv":[1.6,12.8,1.9,13.4],"texture":"#5"},"west":{"uv":[4.4,11.2,5,11.8],"texture":"#5"},"up":{"uv":[2.7,13.4,2.4,12.8],"texture":"#5"},"down":{"uv":[3.5,12.8,3.2,13.4],"texture":"#5"}}},{"from":[7.625,27.05861,8.25205],"to":[8.375,27.76861,8.96205],"rotation":{"angle":-45,"axis":"x","origin":[8.375,26.80861,8.00205]},"faces":{"north":{"uv":[6.4,13.6,6.7,13.9],"texture":"#5"},"east":{"uv":[2.4,14,2.7,14.3],"texture":"#5"},"south":{"uv":[3.2,14,3.5,14.3],"texture":"#5"},"west":{"uv":[5.2,14,5.5,14.3],"texture":"#5"},"up":{"uv":[7.5,14.3,7.2,14],"texture":"#5"},"down":{"uv":[13.1,14,12.8,14.3],"texture":"#5"}}},{"from":[7.63,24.66421,7.5],"to":[8.37,27.66421,8.5],"rotation":{"angle":0,"axis":"y","origin":[8.005,25.66421,8]},"faces":{"north":{"uv":[0,10.8,0.3,12],"texture":"#5"},"east":{"uv":[0,9.2,0.4,10.4],"texture":"#5"},"south":{"uv":[11.2,4.8,11.5,6],"texture":"#5"},"west":{"uv":[5.6,10,6,11.2],"texture":"#5"}}},{"from":[7.985,24.66421,6.125],"to":[8.015,32,9.875],"rotation":{"angle":0,"axis":"y","origin":[7.985,24.66421,7.125]},"faces":{"east":{"uv":[3.5,0,2,2.9],"texture":"#5"},"west":{"uv":[2,0,3.5,2.9],"texture":"#5"}}},{"from":[4.1695,21.43805,5.25],"to":[6.6695,21.46805,10.75],"rotation":{"angle":45,"axis":"z","origin":[4.4195,20.93805,5]},"faces":{"up":{"uv":[5,11,0,0],"texture":"#1"},"down":{"uv":[5,0,0,11],"texture":"#1"}}},{"from":[5.28855,18.66126,6.875],"to":[6.28855,20.66126,9.125],"rotation":{"angle":-45,"axis":"z","origin":[5.18865,21.8499,8.125]},"faces":{"north":{"uv":[4,8,4.57143,9.14286],"texture":"#3"},"east":{"uv":[5.14286,0,6.42857,1.14286],"texture":"#3"},"south":{"uv":[1.71429,9.14286,2.28571,10.28571],"texture":"#3"},"west":{"uv":[5.71429,4,7,5.14286],"texture":"#3"},"down":{"uv":[8.57143,2.28571,8,3.57143],"texture":"#3"}}},{"from":[5.03855,18.41126,7.25],"to":[6.03855,19.41126,8.75],"rotation":{"angle":-45,"axis":"z","origin":[5.18865,21.8499,8]},"faces":{"north":{"uv":[9.14286,10.85714,9.71429,11.42857],"texture":"#3"},"east":{"uv":[10.28571,4.57143,11.14286,5.14286],"texture":"#3"},"south":{"uv":[10.85714,9.14286,11.42857,9.71429],"texture":"#3"},"west":{"uv":[10.28571,5.71429,11.14286,6.28571],"texture":"#3"},"up":{"uv":[3.42857,11.14286,2.85714,10.28571],"texture":"#3"},"down":{"uv":[11.42857,0,10.85714,0.85714],"texture":"#3"}}},{"from":[5.99995,18.33082,6.875],"to":[6.99995,20.83082,9.125],"rotation":{"angle":-22.5,"axis":"z","origin":[5.18865,21.8499,8.125]},"faces":{"north":{"uv":[6.28571,7.42857,6.85714,8.85714],"texture":"#3"},"east":{"uv":[1.71429,4.57143,3,6],"texture":"#3"},"south":{"uv":[8,0,8.57143,1.42857],"texture":"#3"},"west":{"uv":[4.57143,1.71429,5.85714,3.14286],"texture":"#3"},"down":{"uv":[3.42857,8,2.85714,9.28571],"texture":"#3"}}},{"from":[5.28855,21.66126,6.375],"to":[7.28855,23.66126,9.625],"rotation":{"angle":-45,"axis":"z","origin":[5.18865,21.8499,8.125]},"faces":{"north":{"uv":[5.71429,5.71429,6.85714,6.85714],"texture":"#3"},"east":{"uv":[0,2.28571,1.85714,3.42857],"texture":"#3"},"south":{"uv":[0,6.85714,1.14286,8],"texture":"#3"},"west":{"uv":[2.28571,0,4.14286,1.14286],"texture":"#3"},"up":{"uv":[4,3.57143,2.85714,1.71429],"texture":"#3"},"down":{"uv":[1.14286,4,0,5.85714],"texture":"#3"}}},{"from":[5.28855,20.66126,6.625],"to":[7.28855,21.66126,9.375],"rotation":{"angle":-45,"axis":"z","origin":[5.18865,21.8499,8.125]},"faces":{"north":{"uv":[9.14286,3.42857,10.28571,4],"texture":"#3"},"east":{"uv":[2.85714,6.85714,4.42857,7.42857],"texture":"#3"},"south":{"uv":[9.14286,8,10.28571,8.57143],"texture":"#3"},"down":{"uv":[5.14286,4.57143,4,6.14286],"texture":"#3"}}},{"from":[4.28855,20.66126,6.625],"to":[5.28855,23.66126,9.375],"rotation":{"angle":-45,"axis":"z","origin":[5.18865,21.8499,8.125]},"faces":{"north":{"uv":[1.71429,6.85714,2.28571,8.57143],"texture":"#3"},"south":{"uv":[6.85714,1.71429,7.42857,3.42857],"texture":"#3"},"west":{"uv":[0,0,1.57143,1.71429],"texture":"#3"},"up":{"uv":[5.71429,9,5.14286,7.42857],"texture":"#3"},"down":{"uv":[8,5.71429,7.42857,7.28571],"texture":"#3"}}},{"from":[4.18711,22.79224,6.25],"to":[5.68711,24.29224,7.75],"rotation":{"angle":-22.5,"axis":"z","origin":[5.18865,21.8499,8.25]},"faces":{"north":{"uv":[7.42857,8,8.28571,8.85714],"texture":"#3"},"east":{"uv":[0,8.57143,0.85714,9.42857],"texture":"#3"},"south":{"uv":[8.57143,4.57143,9.42857,5.42857],"texture":"#3"},"west":{"uv":[8.57143,6.28571,9.42857,7.14286],"texture":"#3"},"up":{"uv":[10,0.85714,9.14286,0],"texture":"#3"},"down":{"uv":[10,1.71429,9.14286,2.57143],"texture":"#3"}}},{"from":[5.2838,23.91557,6.375],"to":[6.5338,25.16557,7.625],"rotation":{"angle":0,"axis":"y","origin":[5.18865,21.8499,8.25]},"faces":{"north":{"uv":[9.14286,9.14286,9.85714,9.85714],"texture":"#3"},"east":{"uv":[4,9.71429,4.71429,10.42857],"texture":"#3"},"south":{"uv":[5.71429,9.71429,6.42857,10.42857],"texture":"#3"},"west":{"uv":[7.42857,9.71429,8.14286,10.42857],"texture":"#3"},"up":{"uv":[0.71429,11,0,10.28571],"texture":"#3"}}},{"from":[6.60768,24.39598,6.5],"to":[7.60768,25.39598,7.5],"rotation":{"angle":22.5,"axis":"z","origin":[5.18865,21.8499,8.25]},"faces":{"north":{"uv":[10.28571,10.85714,10.85714,11.42857],"texture":"#3"},"east":{"uv":[4,11.42857,4.57143,12],"texture":"#3"},"south":{"uv":[5.14286,11.42857,5.71429,12],"texture":"#3"},"west":{"uv":[6.28571,11.42857,6.85714,12],"texture":"#3"},"up":{"uv":[8,12,7.42857,11.42857],"texture":"#3"}}},{"from":[6.60768,24.39598,8.5],"to":[7.60768,25.39598,9.5],"rotation":{"angle":22.5,"axis":"z","origin":[5.18865,21.8499,7.75]},"faces":{"north":{"uv":[5.71429,11.42857,5.14286,12],"texture":"#3"},"east":{"uv":[4.57143,11.42857,4,12],"texture":"#3"},"south":{"uv":[10.85714,10.85714,10.28571,11.42857],"texture":"#3"},"west":{"uv":[6.85714,11.42857,6.28571,12],"texture":"#3"},"up":{"uv":[8,11.42857,7.42857,12],"texture":"#3"}}},{"from":[5.2838,23.91557,8.375],"to":[6.5338,25.16557,9.625],"rotation":{"angle":0,"axis":"y","origin":[5.18865,21.8499,7.75]},"faces":{"north":{"uv":[6.42857,9.71429,5.71429,10.42857],"texture":"#3"},"east":{"uv":[4.71429,9.71429,4,10.42857],"texture":"#3"},"south":{"uv":[9.85714,9.14286,9.14286,9.85714],"texture":"#3"},"west":{"uv":[8.14286,9.71429,7.42857,10.42857],"texture":"#3"},"up":{"uv":[0.71429,10.28571,0,11],"texture":"#3"}}},{"from":[4.18711,22.79224,8.25],"to":[5.68711,24.29224,9.75],"rotation":{"angle":-22.5,"axis":"z","origin":[5.18865,21.8499,7.75]},"faces":{"north":{"uv":[9.42857,4.57143,8.57143,5.42857],"texture":"#3"},"east":{"uv":[0.85714,8.57143,0,9.42857],"texture":"#3"},"south":{"uv":[8.28571,8,7.42857,8.85714],"texture":"#3"},"west":{"uv":[9.42857,6.28571,8.57143,7.14286],"texture":"#3"},"up":{"uv":[10,0,9.14286,0.85714],"texture":"#3"},"down":{"uv":[10,2.57143,9.14286,1.71429],"texture":"#3"}}},{"from":[5.51538,17.90554,7.5],"to":[6.26538,18.90554,8.5],"rotation":{"angle":0,"axis":"y","origin":[6.01538,17.90554,7.5]},"faces":{"north":{"uv":[0,12,0.42857,12.57143],"texture":"#3"},"east":{"uv":[11.42857,10.28571,12,10.85714],"texture":"#3"},"south":{"uv":[12,0,12.42857,0.57143],"texture":"#3"},"up":{"uv":[12.42857,1.71429,12,1.14286],"texture":"#3"},"down":{"uv":[12.42857,2.28571,12,2.85714],"texture":"#3"}}},{"from":[6.16538,18.20554,7.625],"to":[6.91538,18.95554,8.375],"rotation":{"angle":22.5,"axis":"z","origin":[6.79038,18.28054,7.875]},"faces":{"north":{"uv":[2.85714,12,3.28571,12.42857],"texture":"#3"},"east":{"uv":[12,3.42857,12.42857,3.85714],"texture":"#3"},"south":{"uv":[12,4.57143,12.42857,5],"texture":"#3"},"up":{"uv":[12.42857,6.14286,12,5.71429],"texture":"#3"},"down":{"uv":[12.42857,6.85714,12,7.28571],"texture":"#3"}}},{"from":[5.49995,18.48082,7.025],"to":[5.99995,20.83082,7.055],"rotation":{"angle":-22.5,"axis":"z","origin":[5.18865,21.8499,7.875]},"faces":{"north":{"uv":[1.71429,10.85714,2,12.14286],"texture":"#3"},"south":{"uv":[2,10.85714,1.71429,12.14286],"texture":"#3"}}},{"from":[5.49995,18.48082,8.945],"to":[5.99995,20.83082,8.975],"rotation":{"angle":-22.5,"axis":"z","origin":[5.18865,21.8499,8.125]},"faces":{"north":{"uv":[1.71429,10.85714,2,12.14286],"texture":"#3"},"south":{"uv":[2,10.85714,1.71429,12.14286],"texture":"#3"}}},{"from":[4.16793,18.52248,7.025],"to":[4.66793,18.55248,8.975],"rotation":{"angle":-22.5,"axis":"z","origin":[4.41793,18.52248,8.2]},"faces":{"up":{"uv":[11.71429,12.57143,11.42857,11.42857],"texture":"#3"},"down":{"uv":[11.71429,11.42857,11.42857,12.57143],"texture":"#3"}}},{"from":[4.05388,18.61859,6.925],"to":[4.55388,18.64859,9.075],"rotation":{"angle":-45,"axis":"z","origin":[4.30388,19.05609,8]},"faces":{"up":{"uv":[11.14286,1.71429,10.85714,3],"texture":"#3"},"down":{"uv":[11.14286,1.71429,10.85714,3],"texture":"#3"}}},{"from":[4.05388,18.61859,6.925],"to":[4.55388,20.96859,6.955],"rotation":{"angle":-45,"axis":"z","origin":[4.30388,19.05609,8]},"faces":{"north":{"uv":[10.85714,6.85714,11.14286,8.14286],"texture":"#3"},"south":{"uv":[11.14286,6.85714,10.85714,8.14286],"texture":"#3"}}},{"from":[4.05388,18.61859,9.045],"to":[4.55388,20.96859,9.075],"rotation":{"angle":-45,"axis":"z","origin":[4.30388,19.05609,10.12]},"faces":{"north":{"uv":[10.85714,6.85714,11.14286,8.14286],"texture":"#3"},"south":{"uv":[11.14286,6.85714,10.85714,8.14286],"texture":"#3"}}},{"from":[9.3305,21.43805,5.25],"to":[11.8305,21.46805,10.75],"rotation":{"angle":-45,"axis":"z","origin":[11.5805,20.93805,5]},"faces":{"up":{"uv":[0,11,5,0],"texture":"#1"},"down":{"uv":[0,0,5,11],"texture":"#1"}}},{"from":[9.71145,18.66126,6.875],"to":[10.71145,20.66126,9.125],"rotation":{"angle":45,"axis":"z","origin":[10.81135,21.8499,8.125]},"faces":{"north":{"uv":[4.57143,8,4,9.14286],"texture":"#3"},"east":{"uv":[7,4,5.71429,5.14286],"texture":"#3"},"south":{"uv":[2.28571,9.14286,1.71429,10.28571],"texture":"#3"},"west":{"uv":[6.42857,0,5.14286,1.14286],"texture":"#3"},"down":{"uv":[8,2.28571,8.57143,3.57143],"texture":"#3"}}},{"from":[9.96145,18.41126,7.25],"to":[10.96145,19.41126,8.75],"rotation":{"angle":45,"axis":"z","origin":[10.81135,21.8499,8]},"faces":{"north":{"uv":[9.71429,10.85714,9.14286,11.42857],"texture":"#3"},"east":{"uv":[11.14286,5.71429,10.28571,6.28571],"texture":"#3"},"south":{"uv":[11.42857,9.14286,10.85714,9.71429],"texture":"#3"},"west":{"uv":[11.14286,4.57143,10.28571,5.14286],"texture":"#3"},"up":{"uv":[2.85714,11.14286,3.42857,10.28571],"texture":"#3"},"down":{"uv":[10.85714,0,11.42857,0.85714],"texture":"#3"}}},{"from":[9.00005,18.33082,6.875],"to":[10.00005,20.83082,9.125],"rotation":{"angle":22.5,"axis":"z","origin":[10.81135,21.8499,8.125]},"faces":{"north":{"uv":[6.85714,7.42857,6.28571,8.85714],"texture":"#3"},"east":{"uv":[5.85714,1.71429,4.57143,3.14286],"texture":"#3"},"south":{"uv":[8.57143,0,8,1.42857],"texture":"#3"},"west":{"uv":[3,4.57143,1.71429,6],"texture":"#3"},"down":{"uv":[2.85714,8,3.42857,9.28571],"texture":"#3"}}},{"from":[8.71145,21.66126,6.375],"to":[10.71145,23.66126,9.625],"rotation":{"angle":45,"axis":"z","origin":[10.81135,21.8499,8.125]},"faces":{"north":{"uv":[6.85714,5.71429,5.71429,6.85714],"texture":"#3"},"east":{"uv":[4.14286,0,2.28571,1.14286],"texture":"#3"},"south":{"uv":[1.14286,6.85714,0,8],"texture":"#3"},"west":{"uv":[1.85714,2.28571,0,3.42857],"texture":"#3"},"up":{"uv":[2.85714,3.57143,4,1.71429],"texture":"#3"},"down":{"uv":[0,4,1.14286,5.85714],"texture":"#3"}}},{"from":[8.71145,20.66126,6.625],"to":[10.71145,21.66126,9.375],"rotation":{"angle":45,"axis":"z","origin":[10.81135,21.8499,8.125]},"faces":{"north":{"uv":[10.28571,3.42857,9.14286,4],"texture":"#3"},"south":{"uv":[10.28571,8,9.14286,8.57143],"texture":"#3"},"west":{"uv":[4.42857,6.85714,2.85714,7.42857],"texture":"#3"},"down":{"uv":[4,4.57143,5.14286,6.14286],"texture":"#3"}}},{"from":[10.71145,20.66126,6.625],"to":[11.71145,23.66126,9.375],"rotation":{"angle":45,"axis":"z","origin":[10.81135,21.8499,8.125]},"faces":{"north":{"uv":[2.28571,6.85714,1.71429,8.57143],"texture":"#3"},"east":{"uv":[1.57143,0,0,1.71429],"texture":"#3"},"south":{"uv":[7.42857,1.71429,6.85714,3.42857],"texture":"#3"},"up":{"uv":[5.14286,9,5.71429,7.42857],"texture":"#3"},"down":{"uv":[7.42857,5.71429,8,7.28571],"texture":"#3"}}},{"from":[10.31289,22.79224,6.25],"to":[11.81289,24.29224,7.75],"rotation":{"angle":22.5,"axis":"z","origin":[10.81135,21.8499,8.25]},"faces":{"north":{"uv":[8.28571,8,7.42857,8.85714],"texture":"#3"},"east":{"uv":[9.42857,6.28571,8.57143,7.14286],"texture":"#3"},"south":{"uv":[9.42857,4.57143,8.57143,5.42857],"texture":"#3"},"west":{"uv":[0.85714,8.57143,0,9.42857],"texture":"#3"},"up":{"uv":[9.14286,0.85714,10,0],"texture":"#3"},"down":{"uv":[9.14286,1.71429,10,2.57143],"texture":"#3"}}},{"from":[9.4662,23.91557,6.375],"to":[10.7162,25.16557,7.625],"rotation":{"angle":0,"axis":"y","origin":[10.81135,21.8499,8.25]},"faces":{"north":{"uv":[9.85714,9.14286,9.14286,9.85714],"texture":"#3"},"east":{"uv":[8.14286,9.71429,7.42857,10.42857],"texture":"#3"},"south":{"uv":[6.42857,9.71429,5.71429,10.42857],"texture":"#3"},"west":{"uv":[4.71429,9.71429,4,10.42857],"texture":"#3"},"up":{"uv":[0,11,0.71429,10.28571],"texture":"#3"}}},{"from":[8.39232,24.39598,6.5],"to":[9.39232,25.39598,7.5],"rotation":{"angle":-22.5,"axis":"z","origin":[10.81135,21.8499,8.25]},"faces":{"north":{"uv":[10.85714,10.85714,10.28571,11.42857],"texture":"#3"},"east":{"uv":[6.85714,11.42857,6.28571,12],"texture":"#3"},"south":{"uv":[5.71429,11.42857,5.14286,12],"texture":"#3"},"west":{"uv":[4.57143,11.42857,4,12],"texture":"#3"},"up":{"uv":[7.42857,12,8,11.42857],"texture":"#3"}}},{"from":[8.39232,24.39598,8.5],"to":[9.39232,25.39598,9.5],"rotation":{"angle":-22.5,"axis":"z","origin":[10.81135,21.8499,7.75]},"faces":{"north":{"uv":[5.14286,11.42857,5.71429,12],"texture":"#3"},"east":{"uv":[6.28571,11.42857,6.85714,12],"texture":"#3"},"south":{"uv":[10.28571,10.85714,10.85714,11.42857],"texture":"#3"},"west":{"uv":[4,11.42857,4.57143,12],"texture":"#3"},"up":{"uv":[7.42857,11.42857,8,12],"texture":"#3"}}},{"from":[9.4662,23.91557,8.375],"to":[10.7162,25.16557,9.625],"rotation":{"angle":0,"axis":"y","origin":[10.81135,21.8499,7.75]},"faces":{"north":{"uv":[5.71429,9.71429,6.42857,10.42857],"texture":"#3"},"east":{"uv":[7.42857,9.71429,8.14286,10.42857],"texture":"#3"},"south":{"uv":[9.14286,9.14286,9.85714,9.85714],"texture":"#3"},"west":{"uv":[4,9.71429,4.71429,10.42857],"texture":"#3"},"up":{"uv":[0,10.28571,0.71429,11],"texture":"#3"}}},{"from":[10.31289,22.79224,8.25],"to":[11.81289,24.29224,9.75],"rotation":{"angle":22.5,"axis":"z","origin":[10.81135,21.8499,7.75]},"faces":{"north":{"uv":[8.57143,4.57143,9.42857,5.42857],"texture":"#3"},"east":{"uv":[8.57143,6.28571,9.42857,7.14286],"texture":"#3"},"south":{"uv":[7.42857,8,8.28571,8.85714],"texture":"#3"},"west":{"uv":[0,8.57143,0.85714,9.42857],"texture":"#3"},"up":{"uv":[9.14286,0,10,0.85714],"texture":"#3"},"down":{"uv":[9.14286,2.57143,10,1.71429],"texture":"#3"}}},{"from":[9.73462,17.90554,7.5],"to":[10.48462,18.90554,8.5],"rotation":{"angle":0,"axis":"y","origin":[9.98462,17.90554,7.5]},"faces":{"north":{"uv":[0.42857,12,0,12.57143],"texture":"#3"},"south":{"uv":[12.42857,0,12,0.57143],"texture":"#3"},"west":{"uv":[12,10.28571,11.42857,10.85714],"texture":"#3"},"up":{"uv":[12,1.71429,12.42857,1.14286],"texture":"#3"},"down":{"uv":[12,2.28571,12.42857,2.85714],"texture":"#3"}}},{"from":[9.08462,18.20554,7.625],"to":[9.83462,18.95554,8.375],"rotation":{"angle":-22.5,"axis":"z","origin":[9.20962,18.28054,7.875]},"faces":{"north":{"uv":[3.28571,12,2.85714,12.42857],"texture":"#3"},"south":{"uv":[12.42857,4.57143,12,5],"texture":"#3"},"west":{"uv":[12.42857,3.42857,12,3.85714],"texture":"#3"},"up":{"uv":[12,6.14286,12.42857,5.71429],"texture":"#3"},"down":{"uv":[12,6.85714,12.42857,7.28571],"texture":"#3"}}},{"from":[10.00005,18.48082,7.025],"to":[10.50005,20.83082,7.055],"rotation":{"angle":22.5,"axis":"z","origin":[10.81135,21.8499,7.875]},"faces":{"north":{"uv":[2,10.85714,1.71429,12.14286],"texture":"#3"},"south":{"uv":[1.71429,10.85714,2,12.14286],"texture":"#3"}}},{"from":[10.00005,18.48082,8.945],"to":[10.50005,20.83082,8.975],"rotation":{"angle":22.5,"axis":"z","origin":[10.81135,21.8499,8.125]},"faces":{"north":{"uv":[2,10.85714,1.71429,12.14286],"texture":"#3"},"south":{"uv":[1.71429,10.85714,2,12.14286],"texture":"#3"}}},{"from":[11.33207,18.52248,7.025],"to":[11.83207,18.55248,8.975],"rotation":{"angle":22.5,"axis":"z","origin":[11.58207,18.52248,8.2]},"faces":{"up":{"uv":[11.42857,12.57143,11.71429,11.42857],"texture":"#3"},"down":{"uv":[11.42857,11.42857,11.71429,12.57143],"texture":"#3"}}},{"from":[11.44612,18.61859,6.925],"to":[11.94612,18.64859,9.075],"rotation":{"angle":45,"axis":"z","origin":[11.69612,19.05609,8]},"faces":{"up":{"uv":[10.85714,1.71429,11.14286,3],"texture":"#3"},"down":{"uv":[10.85714,1.71429,11.14286,3],"texture":"#3"}}},{"from":[11.44612,18.61859,6.925],"to":[11.94612,20.96859,6.955],"rotation":{"angle":45,"axis":"z","origin":[11.69612,19.05609,8]},"faces":{"north":{"uv":[11.14286,6.85714,10.85714,8.14286],"texture":"#3"},"south":{"uv":[10.85714,6.85714,11.14286,8.14286],"texture":"#3"}}},{"from":[11.44612,18.61859,9.045],"to":[11.94612,20.96859,9.075],"rotation":{"angle":45,"axis":"z","origin":[11.69612,19.05609,10.12]},"faces":{"north":{"uv":[11.14286,6.85714,10.85714,8.14286],"texture":"#3"},"south":{"uv":[10.85714,6.85714,11.14286,8.14286],"texture":"#3"}}},{"from":[7.29289,2.25343,7.92678],"to":[8.54289,5.00343,9.17678],"rotation":{"angle":45,"axis":"y","origin":[7.29289,4.00343,8.17678]},"faces":{"north":{"uv":[7.6,8.8,8.1,9.9],"texture":"#5"},"east":{"uv":[8.8,7.6,9.3,8.7],"texture":"#5"},"south":{"uv":[9.2,0,9.7,1.1],"texture":"#5"},"west":{"uv":[9.2,1.6,9.7,2.7],"texture":"#5"},"up":{"uv":[12.1,12.1,11.6,11.6],"texture":"#5"},"down":{"uv":[12.5,1.6,12,2.1],"texture":"#5"}}},{"from":[7.29289,11.00343,7.92678],"to":[8.54289,14.57843,9.17678],"rotation":{"angle":45,"axis":"y","origin":[7.29289,14.07843,8.17678]},"faces":{"north":{"uv":[5.2,6.4,5.7,7.8],"texture":"#5"},"east":{"uv":[6.8,0,7.3,1.4],"texture":"#5"},"south":{"uv":[0.8,6.8,1.3,8.2],"texture":"#5"},"west":{"uv":[6.8,2,7.3,3.4],"texture":"#5"},"down":{"uv":[12.5,2.8,12,3.3],"texture":"#5"}}},{"from":[7.985,20,1.75],"to":[8.015,29,5.75],"rotation":{"angle":0,"axis":"y","origin":[7.985,20,1.75]},"faces":{"east":{"uv":[1.6,0,0,3.6],"texture":"#5"},"west":{"uv":[0,0,1.6,3.6],"texture":"#5"}}},{"from":[7.985,20,10.25],"to":[8.015,29,14.25],"rotation":{"angle":0,"axis":"y","origin":[7.985,20,14.25]},"faces":{"east":{"uv":[0,0,1.6,3.6],"texture":"#5"},"west":{"uv":[1.6,0,0,3.6],"texture":"#5"}}},{"from":[7.5,19.23912,11.78756],"to":[8.5,20.73912,12.78756],"rotation":{"angle":22.5,"axis":"x","origin":[8,21.36919,11.24625]},"faces":{"north":{"uv":[12.4,0,12.8,0.6],"texture":"#5"},"east":{"uv":[12,10.4,12.6,10],"rotation":90,"texture":"#5"},"south":{"uv":[0,13,0.4,12.4],"rotation":180,"texture":"#5"},"west":{"uv":[12,11.2,12.6,10.8],"rotation":270,"texture":"#5"},"up":{"uv":[12.8,12.8,13.2,12.4],"texture":"#5"},"down":{"uv":[12,13.2,12.4,12.8],"rotation":180,"texture":"#5"}}},{"from":[7.5,19.73912,10.28756],"to":[8.5,21.73912,11.78756],"rotation":{"angle":22.5,"axis":"x","origin":[8,21.36919,11.24625]},"faces":{"north":{"uv":[2.4,11.6,2.8,12.4],"texture":"#5"},"east":{"uv":[10,6.2,10.8,5.6],"rotation":90,"texture":"#5"},"south":{"uv":[1.6,12.4,2,11.6],"rotation":180,"texture":"#5"},"west":{"uv":[6.4,10.6,7.2,10],"rotation":270,"texture":"#5"},"up":{"uv":[4.8,13,5.2,12.4],"texture":"#5"},"down":{"uv":[4,13,4.4,12.4],"rotation":180,"texture":"#5"}}},{"from":[7.5035,21.248,10.39059],"to":[8.4965,23.248,11.89059],"rotation":{"angle":-22.5,"axis":"x","origin":[8,21.36919,11.24625]},"faces":{"north":{"uv":[5.6,11.6,6,12.4],"texture":"#5"},"east":{"uv":[10,7.4,10.8,6.8],"rotation":90,"texture":"#5"},"south":{"uv":[3.2,12.4,3.6,11.6],"rotation":180,"texture":"#5"},"west":{"uv":[10,8.6,10.8,8],"rotation":270,"texture":"#5"},"up":{"uv":[6.4,13,6.8,12.4],"texture":"#5"}}},{"from":[7.5085,21.29765,9.18301],"to":[8.4915,23.29765,10.43301],"rotation":{"angle":45,"axis":"x","origin":[8,21.36919,11.24625]},"faces":{"north":{"uv":[8.4,11.6,8.8,12.4],"texture":"#5"},"east":{"uv":[0.8,10.9,1.6,10.4],"rotation":90,"texture":"#5"},"south":{"uv":[7.6,12.4,8,11.6],"rotation":180,"texture":"#5"},"west":{"uv":[10.4,1.7,11.2,1.2],"rotation":270,"texture":"#5"},"up":{"uv":[12.4,9.3,12.8,8.8],"texture":"#5"}}}],"gui_light":"front","display":{"thirdperson_righthand":{"translation":[0,-2,0.75]},"thirdperson_lefthand":{"translation":[0,-2,0.75]},"firstperson_righthand":{"rotation":[-5,0,0],"translation":[5.25,-4.75,-1.25],"scale":[0.8,0.8,0.8]},"firstperson_lefthand":{"rotation":[-5,0,0],"translation":[5.25,-4.75,-1.25],"scale":[0.8,0.8,0.8]},"ground":{"rotation":[-45,0,0],"translation":[0,3,0],"scale":[0.7,0.7,0.7]},"gui":{"rotation":[-90,45,90],"translation":[1.75,-1.75,0],"scale":[0.6,0.6,0.6]},"head":{"rotation":[0,-90,0]},"fixed":{"rotation":[0,-90,0],"translation":[0,0,-1.5],"scale":[2,2,2]}},"mcmodels":"4a664068c9635e3a1b54c16de66e1394"}