{"credit":"Pologony Creation Co.,Ltd.","textures":{"1":"ender_dragonset:animations/animation_wings","5":"ender_dragonset:wings","particle":"ender_dragonset:animations/animation_wings"},"elements":[{"from":[7.625,-11.04912,8.125],"to":[8.375,-9.79912,9.375],"rotation":{"angle":45,"axis":"x","origin":[7.75,-11.04912,9.375]},"faces":{"north":{"uv":[4.33333,7,4.83333,7.83333],"texture":"#5","tintindex":0},"east":{"uv":[0,7,0.83333,7.83333],"texture":"#5","tintindex":0},"south":{"uv":[7,4.33333,7.5,5.16667],"texture":"#5","tintindex":0},"west":{"uv":[7,0,7.83333,0.83333],"texture":"#5","tintindex":0},"up":{"uv":[5.83333,7.83333,5.33333,7],"texture":"#5","tintindex":0},"down":{"uv":[7.5,5.66667,7,6.5],"texture":"#5","tintindex":0}}},{"from":[7.5,-10.92412,8.25],"to":[8.5,-9.92412,9.25],"rotation":{"angle":45,"axis":"x","origin":[7.75,-11.04912,9.375]},"faces":{"north":{"uv":[1.33333,7,2,7.66667],"texture":"#5","tintindex":0},"east":{"uv":[7,1.33333,7.66667,2],"texture":"#5","tintindex":0},"south":{"uv":[2.33333,7,3,7.66667],"texture":"#5","tintindex":0},"west":{"uv":[7,2.33333,7.66667,3],"texture":"#5","tintindex":0},"up":{"uv":[4,7.66667,3.33333,7],"texture":"#5","tintindex":0},"down":{"uv":[7.66667,3.33333,7,4],"texture":"#5","tintindex":0}}},{"from":[7.75,-10.69457,9.65292],"to":[8.25,-9.94457,10.65292],"rotation":{"angle":22.5,"axis":"x","origin":[7.9375,-10.49112,10.86709]},"faces":{"north":{"uv":[7.66667,8,8,8.5],"texture":"#5","tintindex":0},"east":{"uv":[6.33333,7,7,7.5],"texture":"#5","tintindex":0},"south":{"uv":[0,8.33333,0.33333,8.83333],"texture":"#5","tintindex":0},"west":{"uv":[7.33333,7,8,7.5],"texture":"#5","tintindex":0},"up":{"uv":[3.66667,8.66667,3.33333,8],"texture":"#5","tintindex":0},"down":{"uv":[8.33333,3.33333,8,4],"texture":"#5","tintindex":0}}},{"from":[7.75175,-10.82601,10.40141],"to":[8.24825,-10.07601,11.40141],"rotation":{"angle":45,"axis":"x","origin":[7.93925,-10.56587,10.84727]},"faces":{"east":{"uv":[1.33333,8,2,8.5],"texture":"#5","tintindex":0},"south":{"uv":[8.33333,0,8.66667,0.5],"texture":"#5","tintindex":0},"west":{"uv":[8,1.33333,8.66667,1.83333],"texture":"#5","tintindex":0},"up":{"uv":[8.33333,5,8,4.33333],"texture":"#5","tintindex":0},"down":{"uv":[8.33333,5.33333,8,6],"texture":"#5","tintindex":0}}},{"from":[7.75425,-11.17737,10.81898],"to":[8.24575,-10.55237,11.81898],"rotation":{"angle":-22.5,"axis":"x","origin":[7.94175,-10.56587,10.84727]},"faces":{"east":{"uv":[2.33333,8,3,8.41667],"texture":"#5","tintindex":0},"south":{"uv":[5.66667,8.33333,6,8.75],"texture":"#5","tintindex":0},"west":{"uv":[8,2.33333,8.66667,2.75],"texture":"#5","tintindex":0},"up":{"uv":[6.66667,8.66667,6.33333,8],"texture":"#5","tintindex":0},"down":{"uv":[7.33333,8,7,8.66667],"texture":"#5","tintindex":0}}},{"from":[7.75,-9.80854,9.6474],"to":[8.25,-9.30854,10.3974],"rotation":{"angle":22.5,"axis":"x","origin":[7.75,-9.80854,10.64741]},"faces":{"north":{"uv":[8.33333,7,8.66667,7.33333],"texture":"#5","tintindex":0},"east":{"uv":[8,6.33333,8.5,6.66667],"texture":"#5","tintindex":0},"south":{"uv":[8.33333,7.66667,8.66667,8],"texture":"#5","tintindex":0},"west":{"uv":[4,8.33333,4.5,8.66667],"texture":"#5","tintindex":0},"up":{"uv":[1,8.83333,0.66667,8.33333],"texture":"#5","tintindex":0},"down":{"uv":[5.33333,8.33333,5,8.83333],"texture":"#5","tintindex":0}}},{"from":[7.9925,-14.92412,9.375],"to":[8.0075,-4.92412,19.375],"rotation":{"angle":0,"axis":"y","origin":[7.9925,-13.92412,3.875]},"faces":{"east":{"uv":[6.66667,0,0,6.66667],"texture":"#5","tintindex":0},"west":{"uv":[0,0,6.66667,6.66667],"texture":"#5","tintindex":0}}},{"from":[9.375,-14.92412,7.9925],"to":[19.375,-4.92412,8.0075],"rotation":{"angle":0,"axis":"y","origin":[3.875,-13.92412,7.9925]},"faces":{"north":{"uv":[6.66667,0,0,6.66667],"texture":"#5","tintindex":0},"south":{"uv":[0,0,6.66667,6.66667],"texture":"#5","tintindex":0}}},{"from":[9.6474,-9.80854,7.75],"to":[10.3974,-9.30854,8.25],"rotation":{"angle":-22.5,"axis":"z","origin":[10.64741,-9.80854,7.75]},"faces":{"north":{"uv":[4.5,8.33333,4,8.66667],"texture":"#5","tintindex":0},"east":{"uv":[8.66667,7.66667,8.33333,8],"texture":"#5","tintindex":0},"south":{"uv":[8.5,6.33333,8,6.66667],"texture":"#5","tintindex":0},"west":{"uv":[8.66667,7,8.33333,7.33333],"texture":"#5","tintindex":0},"up":{"uv":[1,8.33333,0.66667,8.83333],"rotation":90,"texture":"#5","tintindex":0},"down":{"uv":[5.33333,8.83333,5,8.33333],"rotation":270,"texture":"#5","tintindex":0}}},{"from":[10.81898,-11.17737,7.75425],"to":[11.81898,-10.55237,8.24575],"rotation":{"angle":22.5,"axis":"z","origin":[10.84727,-10.56587,7.94175]},"faces":{"north":{"uv":[8.66667,2.33333,8,2.75],"texture":"#5","tintindex":0},"east":{"uv":[6,8.33333,5.66667,8.75],"texture":"#5","tintindex":0},"south":{"uv":[3,8,2.33333,8.41667],"texture":"#5","tintindex":0},"up":{"uv":[6.66667,8,6.33333,8.66667],"rotation":90,"texture":"#5","tintindex":0},"down":{"uv":[7.33333,8.66667,7,8],"rotation":270,"texture":"#5","tintindex":0}}},{"from":[10.40141,-10.82601,7.75175],"to":[11.40141,-10.07601,8.24825],"rotation":{"angle":-45,"axis":"z","origin":[10.84727,-10.56587,7.93925]},"faces":{"north":{"uv":[8.66667,1.33333,8,1.83333],"texture":"#5","tintindex":0},"east":{"uv":[8.66667,0,8.33333,0.5],"texture":"#5","tintindex":0},"south":{"uv":[2,8,1.33333,8.5],"texture":"#5","tintindex":0},"up":{"uv":[8.33333,4.33333,8,5],"rotation":90,"texture":"#5","tintindex":0},"down":{"uv":[8.33333,6,8,5.33333],"rotation":270,"texture":"#5","tintindex":0}}},{"from":[9.65292,-10.69457,7.75],"to":[10.65292,-9.94457,8.25],"rotation":{"angle":-22.5,"axis":"z","origin":[10.86709,-10.49112,7.9375]},"faces":{"north":{"uv":[8,7,7.33333,7.5],"texture":"#5","tintindex":0},"east":{"uv":[0.33333,8.33333,0,8.83333],"texture":"#5","tintindex":0},"south":{"uv":[7,7,6.33333,7.5],"texture":"#5","tintindex":0},"west":{"uv":[8,8,7.66667,8.5],"texture":"#5","tintindex":0},"up":{"uv":[3.66667,8,3.33333,8.66667],"rotation":90,"texture":"#5","tintindex":0},"down":{"uv":[8.33333,4,8,3.33333],"rotation":270,"texture":"#5","tintindex":0}}},{"from":[8.25,-10.92412,7.5],"to":[9.25,-9.92412,8.5],"rotation":{"angle":-45,"axis":"z","origin":[9.375,-11.04912,7.75]},"faces":{"north":{"uv":[7.66667,2.33333,7,3],"texture":"#5","tintindex":0},"east":{"uv":[3,7,2.33333,7.66667],"texture":"#5","tintindex":0},"south":{"uv":[7.66667,1.33333,7,2],"texture":"#5","tintindex":0},"west":{"uv":[2,7,1.33333,7.66667],"texture":"#5","tintindex":0},"up":{"uv":[4,7,3.33333,7.66667],"rotation":90,"texture":"#5","tintindex":0},"down":{"uv":[7.66667,4,7,3.33333],"rotation":270,"texture":"#5","tintindex":0}}},{"from":[8.125,-11.04912,7.625],"to":[9.375,-9.79912,8.375],"rotation":{"angle":-45,"axis":"z","origin":[9.375,-11.04912,7.75]},"faces":{"north":{"uv":[7.83333,0,7,0.83333],"texture":"#5","tintindex":0},"east":{"uv":[7.5,4.33333,7,5.16667],"texture":"#5","tintindex":0},"south":{"uv":[0.83333,7,0,7.83333],"texture":"#5","tintindex":0},"west":{"uv":[4.83333,7,4.33333,7.83333],"texture":"#5","tintindex":0},"up":{"uv":[5.83333,7,5.33333,7.83333],"rotation":90,"texture":"#5","tintindex":0},"down":{"uv":[7.5,6.5,7,5.66667],"rotation":270,"texture":"#5","tintindex":0}}},{"from":[11,-14,7.875],"to":[19,-6,8.125],"rotation":{"angle":0,"axis":"y","origin":[4,-14,4.25]},"faces":{"north":{"uv":[0,0,16,16],"texture":"#1","tintindex":0},"south":{"uv":[16,0,0,16],"texture":"#1","tintindex":0}}},{"from":[7.875,-14,11],"to":[8.125,-6,19],"rotation":{"angle":0,"axis":"y","origin":[8,-10,15]},"faces":{"east":{"uv":[0,0,16,16],"texture":"#1","tintindex":0},"west":{"uv":[16,0,0,16],"texture":"#1","tintindex":0}}}],"gui_light":"front","display":{"thirdperson_righthand":{"rotation":[-126.5,45,180],"translation":[0,-0.75,1.75],"scale":[0.5,0.5,0.5]},"thirdperson_lefthand":{"rotation":[64.25,45,0],"translation":[-5.5,-4.75,8.25]},"firstperson_righthand":{"rotation":[6,135,0],"translation":[3,0.75,3],"scale":[0.8,0.8,0.8]},"firstperson_lefthand":{"rotation":[6,135,0],"translation":[3,0.75,3],"scale":[0,0,0]},"ground":{"rotation":[-45,0,70],"translation":[0,3,0],"scale":[0.7,0.7,0.7]},"gui":{"rotation":[0,135,0],"translation":[0.25,21.75,0],"scale":[1.19,1.19,1.19]},"head":{"rotation":[0,-45,0],"translation":[0.25,-48.25,2.75],"scale":[3.2,3.2,3.2]},"fixed":{"rotation":[0,135,0],"translation":[0,1.25,2.25],"scale":[2,2,2]}},"mcmodels":"4a664068c9635e3a1b54c16de66e1394"}