{"parent":"minecraft:item/handheld","textures":{"layer0":"minecraft:item/netherite_sword"},"overrides":[{"predicate":{"custom_model_data":10000},"model":"infernoset:knife"},{"predicate":{"custom_model_data":10001},"model":"infernoset:hammer"},{"predicate":{"custom_model_data":10002},"model":"infernoset:scythe"},{"predicate":{"custom_model_data":10003},"model":"infernoset:spear"},{"predicate":{"custom_model_data":10004},"model":"infernoset:staff"},{"predicate":{"custom_model_data":10005},"model":"infernoset:sword"},{"predicate":{"custom_model_data":10006},"model":"infernoset:trident"},{"predicate":{"custom_model_data":10007},"model":"item/netherite_sword"}]}