{"parent":"item/generated","textures":{"layer0":"item/potion_overlay","layer1":"item/potion"},"overrides":[{"predicate":{"custom_model_data":3400001},"model":"infernoset:wings_cosmetics"},{"predicate":{"custom_model_data":3400002},"model":"infernoset:wings_cosmetics_self"},{"predicate":{"custom_model_data":3400003},"model":"infernoset:helmet"},{"predicate":{"custom_model_data":3400004},"model":"infernoset:backpack_cosmetics"},{"predicate":{"custom_model_data":3400005},"model":"infernoset:backpack_cosmetics_self"},{"predicate":{"custom_model_data":3400006},"model":"infernoset:wings_cosmetics_self_2"},{"predicate":{"custom_model_data":3400007},"model":"infernoset:wings_cosmetics_normal_2"},{"predicate":{"custom_model_data":3400008},"model":"infernoset:backpack_cosmetics_self_2"},{"predicate":{"custom_model_data":3400009},"model":"infernoset:backpack_cosmetics_normal_2"},{"predicate":{"custom_model_data":3400010},"model":"item/potion"}]}