{"model":{"type":"range_dispatch","property":"custom_model_data","index":0,"fallback":{"type":"model","tints":[{"type":"dye","default":-6265536}],"model":"item/leather_horse_armor"},"entries":[{"threshold":10000,"model":{"type":"model","tints":[{"type":"dye","default":-6265536}],"model":"summer_furnitures:parasol_2"}},{"threshold":10001,"model":{"type":"model","tints":[{"type":"dye","default":-6265536}],"model":"summer_furnitures:parasol_2"}},{"threshold":10002,"model":{"type":"model","tints":[{"type":"dye","default":-6265536}],"model":"summer_furnitures:parasol_2"}},{"threshold":10003,"model":{"type":"model","tints":[{"type":"dye","default":-6265536}],"model":"summer_furnitures:parasol_2"}},{"threshold":10004,"model":{"type":"model","tints":[{"type":"dye","default":-6265536}],"model":"summer_furnitures:parasol_2"}},{"threshold":10005,"model":{"type":"model","tints":[{"type":"dye","default":-6265536}],"model":"summer_furnitures:parasol_2"}},{"threshold":10006,"model":{"type":"model","tints":[{"type":"dye","default":-6265536}],"model":"summer_furnitures:parasol_2"}},{"threshold":10007,"model":{"type":"model","tints":[{"type":"dye","default":-6265536}],"model":"summer_furnitures:lounge_chair"}},{"threshold":10008,"model":{"type":"model","tints":[{"type":"dye","default":-6265536}],"model":"summer_furnitures:lounge_chair"}},{"threshold":10009,"model":{"type":"model","tints":[{"type":"dye","default":-6265536}],"model":"summer_furnitures:lounge_chair"}},{"threshold":10010,"model":{"type":"model","tints":[{"type":"dye","default":-6265536}],"model":"summer_furnitures:lounge_chair"}},{"threshold":10011,"model":{"type":"model","tints":[{"type":"dye","default":-6265536}],"model":"summer_furnitures:lounge_chair"}},{"threshold":10012,"model":{"type":"model","tints":[{"type":"dye","default":-6265536}],"model":"summer_furnitures:lounge_chair"}},{"threshold":10013,"model":{"type":"model","tints":[{"type":"dye","default":-6265536}],"model":"summer_furnitures:lounge_chair"}},{"threshold":10014,"model":{"type":"model","tints":[{"type":"dye","default":-6265536}],"model":"summer_furnitures:fabric_tikitable"}},{"threshold":10015,"model":{"type":"model","tints":[{"type":"dye","default":-6265536}],"model":"summer_furnitures:fabric_tikitable"}},{"threshold":10016,"model":{"type":"model","tints":[{"type":"dye","default":-6265536}],"model":"summer_furnitures:fabric_tikitable"}},{"threshold":10017,"model":{"type":"model","tints":[{"type":"dye","default":-6265536}],"model":"summer_furnitures:fabric_tikitable"}},{"threshold":10018,"model":{"type":"model","tints":[{"type":"dye","default":-6265536}],"model":"summer_furnitures:fabric_tikitable"}},{"threshold":10019,"model":{"type":"model","tints":[{"type":"dye","default":-6265536}],"model":"summer_furnitures:fabric_tikitable"}},{"threshold":10020,"model":{"type":"model","tints":[{"type":"dye","default":-6265536}],"model":"summer_furnitures:fabric_tikitable"}},{"threshold":10021,"model":{"type":"model","tints":[{"type":"dye","default":-6265536}],"model":"summer_furnitures:fabric_tikitable_low"}},{"threshold":10022,"model":{"type":"model","tints":[{"type":"dye","default":-6265536}],"model":"summer_furnitures:fabric_tikitable_low"}},{"threshold":10023,"model":{"type":"model","tints":[{"type":"dye","default":-6265536}],"model":"summer_furnitures:fabric_tikitable_low"}},{"threshold":10024,"model":{"type":"model","tints":[{"type":"dye","default":-6265536}],"model":"summer_furnitures:fabric_tikitable_low"}},{"threshold":10025,"model":{"type":"model","tints":[{"type":"dye","default":-6265536}],"model":"summer_furnitures:fabric_tikitable_low"}},{"threshold":10026,"model":{"type":"model","tints":[{"type":"dye","default":-6265536}],"model":"summer_furnitures:fabric_tikitable_low"}},{"threshold":10027,"model":{"type":"model","tints":[{"type":"dye","default":-6265536}],"model":"summer_furnitures:fabric_tikitable_low"}},{"threshold":10028,"model":{"type":"model","tints":[{"type":"dye","default":-6265536}],"model":"summer_furnitures:fabric_sofa"}},{"threshold":10029,"model":{"type":"model","tints":[{"type":"dye","default":-6265536}],"model":"summer_furnitures:fabric_sofa"}},{"threshold":10030,"model":{"type":"model","tints":[{"type":"dye","default":-6265536}],"model":"summer_furnitures:fabric_sofa"}},{"threshold":10031,"model":{"type":"model","tints":[{"type":"dye","default":-6265536}],"model":"summer_furnitures:fabric_sofa"}},{"threshold":10032,"model":{"type":"model","tints":[{"type":"dye","default":-6265536}],"model":"summer_furnitures:fabric_sofa"}},{"threshold":10033,"model":{"type":"model","tints":[{"type":"dye","default":-6265536}],"model":"summer_furnitures:fabric_sofa"}},{"threshold":10034,"model":{"type":"model","tints":[{"type":"dye","default":-6265536}],"model":"summer_furnitures:fabric_sofa"}},{"threshold":10035,"model":{"type":"model","tints":[{"type":"dye","default":-6265536}],"model":"summer_furnitures:beach_carpet"}},{"threshold":10036,"model":{"type":"model","tints":[{"type":"dye","default":-6265536}],"model":"summer_furnitures:beach_carpet"}},{"threshold":10037,"model":{"type":"model","tints":[{"type":"dye","default":-6265536}],"model":"summer_furnitures:beach_carpet"}},{"threshold":10038,"model":{"type":"model","tints":[{"type":"dye","default":-6265536}],"model":"summer_furnitures:beach_carpet"}},{"threshold":10039,"model":{"type":"model","tints":[{"type":"dye","default":-6265536}],"model":"summer_furnitures:beach_carpet"}},{"threshold":10040,"model":{"type":"model","tints":[{"type":"dye","default":-6265536}],"model":"summer_furnitures:beach_carpet"}},{"threshold":10041,"model":{"type":"model","tints":[{"type":"dye","default":-6265536}],"model":"summer_furnitures:beach_carpet"}},{"threshold":10042,"model":{"type":"model","tints":[{"type":"dye","default":-6265536}],"model":"summer_furnitures:epave"}},{"threshold":10043,"model":{"type":"model","tints":[{"type":"dye","default":-6265536}],"model":"summer_furnitures:epave"}},{"threshold":10044,"model":{"type":"model","tints":[{"type":"dye","default":-6265536}],"model":"summer_furnitures:epave"}},{"threshold":10045,"model":{"type":"model","tints":[{"type":"dye","default":-6265536}],"model":"summer_furnitures:fabric_stool"}},{"threshold":10046,"model":{"type":"model","tints":[{"type":"dye","default":-6265536}],"model":"summer_furnitures:fabric_stool"}},{"threshold":10047,"model":{"type":"model","tints":[{"type":"dye","default":-6265536}],"model":"summer_furnitures:fabric_stool"}},{"threshold":10048,"model":{"type":"model","tints":[{"type":"dye","default":-6265536}],"model":"summer_furnitures:fabric_stool"}},{"threshold":10049,"model":{"type":"model","tints":[{"type":"dye","default":-6265536}],"model":"summer_furnitures:fabric_stool"}},{"threshold":10050,"model":{"type":"model","tints":[{"type":"dye","default":-6265536}],"model":"summer_furnitures:fabric_stool"}},{"threshold":10051,"model":{"type":"model","tints":[{"type":"dye","default":-6265536}],"model":"summer_furnitures:fabric_stool"}},{"threshold":10052,"model":{"type":"model","tints":[{"type":"dye","default":-6265536}],"model":"item/leather_horse_armor"}}]}}