{"model":{"type":"range_dispatch","property":"custom_model_data","index":0,"fallback":{"type":"model","model":"item/netherite_sword"},"entries":[{"threshold":10000,"model":{"type":"model","model":"infernoset:knife"}},{"threshold":10001,"model":{"type":"model","model":"infernoset:hammer"}},{"threshold":10002,"model":{"type":"model","model":"infernoset:scythe"}},{"threshold":10003,"model":{"type":"model","model":"infernoset:spear"}},{"threshold":10004,"model":{"type":"model","model":"infernoset:staff"}},{"threshold":10005,"model":{"type":"model","model":"infernoset:sword"}},{"threshold":10006,"model":{"type":"model","model":"infernoset:trident"}},{"threshold":10007,"model":{"type":"model","model":"spartan_set:hammer"}},{"threshold":10008,"model":{"type":"model","model":"spartan_set:knife"}},{"threshold":10009,"model":{"type":"model","model":"spartan_set:scythe"}},{"threshold":10010,"model":{"type":"model","model":"spartan_set:spear"}},{"threshold":10011,"model":{"type":"model","model":"spartan_set:staff"}},{"threshold":10012,"model":{"type":"model","model":"spartan_set:sword"}},{"threshold":10013,"model":{"type":"model","model":"spartan_set:trident"}},{"threshold":10014,"model":{"type":"model","model":"independence_dayset:greatsword"}},{"threshold":10015,"model":{"type":"model","model":"independence_dayset:hammer"}},{"threshold":10016,"model":{"type":"model","model":"independence_dayset:scythe"}},{"threshold":10017,"model":{"type":"model","model":"independence_dayset:spear"}},{"threshold":10018,"model":{"type":"model","model":"independence_dayset:staff"}},{"threshold":10019,"model":{"type":"model","model":"independence_dayset:sword"}},{"threshold":10020,"model":{"type":"model","model":"independence_dayset:trident"}},{"threshold":10021,"model":{"type":"model","model":"item/netherite_sword"}}]}}