{"model":{"type":"range_dispatch","property":"custom_model_data","index":0,"fallback":{"type":"model","model":"item/paper"},"entries":[{"threshold":10000,"model":{"type":"model","model":"_iainternal:ia_auto_gen/icon_left_blue"}},{"threshold":10001,"model":{"type":"model","model":"_iainternal:ia_auto_gen/icon_right_blue"}},{"threshold":10002,"model":{"type":"model","model":"_iainternal:ia_auto_gen/icon_search"}},{"threshold":10003,"model":{"type":"model","model":"_iainternal:ia_auto_gen/icon_cancel"}},{"threshold":10004,"model":{"type":"model","model":"_iainternal:ia_auto_gen/icon_arrow_chest"}},{"threshold":10005,"model":{"type":"model","model":"_iainternal:ia_auto_gen/icon_back_orange"}},{"threshold":10006,"model":{"type":"model","model":"_iainternal:ia_auto_gen/icon_next_orange"}},{"threshold":10007,"model":{"type":"model","model":"infernoset:key"}},{"threshold":10008,"model":{"type":"model","model":"infernoset:backpack"}},{"threshold":10009,"model":{"type":"model","model":"infernoset:wings"}},{"threshold":10010,"model":{"type":"model","model":"infernoset:helmet"}},{"threshold":10011,"model":{"type":"model","model":"spartan_set:cape"}},{"threshold":10012,"model":{"type":"model","model":"spartan_set:chest"}},{"threshold":10013,"model":{"type":"model","model":"spartan_set:helmet"}},{"threshold":10014,"model":{"type":"model","model":"spartan_set:key"}},{"threshold":10015,"model":{"type":"model","model":"summer_furnitures:parasol"}},{"threshold":10016,"model":{"type":"model","model":"summer_furnitures:wicker_lounge_chair"}},{"threshold":10017,"model":{"type":"model","model":"summer_furnitures:wicker_sofa"}},{"threshold":10018,"model":{"type":"model","model":"summer_furnitures:ground_mini_torch"}},{"threshold":10019,"model":{"type":"model","model":"summer_furnitures:wall_mini_torch"}},{"threshold":10020,"model":{"type":"model","model":"summer_furnitures:tikitorch"}},{"threshold":10021,"model":{"type":"model","model":"summer_furnitures:palm_tree_1"}},{"threshold":10022,"model":{"type":"model","model":"summer_furnitures:palm_tree_2"}},{"threshold":10023,"model":{"type":"model","model":"summer_furnitures:palm_tree_log"}},{"threshold":10024,"model":{"type":"model","model":"summer_furnitures:tropical_plante"}},{"threshold":10025,"model":{"type":"model","model":"summer_furnitures:tropical_plante_wild"}},{"threshold":10026,"model":{"type":"model","model":"summer_furnitures:tropical_plante_2"}},{"threshold":10027,"model":{"type":"model","model":"summer_furnitures:tropical_plante_2_wild"}},{"threshold":10028,"model":{"type":"model","model":"summer_furnitures:elephant_plant"}},{"threshold":10029,"model":{"type":"model","model":"summer_furnitures:elephant_plant_pot"}},{"threshold":10030,"model":{"type":"model","model":"summer_furnitures:palm_tree_pot"}},{"threshold":10031,"model":{"type":"model","model":"summer_furnitures:orange_juce"}},{"threshold":10032,"model":{"type":"model","model":"summer_furnitures:strawberry_juce"}},{"threshold":10033,"model":{"type":"model","model":"summer_furnitures:kiwi_juce"}},{"threshold":10034,"model":{"type":"model","model":"summer_furnitures:juces"}},{"threshold":10035,"model":{"type":"model","model":"summer_furnitures:coconut_drink"}},{"threshold":10036,"model":{"type":"model","model":"summer_furnitures:tikitable_low"}},{"threshold":10037,"model":{"type":"model","model":"summer_furnitures:tikitable"}},{"threshold":10038,"model":{"type":"model","model":"summer_furnitures:cactus_pot"}},{"threshold":10039,"model":{"type":"model","model":"summer_furnitures:duck_buoy"}},{"threshold":10040,"model":{"type":"model","model":"summer_furnitures:turtle_buoy"}},{"threshold":10041,"model":{"type":"model","model":"summer_furnitures:pink_flamingo_buoy"}},{"threshold":10042,"model":{"type":"model","model":"summer_furnitures:licorn_buoy"}},{"threshold":10043,"model":{"type":"model","model":"summer_furnitures:sand_castle"}},{"threshold":10044,"model":{"type":"model","model":"summer_furnitures:starfish_obbergine"}},{"threshold":10045,"model":{"type":"model","model":"summer_furnitures:starfish_orange"}},{"threshold":10046,"model":{"type":"model","model":"summer_furnitures:starfish_cyan"}},{"threshold":10047,"model":{"type":"model","model":"summer_furnitures:starfish_mauve"}},{"threshold":10048,"model":{"type":"model","model":"summer_furnitures:starfish_pink"}},{"threshold":10049,"model":{"type":"model","model":"summer_furnitures:starfish_blue"}},{"threshold":10050,"model":{"type":"model","model":"summer_furnitures:pink_shell"}},{"threshold":10051,"model":{"type":"model","model":"summer_furnitures:blue_shell"}},{"threshold":10052,"model":{"type":"model","model":"summer_furnitures:green_shell"}},{"threshold":10053,"model":{"type":"model","model":"summer_furnitures:brown_shell"}},{"threshold":10054,"model":{"type":"model","model":"summer_furnitures:sand_toy"}},{"threshold":10055,"model":{"type":"model","model":"summer_furnitures:tiki_bar"}},{"threshold":10056,"model":{"type":"model","model":"summer_furnitures:tiki_stool"}},{"threshold":10060,"model":{"type":"model","model":"independence_dayset:backpack"}},{"threshold":10061,"model":{"type":"model","model":"independence_dayset:chest"}},{"threshold":10062,"model":{"type":"model","model":"independence_dayset:hat"}},{"threshold":10063,"model":{"type":"model","model":"independence_dayset:key"}},{"threshold":10064,"model":{"type":"model","model":"independence_dayset:wings"}},{"threshold":10065,"model":{"type":"model","model":"item/paper"}}]}}