{"model":{"type":"range_dispatch","property":"custom_model_data","index":0,"fallback":{"tints":[{"type":"potion","default":-13083194}],"model":"item/potion","type":"model"},"entries":[{"threshold":3400001,"model":{"tints":[{"type":"potion","default":-13083194}],"model":"infernoset:wings_cosmetics","type":"model"}},{"threshold":3400002,"model":{"tints":[{"type":"potion","default":-13083194}],"model":"infernoset:wings_cosmetics_self","type":"model"}},{"threshold":3400003,"model":{"tints":[{"type":"potion","default":-13083194}],"model":"infernoset:helmet","type":"model"}},{"threshold":3400004,"model":{"tints":[{"type":"potion","default":-13083194}],"model":"infernoset:backpack_cosmetics","type":"model"}},{"threshold":3400005,"model":{"tints":[{"type":"potion","default":-13083194}],"model":"infernoset:backpack_cosmetics_self","type":"model"}},{"threshold":3400006,"model":{"tints":[{"type":"potion","default":-13083194}],"model":"infernoset:wings_cosmetics_self_2","type":"model"}},{"threshold":3400007,"model":{"tints":[{"type":"potion","default":-13083194}],"model":"infernoset:wings_cosmetics_normal_2","type":"model"}},{"threshold":3400008,"model":{"tints":[{"type":"potion","default":-13083194}],"model":"infernoset:backpack_cosmetics_self_2","type":"model"}},{"threshold":3400009,"model":{"tints":[{"type":"potion","default":-13083194}],"model":"infernoset:backpack_cosmetics_normal_2","type":"model"}},{"threshold":9123000,"model":{"tints":[{"type":"potion","default":-13083194}],"model":"independence_dayset:backpack_cosmetic","type":"model"}},{"threshold":9123001,"model":{"tints":[{"type":"potion","default":-13083194}],"model":"independence_dayset:backpack_cosmetic_self","type":"model"}},{"threshold":9123002,"model":{"tints":[{"type":"potion","default":-13083194}],"model":"independence_dayset:backpack_cosmetic_self_2","type":"model"}},{"threshold":9123003,"model":{"tints":[{"type":"potion","default":-13083194}],"model":"independence_dayset:backpack_cosmetic_normal_2","type":"model"}},{"threshold":9123004,"model":{"tints":[{"type":"potion","default":-13083194}],"model":"independence_dayset:hat","type":"model"}},{"threshold":9123005,"model":{"tints":[{"type":"potion","default":-13083194}],"model":"independence_dayset:wings_cosmetic","type":"model"}},{"threshold":9123006,"model":{"tints":[{"type":"potion","default":-13083194}],"model":"independence_dayset:wings_cosmetic_self","type":"model"}},{"threshold":9123007,"model":{"tints":[{"type":"potion","default":-13083194}],"model":"independence_dayset:wings_cosmetic_self_2","type":"model"}},{"threshold":9123008,"model":{"tints":[{"type":"potion","default":-13083194}],"model":"independence_dayset:wings_cosmetic_normal_2","type":"model"}},{"threshold":9923000,"model":{"tints":[{"type":"potion","default":-13083194}],"model":"spartan_set:cape_cosmetic","type":"model"}},{"threshold":9923001,"model":{"tints":[{"type":"potion","default":-13083194}],"model":"spartan_set:cape_cosmetic_self","type":"model"}},{"threshold":9923002,"model":{"tints":[{"type":"potion","default":-13083194}],"model":"spartan_set:cape_cosmetic_self_2","type":"model"}},{"threshold":9923003,"model":{"tints":[{"type":"potion","default":-13083194}],"model":"spartan_set:cape_cosmetic_normal_2","type":"model"}},{"threshold":9923004,"model":{"tints":[{"type":"potion","default":-13083194}],"model":"spartan_set:helmet","type":"model"}},{"threshold":9923005,"model":{"tints":[{"type":"potion","default":-13083194}],"model":"item/potion","type":"model"}}]}}