{"model":{"type":"range_dispatch","property":"custom_model_data","index":0,"fallback":{"property":"using_item","on_true":{"base":"item/shield_blocking","type":"special","model":{"type":"shield"}},"type":"condition","on_false":{"model":{"type":"shield"},"base":"item/shield","type":"special"}},"entries":[{"threshold":10000,"model":{"property":"using_item","on_true":{"base":"item/shield_blocking","type":"model","model":"infernoset:shield_blocking"},"type":"condition","on_false":{"model":"infernoset:shield","base":"item/shield","type":"model"}}},{"threshold":10001,"model":{"property":"using_item","on_true":{"base":"item/shield_blocking","type":"model","model":"spartan_set:shield_blocking"},"type":"condition","on_false":{"model":"spartan_set:shield","base":"item/shield","type":"model"}}},{"threshold":10002,"model":{"property":"using_item","on_true":{"base":"item/shield_blocking","type":"model","model":"independence_dayset:shield_blocking"},"type":"condition","on_false":{"model":"independence_dayset:shield","base":"item/shield","type":"model"}}},{"threshold":10003,"model":{"property":"using_item","on_true":{"base":"item/shield_blocking","type":"special","model":{"type":"shield"}},"type":"condition","on_false":{"model":"item/shield","base":"item/shield","type":"model"}}}]}}