{"credit":"Made by Nog's Menagerie","texture_size":[64,64],"textures":{"0":"nogs_menagerie:plushies/nm_plushie_shark_hammerhead_texture","particle":"nogs_menagerie:plushies/nm_plushie_shark_hammerhead_texture"},"elements":[{"name":"torso","from":[5,0,5],"to":[11,6,13],"rotation":{"angle":0,"axis":"y","origin":[8,2.0045,9.10355]},"faces":{"north":{"uv":[1.5,4,3,5.5],"texture":"#0"},"east":{"uv":[0,2.5,2,4],"texture":"#0"},"south":{"uv":[4,2,5.5,3.5],"texture":"#0"},"west":{"uv":[2,2.5,4,4],"texture":"#0"},"up":{"uv":[4.5,2,3,0],"texture":"#0"},"down":{"uv":[1.5,4,0,6],"texture":"#0"}}},{"name":"torso","from":[2,2,0],"to":[14,5,5],"rotation":{"angle":0,"axis":"y","origin":[8,2.0045,9.10355]},"faces":{"north":{"uv":[3,4,6,4.75],"texture":"#0"},"east":{"uv":[6,6,7.25,6.75],"texture":"#0"},"south":{"uv":[4.5,0,7.5,0.75],"texture":"#0"},"west":{"uv":[6.25,1.5,7.5,2.25],"texture":"#0"},"up":{"uv":[3,1.25,0,0],"texture":"#0"},"down":{"uv":[3,1.25,0,2.5],"texture":"#0"}}},{"name":"torso","from":[5,1,1],"to":[11,2,5],"rotation":{"angle":0,"axis":"y","origin":[8,3.0045,9.10355]},"faces":{"north":{"uv":[0,6.75,1.5,7],"texture":"#0"},"east":{"uv":[4.5,1.75,5.5,2],"texture":"#0"},"south":{"uv":[5,6.75,6.5,7],"texture":"#0"},"west":{"uv":[5,6.5,6,6.75],"texture":"#0"},"up":{"uv":[6,1.75,4.5,0.75],"texture":"#0"},"down":{"uv":[4.5,4.75,3,5.75],"texture":"#0"}}},{"name":"torso","from":[6.5,1,13],"to":[9.5,5,17],"rotation":{"angle":0,"axis":"y","origin":[8,2.0045,11.10355]},"faces":{"north":{"uv":[3.75,5.75,4.5,6.75],"texture":"#0"},"east":{"uv":[6,4,7,5],"texture":"#0"},"south":{"uv":[6.25,2.25,7,3.25],"texture":"#0"},"west":{"uv":[6,5,7,6],"texture":"#0"},"up":{"uv":[3,7.5,2.25,6.5],"texture":"#0"},"down":{"uv":[3.75,6.5,3,7.5],"texture":"#0"}}},{"name":"torso","from":[7.475,0.69454,16.15165],"to":[8.525,7.69454,19.15165],"rotation":{"angle":45,"axis":"x","origin":[8,4.94454,19.65165]},"faces":{"north":{"uv":[4.5,6.5,4.75,8.25],"texture":"#0"},"east":{"uv":[4.5,4.75,5.25,6.5],"texture":"#0"},"south":{"uv":[4.75,6.5,5,8.25],"texture":"#0"},"west":{"uv":[5.25,4.75,6,6.5],"texture":"#0"},"up":{"uv":[2,7.75,1.75,7],"texture":"#0"},"down":{"uv":[2.25,7,2,7.75],"texture":"#0"}}},{"name":"torso","from":[7.475,-0.68198,14.06066],"to":[8.525,1.31802,18.06066],"rotation":{"angle":45,"axis":"x","origin":[8,-0.18198,18.06066]},"faces":{"north":{"uv":[5,3.5,5.25,4],"texture":"#0"},"east":{"uv":[3,2,4,2.5],"texture":"#0"},"south":{"uv":[5.25,3.5,5.5,4],"texture":"#0"},"west":{"uv":[4,3.5,5,4],"texture":"#0"},"up":{"uv":[4.5,7.75,4.25,6.75],"texture":"#0"},"down":{"uv":[1.75,7,1.5,8],"texture":"#0"}}},{"name":"fin","from":[7.5,5.44956,8.00431],"to":[8.5,11.44956,11.00431],"rotation":{"angle":22.5,"axis":"x","origin":[8,8.72456,8.57931]},"faces":{"north":{"uv":[3.75,6.75,4,8.25],"texture":"#0"},"east":{"uv":[1.5,5.5,2.25,7],"texture":"#0"},"south":{"uv":[4,6.75,4.25,8.25],"texture":"#0"},"west":{"uv":[5.5,1.75,6.25,3.25],"texture":"#0"},"up":{"uv":[7.25,3.5,7,2.75],"texture":"#0"},"down":{"uv":[7.25,3.5,7,4.25],"texture":"#0"}}},{"name":"right_arm","from":[10.05672,0.909,6.00058],"to":[16.05672,1.909,9.00058],"rotation":{"angle":-22.5,"axis":"z","origin":[13.55672,0.409,9.75058]},"faces":{"north":{"uv":[6.5,6.75,8,7],"texture":"#0"},"east":{"uv":[2.25,5.5,3,5.75],"texture":"#0"},"south":{"uv":[0,7,1.5,7.25],"texture":"#0"},"west":{"uv":[7,4.25,7.75,4.5],"texture":"#0"},"up":{"uv":[7,4,5.5,3.25],"texture":"#0"},"down":{"uv":[3.75,5.75,2.25,6.5],"texture":"#0"}}},{"name":"left_arm","from":[-0.05672,0.909,6.00058],"to":[5.94328,1.909,9.00058],"rotation":{"angle":22.5,"axis":"z","origin":[2.44328,0.409,9.75058]},"faces":{"north":{"uv":[7,2.25,8.5,2.5],"texture":"#0"},"east":{"uv":[7,4.5,7.75,4.75],"texture":"#0"},"south":{"uv":[7,2.5,8.5,2.75],"texture":"#0"},"west":{"uv":[7,4.75,7.75,5],"texture":"#0"},"up":{"uv":[1.5,6.75,0,6],"texture":"#0"},"down":{"uv":[7.5,0.75,6,1.5],"texture":"#0"}}}],"gui_light":"front","display":{"thirdperson_righthand":{"rotation":[24,13,0],"translation":[-0.25,1.25,-0.5],"scale":[0.6,0.6,0.6]},"thirdperson_lefthand":{"rotation":[24,13,0],"translation":[-0.25,1.25,-0.5],"scale":[0.6,0.6,0.6]},"firstperson_righthand":{"rotation":[0,109,5],"translation":[2,7.5,0],"scale":[0.71,0.71,0.71]},"firstperson_lefthand":{"rotation":[0,109,5],"translation":[2,7.5,0],"scale":[0.71,0.71,0.71]},"ground":{"translation":[0,3.5,0],"scale":[0.65,0.65,0.65]},"gui":{"rotation":[25,151,0],"translation":[1,1.75,0],"scale":[0.83,0.83,0.83]},"head":{"translation":[0,14.4,0]},"fixed":{"rotation":[-90,0,0],"translation":[0,0,-13.5],"scale":[1.7,1.7,1.7]}},"mcmodels":"7e0c03a938a2893d7147ae4fa90c3262"}