{"textures":{"0":"modelengine:entity/paladin_wings","particle":"#0"},"elements":[{"from":[-2.0863247,-11.324799,6.0073023],"to":[10.173676,27.3248,6.0073023],"faces":{"south":{"uv":[2.2575,0.0075,3.1175,2.9925],"tintindex":0,"rotation":0,"texture":"#0"},"north":{"uv":[3.1175,0.0075,2.2575,2.9925],"tintindex":0,"rotation":0,"texture":"#0"}},"rotation":{"origin":[14.211079,9.045954,11.84322],"angle":22.5,"axis":"y"}}],"display":{"head":{"rotation":[0.0,0.0,0.0]},"firstperson_righthand":{"rotation":[0.0,0.0,0.0]},"thirdperson_lefthand":{"rotation":[0.0,-0.0,-0.0]},"firstperson_lefthand":{"rotation":[0.0,-0.0,-0.0]},"fixed":{"rotation":[0.0,0.0,0.0]},"ground":{"rotation":[0.0,0.0,0.0]},"thirdperson_righthand":{"rotation":[0.0,0.0,0.0]},"gui":{"rotation":[-150.0,-45.0,180.0]}}}