{"textures":{"0":"modelengine:entity/paladin_wings","particle":"#0"},"elements":[{"from":[-5.6031847,-1.6623993,4.672116],"to":[8.526815,17.6624,4.672116],"faces":{"south":{"uv":[0.0,0.0075,2.2425,2.9925],"tintindex":0,"rotation":0,"texture":"#0"},"north":{"uv":[2.2425,0.0075,0.0,2.9925],"tintindex":0,"rotation":0,"texture":"#0"}},"rotation":{"origin":[16.633018,8.522977,7.5900745],"angle":22.5,"axis":"y"}}],"display":{"head":{"rotation":[0.0,0.0,0.0]},"firstperson_righthand":{"rotation":[0.0,0.0,0.0]},"thirdperson_lefthand":{"rotation":[0.0,-0.0,-0.0]},"firstperson_lefthand":{"rotation":[0.0,-0.0,-0.0]},"fixed":{"rotation":[0.0,0.0,0.0]},"ground":{"rotation":[0.0,0.0,0.0]},"thirdperson_righthand":{"rotation":[0.0,0.0,0.0]},"gui":{"rotation":[-150.0,-45.0,180.0]}}}